Cluster	Kingdom	Phylum	Class	Order	Family	Genus	Species
C1	Bacteria	Cyanobacteriota	Cyanobacteriia	Chloroplast	Incertae Sedis	Incertae Sedis	Incertae Sedis sp.
C2	Bacteria	Pseudomonadota	Alphaproteobacteria	Acetobacterales	Acetobacteraceae	Acetobacter	Acetobacter sp.
C3	Bacteria	Bacillota	Bacilli	Lactobacillales	Lactobacillaceae	Lentilactobacillus	Lactobacillus buchneri
C4	Bacteria	Pseudomonadota	Alphaproteobacteria	Rickettsiales	Mitochondria	Incertae Sedis	Musa acuminata subsp. malaccensis
C5	NA	Archaeplastida	Chloroplastida	Charophyta	Phragmoplastophyta	Streptophyta	Embryophyta
C6	Bacteria	Cyanobacteriota	Cyanobacteriia	Chloroplast	Incertae Sedis	Incertae Sedis	Incertae Sedis sp.
C7	Bacteria	Pseudomonadota	Alphaproteobacteria	Acetobacterales	Acetobacteraceae	Commensalibacter	Commensalibacter sp.
C8	NA	Amorphea	Obazoa	Opisthokonta	Nucletmycea	Fungi	Dikarya
C9	Bacteria	Pseudomonadota	Alphaproteobacteria	Rickettsiales	Anaplasmataceae	Wolbachia	Wolbachia sp.
C10	NA	Amorphea	Obazoa	Opisthokonta	Holozoa	Choanozoa	Metazoa
C11	Bacteria	Pseudomonadota	Gammaproteobacteria	Pseudomonadales	Moraxellaceae	Acinetobacter	Acinetobacter baumannii
C13	Bacteria	Bacteroidota	Bacteroidia	Flavobacteriales	Weeksellaceae	Weeksella	uncultured Flavobacterium sp.
C14	Bacteria	Cyanobacteriota	Cyanobacteriia	Chloroplast	Incertae Sedis	Incertae Sedis	Incertae Sedis sp.
C15	Bacteria	Bacillota	Bacilli	Lactobacillales	Lactobacillaceae	Lentilactobacillus	Lactobacillus buchneri
C16	Bacteria	Pseudomonadota	Alphaproteobacteria	Acetobacterales	Acetobacteraceae	Acetobacter	Acetobacter sp.
C17	Bacteria	Pseudomonadota	Alphaproteobacteria	Rickettsiales	Mitochondria	Incertae Sedis	Musa acuminata subsp. malaccensis
C19	Unknown	Unknown	Unknown	Unknown	Unknown	Unknown	Unknown
C21	Bacteria	Pseudomonadota	Gammaproteobacteria	Enterobacterales	Enterobacteriaceae	Enterobacter	Enterobacter sp.
C22	NA	Amorphea	Obazoa	Opisthokonta	Holozoa	Choanozoa	Metazoa
C23	Bacteria	Pseudomonadota	Alphaproteobacteria	Rickettsiales	Anaplasmataceae	Wolbachia	Wolbachia sp.
C25	NA	Archaeplastida	Chloroplastida	Charophyta	Phragmoplastophyta	Streptophyta	Embryophyta
C27	Bacteria	Pseudomonadota	Gammaproteobacteria	Pseudomonadales	Pseudomonadaceae	Pseudomonas	Pseudomonas sp.
C28	Bacteria	Bacteroidota	Bacteroidia	Bacteroidales	Dysgonomonadaceae	Dysgonomonas	Dysgonomonas sp.
C29	Bacteria	Pseudomonadota	Gammaproteobacteria	Burkholderiales	Oxalobacteraceae	Oxalobacteraceae sp.	Oxalobacteraceae sp.
C30	Bacteria	Pseudomonadota	Gammaproteobacteria	Enterobacterales	Orbaceae	Orbaceae sp.	Orbaceae sp.
C31	Unknown	Unknown	Unknown	Unknown	Unknown	Unknown	Unknown
C32	NA	Amorphea	Obazoa	Opisthokonta	Nucletmycea	Fungi	Dikarya
C33	Bacteria	Pseudomonadota	Gammaproteobacteria	Burkholderiales	Comamonadaceae	Comamonadaceae sp.	Comamonadaceae sp.
C34	Bacteria	Pseudomonadota	Gammaproteobacteria	Enterobacterales	Enterobacterales sp.	Enterobacterales sp.	Enterobacterales sp.
C35	Bacteria	Pseudomonadota	Gammaproteobacteria	Burkholderiales	Comamonadaceae	Lampropedia	Lampropedia sp. BRTC-2
C38	Bacteria	Pseudomonadota	Gammaproteobacteria	Pseudomonadales	Pseudomonadaceae	Pseudomonas	Pseudomonas sp.
C39	Bacteria	Bacillota	Bacilli	Lactobacillales	Lactobacillaceae	Lactobacillaceae sp.	Lactobacillaceae sp.
C40	Bacteria	Bacteroidota	Bacteroidia	Bacteroidales	Dysgonomonadaceae	Dysgonomonas	Dysgonomonas sp.
C41	Bacteria	Bacillota	Bacilli	Bacillales	Bacillaceae	Bacillaceae sp.	Bacillaceae sp.
C42	Bacteria	Cyanobacteriota	Cyanobacteriia	Chloroplast	Incertae Sedis	Incertae Sedis	Incertae Sedis sp.
C43	Bacteria	Pseudomonadota	Gammaproteobacteria	Enterobacterales	Orbaceae	Incertae Sedis	uncultured bacterium
C44	Bacteria	Actinomycetota	Actinobacteria	Micrococcales	Micrococcales Incertae Sedis	Populibacterium	Populibacterium sp.
C45	Bacteria	Bacillota	Clostridia	Oscillospirales	Ruminococcaceae	Ruminococcaceae sp.	Ruminococcaceae sp.
C47	NA	Amorphea	Obazoa	Opisthokonta	Holozoa	Choanozoa	Metazoa
C49	Bacteria	Actinomycetota	Actinobacteria	Micrococcales	Microbacteriaceae	Microbacteriaceae sp.	Microbacteriaceae sp.
C50	Bacteria	Pseudomonadota	Alphaproteobacteria	Acetobacterales	Acetobacteraceae	Acetobacter	Acetobacter sp.
C51	Bacteria	Cyanobacteriota	Cyanobacteriia	Chloroplast	Incertae Sedis	Incertae Sedis	Incertae Sedis sp.
C52	Unknown	Unknown	Unknown	Unknown	Unknown	Unknown	Unknown
C53	Unknown	Unknown	Unknown	Unknown	Unknown	Unknown	Unknown
C55	Unknown	Unknown	Unknown	Unknown	Unknown	Unknown	Unknown
C56	Bacteria	Pseudomonadota	Gammaproteobacteria	Steroidobacterales	Steroidobacteraceae	Steroidobacter	uncultured bacterium
C58	Bacteria	Pseudomonadota	Alphaproteobacteria	Rhodobacterales	Paracoccaceae	Paracoccaceae sp.	Paracoccaceae sp.
C59	NA	Amorphea	Obazoa	Opisthokonta	Nucletmycea	Fungi	Dikarya
C60	Bacteria	Pseudomonadota	Alphaproteobacteria	Sphingomonadales	Sphingomonadaceae	Sphingomonas	uncultured bacterium
C61	Bacteria	Pseudomonadota	Alphaproteobacteria	Hyphomicrobiales	Devosiaceae	Devosia	Devosia sp.
C63	Unknown	Unknown	Unknown	Unknown	Unknown	Unknown	Unknown
C64	NA	Amorphea	Obazoa	Opisthokonta	Holozoa	Choanozoa	Metazoa
C65	Bacteria	Bacteroidota	Bacteroidia	Bacteroidales	Dysgonomonadaceae	Dysgonomonas	Dysgonomonas sp.
C66	Bacteria	Bacteroidota	Bacteroidia	Bacteroidales	Dysgonomonadaceae	Dysgonomonas	Dysgonomonas sp.
C68	Unknown	Unknown	Unknown	Unknown	Unknown	Unknown	Unknown
C69	Bacteria	Pseudomonadota	Gammaproteobacteria	Burkholderiales	Neisseriaceae	Incertae Sedis	uncultured bacterium
C70	Bacteria	Pseudomonadota	Alphaproteobacteria	Hyphomicrobiales	Rhizobiaceae	Brucella	Brucella sp.
C71	Bacteria	Pseudomonadota	Gammaproteobacteria	Enterobacterales	Orbaceae	Orbaceae sp.	Orbaceae sp.
C72	Bacteria	Pseudomonadota	Gammaproteobacteria	Burkholderiales	Alcaligenaceae	Corticimicrobacter	Corticimicrobacter sp.
C73	Bacteria	Bacteroidota	Bacteroidia	Bacteroidales	Dysgonomonadaceae	Dysgonomonas	Dysgonomonas sp.
C74	Unknown	Unknown	Unknown	Unknown	Unknown	Unknown	Unknown
C75	Bacteria	Cyanobacteriota	Cyanobacteriia	Chloroplast	Incertae Sedis	Incertae Sedis	Incertae Sedis sp.
C76	Bacteria	Pseudomonadota	Alphaproteobacteria	Rhodobacterales	Paracoccaceae	Paracoccaceae sp.	Paracoccaceae sp.
C77	Bacteria	Pseudomonadota	Alphaproteobacteria	Hyphomicrobiales	Beijerinckiaceae	Methylobacterium	Methylobacterium sp.
C78	Bacteria	Actinomycetota	Actinobacteria	Propionibacteriales	Propionibacteriaceae	Cutibacterium	uncultured bacterium
C79	Bacteria	Pseudomonadota	Alphaproteobacteria	Caulobacterales	Caulobacteraceae	Brevundimonas	Brevundimonas sp.
C81	Bacteria	Actinomycetota	Actinobacteria	Propionibacteriales	Propionibacteriaceae	Cutibacterium	uncultured bacterium
C83	Bacteria	Pseudomonadota	Gammaproteobacteria	Lysobacterales	Lysobacteraceae	Stenotrophomonas	uncultured organism
C84	Bacteria	Bacillota	Bacilli	Bacillales	Bacillaceae	Peribacillus	Peribacillus sp.
C85	Bacteria	Bacillota	Clostridia	Lachnospirales	Lachnospiraceae	Lachnospiraceae sp.	Lachnospiraceae sp.
C86	Bacteria	Pseudomonadota	Gammaproteobacteria	Pseudomonadales	Moraxellaceae	Moraxella	Moraxella sp.
C87	Bacteria	Actinomycetota	Actinobacteria	Micrococcales	Micrococcaceae	Rothia	uncultured bacterium
C88	Bacteria	Bacillota	Clostridia	Oscillospirales	Ethanoligenenaceae	Ethanoligenens	Ethanoligenens sp.
C89	Bacteria	Pseudomonadota	Gammaproteobacteria	Pseudomonadales	Moraxellaceae	Moraxellaceae sp.	Moraxellaceae sp.
C90	Bacteria	Bacillota	Clostridia	Oscillospirales	Ruminococcaceae	Incertae Sedis	uncultured Firmicutes bacterium
C92	Bacteria	Pseudomonadota	Alphaproteobacteria	Acetobacterales	Acetobacteraceae	Acetobacter	Acetobacter sp.
C93	Bacteria	Actinomycetota	Actinobacteria	Micrococcales	Micrococcaceae	Rothia	uncultured bacterium
C94	Bacteria	Bacteroidota	Bacteroidia	Sphingobacteriales	Sphingobacteriaceae	Sphingobacterium	Sphingobacterium sp. G2-10
C96	Bacteria	Pseudomonadota	Gammaproteobacteria	Enterobacterales	Pasteurellaceae	Haemophilus	Haemophilus sp.
C97	Bacteria	Pseudomonadota	Gammaproteobacteria	Burkholderiales	Oxalobacteraceae	Massilia	Massilia sp.
C98	Bacteria	Bacteroidota	Bacteroidia	Flavobacteriales	Weeksellaceae	Empedobacter	Empedobacter brevis
C99	Bacteria	Bacillota	Clostridia	Oscillospirales	Ruminococcaceae	Candidatus Soleaferrea	Candidatus Soleaferrea sp.
C100	Bacteria	Pseudomonadota	Gammaproteobacteria	Pseudomonadales	Moraxellaceae	Acinetobacter	uncultured Acinetobacter sp.
C102	Bacteria	Actinomycetota	Actinobacteria	Micrococcales	Microbacteriaceae	Microbacterium	Microbacterium sp.
C104	Bacteria	Actinomycetota	Actinobacteria	Mycobacteriales	Nocardiaceae	Rhodococcus	Rhodococcus sp.
C105	Bacteria	Pseudomonadota	Gammaproteobacteria	Lysobacterales	Lysobacteraceae	Stenotrophomonas	uncultured organism
C106	Bacteria	Pseudomonadota	Alphaproteobacteria	Hyphomicrobiales	Beijerinckiaceae	Methylobacterium	Methylobacterium sp.
C107	Bacteria	Bacillota	Bacilli	Lactobacillales	Lactobacillaceae	Weissella	Weissella paramesenteroides
C108	Bacteria	Bacteroidota	Bacteroidia	Flavobacteriales	Weeksellaceae	Apibacter	Apibacter sp.
C109	Bacteria	Bacillota	Bacilli	Lactobacillales	Lactobacillaceae	Weissella	Weissella paramesenteroides
C112	Bacteria	Bacillota	Clostridia	Lachnospirales	Lachnospiraceae	Lachnospiraceae sp.	Lachnospiraceae sp.
C115	Bacteria	Pseudomonadota	Alphaproteobacteria	Hyphomicrobiales	Xanthobacteraceae	Xanthobacteraceae sp.	Xanthobacteraceae sp.
C116	Bacteria	Pseudomonadota	Gammaproteobacteria	Enterobacterales	Morganellaceae	Providencia	Providencia sp.
C118	Bacteria	Bacteroidota	Bacteroidia	Flavobacteriales	Flavobacteriaceae	Flavobacterium	uncultured bacterium
C122	Bacteria	Pseudomonadota	Gammaproteobacteria	Pseudomonadales	Cellvibrionaceae	Cellvibrio	uncultured bacterium
C124	Bacteria	Pseudomonadota	Gammaproteobacteria	Gammaproteobacteria sp.	Gammaproteobacteria sp.	Gammaproteobacteria sp.	Gammaproteobacteria sp.
C132	Bacteria	Actinomycetota	Actinobacteria	Bifidobacteriales	Bifidobacteriaceae	Bifidobacterium	Bifidobacterium sp.
C136	Bacteria	Pseudomonadota	Gammaproteobacteria	Burkholderiales	Alcaligenaceae	Alcaligenaceae sp.	Alcaligenaceae sp.
C138	Bacteria	Bacteroidota	Bacteroidia	Flavobacteriales	Weeksellaceae	Chishuiella	Empedobacter sp. F-Fue-04TIIa
C139	Bacteria	Pseudomonadota	Gammaproteobacteria	Burkholderiales	Burkholderiaceae	Incertae Sedis	Incertae Sedis sp.
C140	Bacteria	Actinomycetota	Actinobacteria	Mycobacteriales	Nocardiaceae	Rhodococcus	Rhodococcus sp.
C142	Bacteria	Pseudomonadota	Gammaproteobacteria	Cardiobacteriales	Wohlfahrtiimonadaceae	Koukoulia	Koukoulia aurantiaca
C145	Bacteria	Pseudomonadota	Gammaproteobacteria	Pseudomonadales	Pseudomonadaceae	Pseudomonas	Pseudomonas sp.
C146	Bacteria	Pseudomonadota	Alphaproteobacteria	Hyphomicrobiales	Devosiaceae	Pelagibacterium	Pelagibacterium sp.
C147	Bacteria	Cyanobacteriota	Cyanobacteriia	Chloroplast	Incertae Sedis	Incertae Sedis	Incertae Sedis sp.
C148	Bacteria	Pseudomonadota	Alphaproteobacteria	Acetobacterales	Acetobacteraceae	Acetobacter	Acetobacter sp.
C149	Bacteria	Cyanobacteriota	Cyanobacteriia	Chloroplast	Incertae Sedis	Incertae Sedis	Incertae Sedis sp.
C150	Bacteria	Bacteroidota	Bacteroidia	Flavobacteriales	Flavobacteriaceae	Myroides	Myroides sp.
C151	Bacteria	Actinomycetota	Actinobacteria	Propionibacteriales	Propionibacteriaceae	Microlunatus	Microlunatus sp.
C153	Bacteria	Pseudomonadota	Gammaproteobacteria	Pseudomonadales	Cellvibrionaceae	Cellvibrio	uncultured bacterium
C154	Bacteria	Pseudomonadota	Gammaproteobacteria	Pseudomonadales	Pseudomonadaceae	Pseudomonas	uncultured bacterium
C155	Bacteria	Pseudomonadota	Gammaproteobacteria	Lysobacterales	Lysobacteraceae	Stenotrophomonas	Stenotrophomonas sp. E3(2011)
C156	Unknown	Unknown	Unknown	Unknown	Unknown	Unknown	Unknown
C157	Bacteria	Cyanobacteriota	Cyanobacteriia	Chloroplast	Incertae Sedis	Incertae Sedis	Incertae Sedis sp.
C158	Unknown	Unknown	Unknown	Unknown	Unknown	Unknown	Unknown
C159	Unknown	Unknown	Unknown	Unknown	Unknown	Unknown	Unknown
C162	Bacteria	Pseudomonadota	Gammaproteobacteria	Pseudomonadales	Moraxellaceae	Acinetobacter	Acinetobacter sp.
C163	Bacteria	Bacteroidota	Bacteroidia	Flavobacteriales	Weeksellaceae	Elizabethkingia	Elizabethkingia sp.
C165	Bacteria	Bacteroidota	Bacteroidia	Flavobacteriales	Weeksellaceae	Weeksellaceae sp.	Weeksellaceae sp.
C168	Bacteria	Pseudomonadota	Alphaproteobacteria	Sphingomonadales	Sphingomonadaceae	Sphingomonadaceae sp.	Sphingomonadaceae sp.
C178	Bacteria	Bacteroidota	Bacteroidia	Cytophagales	Hymenobacteraceae	Hymenobacter	Hymenobacter sp.
C179	Bacteria	Actinomycetota	Actinobacteria	Mycobacteriales	Corynebacteriaceae	Corynebacterium	Corynebacterium sp.
C180	Bacteria	Actinomycetota	Actinobacteria	Propionibacteriales	Propionibacteriaceae	Microlunatus	uncultured bacterium
C182	Bacteria	Pseudomonadota	Gammaproteobacteria	Burkholderiales	Comamonadaceae	Comamonas	Comamonas sp.
C183	Bacteria	Bacillota	Clostridia	Clostridia sp.	Clostridia sp.	Clostridia sp.	Clostridia sp.
C184	Bacteria	Bacteroidota	Bacteroidia	Sphingobacteriales	Sphingobacteriaceae	Sphingobacteriaceae sp.	Sphingobacteriaceae sp.
C186	Bacteria	Actinomycetota	Actinobacteria	Mycobacteriales	Nocardiaceae	Williamsia	Williamsia sp.
C188	Unknown	Unknown	Unknown	Unknown	Unknown	Unknown	Unknown
C192	NA	Amorphea	Obazoa	Opisthokonta	Nucletmycea	Fungi	Dikarya
C194	Bacteria	Bacteroidota	Bacteroidia	Flavobacteriales	Weeksellaceae	Weeksella	uncultured bacterium
C195	Bacteria	Pseudomonadota	Gammaproteobacteria	Burkholderiales	Alcaligenaceae	Corticimicrobacter	Corticimicrobacter sp.
C197	Bacteria	Bacillota	Bacilli	Lactobacillales	Lactobacillaceae	Lentilactobacillus	Lactobacillus buchneri
C199	Bacteria	Bacteroidota	Bacteroidia	Bacteroidales	Dysgonomonadaceae	Dysgonomonas	Dysgonomonas sp.
C200	Bacteria	Pseudomonadota	Gammaproteobacteria	Pseudomonadales	Alcanivoracaceae1	Alcanivorax	Alcanivorax sp.
C202	Bacteria	Bacteroidota	Bacteroidia	Cytophagales	Hymenobacteraceae	Hymenobacter	Hymenobacter sp.
C205	Bacteria	Bacteroidota	Bacteroidia	Flavobacteriales	Flavobacteriaceae	Myroides	Myroides sp.
C207	Bacteria	Pseudomonadota	Alphaproteobacteria	Rickettsiales	Mitochondria	Incertae Sedis	Musa acuminata subsp. malaccensis
C209	Bacteria	Bacteroidota	Bacteroidia	Chitinophagales	Chitinophagaceae	DVSBS1	uncultured bacterium
C210	Bacteria	Bacillota	Bacilli	Mycoplasmatales	Mycoplasmataceae	Spiroplasma	Spiroplasma sp.
C216	Bacteria	Cyanobacteriota	Cyanobacteriia	Chloroplast	Incertae Sedis	Incertae Sedis	Incertae Sedis sp.
C219	Bacteria	Bacteroidota	Bacteroidia	Sphingobacteriales	Sphingobacteriaceae	Sphingobacterium	Sphingobacterium sp.
C224	Bacteria	Pseudomonadota	Alphaproteobacteria	Rickettsiales	Mitochondria	Incertae Sedis	Syzygium luehmannii
C228	Bacteria	Bacteroidota	Bacteroidia	Cytophagales	Spirosomataceae	Leadbetterella	uncultured bacterium
C231	Unknown	Unknown	Unknown	Unknown	Unknown	Unknown	Unknown
C235	Bacteria	Cyanobacteriota	Cyanobacteriia	Chloroplast	Incertae Sedis	Incertae Sedis	Incertae Sedis sp.
C239	Bacteria	Bacillota	Clostridia	Oscillospirales	[Eubacterium] coprostanoligenes group	Incertae Sedis	Incertae Sedis sp.
C241	Bacteria	Verrucomicrobiota	Verrucomicrobiia	Verrucomicrobiales	Rubritaleaceae	Luteolibacter	Luteolibacter sp.
C248	Unknown	Unknown	Unknown	Unknown	Unknown	Unknown	Unknown
C254	Bacteria	Pseudomonadota	Gammaproteobacteria	Pseudomonadales	Cellvibrionaceae	Cellvibrio	uncultured bacterium
C260	Bacteria	Bacillota	Negativicutes	Veillonellales-Selenomonadales	Sporomusaceae	Anaerosinus	Anaerosinus sp.
C261	Bacteria	Pseudomonadota	Alphaproteobacteria	Acetobacterales	Acetobacteraceae	Acetobacter	Acetobacter sp.
C262	Bacteria	Bacillota	Clostridia	Oscillospirales	Ruminococcaceae	Incertae Sedis	Ruminococcaceae bacterium
C263	Bacteria	Pseudomonadota	Gammaproteobacteria	Burkholderiales	Neisseriaceae	Vitreoscilla	Vitreoscilla sp.
C264	Bacteria	Pseudomonadota	Alphaproteobacteria	Rickettsiales	Mitochondria	Incertae Sedis	Musa acuminata subsp. malaccensis
C265	Bacteria	Bacteroidota	Bacteroidia	Flavobacteriales	Flavobacteriaceae	Flavobacterium	Flavobacterium sp.
C266	Bacteria	Bacteroidota	Bacteroidia	Bacteroidales	Dysgonomonadaceae	Dysgonomonas	Dysgonomonas sp.
C267	Bacteria	Campylobacterota	Campylobacteria	Campylobacterales	Arcobacteraceae	Arcobacter	Arcobacter sp.
C268	Bacteria	Pseudomonadota	Gammaproteobacteria	Burkholderiales	Neisseriaceae	Vitreoscilla	Vitreoscilla sp.
C269	Bacteria	Bacteroidota	Bacteroidia	Chitinophagales	Incertae Sedis	Incertae Sedis	uncultured bacterium
C270	Bacteria	Pseudomonadota	Gammaproteobacteria	Enterobacterales	Enterobacteriaceae	Escherichia-Shigella	uncultured bacterium
C271	Bacteria	Actinomycetota	Actinobacteria	Actinomycetales	Actinomycetaceae	Actinomyces	bacterium NLAE-zl-C91
C272	Bacteria	Bacillota	Bacilli	Lactobacillales	Lactobacillaceae	Lentilactobacillus	Lactobacillus buchneri
C273	Bacteria	Bacteroidota	Bacteroidia	Flavobacteriales	Crocinitomicaceae	Fluviicola	Fluviicola sp.
C274	Bacteria	Bacillota	Clostridia	Lachnospirales	Lachnospiraceae	Anaerotignum	Anaerotignum sp.
C275	Bacteria	Pseudomonadota	Gammaproteobacteria	Cardiobacteriales	Wohlfahrtiimonadaceae	Wohlfahrtiimonadaceae sp.	Wohlfahrtiimonadaceae sp.
C277	Bacteria	Bacillota	Bacilli	Erysipelotrichales	Erysipelotrichaceae	Culicoidibacter	Firmicutes bacterium
C278	Bacteria	Bacteroidota	Bacteroidia	Flavobacteriales	Crocinitomicaceae	Fluviicola	Fluviicola sp.
C279	Bacteria	Actinomycetota	Actinobacteria	Micrococcales	Microbacteriaceae	Agromyces	Agromyces sp.
C280	Bacteria	Campylobacterota	Campylobacteria	Campylobacterales	Arcobacteraceae	Arcobacter	Arcobacter sp.
C281	Bacteria	Bacillota	Bacilli	Paenibacillales	Paenibacillaceae	Paenibacillus	Paenibacillus sp.
C282	Bacteria	Bacteroidota	Bacteroidia	Chitinophagales	Chitinophagaceae	Incertae Sedis	Incertae Sedis sp.
C283	Bacteria	Bacillota	Bacilli	Paenibacillales	Paenibacillaceae	Paenibacillus	Paenibacillus sp.
C284	Bacteria	Pseudomonadota	Alphaproteobacteria	Rhodobacterales	Paracoccaceae	Paracoccaceae sp.	Paracoccaceae sp.
C285	Bacteria	Bacillota	Bacilli	Paenibacillales	Paenibacillaceae	Paenibacillaceae sp.	Paenibacillaceae sp.
C286	Bacteria	Pseudomonadota	Gammaproteobacteria	Burkholderiales	Alcaligenaceae	Incertae Sedis	Incertae Sedis sp.
C287	Bacteria	Pseudomonadota	Alphaproteobacteria	Caulobacterales	Caulobacteraceae	Brevundimonas	Brevundimonas sp.
C288	Bacteria	Bacteroidota	Bacteroidia	Sphingobacteriales	Sphingobacteriaceae	Sphingobacterium	Sphingobacterium sp.
C289	Bacteria	Bacillota	Clostridia	Peptostreptococcales-Tissierellales	Anaerovoracaceae	Anaerovoracaceae sp.	Anaerovoracaceae sp.
C290	Bacteria	Pseudomonadota	Alphaproteobacteria	Rhodobacterales	Paracoccaceae	Paracoccaceae sp.	Paracoccaceae sp.
C292	Bacteria	Bacteroidota	Bacteroidia	Chitinophagales	Chitinophagaceae	Incertae Sedis	Bacteroidetes bacterium 47-18
C293	Bacteria	Pseudomonadota	Gammaproteobacteria	Enterobacterales	Orbaceae	Incertae Sedis	uncultured bacterium
C294	Bacteria	Pseudomonadota	Alphaproteobacteria	Micavibrionales	Micavibrionaceae	Micavibrio	Micavibrio sp.
C295	Bacteria	Pseudomonadota	Alphaproteobacteria	Azospirillales	Azospirillaceae	Azospirillum	Azospirillum sp.
C296	Bacteria	Verrucomicrobiota	Verrucomicrobiia	Opitutales	Puniceicoccaceae	Cerasicoccus	uncultured bacterium
C297	Bacteria	Bacteroidota	Bacteroidia	Flavobacteriales	Crocinitomicaceae	Fluviicola	Fluviicola sp.
C298	Bacteria	Bacillota	Clostridia	Lachnospirales	Lachnospiraceae	Anaerosporobacter	Anaerosporobacter sp.
C299	Bacteria	Bacillota	Clostridia	Lachnospirales	Lachnospiraceae	Lachnospiraceae sp.	Lachnospiraceae sp.
C301	Bacteria	Actinomycetota	Actinobacteria	Mycobacteriales	Corynebacteriaceae	Corynebacterium	Corynebacterium sp.
C302	Bacteria	Bacillota	Clostridia	Clostridiales	Clostridiaceae	Clostridium	Clostridium sp.
C303	Bacteria	Bacillota	Bacilli	Acholeplasmatales	Acholeplasmataceae	Acholeplasma	Acholeplasma sp.
C304	Eukaryota	Bacillota	Clostridia	Oscillospirales	Ruminococcaceae	Incertae Sedis	Teleopsis dalmanni
C305	Bacteria	Bacillota	Bacilli	Acholeplasmatales	Acholeplasmataceae	Acholeplasma	Acholeplasma sp.
C306	Bacteria	Pseudomonadota	Alphaproteobacteria	Micavibrionales	Incertae Sedis	Incertae Sedis	uncultured bacterium
C308	Bacteria	Bacillota	Bacilli	Erysipelotrichales	Erysipelotrichaceae	Erysipelothrix	Erysipelothrix sp.
C309	Unknown	Unknown	Unknown	Unknown	Unknown	Unknown	Unknown
C312	Bacteria	Pseudomonadota	Alphaproteobacteria	Rhodospirillales	Incertae Sedis	Incertae Sedis	uncultured bacterium
C313	Bacteria	Bacteroidota	Bacteroidia	Flavobacteriales	Flavobacteriaceae	Flavobacterium	Flavobacterium sp. enrichment culture clone SA_NR2_1
C314	Bacteria	Pseudomonadota	Alphaproteobacteria	Azospirillales	Azospirillaceae	Azospirillum	Azospirillum sp.
C315	Bacteria	Bacillota	Bacilli	Desulfuribacillales	Desulfuribacillaceae	Desulfuribacillus	Bacillus sp. RBD1
C316	Bacteria	Bacillota	Bacilli	Desulfuribacillales	Desulfuribacillaceae	Desulfuribacillus	Bacillus sp. RBD1
C317	Bacteria	Pseudomonadota	Gammaproteobacteria	Pseudomonadales	Cellvibrionaceae	Cellvibrio	uncultured bacterium
C318	Bacteria	Bdellovibrionota	Bdellovibrionia	Bdellovibrionales	Pseudobdellovibrionaceae	Bdellovibrio	uncultured bacterium
C319	Bacteria	Bacillota	Bacilli	Lactobacillales	Streptococcaceae	Lactococcus	Lactococcus sp.
C320	Bacteria	Bacteroidota	Bacteroidia	Bacteroidetes VC2.1 Bac22	Incertae Sedis	Incertae Sedis	uncultured bacterium
C321	Bacteria	Bacteroidota	Bacteroidia	Bacteroidetes VC2.1 Bac22	Incertae Sedis	Incertae Sedis	uncultured bacterium
C323	Bacteria	Bacillota	Bacilli	Lactobacillales	Streptococcaceae	Lactococcus	Lactococcus sp.
C324	Bacteria	Pseudomonadota	Gammaproteobacteria	Gammaproteobacteria sp.	Gammaproteobacteria sp.	Gammaproteobacteria sp.	Gammaproteobacteria sp.
C325	Bacteria	Bacteroidota	Bacteroidia	Flavobacteriales	Crocinitomicaceae	Fluviicola	Fluviicola sp.
C326	Bacteria	Verrucomicrobiota	Verrucomicrobiia	Opitutales	Puniceicoccaceae	Cerasicoccus	uncultured bacterium
C327	Unknown	Unknown	Unknown	Unknown	Unknown	Unknown	Unknown
C328	Bacteria	Pseudomonadota	Gammaproteobacteria	Burkholderiales	Methylophilaceae	Methylobacillus	Methylobacillus sp.
C329	Bacteria	Bacteroidota	Bacteroidia	Cytophagales	Spirosomataceae	Persicitalea	Persicitalea sp.
C331	Bacteria	Bacillota	Clostridia	Lachnospirales	Lachnospiraceae	Lachnoclostridium	Lachnoclostridium sp.
C332	Bacteria	Pseudomonadota	Alphaproteobacteria	Acetobacterales	Acetobacteraceae	Roseomonas	Roseomonas sp.
C333	Bacteria	Bdellovibrionota	Bacteriovoracia	Bacteriovoracales	Bacteriovoracaceae	Bacteriovorax	uncultured bacterium
C334	Bacteria	Bacteroidota	Bacteroidia	Cytophagales	Spirosomataceae	Leadbetterella	uncultured bacterium
C335	Bacteria	Patescibacteria	Saccharimonadia	Saccharimonadales	Incertae Sedis	Incertae Sedis	uncultured bacterium
C336	Bacteria	Pseudomonadota	Alphaproteobacteria	Acetobacterales	Acetobacteraceae	Acetobacter	Acetobacter sp.
C337	Bacteria	Bacillota	Clostridia	Lachnospirales	Lachnospiraceae	Lachnospiraceae sp.	Lachnospiraceae sp.
C338	Bacteria	Pseudomonadota	Alphaproteobacteria	Rhodospirillales	Incertae Sedis	Incertae Sedis	Incertae Sedis sp.
C339	Bacteria	Bacillota	Clostridia	Peptostreptococcales-Tissierellales	Natronincolaceae	Alkaliphilus	Alkaliphilus sp.
C340	Bacteria	Bacteroidota	Bacteroidia	Bacteroidia sp.	Bacteroidia sp.	Bacteroidia sp.	Bacteroidia sp.
C341	Unknown	Unknown	Unknown	Unknown	Unknown	Unknown	Unknown
C343	Bacteria	Bacillota	Clostridia	Oscillospirales	Oscillospiraceae	Incertae Sedis	uncultured bacterium
C345	Bacteria	Pseudomonadota	Alphaproteobacteria	Rhodospirillales	Incertae Sedis	Incertae Sedis	Incertae Sedis sp.
C346	Unknown	Unknown	Unknown	Unknown	Unknown	Unknown	Unknown
C347	Bacteria	Pseudomonadota	Alphaproteobacteria	Micavibrionales	Incertae Sedis	Incertae Sedis	uncultured bacterium
C348	Bacteria	Bacillota	Clostridia	Clostridiales	Clostridiaceae	Clostridium	Clostridium sp.
C349	Unknown	Unknown	Unknown	Unknown	Unknown	Unknown	Unknown
C350	Bacteria	Bacillota	Negativicutes	Veillonellales-Selenomonadales	Sporomusaceae	Sporomusa	Sporomusa sp.
C351	Bacteria	Pseudomonadota	Alphaproteobacteria	Micavibrionales	Micavibrionales sp.	Micavibrionales sp.	Micavibrionales sp.
C352	Bacteria	Bacteroidota	Bacteroidia	Sphingobacteriales	Sphingobacteriaceae	Sphingobacterium	Sphingobacterium sp.
C353	Bacteria	Bacillota	Clostridia	Christensenellales	Christensenellaceae	Christensenellaceae R-7 group	uncultured bacterium
C354	Bacteria	Pseudomonadota	Alphaproteobacteria	Micavibrionales	Micavibrionales sp.	Micavibrionales sp.	Micavibrionales sp.
C355	Bacteria	Bacteroidota	Bacteroidia	Chitinophagales	Chitinophagaceae	Gynurincola	Gynurincola sp.
C357	Bacteria	Cyanobacteriota	Cyanobacteriia	Chloroplast	Incertae Sedis	Incertae Sedis	Incertae Sedis sp.
C358	Bacteria	Patescibacteria	Saccharimonadia	Saccharimonadales	Incertae Sedis	Incertae Sedis	uncultured bacterium
C359	Unknown	Unknown	Unknown	Unknown	Unknown	Unknown	Unknown
C360	Bacteria	Bacillota	Clostridia	Oscillospirales	Oscillospiraceae	Incertae Sedis	uncultured bacterium
C361	Bacteria	Bacillota	Clostridia	Peptostreptococcales-Tissierellales	Anaerovoracaceae	Anaerovorax	Anaerovorax sp.
C362	Bacteria	Bacteroidota	Bacteroidia	Bacteroidia sp.	Bacteroidia sp.	Bacteroidia sp.	Bacteroidia sp.
C364	Bacteria	Bacteroidota	Bacteroidia	Flavobacteriales	Weeksellaceae	Chishuiella	Chishuiella changwenlii
C365	Bacteria	Pseudomonadota	Gammaproteobacteria	Pseudomonadales	Pseudomonadaceae	Pseudomonas	Pseudomonas sp.
C366	Bacteria	Patescibacteria	Gracilibacteria	JGI 0000069-P22	Incertae Sedis	Incertae Sedis	uncultured bacterium
C367	Bacteria	Bacteroidota	Bacteroidia	Cytophagales	Spirosomataceae	Persicitalea	Persicitalea sp.
C369	Bacteria	Bacteroidota	Bacteroidia	Flavobacteriales	Weeksellaceae	Empedobacter	Empedobacter sp.
C370	Bacteria	Bacillota	Negativicutes	Veillonellales-Selenomonadales	Sporomusaceae	Anaerosporomusa	uncultured bacterium
C374	Bacteria	Actinomycetota	Actinobacteria	Propionibacteriales	Nocardioidaceae	Nocardioides	Nocardioides sp.
C375	Bacteria	Bacillota	Bacilli	RF39	Incertae Sedis	Incertae Sedis	Incertae Sedis sp.
C376	Bacteria	Bdellovibrionota	Bacteriovoracia	Bacteriovoracales	Bacteriovoracaceae	Peredibacter	Peredibacter sp.
C377	Bacteria	Pseudomonadota	Gammaproteobacteria	Pseudomonadales	Halomonadaceae	Zymobacter	Zymobacter sp.
C378	Bacteria	Bacteroidota	Bacteroidia	Bacteroidales	Dysgonomonadaceae	Dysgonomonas	Dysgonomonas sp.
C379	Bacteria	Actinomycetota	Actinobacteria	Micrococcales	Microbacteriaceae	Leucobacter	Leucobacter sp.
C381	Bacteria	Actinomycetota	Actinobacteria	Micrococcales	Dermabacteraceae	Brachybacterium	Brachybacterium sp.
C384	Bacteria	Pseudomonadota	Gammaproteobacteria	Enterobacterales	Enterobacteriaceae	Salmonella	Salmonella sp.
C385	Bacteria	Bacteroidota	Bacteroidia	Bacteroidales	Dysgonomonadaceae	Dysgonomonas	uncultured bacterium
C386	Bacteria	Pseudomonadota	Gammaproteobacteria	Pseudomonadales	Cellvibrionaceae	Cellvibrio	uncultured bacterium
C387	Bacteria	Actinomycetota	Actinobacteria	Micrococcales	Micrococcales sp.	Micrococcales sp.	Micrococcales sp.
C388	Bacteria	Bdellovibrionota	Bdellovibrionia	Bdellovibrionales	Pseudobdellovibrionaceae	Bdellovibrio	uncultured bacterium
C389	Bacteria	Pseudomonadota	Gammaproteobacteria	Pseudomonadales	Moraxellaceae	Perlucidibaca	uncultured bacterium
C390	Bacteria	Verrucomicrobiota	Verrucomicrobiia	Verrucomicrobiales	Rubritaleaceae	Luteolibacter	Luteolibacter sp.
C391	Bacteria	Cyanobacteriota	Cyanobacteriia	Chloroplast	Incertae Sedis	Incertae Sedis	Incertae Sedis sp.
C394	Bacteria	Pseudomonadota	Alphaproteobacteria	Rhodobacterales	Paracoccaceae	Paracoccaceae sp.	Paracoccaceae sp.
C395	Bacteria	Pseudomonadota	Gammaproteobacteria	Pseudomonadales	Pseudomonadaceae	Pseudomonas	Pseudomonas sp.
C396	Bacteria	Bacillota	Bacilli	Staphylococcales	Staphylococcaceae	Staphylococcus	Staphylococcus sp.
C397	Bacteria	Pseudomonadota	Alphaproteobacteria	Rhodobacterales	Paracoccaceae	Paracoccaceae sp.	Paracoccaceae sp.
C398	Bacteria	Bacillota	Bacillota sp.	Bacillota sp.	Bacillota sp.	Bacillota sp.	Bacillota sp.
C400	Bacteria	Bacillota	Clostridia	Clostridia sp.	Clostridia sp.	Clostridia sp.	Clostridia sp.
C401	Bacteria	Pseudomonadota	Alphaproteobacteria	Rhodospirillales	Incertae Sedis	Incertae Sedis	uncultured bacterium
C402	Bacteria	Bacillota	Bacilli	Lactobacillales	Streptococcaceae	Lactococcus	Lactococcus sp.
C404	Bacteria	Bacillota	Clostridia	Oscillospirales	Oscillospiraceae	Oscillospiraceae sp.	Oscillospiraceae sp.
C406	Bacteria	Pseudomonadota	Gammaproteobacteria	Enterobacterales	Morganellaceae	Providencia	Providencia sp.
C407	Bacteria	Pseudomonadota	Gammaproteobacteria	Pseudomonadales	Moraxellaceae	Acinetobacter	Acinetobacter sp.
C408	Bacteria	Bacillota	Clostridia	Peptostreptococcales-Tissierellales	Natronincolaceae	Alkaliphilus	Alkaliphilus sp.
C409	Eukaryota	Cyanobacteriota	Cyanobacteriia	Chloroplast	Incertae Sedis	Incertae Sedis	uncultured eukaryote
C413	Bacteria	Actinomycetota	Actinobacteria	Kitasatosporales	Streptomycetaceae	Streptomyces	Streptomyces sp.
C414	Bacteria	Pseudomonadota	Alphaproteobacteria	Rhodospirillales	Incertae Sedis	Incertae Sedis	metagenome
C415	Bacteria	Bacteroidota	Bacteroidia	Bacteroidales	Dysgonomonadaceae	Dysgonomonas	Dysgonomonas sp.
C416	Bacteria	Bacteroidota	Bacteroidia	Chitinophagales	Incertae Sedis	Incertae Sedis	uncultured bacterium
C418	Bacteria	Bacteroidota	Bacteroidia	Flavobacteriales	Weeksellaceae	Weeksella	uncultured bacterium
C421	Bacteria	Bacillota	Bacilli	Erysipelotrichales	Erysipelotrichales sp.	Erysipelotrichales sp.	Erysipelotrichales sp.
C422	Bacteria	Pseudomonadota	Alphaproteobacteria	Sphingomonadales	Sphingomonadaceae	Sphingomonas	uncultured bacterium
C423	Eukaryota	Cyanobacteriota	Cyanobacteriia	Chloroplast	Incertae Sedis	Incertae Sedis	uncultured eukaryote
C424	Unknown	Unknown	Unknown	Unknown	Unknown	Unknown	Unknown
C425	Bacteria	Pseudomonadota	Alphaproteobacteria	Acetobacterales	Acetobacteraceae	Acetobacter	Acetobacter sp.
C426	Bacteria	Pseudomonadota	Alphaproteobacteria	Rhodospirillales	Incertae Sedis	Incertae Sedis	uncultured bacterium
C427	Bacteria	Bacteroidota	Bacteroidia	Flavobacteriales	Weeksellaceae	Chishuiella	Empedobacter sp. F-Fue-04TIIa
C429	Bacteria	Bacteroidota	Bacteroidia	Sphingobacteriales	Sphingobacteriaceae	Sphingobacterium	Sphingobacterium sp.
C430	Bacteria	Bacteroidota	Bacteroidia	Bacteroidales	Dysgonomonadaceae	Dysgonomonas	Dysgonomonas sp.
C431	Bacteria	Pseudomonadota	Alphaproteobacteria	Rickettsiales	SM2D12	Incertae Sedis	uncultured bacterium
C432	Bacteria	Pseudomonadota	Gammaproteobacteria	Burkholderiales	Oxalobacteraceae	Oxalobacteraceae sp.	Oxalobacteraceae sp.
C433	Bacteria	Bacillota	Clostridia	Peptostreptococcales-Tissierellales	Sedimentibacteraceae	Sedimentibacter	uncultured bacterium
C434	Bacteria	Bacteroidota	Bacteroidia	Chitinophagales	Chitinophagaceae	Aurantisolimonas	Aurantisolimonas sp.
C436	Bacteria	Bdellovibrionota	Bacteriovoracia	Bacteriovoracales	Bacteriovoracaceae	Bacteriovorax	uncultured bacterium
C437	Bacteria	Pseudomonadota	Gammaproteobacteria	Enterobacterales	Enterobacteriaceae	Salmonella	Salmonella sp.
C438	Bacteria	Bacteroidota	Bacteroidia	Bacteroidales	Dysgonomonadaceae	Dysgonomonas	Dysgonomonas sp.
C439	Bacteria	Bacillota	Bacilli	Bacillales	Bacillaceae	Bacillus	Bacillus sp.
C442	Unknown	Unknown	Unknown	Unknown	Unknown	Unknown	Unknown
C444	Bacteria	Bacillota	Clostridia	Lachnospirales	Lachnospiraceae	Anaerosporobacter	Anaerosporobacter sp.
C445	Bacteria	Bacillota	Clostridia	Clostridiales	Clostridiaceae	Clostridium	Clostridium sp.
C448	Bacteria	Bacteroidota	Bacteroidia	Sphingobacteriales	Sphingobacteriaceae	Sphingobacterium	Sphingobacterium sp.
C449	Bacteria	Bacillota	Clostridia	Oscillospirales	Ruminococcaceae	Ruminococcus	uncultured bacterium
C451	Bacteria	Pseudomonadota	Gammaproteobacteria	Lysobacterales	Lysobacteraceae	Luteimonas	Luteimonas sp.
C453	Bacteria	Bacteroidota	Bacteroidia	Flavobacteriales	Weeksellaceae	Moheibacter	Moheibacter stercoris
C454	Bacteria	Bacteroidota	Bacteroidia	Bacteroidales	Dysgonomonadaceae	Dysgonomonas	Dysgonomonas sp.
C456	Bacteria	Bacillota	Clostridia	Christensenellales	Christensenellaceae	Christensenellaceae sp.	Christensenellaceae sp.
C457	Unknown	Unknown	Unknown	Unknown	Unknown	Unknown	Unknown
C461	Bacteria	Bacteroidota	Bacteroidia	Chitinophagales	Chitinophagaceae	Chitinophagaceae sp.	Chitinophagaceae sp.
C462	Bacteria	Bacteroidota	Bacteroidia	Bacteroidales	Dysgonomonadaceae	Dysgonomonas	Dysgonomonas sp.
C466	Bacteria	Bacteroidota	Bacteroidia	Chitinophagales	Chitinophagaceae	DVSBS1	Sphingobacteriia bacterium DVSBS1
C467	NA	NA sp.	NA sp.	NA sp.	NA sp.	NA sp.	NA sp.
C468	Bacteria	Bacteroidota	Bacteroidia	Flavobacteriales	Flavobacteriaceae	Flavobacterium	Flavobacterium sp.
C470	Bacteria	Pseudomonadota	Gammaproteobacteria	Enterobacterales	Enterobacteriaceae	Escherichia-Shigella	uncultured bacterium
C471	Bacteria	Bdellovibrionota	Bacteriovoracia	Bacteriovoracales	Bacteriovoracaceae	Peredibacter	uncultured bacterium
C473	Bacteria	Pseudomonadota	Gammaproteobacteria	Legionellales	Legionellaceae	Legionella	Legionella sp.
C477	Bacteria	Bacteroidota	Bacteroidia	Flavobacteriales	Crocinitomicaceae	Fluviicola	Fluviicola sp.
C478	Bacteria	Pseudomonadota	Gammaproteobacteria	Pseudomonadales	Spongiibacteraceae	BD1-7 clade	uncultured gamma proteobacterium
C479	Bacteria	Pseudomonadota	Gammaproteobacteria	Enterobacterales	Enterobacterales sp.	Enterobacterales sp.	Enterobacterales sp.
C482	Bacteria	Pseudomonadota	Gammaproteobacteria	Burkholderiales	Comamonadaceae	Lampropedia	Lampropedia sp. BRTC-2
C483	Bacteria	Pseudomonadota	Gammaproteobacteria	Pseudomonadales	Cellvibrionaceae	Cellvibrio	uncultured bacterium
C486	Bacteria	Bacillota	Bacilli	Lactobacillales	Lactobacillaceae	Lactobacillaceae sp.	Lactobacillaceae sp.
C487	Bacteria	Bacillota	Bacilli	Erysipelotrichales	Erysipelotrichaceae	Erysipelothrix	Erysipelothrix rhusiopathiae
C488	Bacteria	Bacillota	Bacilli	RF39	Incertae Sedis	Incertae Sedis	uncultured bacterium
C489	Bacteria	Bacillota	Clostridia	Peptostreptococcales-Tissierellales	Anaerovoracaceae	Aminipila	uncultured bacterium
C490	Bacteria	Bacteroidota	Bacteroidia	Bacteroidales	Dysgonomonadaceae	Dysgonomonas	Dysgonomonas sp.
C491	Unknown	Unknown	Unknown	Unknown	Unknown	Unknown	Unknown
C493	Bacteria	Pseudomonadota	Gammaproteobacteria	Burkholderiales	Comamonadaceae	Comamonadaceae sp.	Comamonadaceae sp.
C494	NA	Amorphea	Obazoa	Opisthokonta	Holozoa	Choanozoa	Metazoa
C495	Bacteria	Bacteroidota	Bacteroidia	Sphingobacteriales	Sphingobacteriaceae	Sphingobacterium	Sphingobacterium sp. G2-10
C498	Bacteria	Cyanobacteriota	Cyanobacteriia	Chloroplast	Incertae Sedis	Incertae Sedis	Incertae Sedis sp.
C499	Bacteria	Bacteroidota	Bacteroidia	Sphingobacteriales	Sphingobacteriaceae	Sphingobacterium	Sphingobacterium psychroaquaticum
C501	Bacteria	Bacillota	Bacilli	RF39	Incertae Sedis	Incertae Sedis	uncultured rumen bacterium
C502	Unknown	Unknown	Unknown	Unknown	Unknown	Unknown	Unknown
C504	NA	Discoba	Discicristata	Euglenozoa	Euglenida	Heteronematina	Petalomonas
C505	Bacteria	Bacteroidota	Bacteroidia	Bacteroidales	Dysgonomonadaceae	Dysgonomonas	Dysgonomonas sp.
C506	Bacteria	Bacteroidota	Bacteroidia	Chitinophagales	Chitinophagaceae	Incertae Sedis	Incertae Sedis sp.
C508	Bacteria	Bacillota	Bacilli	Erysipelotrichales	Erysipelotrichaceae	Culicoidibacter	Firmicutes bacterium
C509	Bacteria	Bacteroidota	Bacteroidia	Bacteroidales	Dysgonomonadaceae	Dysgonomonas	Dysgonomonas sp.
C510	Bacteria	Bacteroidota	Bacteroidia	Bacteroidales	Dysgonomonadaceae	Dysgonomonas	Dysgonomonas sp.
C512	Bacteria	Bacteroidota	Bacteroidia	Bacteroidales	Dysgonomonadaceae	Dysgonomonas	Dysgonomonas sp.
C513	Bacteria	Pseudomonadota	Alphaproteobacteria	Acetobacterales	Acetobacteraceae	Acetobacter	Acetobacter sp.
C514	Bacteria	Pseudomonadota	Gammaproteobacteria	Burkholderiales	Neisseriaceae	Vitreoscilla	Vitreoscilla sp.
C515	Bacteria	Cyanobacteriota	Cyanobacteriia	Chloroplast	Incertae Sedis	Incertae Sedis	Incertae Sedis sp.
C516	Bacteria	Campylobacterota	Campylobacteria	Campylobacterales	Arcobacteraceae	Arcobacter	Arcobacter sp.
C517	Bacteria	Bdellovibrionota	Bacteriovoracia	Bacteriovoracales	Bacteriovoracaceae	Peredibacter	uncultured bacterium
C519	Bacteria	Pseudomonadota	Gammaproteobacteria	Pseudomonadales	Pseudomonadaceae	Pseudomonas	uncultured bacterium
C520	Unknown	Unknown	Unknown	Unknown	Unknown	Unknown	Unknown
C523	Bacteria	Pseudomonadota	Alphaproteobacteria	Rhodospirillales	Incertae Sedis	Incertae Sedis	metagenome
C524	Bacteria	Cyanobacteriota	Cyanobacteriia	Chloroplast	Incertae Sedis	Incertae Sedis	uncultured bacterium
C525	Bacteria	Actinomycetota	Actinobacteria	Micrococcales	Microbacteriaceae	Microbacteriaceae sp.	Microbacteriaceae sp.
C526	Bacteria	Bacteroidota	Bacteroidia	Sphingobacteriales	Sphingobacteriaceae	Sphingobacteriaceae sp.	Sphingobacteriaceae sp.
C527	Bacteria	Bacillota	Clostridia	Oscillospirales	Oscillospiraceae	NK4A214 group	uncultured Ruminococcaceae bacterium
C528	Bacteria	Bacteroidota	Bacteroidia	Flavobacteriales	Crocinitomicaceae	Fluviicola	Fluviicola sp.
C530	Bacteria	Pseudomonadota	Alphaproteobacteria	Rhodobacterales	Paracoccaceae	Paracoccaceae sp.	Paracoccaceae sp.
C536	Unknown	Unknown	Unknown	Unknown	Unknown	Unknown	Unknown
C539	Bacteria	Bacteroidota	Bacteroidia	Sphingobacteriales	Sphingobacteriaceae	Sphingobacterium	Sphingobacterium sp.
C540	Bacteria	Campylobacterota	Campylobacteria	Campylobacterales	Arcobacteraceae	Arcobacter	Arcobacter sp.
C542	Bacteria	Bacteroidota	Bacteroidia	Bacteroidales	Dysgonomonadaceae	Dysgonomonas	Dysgonomonas sp.
C544	Bacteria	Bacillota	Clostridia	Lachnospirales	Lachnospiraceae	Tyzzerella	Tyzzerella sp.
C545	Bacteria	Cyanobacteriota	Cyanobacteriia	Chloroplast	Incertae Sedis	Incertae Sedis	Incertae Sedis sp.
C548	Unknown	Unknown	Unknown	Unknown	Unknown	Unknown	Unknown
C549	Unknown	Unknown	Unknown	Unknown	Unknown	Unknown	Unknown
C551	Bacteria	Bacteroidota	Bacteroidia	Flavobacteriales	Flavobacteriaceae	Myroides	Myroides sp.
C552	Bacteria	Bacillota	Clostridia	Oscillospirales	Ruminococcaceae	Acutalibacter	Neglecta sp. Marseille-P3890
C553	Bacteria	Pseudomonadota	Alphaproteobacteria	Rhodobacterales	Paracoccaceae	Paracoccaceae sp.	Paracoccaceae sp.
C554	Unknown	Unknown	Unknown	Unknown	Unknown	Unknown	Unknown
C559	Bacteria	Pseudomonadota	Gammaproteobacteria	Enterobacterales	Enterobacteriaceae	Salmonella	Salmonella sp.
C566	Bacteria	Pseudomonadota	Gammaproteobacteria	Enterobacterales	Morganellaceae	Providencia	Providencia sp.
C567	Bacteria	Bacillota	Clostridia	Clostridiales	Clostridiaceae	Clostridium	Clostridium sp.
C568	Bacteria	Pseudomonadota	Alphaproteobacteria	Rhodobacterales	Paracoccaceae	Paracoccaceae sp.	Paracoccaceae sp.
C569	Bacteria	Bacteroidota	Bacteroidia	Bacteroidales	Bacteroidaceae	Bacteroides	Bacteroides sp.
C570	Bacteria	Pseudomonadota	Gammaproteobacteria	Burkholderiales	Comamonadaceae	Lampropedia	Lampropedia sp.
C571	Bacteria	Bacteroidota	Bacteroidia	Flavobacteriales	Weeksellaceae	Chryseobacterium	Chryseobacterium sp.
C572	Bacteria	Bacteroidota	Bacteroidia	Sphingobacteriales	Sphingobacteriaceae	Sphingobacterium	Sphingobacterium sp.
C573	Bacteria	Pseudomonadota	Alphaproteobacteria	Rhodobacterales	Paracoccaceae	Paracoccaceae sp.	Paracoccaceae sp.
C574	Bacteria	Actinomycetota	Actinobacteria	Actinomycetales	Actinomycetaceae	Actinomyces	bacterium NLAE-zl-C91
C575	Bacteria	Bacteroidota	Bacteroidia	Sphingobacteriales	Sphingobacteriaceae	Parapedobacter	Parapedobacter indicus
C576	Bacteria	Bacteroidota	Bacteroidia	Bacteroidales	Bacteroidaceae	Bacteroides	Bacteroides sp.
C577	Bacteria	Bacteroidota	Bacteroidia	Sphingobacteriales	Sphingobacteriaceae	Sphingobacterium	Sphingobacterium sp. G2-10
C578	Bacteria	Actinomycetota	Actinobacteria	Frankiales	Frankiaceae	Jatrophihabitans	Jatrophihabitans sp.
C579	Bacteria	Pseudomonadota	Gammaproteobacteria	Enterobacterales	Alteromonadaceae	Alteromonadaceae sp.	Alteromonadaceae sp.
C580	Bacteria	Bacteroidota	Bacteroidia	Flavobacteriales	Weeksellaceae	Weeksella	uncultured Flavobacterium sp.
C581	Bacteria	Bacillota	Clostridia	Christensenellales	Christensenellaceae	Christensenellaceae R-7 group	Christensenellaceae R-7 group sp.
C582	Bacteria	Bacillota	Bacilli	Lactobacillales	Enterococcaceae	Enterococcus	Enterococcus italicus
C583	Bacteria	Bacteroidota	Bacteroidia	Cytophagales	Spirosomataceae	Persicitalea	Persicitalea sp.
C584	Bacteria	Pseudomonadota	Gammaproteobacteria	Enterobacterales	Alteromonadaceae	Rheinheimera	Rheinheimera sp.
C585	Bacteria	Pseudomonadota	Gammaproteobacteria	Pseudomonadales	Moraxellaceae	Acinetobacter	Acinetobacter sp.
C586	Bacteria	Bacillota	Clostridia	Oscillospirales	Oscillospiraceae	NK4A214 group	uncultured Ruminococcaceae bacterium
C587	Bacteria	Bacillota	Clostridia	Oscillospirales	UCG-010	Incertae Sedis	uncultured bacterium
C588	Bacteria	Bacteroidota	Bacteroidia	Flavobacteriales	Flavobacteriaceae	Flavobacterium	uncultured bacterium
C589	Bacteria	Pseudomonadota	Alphaproteobacteria	Rhodospirillales	Incertae Sedis	Incertae Sedis	Incertae Sedis sp.
C590	Bacteria	Bacillota	Clostridia	Clostridiales	Clostridiaceae	Clostridium	Clostridium sp.
C591	Bacteria	Chloroflexota	Chloroflexia	Thermomicrobiales	JG30-KF-CM45	Incertae Sedis	uncultured bacterium
C592	Bacteria	Bacillota	Bacilli	Lactobacillales	Lactobacillaceae	Levilactobacillus	Levilactobacillus sp.
C593	Bacteria	Pseudomonadota	Alphaproteobacteria	Acetobacterales	Acetobacteraceae	Acetobacter	Acetobacter sp.
C594	Bacteria	Bacteroidota	Bacteroidia	Sphingobacteriales	Sphingobacteriaceae	Pedobacter	Pedobacter sp.
C595	Bacteria	Bacillota	Clostridia	Lachnospirales	Lachnospiraceae	Tyzzerella	Tyzzerella sp.
C596	Bacteria	Bacillota	Bacilli	Erysipelotrichales	Erysipelotrichaceae	Erysipelothrix	Erysipelothrix sp.
C597	Bacteria	Bacteroidota	Bacteroidia	Sphingobacteriales	Sphingobacteriaceae	Sphingobacterium	uncultured bacterium
C599	Bacteria	Pseudomonadota	Gammaproteobacteria	Enterobacterales	Morganellaceae	Providencia	Providencia sp.
C600	Bacteria	Actinomycetota	Acidimicrobiia	Microtrichales	Microtrichaceae	Incertae Sedis	uncultured bacterium
C601	Bacteria	Pseudomonadota	Alphaproteobacteria	Hyphomicrobiales	Xanthobacteraceae	Xanthobacteraceae sp.	Xanthobacteraceae sp.
C603	Bacteria	Actinomycetota	Acidimicrobiia	Microtrichales	Microtrichaceae	Incertae Sedis	uncultured bacterium
C604	Bacteria	Bacteroidota	Bacteroidia	Bacteroidales	Dysgonomonadaceae	Dysgonomonas	uncultured bacterium
C605	Bacteria	Bacillota	Bacilli	RF39	Incertae Sedis	Incertae Sedis	Incertae Sedis sp.
C606	Bacteria	Pseudomonadota	Gammaproteobacteria	Burkholderiales	Comamonadaceae	Lampropedia	Lampropedia sp.
C609	Bacteria	Pseudomonadota	Gammaproteobacteria	Burkholderiales	Oxalobacteraceae	Oxalobacteraceae sp.	Oxalobacteraceae sp.
C610	Bacteria	Bacteroidota	Bacteroidia	Bacteroidales	Dysgonomonadaceae	Dysgonomonas	Dysgonomonas sp.
C612	Bacteria	Cyanobacteriota	Cyanobacteriia	Chloroplast	Incertae Sedis	Incertae Sedis	Incertae Sedis sp.
C613	Bacteria	Bacillota	Clostridia	Oscillospirales	Ruminococcaceae	Ruminococcaceae sp.	Ruminococcaceae sp.
C614	Bacteria	Pseudomonadota	Gammaproteobacteria	Pseudomonadales	Moraxellaceae	Acinetobacter	Acinetobacter sp.
C616	Bacteria	Pseudomonadota	Alphaproteobacteria	Micavibrionales	Incertae Sedis	Incertae Sedis	Incertae Sedis sp.
C617	Bacteria	Actinomycetota	Acidimicrobiia	Microtrichales	Microtrichaceae	IMCC26207	IMCC26207 sp.
C619	Bacteria	Planctomycetota	Planctomycetes	Planctomycetales	Rubinisphaeraceae	Rubinisphaera	Rubinisphaera sp.
C620	Bacteria	Bacteroidota	Bacteroidia	Flavobacteriales	Weeksellaceae	Weeksella	uncultured bacterium
C622	Bacteria	Bacillota	Bacilli	Paenibacillales	Paenibacillaceae	Paenibacillus	Paenibacillus sp.
C623	Bacteria	Bacteroidota	Bacteroidia	Bacteroidales	Dysgonomonadaceae	Dysgonomonas	Dysgonomonas sp.
C624	Bacteria	Pseudomonadota	Gammaproteobacteria	Pseudomonadales	Pseudomonadales sp.	Pseudomonadales sp.	Pseudomonadales sp.
C626	Bacteria	Bacteroidota	Bacteroidia	Bacteroidales	Tannerellaceae	Tannerellaceae sp.	Tannerellaceae sp.
C627	NA	Amorphea	Obazoa	Opisthokonta	Nucletmycea	Fungi	Dikarya
C629	Bacteria	Planctomycetota	Planctomycetes	Isosphaerales	Isosphaeraceae	Paludisphaera	uncultured bacterium
C630	Bacteria	Bacteroidota	Bacteroidia	Flavobacteriales	Weeksellaceae	Chishuiella	Empedobacter sp. F-Fue-04TIIa
C632	Bacteria	Bacteroidota	Bacteroidia	Sphingobacteriales	Sphingobacteriaceae	Sphingobacterium	Sphingobacterium sp.
C634	Bacteria	Bacillota	Bacilli	RF39	Incertae Sedis	Incertae Sedis	Incertae Sedis sp.
C635	Bacteria	Bacteroidota	Bacteroidia	Cytophagales	Spirosomataceae	Persicitalea	Persicitalea sp.
C637	Bacteria	Bacteroidota	Bacteroidia	Chitinophagales	Chitinophagaceae	DVSBS1	Sphingobacteriia bacterium DVSBS1
C638	Bacteria	Bacillota	Bacilli	Erysipelotrichales	Erysipelotrichaceae	Erysipelotrichaceae sp.	Erysipelotrichaceae sp.
C639	Bacteria	Pseudomonadota	Gammaproteobacteria	Pseudomonadales	Pseudomonadales sp.	Pseudomonadales sp.	Pseudomonadales sp.
C641	Bacteria	Bacteroidota	Bacteroidia	Flavobacteriales	Flavobacteriaceae	Flavobacterium	uncultured bacterium
C642	Bacteria	Planctomycetota	Planctomycetes	Planctomycetales	Rubinisphaeraceae	Rubinisphaera	Rubinisphaera sp.
C644	Bacteria	Bacillota	Clostridia	Clostridia UCG-014	Incertae Sedis	Incertae Sedis	uncultured bacterium
C645	Bacteria	Pseudomonadota	Alphaproteobacteria	Hyphomicrobiales	Beijerinckiaceae	Bosea	Bosea sp.
C646	Bacteria	Pseudomonadota	Gammaproteobacteria	Lysobacterales	Rhodanobacteraceae	Incertae Sedis	Incertae Sedis sp.
C647	Bacteria	Pseudomonadota	Alphaproteobacteria	Acetobacterales	Acetobacteraceae	Roseococcus	Roseococcus sp.
C651	Bacteria	Chloroflexota	Chloroflexia	Thermomicrobiales	JG30-KF-CM45	Incertae Sedis	uncultured bacterium
C652	Bacteria	Bacillota	Bacilli	RF39	Incertae Sedis	Incertae Sedis	uncultured bacterium
C653	Bacteria	Pseudomonadota	Alphaproteobacteria	Caulobacterales	Caulobacteraceae	Asticcacaulis	uncultured bacterium
C654	Bacteria	Bacteroidota	Bacteroidia	Bacteroidales	Bacteroidaceae	Bacteroides	Bacteroides sp.
C655	Bacteria	Bacteroidota	Bacteroidia	Chitinophagales	Chitinophagaceae	Chitinophagaceae sp.	Chitinophagaceae sp.
C656	Bacteria	Bacillota	Clostridia	Peptostreptococcales-Tissierellales	Natronincolaceae	Alkaliphilus	uncultured bacterium
C657	Bacteria	Bacteroidota	Bacteroidia	Flavobacteriales	Weeksellaceae	Empedobacter	Empedobacter brevis
C658	Bacteria	Bacillota	Negativicutes	Veillonellales-Selenomonadales	Sporomusaceae	Anaerosporomusa	uncultured bacterium
C659	Bacteria	Pseudomonadota	Alphaproteobacteria	Hyphomicrobiales	Beijerinckiaceae	Camelimonas	Camelimonas sp.
C662	Bacteria	Bacteroidota	Bacteroidia	Bacteroidales	Bacteroidaceae	Bacteroides	Bacteroides sp.
C665	Bacteria	Pseudomonadota	Gammaproteobacteria	Pseudomonadales	Moraxellaceae	Acinetobacter	Acinetobacter sp.
C667	Bacteria	Bacillota	Bacilli	Bacillales	Planococcaceae	Lysinibacillus	Lysinibacillus sp.
C669	Bacteria	Bacteroidota	Bacteroidia	Chitinophagales	Chitinophagaceae	Incertae Sedis	uncultured bacterium
C670	Bacteria	Actinomycetota	Actinobacteria	Micrococcales	Micrococcales Incertae Sedis	Populibacterium	uncultured bacterium
C672	Bacteria	Patescibacteria	Saccharimonadia	Saccharimonadales	Saccharimonadaceae	TM7a	uncultured bacterium
C673	Bacteria	Pseudomonadota	Alphaproteobacteria	Rhodospirillales	Incertae Sedis	Incertae Sedis	Incertae Sedis sp.
C676	Bacteria	Bacillota	Negativicutes	Veillonellales-Selenomonadales	Sporomusaceae	Pelosinus	Pelosinus sp.
C677	Bacteria	Bacillota	Clostridia	Lachnospirales	Lachnospiraceae	Incertae Sedis	uncultured Roseburia sp.
C678	Bacteria	Bacillota	Bacilli	RF39	Incertae Sedis	Incertae Sedis	Incertae Sedis sp.
C679	Bacteria	Pseudomonadota	Gammaproteobacteria	Enterobacterales	Morganellaceae	Providencia	Providencia sp.
C680	Bacteria	Pseudomonadota	Gammaproteobacteria	Pseudomonadales	Pseudomonadales sp.	Pseudomonadales sp.	Pseudomonadales sp.
C683	Bacteria	Thermodesulfobacteriota	Desulfovibrionia	Desulfovibrionales	Desulfovibrionaceae	Desulfovibrio	bacterium NLAE-zl-C561
C684	Bacteria	Bacillota	Negativicutes	Veillonellales-Selenomonadales	Sporomusaceae	Anaerospora	Anaerospora sp.
C685	Bacteria	Pseudomonadota	Gammaproteobacteria	Burkholderiales	Comamonadaceae	Comamonadaceae sp.	Comamonadaceae sp.
C686	Bacteria	Bacteroidota	Bacteroidia	Sphingobacteriales	Sphingobacteriaceae	Sphingobacterium	uncultured bacterium
C687	Bacteria	Bacteroidota	Bacteroidia	Cytophagales	Spirosomataceae	Dyadobacter	Dyadobacter sp.
C688	NA	Discoba	Discicristata	Euglenozoa	Euglenida	Heteronematina	Petalomonas
C689	Bacteria	Bacteroidota	Bacteroidia	Bacteroidales	Bacteroidaceae	Bacteroides	Bacteroides sp.
C691	Bacteria	Bacteroidota	Bacteroidia	Flavobacteriales	Flavobacteriaceae	Flavobacterium	Flavobacterium sp.
C693	Bacteria	Bacteroidota	Bacteroidia	Sphingobacteriales	Sphingobacteriaceae	Parapedobacter	uncultured bacterium
C694	Bacteria	Bacteroidota	Bacteroidia	Bacteroidales	Dysgonomonadaceae	Dysgonomonas	uncultured bacterium
C695	Bacteria	Bacteroidota	Bacteroidia	Bacteroidales	Dysgonomonadaceae	Dysgonomonas	Dysgonomonas sp.
C696	Bacteria	Bacteroidota	Bacteroidia	Sphingobacteriales	Sphingobacteriaceae	Sphingobacterium	Sphingobacterium sp.
C697	Bacteria	Bacteroidota	Bacteroidia	Sphingobacteriales	Sphingobacteriaceae	Sphingobacterium	uncultured bacterium
C698	Bacteria	Bacteroidota	Bacteroidia	Flavobacteriales	Weeksellaceae	Chryseobacterium	uncultured bacterium
C699	Bacteria	Bacillota	Clostridia	Oscillospirales	Ruminococcaceae	Ruminococcaceae sp.	Ruminococcaceae sp.
C700	Bacteria	Pseudomonadota	Alphaproteobacteria	Hyphomicrobiales	Devosiaceae	Devosia	Devosia sp.
C701	Bacteria	Planctomycetota	Planctomycetes	Planctomycetales	Rubinisphaeraceae	Planctomicrobium	Planctomicrobium sp.
C704	Bacteria	Bacteroidota	Bacteroidia	Sphingobacteriales	Sphingobacteriaceae	Sphingobacterium	Sphingobacterium sp.
C705	Bacteria	Pseudomonadota	Gammaproteobacteria	Burkholderiales	Comamonadaceae	Comamonas	Comamonas sp.
C706	Bacteria	Pseudomonadota	Gammaproteobacteria	Enterobacterales	Enterobacteriaceae	Enterobacteriaceae sp.	Enterobacteriaceae sp.
C707	Bacteria	Bacteroidota	Bacteroidia	Sphingobacteriales	Sphingobacteriaceae	Sphingobacterium	Sphingobacterium sp.
C711	Bacteria	Bacillota	Negativicutes	Veillonellales-Selenomonadales	Sporomusaceae	Anaerosporomusa	uncultured bacterium
C714	Bacteria	Bacillota	Bacilli	Paenibacillales	Paenibacillaceae	Paenibacillus	Paenibacillus sp.
C716	Bacteria	Bacillota	Clostridia	Clostridiales	Caloramatoraceae	Caloramatoraceae sp.	Caloramatoraceae sp.
C719	Bacteria	Pseudomonadota	Gammaproteobacteria	Pseudomonadales	Moraxellaceae	Acinetobacter	Acinetobacter sp.
C720	Bacteria	Bacteroidota	Bacteroidia	Sphingobacteriales	Sphingobacteriaceae	Sphingobacterium	Sphingobacterium sp.
C722	Bacteria	Cyanobacteriota	Cyanobacteriia	Chloroplast	Incertae Sedis	Incertae Sedis	Incertae Sedis sp.
C724	Bacteria	Actinomycetota	Actinobacteria	Frankiales	Frankiales sp.	Frankiales sp.	Frankiales sp.
C726	Bacteria	Bdellovibrionota	Bdellovibrionia	Bdellovibrionales	Pseudobdellovibrionaceae	Pseudobdellovibrio	uncultured bacterium
C728	Bacteria	Bacillota	Clostridia	Lachnospirales	Lachnospiraceae	Lachnospiraceae sp.	Lachnospiraceae sp.
C730	Bacteria	Bacillota	Bacilli	Lactobacillales	Lactobacillaceae	Latilactobacillus	Latilactobacillus sp.
C731	Bacteria	Bacteroidota	Bacteroidia	Bacteroidales	Dysgonomonadaceae	Dysgonomonas	Dysgonomonas sp.
C733	Bacteria	Bacteroidota	Bacteroidia	Bacteroidales	Bacteroidaceae	Bacteroides	Bacteroides sp.
C734	Bacteria	Pseudomonadota	Alphaproteobacteria	Sphingomonadales	Sphingomonadaceae	Sphingomonadaceae sp.	Sphingomonadaceae sp.
C738	Bacteria	Pseudomonadota	Gammaproteobacteria	Pseudomonadales	Moraxellaceae	Acinetobacter	Acinetobacter sp.
C740	Bacteria	Pseudomonadota	Gammaproteobacteria	Gammaproteobacteria sp.	Gammaproteobacteria sp.	Gammaproteobacteria sp.	Gammaproteobacteria sp.
C742	Bacteria	Pseudomonadota	Gammaproteobacteria	Pseudomonadales	Cellvibrionaceae	Cellvibrio	uncultured bacterium
C743	Bacteria	Bacteroidota	Bacteroidia	Bacteroidales	Dysgonomonadaceae	Dysgonomonas	Dysgonomonas sp.
C744	Bacteria	Bacillota	Clostridia	Peptostreptococcales-Tissierellales	Family XI	Family XI sp.	Family XI sp.
C749	Bacteria	Bacteroidota	Bacteroidia	Flavobacteriales	Crocinitomicaceae	Fluviicola	Fluviicola sp.
C751	Unknown	Unknown	Unknown	Unknown	Unknown	Unknown	Unknown
C752	Bacteria	Pseudomonadota	Gammaproteobacteria	Pseudomonadales	Moraxellaceae	Moraxellaceae sp.	Moraxellaceae sp.
C756	Bacteria	Pseudomonadota	Alphaproteobacteria	Rickettsiales	Mitochondria	Incertae Sedis	Musa acuminata subsp. malaccensis
C757	Bacteria	Pseudomonadota	Gammaproteobacteria	Pseudomonadales	Pseudomonadaceae	Pseudomonas	uncultured bacterium
C758	Bacteria	Cyanobacteriota	Cyanobacteriia	Chloroplast	Incertae Sedis	Incertae Sedis	Incertae Sedis sp.
C759	Bacteria	Bacillota	Bacilli	Lactobacillales	Lactobacillaceae	Limosilactobacillus	Limosilactobacillus sp.
C761	Bacteria	Bacteroidota	Bacteroidia	Bacteroidales	Dysgonomonadaceae	Dysgonomonas	Dysgonomonas sp.
C762	Bacteria	Bacillota	Negativicutes	Veillonellales-Selenomonadales	Sporomusaceae	Sporomusa	Sporomusa sp.
C763	Bacteria	Pseudomonadota	Alphaproteobacteria	Acetobacterales	Acetobacteraceae	Acetobacter	Acetobacter sp.
C765	Bacteria	Cyanobacteriota	Cyanobacteriia	Chloroplast	Incertae Sedis	Incertae Sedis	Incertae Sedis sp.
C766	Bacteria	Bacteroidota	Bacteroidia	Chitinophagales	Chitinophagaceae	Rurimicrobium	uncultured bacterium
C767	Bacteria	Cyanobacteriota	Cyanobacteriia	Chloroplast	Incertae Sedis	Incertae Sedis	Incertae Sedis sp.
C768	Bacteria	Bacillota	Clostridia	Christensenellales	Christensenellaceae	Christensenellaceae R-7 group	Christensenellaceae R-7 group sp.
C769	Bacteria	Bacteroidota	Bacteroidia	Chitinophagales	Chitinophagaceae	Incertae Sedis	uncultured bacterium
C770	Bacteria	Bacteroidota	Bacteroidia	Flavobacteriales	Crocinitomicaceae	Fluviicola	Fluviicola sp.
C771	Bacteria	Pseudomonadota	Alphaproteobacteria	Rhodospirillales	Incertae Sedis	Incertae Sedis	Incertae Sedis sp.
C773	Unknown	Unknown	Unknown	Unknown	Unknown	Unknown	Unknown
C775	Bacteria	Pseudomonadota	Alphaproteobacteria	Hyphomicrobiales	Rhizobiaceae	Rhizobiaceae sp.	Rhizobiaceae sp.
C776	Bacteria	Bacteroidota	Bacteroidia	Sphingobacteriales	Sphingobacteriaceae	Sphingobacterium	Sphingobacterium sp.
C777	Bacteria	Verrucomicrobiota	Verrucomicrobiia	Chthoniobacterales	Chthoniobacteraceae	LD29	LD29 sp.
C779	Bacteria	Bacillota	Clostridia	Oscillospirales	Ruminococcaceae	Ruminococcaceae sp.	Ruminococcaceae sp.
C781	Bacteria	Bacteroidota	Bacteroidia	Bacteroidales	Dysgonomonadaceae	Dysgonomonas	uncultured bacterium
C786	Bacteria	Bdellovibrionota	Bdellovibrionia	Bdellovibrionales	Pseudobdellovibrionaceae	Bdellovibrio	Bdellovibrio sp.
C787	Bacteria	Bacteroidota	Bacteroidia	Flavobacteriales	Weeksellaceae	Chishuiella	Chishuiella changwenlii
C788	Bacteria	Pseudomonadota	Gammaproteobacteria	Burkholderiales	Comamonadaceae	Comamonadaceae sp.	Comamonadaceae sp.
C789	Bacteria	Bacteroidota	Bacteroidia	Bacteroidales	Dysgonomonadaceae	Dysgonomonas	Dysgonomonas sp.
C790	Bacteria	Bacteroidota	Bacteroidia	Flavobacteriales	Flavobacteriaceae	Myroides	Myroides sp.
C792	Bacteria	Pseudomonadota	Gammaproteobacteria	Pseudomonadales	Moraxellaceae	Incertae Sedis	Incertae Sedis sp.
C793	Bacteria	Bacillota	Bacilli	Erysipelotrichales	Erysipelotrichaceae	Erysipelothrix	Erysipelothrix sp.
C794	Unknown	Unknown	Unknown	Unknown	Unknown	Unknown	Unknown
C795	Bacteria	Pseudomonadota	Alphaproteobacteria	Micavibrionales	Incertae Sedis	Incertae Sedis	Incertae Sedis sp.
C797	Bacteria	Bacillota	Clostridia	Oscillospirales	Ruminococcaceae	Incertae Sedis	Incertae Sedis sp.
C799	Bacteria	Bacteroidota	Bacteroidia	Flavobacteriales	Flavobacteriaceae	Flavobacterium	Flavobacterium sp.
C800	Bacteria	Planctomycetota	Planctomycetes	Isosphaerales	Isosphaeraceae	Paludisphaera	Paludisphaera sp.
C801	Bacteria	Bacillota	Negativicutes	Veillonellales-Selenomonadales	Sporomusaceae	Sporomusaceae sp.	Sporomusaceae sp.
C803	Bacteria	Pseudomonadota	Gammaproteobacteria	Pseudomonadales	Moraxellaceae	Acinetobacter	Acinetobacter sp.
C805	Bacteria	Bacillota	Clostridia	Oscillospirales	Ruminococcaceae	Ruminococcus	Ruminococcus sp. NML 00-0124
C807	Bacteria	Bacillota	Bacilli	Lactobacillales	Lactobacillaceae	Lactiplantibacillus	Lactiplantibacillus sp.
C808	Unknown	Unknown	Unknown	Unknown	Unknown	Unknown	Unknown
C811	Bacteria	Pseudomonadota	Gammaproteobacteria	Enterobacterales	Morganellaceae	Providencia	Providencia sp.
C812	Bacteria	Actinomycetota	Actinobacteria	Micrococcales	Micrococcales Incertae Sedis	Populibacterium	Populibacterium sp.
C816	Bacteria	Pseudomonadota	Alphaproteobacteria	Rhodobacterales	Paracoccaceae	Paracoccaceae sp.	Paracoccaceae sp.
C818	Bacteria	Pseudomonadota	Alphaproteobacteria	Acetobacterales	Acetobacteraceae	Acetobacter	Acetobacter sp.
C821	Bacteria	Bacillota	Clostridia	Peptostreptococcales-Tissierellales	Anaerovoracaceae	Anaerovorax	Anaerovorax sp.
C822	Bacteria	Pseudomonadota	Gammaproteobacteria	Gammaproteobacteria sp.	Gammaproteobacteria sp.	Gammaproteobacteria sp.	Gammaproteobacteria sp.
C823	Bacteria	Pseudomonadota	Alphaproteobacteria	Caulobacterales	Hyphomonadaceae	Hyphomonas	Hyphomonas sp.
C828	Bacteria	Campylobacterota	Campylobacteria	Campylobacterales	Campylobacteraceae	Campylobacter	Campylobacter sp.
C829	Bacteria	Pseudomonadota	Alphaproteobacteria	Acetobacterales	Acetobacteraceae	Acetobacteraceae sp.	Acetobacteraceae sp.
C830	Bacteria	Patescibacteria	Saccharimonadia	Saccharimonadales	Incertae Sedis	Incertae Sedis	uncultured bacterium
C832	Bacteria	Bacteroidota	Bacteroidia	Bacteroidales	Dysgonomonadaceae	Dysgonomonas	Dysgonomonas sp.
C833	Bacteria	Cyanobacteriota	Cyanobacteriia	Chloroplast	Incertae Sedis	Incertae Sedis	Incertae Sedis sp.
C834	Bacteria	Pseudomonadota	Gammaproteobacteria	Pseudomonadales	Moraxellaceae	Acinetobacter	Acinetobacter sp.
C835	Bacteria	Bacillota	Clostridia	Clostridia UCG-014	Incertae Sedis	Incertae Sedis	uncultured bacterium
C836	Bacteria	Pseudomonadota	Gammaproteobacteria	Pseudomonadales	Cellvibrionaceae	Cellvibrio	uncultured bacterium
C837	Bacteria	Cyanobacteriota	Vampirivibrionia	Gastranaerophilales	Gastranaerophilaceae	Incertae Sedis	uncultured bacterium
C839	Bacteria	Pseudomonadota	Alphaproteobacteria	Caulobacterales	Caulobacteraceae	Brevundimonas	Brevundimonas sp.
C840	Bacteria	Pseudomonadota	Gammaproteobacteria	Pseudomonadales	Pseudomonadales sp.	Pseudomonadales sp.	Pseudomonadales sp.
C843	Bacteria	Bacteroidota	Bacteroidia	Bacteroidales	Dysgonomonadaceae	Dysgonomonas	uncultured Dysgonomonas sp.
C845	Bacteria	Bacillota	Bacilli	Erysipelotrichales	Erysipelotrichaceae	Breznakia	Breznakia pachnodae
C846	Bacteria	Bacillota	Clostridia	Monoglobales	Monoglobaceae	Monoglobus	uncultured bacterium
C847	Bacteria	Pseudomonadota	Gammaproteobacteria	Burkholderiales	Alcaligenaceae	Alcaligenaceae sp.	Alcaligenaceae sp.
C848	Bacteria	Pseudomonadota	Alphaproteobacteria	Micavibrionales	Incertae Sedis	Incertae Sedis	uncultured bacterium
C849	Bacteria	Bacillota	Clostridia	Oscillospirales	Butyricicoccaceae	UCG-009	uncultured Firmicutes bacterium
C850	Bacteria	Bacteroidota	Bacteroidia	Cytophagales	Spirosomataceae	Leadbetterella	Leadbetterella sp.
C851	Bacteria	Bdellovibrionota	Oligoflexia	Oligoflexales	Oligoflexaceae	Incertae Sedis	metagenome
C852	Bacteria	Bacteroidota	Bacteroidia	Flavobacteriales	Weeksellaceae	Chryseobacterium	uncultured bacterium
C857	Bacteria	Pseudomonadota	Gammaproteobacteria	Pseudomonadales	Pseudohongiellaceae	Pseudohongiella	metagenome
C858	Bacteria	Bacillota	Negativicutes	Veillonellales-Selenomonadales	Incertae Sedis	Incertae Sedis	uncultured Veillonellaceae bacterium
C863	Bacteria	Bacteroidota	Bacteroidia	Cytophagales	Spirosomataceae	Leadbetterella	Leadbetterella sp.
C864	Bacteria	Pseudomonadota	Gammaproteobacteria	Lysobacterales	Rhodanobacteraceae	Dokdonella	uncultured bacterium
C868	Bacteria	Bacteroidota	Bacteroidia	Flavobacteriales	Weeksellaceae	Empedobacter	Empedobacter sp. PH7-1
C869	Bacteria	Bacteroidota	Bacteroidia	Chitinophagales	Saprospiraceae	Incertae Sedis	uncultured bacterium
C870	Bacteria	Pseudomonadota	Gammaproteobacteria	Burkholderiales	Comamonadaceae	Comamonadaceae sp.	Comamonadaceae sp.
C873	Bacteria	Pseudomonadota	Alphaproteobacteria	Rhodobacterales	Paracoccaceae	Paracoccaceae sp.	Paracoccaceae sp.
C875	Bacteria	Bacteroidota	Bacteroidia	Flavobacteriales	Flavobacteriaceae	Flavobacterium	uncultured bacterium
C876	Bacteria	Bacillota	Bacilli	Paenibacillales	Paenibacillaceae	Paenibacillus	Paenibacillus sp.
C877	Bacteria	Pseudomonadota	Gammaproteobacteria	Pseudomonadales	Cellvibrionaceae	Cellvibrio	uncultured bacterium
C878	Bacteria	Bacteroidota	Bacteroidia	Flavobacteriales	Weeksellaceae	Chishuiella	Empedobacter sp. F-Fue-04TIIa
C881	Bacteria	Bacillota	Clostridia	Oscillospirales	UCG-010	Incertae Sedis	uncultured bacterium
C882	Bacteria	Actinomycetota	Actinobacteria	Micrococcales	Microbacteriaceae	Agromyces	Agromyces atrinae
C883	Bacteria	Pseudomonadota	Gammaproteobacteria	Burkholderiales	Neisseriaceae	Vitreoscilla	Vitreoscilla sp.
C886	Bacteria	Pseudomonadota	Gammaproteobacteria	Pseudomonadales	Moraxellaceae	Acinetobacter	Acinetobacter sp.
C887	Bacteria	Bacillota	Clostridia	Clostridiales	Caloramatoraceae	Caloramatoraceae sp.	Caloramatoraceae sp.
C889	Bacteria	Bacillota	Bacilli	Erysipelotrichales	Erysipelotrichaceae	Erysipelothrix	Erysipelothrix rhusiopathiae
C890	Bacteria	Pseudomonadota	Gammaproteobacteria	Lysobacterales	Rhodanobacteraceae	Pseudofulvimonas	uncultured bacterium
C896	Bacteria	Bacteroidota	Bacteroidia	Cytophagales	Spirosomataceae	Leadbetterella	Leadbetterella sp.
C900	Bacteria	Pseudomonadota	Gammaproteobacteria	Pseudomonadales	Moraxellaceae	Acinetobacter	Acinetobacter sp.
C901	Bacteria	Pseudomonadota	Gammaproteobacteria	Lysobacterales	Lysobacteraceae	Stenotrophomonas	Stenotrophomonas sp.
C902	Bacteria	Pseudomonadota	Gammaproteobacteria	Enterobacterales	Pectobacteriaceae	Pectobacterium	Pectobacterium sp.
C903	Bacteria	Pseudomonadota	Gammaproteobacteria	Gammaproteobacteria sp.	Gammaproteobacteria sp.	Gammaproteobacteria sp.	Gammaproteobacteria sp.
C904	Unknown	Unknown	Unknown	Unknown	Unknown	Unknown	Unknown
C905	Bacteria	Bacteroidota	Bacteroidia	Sphingobacteriales	Sphingobacteriaceae	Sphingobacterium	Sphingobacterium sp.
C906	Bacteria	Pseudomonadota	Alphaproteobacteria	Acetobacterales	Acetobacteraceae	Acetobacter	Acetobacter sp.
C907	Bacteria	Pseudomonadota	Gammaproteobacteria	Pseudomonadales	Pseudomonadaceae	Pseudomonas	uncultured bacterium
C908	Bacteria	Pseudomonadota	Gammaproteobacteria	Enterobacterales	Aeromonadaceae	Aeromonas	Aeromonas sp. 2e
C909	Bacteria	Bacteroidota	Bacteroidia	Bacteroidales	Dysgonomonadaceae	Dysgonomonas	Dysgonomonas sp.
C910	Bacteria	Bacteroidota	Bacteroidia	Flavobacteriales	Flavobacteriaceae	Myroides	Myroides sp.
C911	Bacteria	Actinomycetota	Actinobacteria	Micrococcales	Microbacteriaceae	Microbacteriaceae sp.	Microbacteriaceae sp.
C912	Bacteria	Bacteroidota	Bacteroidia	Bacteroidales	Dysgonomonadaceae	Dysgonomonas	uncultured bacterium
C913	Bacteria	Pseudomonadota	Gammaproteobacteria	Pseudomonadales	Alcanivoracaceae1	Alcanivorax	uncultured bacterium
C915	Bacteria	Bacillota	Clostridia	Lachnospirales	Lachnospiraceae	Incertae Sedis	Incertae Sedis sp.
C916	Bacteria	Bacteroidota	Bacteroidia	Flavobacteriales	Weeksellaceae	Empedobacter	Empedobacter brevis
C917	Bacteria	Pseudomonadota	Gammaproteobacteria	Gammaproteobacteria sp.	Gammaproteobacteria sp.	Gammaproteobacteria sp.	Gammaproteobacteria sp.
C918	Bacteria	Pseudomonadota	Alphaproteobacteria	Rhodobacterales	Paracoccaceae	Paracoccaceae sp.	Paracoccaceae sp.
C919	Bacteria	Pseudomonadota	Gammaproteobacteria	Enterobacterales	Enterobacteriaceae	Salmonella	Salmonella sp.
C925	Bacteria	Bacteroidota	Bacteroidia	Sphingobacteriales	Sphingobacteriaceae	Sphingobacterium	Sphingobacterium sp.
C926	Bacteria	Pseudomonadota	Gammaproteobacteria	Gammaproteobacteria sp.	Gammaproteobacteria sp.	Gammaproteobacteria sp.	Gammaproteobacteria sp.
C931	Unknown	Unknown	Unknown	Unknown	Unknown	Unknown	Unknown
C932	Bacteria	Cyanobacteriota	Cyanobacteriia	Chloroplast	Incertae Sedis	Incertae Sedis	Incertae Sedis sp.
C933	Bacteria	Pseudomonadota	Alphaproteobacteria	Rickettsiales	SM2D12	Incertae Sedis	uncultured bacterium
C934	Unknown	Unknown	Unknown	Unknown	Unknown	Unknown	Unknown
C936	Bacteria	Bacillota	Bacilli	Lactobacillales	Lactobacillaceae	Limosilactobacillus	Limosilactobacillus sp.
C937	Bacteria	Pseudomonadota	Gammaproteobacteria	Burkholderiales	Alcaligenaceae	Alcaligenaceae sp.	Alcaligenaceae sp.
C938	Bacteria	Bacteroidota	Bacteroidia	Bacteroidales	Dysgonomonadaceae	Dysgonomonas	Dysgonomonas sp.
C939	Bacteria	Bacteroidota	Bacteroidia	Sphingobacteriales	Sphingobacteriaceae	Sphingobacterium	Sphingobacterium sp.
C940	Bacteria	Bacteroidota	Bacteroidia	Flavobacteriales	Crocinitomicaceae	Fluviicola	Fluviicola sp.
C941	Bacteria	Bacillota	Clostridia	Lachnospirales	Lachnospiraceae	Lachnospiraceae sp.	Lachnospiraceae sp.
C943	Bacteria	Campylobacterota	Campylobacteria	Campylobacterales	Arcobacteraceae	Arcobacter	Arcobacter sp.
C944	Bacteria	Bacillota	Bacilli	Lactobacillales	Lactobacillaceae	Limosilactobacillus	Limosilactobacillus sp.
C950	Bacteria	Campylobacterota	Campylobacteria	Campylobacterales	Arcobacteraceae	Arcobacter	Arcobacter sp.
C952	Bacteria	Pseudomonadota	Gammaproteobacteria	Pseudomonadales	Cellvibrionaceae	Cellvibrio	uncultured bacterium
C954	Unknown	Unknown	Unknown	Unknown	Unknown	Unknown	Unknown
C955	Bacteria	Bacteroidota	Bacteroidia	Bacteroidales	Dysgonomonadaceae	Dysgonomonas	Dysgonomonas sp.
C956	Unknown	Unknown	Unknown	Unknown	Unknown	Unknown	Unknown
C958	Bacteria	Campylobacterota	Campylobacteria	Campylobacterales	Arcobacteraceae	Arcobacter	Arcobacter sp.
C960	Bacteria	Pseudomonadota	Gammaproteobacteria	Pseudomonadales	Pseudomonadaceae	Pseudomonas	uncultured bacterium
C961	Bacteria	Bacteroidota	Bacteroidia	Bacteroidales	Dysgonomonadaceae	Dysgonomonas	Dysgonomonas sp.
C962	Bacteria	Bacteroidota	Bacteroidia	Chitinophagales	Saprospiraceae	Incertae Sedis	uncultured bacterium
C963	Bacteria	Pseudomonadota	Gammaproteobacteria	Pseudomonadales	Moraxellaceae	Acinetobacter	Acinetobacter sp.
C966	Bacteria	Actinomycetota	Actinobacteria	Micrococcales	Microbacteriaceae	Leucobacter	uncultured bacterium
C967	Bacteria	Bacillota	Bacilli	Paenibacillales	Paenibacillaceae	Paenibacillus	Paenibacillus sp.
C968	Bacteria	Pseudomonadota	Alphaproteobacteria	Acetobacterales	Acetobacteraceae	Acetobacter	Acetobacter sp.
C969	Bacteria	Bacteroidota	Bacteroidia	Bacteroidetes VC2.1 Bac22	Incertae Sedis	Incertae Sedis	uncultured bacterium
C970	Unknown	Unknown	Unknown	Unknown	Unknown	Unknown	Unknown
C972	Bacteria	Pseudomonadota	Gammaproteobacteria	Enterobacterales	Morganellaceae	Morganella	Morganella sp.
C974	Bacteria	Bacteroidota	Bacteroidia	Sphingobacteriales	Sphingobacteriaceae	Sphingobacterium	Sphingobacterium sp. G2-10
C976	Bacteria	Pseudomonadota	Alphaproteobacteria	Micavibrionales	Incertae Sedis	Incertae Sedis	uncultured bacterium
C977	Bacteria	Bacteroidota	Bacteroidia	Bacteroidales	Dysgonomonadaceae	Dysgonomonas	Dysgonomonas sp.
C978	Bacteria	Actinomycetota	Actinobacteria	Micrococcales	Microbacteriaceae	Microbacteriaceae sp.	Microbacteriaceae sp.
C979	Bacteria	Bacteroidota	Bacteroidia	Bacteroidales	Bacteroidaceae	Bacteroides	Bacteroides sp.
C981	Bacteria	Bacteroidota	Bacteroidia	Flavobacteriales	Weeksellaceae	Empedobacter	Empedobacter brevis
C982	Bacteria	Thermodesulfobacteriota	Desulfovibrionia	Desulfovibrionales	Desulfovibrionaceae	Desulfovibrio	Desulfovibrio sp.
C984	Bacteria	Pseudomonadota	Gammaproteobacteria	Pseudomonadales	Pseudomonadaceae	Pseudomonadaceae sp.	Pseudomonadaceae sp.
C985	Bacteria	Bdellovibrionota	Bacteriovoracia	Bacteriovoracales	Bacteriovoracaceae	Peredibacter	Peredibacter sp.
C987	Bacteria	Bacteroidota	Bacteroidia	Bacteroidales	Dysgonomonadaceae	Dysgonomonas	Dysgonomonas sp.
C990	Bacteria	Pseudomonadota	Gammaproteobacteria	Pseudomonadales	Pseudomonadaceae	Pseudomonas	uncultured bacterium
C991	Bacteria	Campylobacterota	Campylobacteria	Campylobacterales	Arcobacteraceae	Arcobacter	Arcobacter butzleri
C992	Bacteria	Campylobacterota	Campylobacteria	Campylobacterales	Arcobacteraceae	Arcobacter	Arcobacter sp.
C993	Bacteria	Bacillota	Bacilli	Bacillales	Bacillales sp.	Bacillales sp.	Bacillales sp.
C995	Unknown	Unknown	Unknown	Unknown	Unknown	Unknown	Unknown
C997	Bacteria	Pseudomonadota	Gammaproteobacteria	Pseudomonadales	Cellvibrionaceae	Cellvibrio	uncultured bacterium
C1000	Bacteria	Pseudomonadota	Gammaproteobacteria	Pseudomonadales	Moraxellaceae	Acinetobacter	Acinetobacter sp.
C1001	Bacteria	Pseudomonadota	Gammaproteobacteria	Pseudomonadales	Pseudomonadales sp.	Pseudomonadales sp.	Pseudomonadales sp.
C1003	Unknown	Unknown	Unknown	Unknown	Unknown	Unknown	Unknown
C1004	Bacteria	Pseudomonadota	Gammaproteobacteria	Gammaproteobacteria sp.	Gammaproteobacteria sp.	Gammaproteobacteria sp.	Gammaproteobacteria sp.
C1005	Bacteria	Bacteroidota	Bacteroidia	Sphingobacteriales	Sphingobacteriaceae	Sphingobacterium	Sphingobacterium sp.
C1006	Bacteria	Pseudomonadota	Gammaproteobacteria	Burkholderiales	Comamonadaceae	Comamonas	Comamonas sp.
C1007	Bacteria	Actinomycetota	Actinobacteria	Micrococcales	Microbacteriaceae	Microbacteriaceae sp.	Microbacteriaceae sp.
C1008	Bacteria	Pseudomonadota	Alphaproteobacteria	Alphaproteobacteria sp.	Alphaproteobacteria sp.	Alphaproteobacteria sp.	Alphaproteobacteria sp.
C1010	Bacteria	Bacteroidota	Bacteroidia	Bacteroidales	Dysgonomonadaceae	Dysgonomonas	Dysgonomonas sp.
C1011	Bacteria	Actinomycetota	Actinobacteria	Micrococcales	Micrococcales Incertae Sedis	Populibacterium	uncultured bacterium
C1014	Bacteria	Bacteroidota	Bacteroidia	Bacteroidales	Dysgonomonadaceae	Dysgonomonas	bacterium NLAE-zl-C249
C1017	Bacteria	Pseudomonadota	Gammaproteobacteria	Burkholderiales	Comamonadaceae	Comamonadaceae sp.	Comamonadaceae sp.
C1018	Bacteria	Pseudomonadota	Gammaproteobacteria	Burkholderiales	Comamonadaceae	Lampropedia	Lampropedia sp.
C1020	Bacteria	Pseudomonadota	Gammaproteobacteria	Pseudomonadales	Cellvibrionaceae	Cellvibrionaceae sp.	Cellvibrionaceae sp.
C1027	Bacteria	Pseudomonadota	Gammaproteobacteria	Pseudomonadales	Cellvibrionaceae	Cellvibrio	uncultured bacterium
C1028	Bacteria	Pseudomonadota	Gammaproteobacteria	Lysobacterales	Lysobacteraceae	Pseudoxanthomonas	Pseudoxanthomonas sp.
C1029	Bacteria	Pseudomonadota	Gammaproteobacteria	Enterobacterales	Orbaceae	Incertae Sedis	uncultured bacterium
C1030	Bacteria	Pseudomonadota	Gammaproteobacteria	Burkholderiales	Alcaligenaceae	Paenalcaligenes	Paenalcaligenes sp.
C1032	Bacteria	Pseudomonadota	Gammaproteobacteria	Enterobacterales	Enterobacteriaceae	Enterobacter	Enterobacter sp.
C1033	Bacteria	Pseudomonadota	Alphaproteobacteria	Hyphomicrobiales	Rhizobiaceae	Paenochrobactrum	Paenochrobactrum sp.
C1034	Bacteria	Pseudomonadota	Gammaproteobacteria	Pseudomonadales	Moraxellaceae	Acinetobacter	Acinetobacter sp.
C1035	Bacteria	Campylobacterota	Campylobacteria	Campylobacterales	Arcobacteraceae	Arcobacter	Arcobacter sp.
C1036	Bacteria	Pseudomonadota	Gammaproteobacteria	Enterobacterales	Enterobacteriaceae	Salmonella	Salmonella sp.
C1037	Bacteria	Pseudomonadota	Gammaproteobacteria	Enterobacterales	Enterobacteriaceae	Citrobacter	Citrobacter sp. enrichment culture clone SRC_NBB2
C1040	Bacteria	Cyanobacteriota	Cyanobacteriia	Chloroplast	Incertae Sedis	Incertae Sedis	Incertae Sedis sp.
C1041	Bacteria	Bacteroidota	Bacteroidia	Sphingobacteriales	Sphingobacteriaceae	Sphingobacterium	Sphingobacterium sp.
C1044	Bacteria	Pseudomonadota	Gammaproteobacteria	Gammaproteobacteria sp.	Gammaproteobacteria sp.	Gammaproteobacteria sp.	Gammaproteobacteria sp.
C1046	Bacteria	Pseudomonadota	Gammaproteobacteria	Pseudomonadales	Moraxellaceae	Acinetobacter	Acinetobacter sp.
C1047	Bacteria	Bacteroidota	Bacteroidia	Flavobacteriales	Weeksellaceae	Weeksellaceae sp.	Weeksellaceae sp.
C1048	Bacteria	Actinomycetota	Actinobacteria	Streptosporangiales	Nocardiopsidaceae	Nocardiopsis	Nocardiopsis sp.
C1049	Bacteria	Bacteroidota	Bacteroidia	Flavobacteriales	Weeksellaceae	Chishuiella	Chishuiella changwenlii
C1051	Bacteria	Pseudomonadota	Gammaproteobacteria	Burkholderiales	Alcaligenaceae	Corticimicrobacter	Corticimicrobacter sp.
C1053	Bacteria	Bacteroidota	Bacteroidia	Bacteroidales	Dysgonomonadaceae	Dysgonomonas	Dysgonomonas sp.
C1054	Bacteria	Campylobacterota	Campylobacteria	Campylobacterales	Arcobacteraceae	Arcobacter	Arcobacter sp.
C1055	Bacteria	Bacteroidota	Bacteroidia	Bacteroidales	Dysgonomonadaceae	Dysgonomonas	Dysgonomonas sp.
C1056	Bacteria	Cyanobacteriota	Cyanobacteriia	Chloroplast	Incertae Sedis	Incertae Sedis	Incertae Sedis sp.
C1058	Bacteria	Bacteroidota	Bacteroidia	Flavobacteriales	Flavobacteriaceae	Myroides	Myroides sp.
C1060	Bacteria	Bacillota	Clostridia	Lachnospirales	Lachnospiraceae	Incertae Sedis	uncultured bacterium
C1061	Bacteria	Pseudomonadota	Alphaproteobacteria	Rhodobacterales	Paracoccaceae	Paracoccaceae sp.	Paracoccaceae sp.
C1062	Bacteria	Cyanobacteriota	Cyanobacteriia	Chloroplast	Incertae Sedis	Incertae Sedis	Incertae Sedis sp.
C1064	Bacteria	Bacteroidota	Bacteroidia	Bacteroidales	Dysgonomonadaceae	Dysgonomonas	Dysgonomonas sp.
C1065	Bacteria	Bacillota	Clostridia	Lachnospirales	Lachnospiraceae	Anaerocolumna	Anaerocolumna sp.
C1066	Bacteria	Actinomycetota	Actinobacteria	Micrococcales	Microbacteriaceae	Microbacteriaceae sp.	Microbacteriaceae sp.
C1067	Bacteria	Pseudomonadota	Alphaproteobacteria	Rhodobacterales	Paracoccaceae	Paracoccaceae sp.	Paracoccaceae sp.
C1068	Bacteria	Bacteroidota	Bacteroidia	Sphingobacteriales	Sphingobacteriaceae	Sphingobacterium	Sphingobacterium sp.
C1070	Bacteria	Pseudomonadota	Gammaproteobacteria	Enterobacterales	Enterobacteriaceae	Salmonella	Salmonella sp.
C1071	Bacteria	Pseudomonadota	Gammaproteobacteria	Enterobacterales	Enterobacteriaceae	Salmonella	Salmonella sp.
C1073	Bacteria	Bacteroidota	Bacteroidia	Flavobacteriales	Flavobacteriaceae	Flavobacterium	Flavobacterium sp.
C1075	Bacteria	Bacillota	Bacilli	Lactobacillales	Lactobacillaceae	Lactiplantibacillus	Lactiplantibacillus sp.
C1079	Bacteria	Bacteroidota	Bacteroidia	Bacteroidales	Dysgonomonadaceae	Dysgonomonadaceae sp.	Dysgonomonadaceae sp.
C1080	Bacteria	Bacteroidota	Bacteroidia	Chitinophagales	Chitinophagaceae	Incertae Sedis	Incertae Sedis sp.
C1081	Bacteria	Bacteroidota	Bacteroidia	Flavobacteriales	Weeksellaceae	Empedobacter	Empedobacter brevis
C1082	Bacteria	Bacillota	Desulfitobacteriia	Desulfitobacteriales	Desulfitobacteriaceae	Desulfitobacterium	Desulfitobacterium sp.
C1087	Bacteria	Bacteroidota	Bacteroidia	Bacteroidales	Dysgonomonadaceae	Dysgonomonas	Dysgonomonas sp.
C1088	Bacteria	Pseudomonadota	Gammaproteobacteria	Pseudomonadales	Moraxellaceae	Acinetobacter	Acinetobacter sp.
C1089	Bacteria	Actinomycetota	Actinobacteria	Micrococcales	Micrococcales sp.	Micrococcales sp.	Micrococcales sp.
C1090	Bacteria	Bacteroidota	Bacteroidia	Cytophagales	Spirosomataceae	Leadbetterella	uncultured bacterium
C1091	Bacteria	Bacillota	Bacilli	Paenibacillales	Paenibacillaceae	Paenibacillus	Paenibacillus sp.
C1095	Bacteria	Bacillota	Bacilli	Desulfuribacillales	Desulfuribacillaceae	Desulfuribacillus	Bacillus sp. RBD1
C1097	Bacteria	Bacillota	Bacilli	Lactobacillales	Lactobacillaceae	Lactobacillaceae sp.	Lactobacillaceae sp.
C1103	Bacteria	Bacillota	Bacilli	Bacillales	Planococcaceae	Planococcaceae sp.	Planococcaceae sp.
C1105	Bacteria	Actinomycetota	Actinobacteria	Micrococcales	Promicromonosporaceae	Cellulosimicrobium	Cellulosimicrobium sp.
C1109	Bacteria	Actinomycetota	Actinobacteria	Micrococcales	Micrococcales sp.	Micrococcales sp.	Micrococcales sp.
C1110	NA	NA sp.	NA sp.	NA sp.	NA sp.	NA sp.	NA sp.
C1114	Bacteria	Bacillota	Bacilli	Lactobacillales	Lactobacillaceae	Limosilactobacillus	Limosilactobacillus sp.
C1116	Bacteria	Bacillota	Clostridia	Peptostreptococcales-Tissierellales	Natronincolaceae	Alkaliphilus	Alkaliphilus sp.
C1118	Bacteria	Cyanobacteriota	Cyanobacteriia	Chloroplast	Incertae Sedis	Incertae Sedis	Incertae Sedis sp.
C1124	Bacteria	Bacillota	Clostridia	Christensenellales	Christensenellaceae	Christensenellaceae R-7 group	Christensenellaceae R-7 group sp.
C1125	Bacteria	Bacillota	Bacilli	Bacillales	Salisediminibacteriaceae	Evansella	Bacillus sp. LCKW-Isolate15N
C1126	Unknown	Unknown	Unknown	Unknown	Unknown	Unknown	Unknown
C1127	Bacteria	Pseudomonadota	Gammaproteobacteria	Pseudomonadales	Moraxellaceae	Acinetobacter	Acinetobacter sp.
C1128	Bacteria	Bacteroidota	Bacteroidia	Flavobacteriales	Flavobacteriaceae	Flavobacterium	Flavobacterium sp.
C1130	Bacteria	Bacillota	Bacilli	Lactobacillales	Enterococcaceae	Enterococcus	Enterococcus italicus
C1131	Bacteria	Bacteroidota	Bacteroidia	Sphingobacteriales	Sphingobacteriaceae	Sphingobacterium	Sphingobacterium sp.
C1136	Bacteria	Bacillota	Bacilli	Acholeplasmatales	Acholeplasmataceae	Acholeplasma	Acholeplasma sp.
C1137	Bacteria	Pseudomonadota	Gammaproteobacteria	Enterobacterales	Enterobacteriaceae	Enterobacteriaceae sp.	Enterobacteriaceae sp.
C1138	Bacteria	Pseudomonadota	Alphaproteobacteria	Hyphomicrobiales	Rhizobiaceae	Paenochrobactrum	Paenochrobactrum sp.
C1139	Bacteria	Bacteroidota	Bacteroidia	Sphingobacteriales	Sphingobacteriaceae	Sphingobacterium	Sphingobacterium sp.
C1142	Bacteria	Bacillota	Clostridia	Lachnospirales	Lachnospiraceae	Lachnospiraceae sp.	Lachnospiraceae sp.
C1143	Bacteria	Cyanobacteriota	Cyanobacteriia	Chloroplast	Incertae Sedis	Incertae Sedis	Incertae Sedis sp.
C1144	Bacteria	Pseudomonadota	Gammaproteobacteria	Burkholderiales	Neisseriaceae	Vitreoscilla	Vitreoscilla sp.
C1145	Bacteria	Bacteroidota	Bacteroidia	Flavobacteriales	Weeksellaceae	Weeksella	uncultured bacterium
C1146	Bacteria	Campylobacterota	Campylobacteria	Campylobacterales	Arcobacteraceae	Arcobacter	Arcobacter sp.
C1147	Bacteria	Bacillota	Bacilli	Erysipelotrichales	Erysipelotrichaceae	Erysipelothrix	Erysipelothrix sp.
C1153	Bacteria	Bacillota	Bacilli	Acholeplasmatales	Acholeplasmataceae	Acholeplasma	Acholeplasma sp.
C1154	Bacteria	Pseudomonadota	Gammaproteobacteria	Burkholderiales	Oxalobacteraceae	Oxalobacteraceae sp.	Oxalobacteraceae sp.
C1155	Bacteria	Pseudomonadota	Gammaproteobacteria	Pseudomonadales	Moraxellaceae	Acinetobacter	Acinetobacter sp.
C1157	Unknown	Unknown	Unknown	Unknown	Unknown	Unknown	Unknown
C1158	Bacteria	Pseudomonadota	Gammaproteobacteria	Burkholderiales	Comamonadaceae	Comamonas	Comamonas sp.
C1159	NA	NA sp.	NA sp.	NA sp.	NA sp.	NA sp.	NA sp.
C1161	Bacteria	Bacillota	Bacilli	Erysipelotrichales	Incertae Sedis	Incertae Sedis	Incertae Sedis sp.
C1163	Bacteria	Bacteroidota	Bacteroidia	Bacteroidales	Dysgonomonadaceae	Dysgonomonas	Dysgonomonas sp.
C1165	Bacteria	Pseudomonadota	Alphaproteobacteria	Hyphomicrobiales	Devosiaceae	Devosia	Devosia sp.
C1167	Bacteria	Pseudomonadota	Gammaproteobacteria	Pseudomonadales	Moraxellaceae	Enhydrobacter	Enhydrobacter sp.
C1169	Bacteria	Pseudomonadota	Gammaproteobacteria	Pseudomonadales	Pseudomonadaceae	Pseudomonas	Pseudomonas sp.
C1170	Bacteria	Pseudomonadota	Alphaproteobacteria	Acetobacterales	Acetobacteraceae	Acetobacter	Acetobacter sp.
C1171	Bacteria	Cyanobacteriota	Cyanobacteriia	Chloroplast	Incertae Sedis	Incertae Sedis	Incertae Sedis sp.
C1173	Bacteria	Pseudomonadota	Gammaproteobacteria	Enterobacterales	Enterobacteriaceae	Enterobacter	Enterobacter sp.
C1176	Bacteria	Bacillota	Bacilli	Lactobacillales	Lactobacillaceae	Lactobacillaceae sp.	Lactobacillaceae sp.
C1177	Bacteria	Pseudomonadota	Gammaproteobacteria	Enterobacterales	Morganellaceae	Providencia	Providencia sp.
C1180	Bacteria	Bacteroidota	Bacteroidia	Sphingobacteriales	Sphingobacteriaceae	Sphingobacteriaceae sp.	Sphingobacteriaceae sp.
C1181	Bacteria	Campylobacterota	Campylobacteria	Campylobacterales	Arcobacteraceae	Arcobacter	Arcobacter sp.
C1183	Bacteria	Pseudomonadota	Gammaproteobacteria	Lysobacterales	Lysobacteraceae	Stenotrophomonas	Stenotrophomonas sp.
C1184	Bacteria	Campylobacterota	Campylobacteria	Campylobacterales	Arcobacteraceae	Arcobacter	uncultured bacterium
C1188	Bacteria	Bacillota	Bacilli	Paenibacillales	Paenibacillaceae	Paenibacillaceae sp.	Paenibacillaceae sp.
C1190	Bacteria	Pseudomonadota	Alphaproteobacteria	Acetobacterales	Acetobacteraceae	Acetobacter	Acetobacter sp.
C1191	Bacteria	Bacteroidota	Bacteroidia	Sphingobacteriales	Sphingobacteriaceae	Sphingobacterium	Sphingobacterium sp.
C1192	Bacteria	Cyanobacteriota	Cyanobacteriia	Chloroplast	Incertae Sedis	Incertae Sedis	Incertae Sedis sp.
C1194	Bacteria	Cyanobacteriota	Cyanobacteriia	Chloroplast	Incertae Sedis	Incertae Sedis	Incertae Sedis sp.
C1196	Bacteria	Bacteroidota	Bacteroidia	Chitinophagales	Chitinophagaceae	Chitinophagaceae sp.	Chitinophagaceae sp.
C1197	Bacteria	Cyanobacteriota	Cyanobacteriia	Chloroplast	Incertae Sedis	Incertae Sedis	Incertae Sedis sp.
C1198	NA	NA sp.	NA sp.	NA sp.	NA sp.	NA sp.	NA sp.
C1200	Bacteria	Pseudomonadota	Gammaproteobacteria	Burkholderiales	Comamonadaceae	Comamonas	Comamonas sp.
C1202	Bacteria	Actinomycetota	Actinobacteria	Micrococcales	Micrococcales Incertae Sedis	Populibacterium	Populibacterium sp.
C1203	Bacteria	Pseudomonadota	Gammaproteobacteria	Pseudomonadales	Pseudomonadaceae	Pseudomonas	uncultured bacterium
C1204	Bacteria	Pseudomonadota	Alphaproteobacteria	Acetobacterales	Acetobacteraceae	Acetobacter	Acetobacter sp.
C1206	Bacteria	Pseudomonadota	Gammaproteobacteria	Burkholderiales	Comamonadaceae	Comamonadaceae sp.	Comamonadaceae sp.
C1207	Bacteria	Pseudomonadota	Gammaproteobacteria	Enterobacterales	Enterobacteriaceae	Salmonella	Salmonella sp.
C1208	Bacteria	Bacteroidota	Bacteroidia	Flavobacteriales	Flavobacteriaceae	Myroides	Myroides sp.
C1209	Bacteria	Pseudomonadota	Alphaproteobacteria	Hyphomicrobiales	Rhizobiaceae	Phyllobacterium	uncultured bacterium
C1210	Bacteria	Bacteroidota	Bacteroidia	Bacteroidales	Dysgonomonadaceae	Dysgonomonas	Dysgonomonas sp.
C1211	Bacteria	Bacillota	Clostridia	Lachnospirales	Lachnospiraceae	Lachnospiraceae sp.	Lachnospiraceae sp.
C1213	Bacteria	Pseudomonadota	Gammaproteobacteria	Pseudomonadales	Pseudomonadaceae	Pseudomonas	Pseudomonas sp. M1(2015b)
C1214	Bacteria	Bacillota	Bacilli	Lactobacillales	Lactobacillaceae	Lactobacillaceae sp.	Lactobacillaceae sp.
C1216	Bacteria	Pseudomonadota	Alphaproteobacteria	Hyphomicrobiales	Rhizobiaceae	Paenochrobactrum	Paenochrobactrum sp.
C1219	Bacteria	Pseudomonadota	Gammaproteobacteria	Enterobacterales	Morganellaceae	Providencia	Providencia sp.
C1222	Bacteria	Pseudomonadota	Alphaproteobacteria	Hyphomicrobiales	Rhizobiaceae	Brucella	Brucella sp.
C1223	Bacteria	Bacteroidota	Bacteroidia	Flavobacteriales	Weeksellaceae	Weeksella	uncultured Flavobacterium sp.
C1227	Bacteria	Bacteroidota	Bacteroidia	Flavobacteriales	Weeksellaceae	Empedobacter	Empedobacter brevis
C1228	Bacteria	Pseudomonadota	Gammaproteobacteria	Enterobacterales	Enterobacteriaceae	Escherichia-Shigella	uncultured bacterium
C1230	Unknown	Unknown	Unknown	Unknown	Unknown	Unknown	Unknown
C1231	Bacteria	Pseudomonadota	Gammaproteobacteria	Lysobacterales	Lysobacteraceae	Stenotrophomonas	Stenotrophomonas sp.
C1232	Bacteria	Pseudomonadota	Gammaproteobacteria	Enterobacterales	Enterobacteriaceae	Enterobacteriaceae sp.	Enterobacteriaceae sp.
C1241	Bacteria	Bacteroidota	Bacteroidia	Chitinophagales	Chitinophagaceae	Rurimicrobium	uncultured bacterium
C1242	Bacteria	Pseudomonadota	Gammaproteobacteria	Pseudomonadales	Pseudomonadaceae	Pseudomonas	Pseudomonas sp.
C1244	Bacteria	Actinomycetota	Actinobacteria	Micrococcales	Demequinaceae	Demequina	uncultured bacterium
C1245	Bacteria	Pseudomonadota	Gammaproteobacteria	Enterobacterales	Morganellaceae	Providencia	Providencia sp.
C1247	Bacteria	Pseudomonadota	Gammaproteobacteria	Burkholderiales	Comamonadaceae	Lampropedia	Lampropedia sp.
C1248	Bacteria	Actinomycetota	Actinobacteria	Mycobacteriales	Corynebacteriaceae	Corynebacterium	Corynebacterium sp.
C1249	Bacteria	Bacteroidota	Bacteroidia	Flavobacteriales	Weeksellaceae	Weeksella	uncultured Flavobacterium sp.
C1251	Bacteria	Bacteroidota	Bacteroidia	Flavobacteriales	Weeksellaceae	Chishuiella	Empedobacter sp. F-Fue-04TIIa
C1253	Bacteria	Pseudomonadota	Gammaproteobacteria	Lysobacterales	Lysobacteraceae	Stenotrophomonas	Pseudomonas sp. CNE 23
C1255	Unknown	Unknown	Unknown	Unknown	Unknown	Unknown	Unknown
C1259	Bacteria	Campylobacterota	Campylobacteria	Campylobacterales	Arcobacteraceae	Arcobacter	Arcobacter sp.
C1260	Bacteria	Pseudomonadota	Gammaproteobacteria	Burkholderiales	Comamonadaceae	Comamonadaceae sp.	Comamonadaceae sp.
C1261	Bacteria	Actinomycetota	Actinobacteria	Micrococcales	Microbacteriaceae	Microbacteriaceae sp.	Microbacteriaceae sp.
C1262	Unknown	Unknown	Unknown	Unknown	Unknown	Unknown	Unknown
C1266	Bacteria	Pseudomonadota	Gammaproteobacteria	Pseudomonadales	Moraxellaceae	Acinetobacter	Acinetobacter sp.
C1267	Bacteria	Pseudomonadota	Gammaproteobacteria	Enterobacterales	Enterobacteriaceae	Enterobacter	Enterobacter sp.
C1269	Bacteria	Bacillota	Bacilli	Lactobacillales	Lactobacillaceae	Lactobacillaceae sp.	Lactobacillaceae sp.
C1270	Bacteria	Pseudomonadota	Gammaproteobacteria	Burkholderiales	Comamonadaceae	Comamonadaceae sp.	Comamonadaceae sp.
C1271	Bacteria	Pseudomonadota	Alphaproteobacteria	Rhodobacterales	Paracoccaceae	Paracoccaceae sp.	Paracoccaceae sp.
C1272	Bacteria	Bacillota	Bacilli	Paenibacillales	Paenibacillaceae	Paenibacillus	Paenibacillus sp.
C1273	Bacteria	Actinomycetota	Actinobacteria	Micrococcales	Promicromonosporaceae	Cellulosimicrobium	Cellulosimicrobium sp.
C1276	Bacteria	Actinomycetota	Actinobacteria	Mycobacteriales	Corynebacteriaceae	Corynebacterium	Corynebacterium sp.
C1278	Bacteria	Bacillota	Bacilli	Paenibacillales	Paenibacillaceae	Paenibacillus	Paenibacillus sp.
C1279	Bacteria	Bacillota	Bacilli	Bacillales	Planococcaceae	Lysinibacillus	Lysinibacillus sp.
C1283	Bacteria	Pseudomonadota	Gammaproteobacteria	Burkholderiales	Alcaligenaceae	Alcaligenes	Alcaligenes sp.
C1286	Bacteria	Pseudomonadota	Alphaproteobacteria	Hyphomicrobiales	Xanthobacteraceae	Xanthobacter	Xanthobacter sp.
C1287	Bacteria	Bacteroidota	Bacteroidia	Flavobacteriales	Weeksellaceae	Empedobacter	Empedobacter sp. PH7-1
C1289	Bacteria	Bacteroidota	Bacteroidia	Flavobacteriales	Flavobacteriaceae	Flavobacterium	uncultured bacterium
C1291	Unknown	Unknown	Unknown	Unknown	Unknown	Unknown	Unknown
C1293	Bacteria	Pseudomonadota	Gammaproteobacteria	Burkholderiales	Comamonadaceae	Lampropedia	Lampropedia sp.
C1294	Bacteria	Bacteroidota	Bacteroidia	Flavobacteriales	Weeksellaceae	Weeksella	uncultured bacterium
C1295	Bacteria	Bacteroidota	Bacteroidia	Flavobacteriales	Crocinitomicaceae	Fluviicola	Fluviicola sp.
C1297	Bacteria	Bacillota	Bacilli	Lactobacillales	Lactobacillaceae	Lactobacillaceae sp.	Lactobacillaceae sp.
C1298	Bacteria	Bacillota	Bacilli	Bacillales	Planococcaceae	Lysinibacillus	Lysinibacillus sp.
C1299	Bacteria	Bacillota	Clostridia	Lachnospirales	Lachnospiraceae	Lachnospiraceae sp.	Lachnospiraceae sp.
C1300	Unknown	Unknown	Unknown	Unknown	Unknown	Unknown	Unknown
C1301	Bacteria	Pseudomonadota	Gammaproteobacteria	Burkholderiales	Alcaligenaceae	Alcaligenes	Alcaligenes sp.
C1304	Bacteria	Pseudomonadota	Gammaproteobacteria	Burkholderiales	Comamonadaceae	Comamonadaceae sp.	Comamonadaceae sp.
C1305	Bacteria	Bacteroidota	Bacteroidia	Flavobacteriales	Weeksellaceae	Weeksella	uncultured bacterium
C1306	Bacteria	Bacteroidota	Bacteroidia	Sphingobacteriales	Sphingobacteriaceae	Sphingobacterium	Sphingobacterium sp.
C1308	Bacteria	Bacillota	Bacilli	Bacilli sp.	Bacilli sp.	Bacilli sp.	Bacilli sp.
C1309	Bacteria	Bacteroidota	Bacteroidia	Sphingobacteriales	Sphingobacteriaceae	Sphingobacterium	Sphingobacterium sp.
C1312	Bacteria	Cyanobacteriota	Cyanobacteriia	Chloroplast	Incertae Sedis	Incertae Sedis	Incertae Sedis sp.
C1314	Bacteria	Bacillota	Bacilli	Lactobacillales	Enterococcaceae	Enterococcus	Enterococcus italicus
C1317	Bacteria	Pseudomonadota	Gammaproteobacteria	Pseudomonadales	Pseudomonadaceae	Pseudomonas	Pseudomonas sp.
C1318	Unknown	Unknown	Unknown	Unknown	Unknown	Unknown	Unknown
C1319	Bacteria	Cyanobacteriota	Cyanobacteriia	Chloroplast	Incertae Sedis	Incertae Sedis	Incertae Sedis sp.
C1323	Bacteria	Pseudomonadota	Gammaproteobacteria	Pseudomonadales	Pseudomonadaceae	Pseudomonas	Pseudomonas sp.
C1328	Bacteria	Cyanobacteriota	Cyanobacteriia	Chloroplast	Incertae Sedis	Incertae Sedis	Incertae Sedis sp.
C1330	Bacteria	Pseudomonadota	Gammaproteobacteria	Enterobacterales	Enterobacteriaceae	Enterobacter	Enterobacter sp.
C1332	Bacteria	Bacteroidota	Bacteroidia	Bacteroidales	Dysgonomonadaceae	Dysgonomonas	Dysgonomonas sp.
C1337	Bacteria	Pseudomonadota	Gammaproteobacteria	Enterobacterales	Enterobacteriaceae	Escherichia-Shigella	uncultured bacterium
C1340	Bacteria	Cyanobacteriota	Cyanobacteriia	Chloroplast	Incertae Sedis	Incertae Sedis	Incertae Sedis sp.
C1345	Bacteria	Actinomycetota	Actinobacteria	Micrococcales	Microbacteriaceae	Microbacterium	Microbacterium sp.
C1346	Bacteria	Bacteroidota	Bacteroidia	Sphingobacteriales	Sphingobacteriaceae	Sphingobacterium	Sphingobacterium sp.
C1349	Bacteria	Pseudomonadota	Gammaproteobacteria	Lysobacterales	Lysobacteraceae	Stenotrophomonas	Stenotrophomonas sp.
C1350	Bacteria	Pseudomonadota	Gammaproteobacteria	Pseudomonadales	Moraxellaceae	Acinetobacter	uncultured bacterium
C1351	Bacteria	Pseudomonadota	Gammaproteobacteria	Burkholderiales	Comamonadaceae	Comamonadaceae sp.	Comamonadaceae sp.
C1353	Bacteria	Campylobacterota	Campylobacteria	Campylobacterales	Arcobacteraceae	Arcobacter	Arcobacter sp.
C1355	Bacteria	Bacillota	Bacilli	Paenibacillales	Paenibacillaceae	Paenibacillus	Paenibacillus sp.
C1357	Unknown	Unknown	Unknown	Unknown	Unknown	Unknown	Unknown
C1358	Bacteria	Bacillota	Bacilli	Lactobacillales	Lactobacillales sp.	Lactobacillales sp.	Lactobacillales sp.
C1362	Bacteria	Bacillota	Bacilli	Paenibacillales	Paenibacillaceae	Cohnella	Cohnella sp.
C1363	Bacteria	Cyanobacteriota	Cyanobacteriia	Chloroplast	Incertae Sedis	Incertae Sedis	Incertae Sedis sp.
C1364	Bacteria	Pseudomonadota	Gammaproteobacteria	Burkholderiales	Comamonadaceae	Lampropedia	Lampropedia sp.
C1365	Bacteria	Pseudomonadota	Gammaproteobacteria	Gammaproteobacteria sp.	Gammaproteobacteria sp.	Gammaproteobacteria sp.	Gammaproteobacteria sp.
C1369	Unknown	Unknown	Unknown	Unknown	Unknown	Unknown	Unknown
C1371	Bacteria	Bacteroidota	Bacteroidia	Flavobacteriales	Weeksellaceae	Empedobacter	Empedobacter brevis
C1372	Bacteria	Actinomycetota	Actinobacteria	Micrococcales	Microbacteriaceae	Microbacteriaceae sp.	Microbacteriaceae sp.
C1375	Bacteria	Pseudomonadota	Gammaproteobacteria	Burkholderiales	Rhodocyclaceae	Pseudazoarcus	Pseudazoarcus sp.
C1376	Bacteria	Bacillota	Bacilli	Bacillales	Bacillaceae	Shouchella	Shouchella sp.
C1377	Bacteria	Pseudomonadota	Gammaproteobacteria	Pseudomonadales	Moraxellaceae	Acinetobacter	Acinetobacter sp.
C1378	Bacteria	Pseudomonadota	Gammaproteobacteria	Pseudomonadales	Moraxellaceae	Acinetobacter	Acinetobacter sp.
C1379	Bacteria	Bacteroidota	Bacteroidia	Flavobacteriales	Weeksellaceae	Chishuiella	Chishuiella changwenlii
C1380	Bacteria	Pseudomonadota	Gammaproteobacteria	Burkholderiales	Alcaligenaceae	Alcaligenaceae sp.	Alcaligenaceae sp.
C1382	Bacteria	Bacteroidota	Bacteroidia	Sphingobacteriales	Sphingobacteriaceae	Sphingobacterium	Sphingobacterium sp.
C1383	Bacteria	Actinomycetota	Actinobacteria	Micrococcales	Microbacteriaceae	Microbacteriaceae sp.	Microbacteriaceae sp.
C1385	Bacteria	Myxococcota	Polyangiia	Polyangiales	Polyangiaceae	Pajaroellobacter	uncultured bacterium
C1386	Bacteria	Cyanobacteriota	Cyanobacteriia	Chloroplast	Incertae Sedis	Incertae Sedis	Incertae Sedis sp.
C1388	Bacteria	Bacillota	Clostridia	Lachnospirales	Lachnospiraceae	Lachnospiraceae sp.	Lachnospiraceae sp.
C1391	Bacteria	Pseudomonadota	Gammaproteobacteria	Burkholderiales	Comamonadaceae	Lampropedia	Lampropedia sp.
C1399	Bacteria	Pseudomonadota	Gammaproteobacteria	Pseudomonadales	Moraxellaceae	Acinetobacter	Acinetobacter sp.
C1401	Unknown	Unknown	Unknown	Unknown	Unknown	Unknown	Unknown
C1404	Bacteria	Bacillota	Bacilli	Paenibacillales	Paenibacillaceae	Paenibacillus	Paenibacillus sp. LWH35
C1406	Bacteria	Pseudomonadota	Gammaproteobacteria	Enterobacterales	Enterobacteriaceae	Escherichia-Shigella	uncultured bacterium
C1407	Bacteria	Pseudomonadota	Gammaproteobacteria	Burkholderiales	Comamonadaceae	Lampropedia	Lampropedia sp.
C1410	Bacteria	Cyanobacteriota	Cyanobacteriia	Chloroplast	Incertae Sedis	Incertae Sedis	Incertae Sedis sp.
C1412	Bacteria	Pseudomonadota	Gammaproteobacteria	Burkholderiales	Alcaligenaceae	Achromobacter	Achromobacter sp.
C1416	Unknown	Unknown	Unknown	Unknown	Unknown	Unknown	Unknown
C1417	Unknown	Unknown	Unknown	Unknown	Unknown	Unknown	Unknown
C1418	Unknown	Unknown	Unknown	Unknown	Unknown	Unknown	Unknown
C1425	Bacteria	Pseudomonadota	Gammaproteobacteria	Enterobacterales	Enterobacteriaceae	Enterobacteriaceae sp.	Enterobacteriaceae sp.
C1426	Bacteria	Bacteroidota	Bacteroidia	Sphingobacteriales	Sphingobacteriaceae	Sphingobacteriaceae sp.	Sphingobacteriaceae sp.
C1428	Bacteria	Bacillota	Bacilli	Paenibacillales	Paenibacillaceae	Paenibacillus	Paenibacillus sp.
C1431	Bacteria	Pseudomonadota	Gammaproteobacteria	Lysobacterales	Lysobacteraceae	Stenotrophomonas	Pseudomonas sp. CNE 23
C1433	Bacteria	Pseudomonadota	Gammaproteobacteria	Lysobacterales	Lysobacteraceae	Stenotrophomonas	Stenotrophomonas sp. E3(2011)
C1437	Bacteria	Bacillota	Bacilli	Paenibacillales	Paenibacillaceae	Paenibacillus	Paenibacillus sp.
C1440	Bacteria	Pseudomonadota	Gammaproteobacteria	Gammaproteobacteria sp.	Gammaproteobacteria sp.	Gammaproteobacteria sp.	Gammaproteobacteria sp.
C1441	Bacteria	Bacteroidota	Bacteroidia	Bacteroidales	Dysgonomonadaceae	Dysgonomonas	Dysgonomonas sp.
C1447	Bacteria	Bacteroidota	Bacteroidia	Flavobacteriales	Flavobacteriaceae	Flavobacterium	Flavobacterium ceti
C1448	Bacteria	Pseudomonadota	Alphaproteobacteria	Hyphomicrobiales	Rhizobiaceae	Brucella	Brucella sp.
C1450	Bacteria	Actinomycetota	Actinobacteria	Micrococcales	Micrococcaceae	Glutamicibacter	Glutamicibacter sp.
C1453	Bacteria	Bacteroidota	Bacteroidia	Flavobacteriales	Weeksellaceae	Empedobacter	Empedobacter brevis
C1454	Bacteria	Bacillota	Bacilli	Lactobacillales	Lactobacillaceae	Leuconostoc	Leuconostoc sp.
C1457	Bacteria	Pseudomonadota	Gammaproteobacteria	Pseudomonadales	Pseudomonadaceae	Pseudomonas	Pseudomonas sp.
C1458	Bacteria	Bacteroidota	Bacteroidia	Flavobacteriales	Flavobacteriaceae	Flavobacterium	uncultured bacterium
C1460	Unknown	Unknown	Unknown	Unknown	Unknown	Unknown	Unknown
C1461	Bacteria	Bacillota	Clostridia	Lachnospirales	Lachnospiraceae	Lachnospiraceae sp.	Lachnospiraceae sp.
C1462	Bacteria	Bdellovibrionota	Bacteriovoracia	Bacteriovoracales	Bacteriovoracaceae	Peredibacter	uncultured bacterium
C1463	Bacteria	Campylobacterota	Campylobacteria	Campylobacterales	Arcobacteraceae	Arcobacter	Arcobacter sp.
C1466	Bacteria	Pseudomonadota	Alphaproteobacteria	Acetobacterales	Acetobacteraceae	Acetobacter	Acetobacter sp.
C1471	Unknown	Unknown	Unknown	Unknown	Unknown	Unknown	Unknown
C1472	Bacteria	Bacteroidota	Bacteroidia	Sphingobacteriales	Sphingobacteriaceae	Sphingobacterium	Sphingobacterium sp.
C1478	Bacteria	Bacillota	Bacilli	Paenibacillales	Paenibacillaceae	Paenibacillus	Paenibacillus sp.
C1481	Bacteria	Bdellovibrionota	Bdellovibrionia	Bdellovibrionales	Pseudobdellovibrionaceae	Bdellovibrio	Bdellovibrio sp.
C1482	Bacteria	Pseudomonadota	Gammaproteobacteria	Burkholderiales	Comamonadaceae	Lampropedia	Lampropedia sp.
C1484	Bacteria	Pseudomonadota	Gammaproteobacteria	Lysobacterales	Lysobacteraceae	Stenotrophomonas	Pseudomonas sp. CNE 23
C1485	Bacteria	Pseudomonadota	Gammaproteobacteria	Burkholderiales	Comamonadaceae	Lampropedia	Lampropedia sp.
C1487	Bacteria	Bacteroidota	Bacteroidia	Flavobacteriales	Flavobacteriaceae	Flavobacterium	Flavobacterium sp.
C1489	Bacteria	Bacteroidota	Bacteroidia	Sphingobacteriales	Sphingobacteriaceae	Sphingobacterium	Sphingobacterium sp.
C1499	Bacteria	Bacillota	Bacilli	Lactobacillales	Lactobacillaceae	Leuconostoc	Leuconostoc sp.
C1500	Bacteria	Pseudomonadota	Gammaproteobacteria	Pseudomonadales	Moraxellaceae	Acinetobacter	Acinetobacter sp.
C1501	Bacteria	Bacteroidota	Bacteroidia	Sphingobacteriales	Sphingobacteriaceae	Sphingobacterium	Sphingobacterium sp.
C1502	Bacteria	Pseudomonadota	Gammaproteobacteria	Pseudomonadales	Moraxellaceae	Acinetobacter	Acinetobacter sp.
C1506	Bacteria	Pseudomonadota	Gammaproteobacteria	Pseudomonadales	Moraxellaceae	Acinetobacter	Acinetobacter baumannii
C1507	Bacteria	Bacillota	Bacilli	Lactobacillales	Lactobacillaceae	Incertae Sedis	Streptococcus gallolyticus
C1508	Bacteria	Pseudomonadota	Alphaproteobacteria	Rhodobacterales	Paracoccaceae	Paracoccaceae sp.	Paracoccaceae sp.
C1512	Bacteria	Pseudomonadota	Gammaproteobacteria	Enterobacterales	Enterobacteriaceae	Enterobacter	Enterobacter sp.
C1516	Bacteria	Patescibacteria	Saccharimonadia	Saccharimonadales	Incertae Sedis	Incertae Sedis	uncultured bacterium
C1517	Bacteria	Thermodesulfobacteriota	Desulfuromonadia	Bradymonadales	Incertae Sedis	SKP-2	uncultured delta proteobacterium
C1520	Bacteria	Pseudomonadota	Alphaproteobacteria	Acetobacterales	Acetobacteraceae	Acetobacter	Acetobacter sp.
C1523	NA	Amorphea	Obazoa	Opisthokonta	Nucletmycea	Fungi	Dikarya
C1527	Unknown	Unknown	Unknown	Unknown	Unknown	Unknown	Unknown
C1530	Bacteria	Bacillota	Bacilli	Lactobacillales	Lactobacillaceae	Weissella	Weissella paramesenteroides
C1531	Bacteria	Bacillota	Bacilli	Paenibacillales	Paenibacillaceae	Paenibacillaceae sp.	Paenibacillaceae sp.
C1534	Bacteria	Bacteroidota	Bacteroidia	Sphingobacteriales	Sphingobacteriaceae	Sphingobacterium	Sphingobacterium sp.
C1536	Bacteria	Pseudomonadota	Alphaproteobacteria	Hyphomicrobiales	Rhizobiaceae	Rhizobiaceae sp.	Rhizobiaceae sp.
C1537	Bacteria	Actinomycetota	Actinobacteria	Micrococcales	Promicromonosporaceae	Cellulosimicrobium	Cellulosimicrobium sp.
C1540	Bacteria	Pseudomonadota	Gammaproteobacteria	Burkholderiales	Comamonadaceae	Comamonadaceae sp.	Comamonadaceae sp.
C1542	Bacteria	Pseudomonadota	Gammaproteobacteria	Burkholderiales	Comamonadaceae	Lampropedia	Lampropedia sp.
C1544	Bacteria	Bacillota	Bacilli	Paenibacillales	Paenibacillaceae	Paenibacillus	Paenibacillus sp.
C1545	Bacteria	Bacillota	Bacilli	Paenibacillales	Paenibacillaceae	Paenibacillus	Paenibacillus sp.
C1547	Bacteria	Pseudomonadota	Alphaproteobacteria	Acetobacterales	Acetobacteraceae	Acetobacter	Acetobacter sp.
C1549	Bacteria	Pseudomonadota	Gammaproteobacteria	Pseudomonadales	Moraxellaceae	Acinetobacter	Acinetobacter sp.
C1550	Bacteria	Actinomycetota	Actinobacteria	Micrococcales	Micrococcales Incertae Sedis	Populibacterium	Populibacterium sp.
C1551	NA	Amorphea	Obazoa	Opisthokonta	Nucletmycea	Fungi	Dikarya
C1553	Bacteria	Bacteroidota	Bacteroidia	Flavobacteriales	Flavobacteriaceae	Myroides	Myroides sp.
C1554	Bacteria	Pseudomonadota	Gammaproteobacteria	Burkholderiales	Comamonadaceae	Comamonadaceae sp.	Comamonadaceae sp.
C1558	Bacteria	Pseudomonadota	Alphaproteobacteria	Hyphomicrobiales	Rhizobiaceae	Paenochrobactrum	Paenochrobactrum sp.
C1559	Bacteria	Pseudomonadota	Gammaproteobacteria	Lysobacterales	Lysobacteraceae	Stenotrophomonas	Stenotrophomonas sp.
C1560	Bacteria	Pseudomonadota	Gammaproteobacteria	Gammaproteobacteria sp.	Gammaproteobacteria sp.	Gammaproteobacteria sp.	Gammaproteobacteria sp.
C1563	Bacteria	Pseudomonadota	Gammaproteobacteria	Enterobacterales	Enterobacteriaceae	Escherichia-Shigella	uncultured bacterium
C1566	Bacteria	Bacteroidota	Bacteroidia	Sphingobacteriales	Sphingobacteriaceae	Sphingobacterium	Sphingobacterium sp.
C1567	Bacteria	Bacillota	Bacilli	Lactobacillales	Lactobacillaceae	Leuconostoc	Leuconostoc mesenteroides
C1568	Bacteria	Cyanobacteriota	Cyanobacteriia	Chloroplast	Incertae Sedis	Incertae Sedis	Incertae Sedis sp.
C1571	Unknown	Unknown	Unknown	Unknown	Unknown	Unknown	Unknown
C1580	Bacteria	Pseudomonadota	Gammaproteobacteria	Pseudomonadales	Pseudomonadaceae	Pseudomonas	Pseudomonas sp.
C1581	Bacteria	Cyanobacteriota	Cyanobacteriia	Chloroplast	Incertae Sedis	Incertae Sedis	Incertae Sedis sp.
C1583	Bacteria	Pseudomonadota	Gammaproteobacteria	Burkholderiales	Comamonadaceae	Lampropedia	Lampropedia sp.
C1587	Bacteria	Pseudomonadota	Gammaproteobacteria	Enterobacterales	Enterobacteriaceae	Escherichia-Shigella	Escherichia-Shigella sp.
C1588	Bacteria	Bacteroidota	Bacteroidia	Sphingobacteriales	Sphingobacteriaceae	Sphingobacterium	Sphingobacterium sp.
C1589	Bacteria	Bacillota	Bacilli	Lactobacillales	Lactobacillaceae	Weissella	Weissella paramesenteroides
C1591	Bacteria	Cyanobacteriota	Cyanobacteriia	Chloroplast	Incertae Sedis	Incertae Sedis	Incertae Sedis sp.
C1593	Bacteria	Pseudomonadota	Gammaproteobacteria	Enterobacterales	Alteromonadaceae	Alishewanella	Alishewanella sp.
C1595	Bacteria	Bacillota	Bacilli	Lactobacillales	Lactobacillales sp.	Lactobacillales sp.	Lactobacillales sp.
C1596	Bacteria	Pseudomonadota	Gammaproteobacteria	Enterobacterales	Enterobacteriaceae	Escherichia-Shigella	Escherichia-Shigella sp.
C1597	Bacteria	Pseudomonadota	Gammaproteobacteria	Lysobacterales	Lysobacteraceae	Stenotrophomonas	Stenotrophomonas sp.
C1598	Unknown	Unknown	Unknown	Unknown	Unknown	Unknown	Unknown
C1599	Bacteria	Pseudomonadota	Gammaproteobacteria	Enterobacterales	Enterobacteriaceae	Escherichia-Shigella	Escherichia-Shigella sp.
C1600	Bacteria	Pseudomonadota	Gammaproteobacteria	Burkholderiales	Comamonadaceae	Lampropedia	Lampropedia sp.
C1602	Bacteria	Bacillota	Bacilli	Erysipelotrichales	Erysipelotrichaceae	Culicoidibacter	uncultured bacterium
C1608	Bacteria	Bacillota	Bacilli	Lactobacillales	Lactobacillaceae	Weissella	Weissella sp.
C1610	Bacteria	Bacillota	Bacilli	Lactobacillales	Enterococcaceae	Enterococcus	Enterococcus italicus
C1612	Bacteria	Cyanobacteriota	Cyanobacteriia	Chloroplast	Incertae Sedis	Incertae Sedis	Incertae Sedis sp.
C1617	Bacteria	Pseudomonadota	Gammaproteobacteria	Pseudomonadales	Pseudomonadaceae	Pseudomonas	Pseudomonas sp.
C1622	Bacteria	Bacillota	Bacilli	Bacillales	Bacillaceae	Bacillaceae sp.	Bacillaceae sp.
C1623	Bacteria	Bacteroidota	Bacteroidia	Flavobacteriales	Weeksellaceae	Chishuiella	Empedobacter sp. F-Fue-04TIIa
C1624	NA	NA sp.	NA sp.	NA sp.	NA sp.	NA sp.	NA sp.
C1628	Bacteria	Bacillota	Bacilli	Lactobacillales	Lactobacillaceae	Limosilactobacillus	Limosilactobacillus sp.
C1629	Bacteria	Bacteroidota	Bacteroidia	Flavobacteriales	Flavobacteriales sp.	Flavobacteriales sp.	Flavobacteriales sp.
C1630	Bacteria	Campylobacterota	Campylobacteria	Campylobacterales	Arcobacteraceae	Arcobacter	Arcobacter sp.
C1631	Bacteria	Pseudomonadota	Gammaproteobacteria	Pseudomonadales	Moraxellaceae	Acinetobacter	Acinetobacter sp.
C1632	Bacteria	Bacteroidota	Bacteroidia	Sphingobacteriales	Sphingobacteriaceae	Sphingobacterium	Sphingobacterium sp.
C1634	NA	Amorphea	Obazoa	Opisthokonta	Holozoa	Choanozoa	Metazoa
C1635	Bacteria	Bacteroidota	Bacteroidia	Flavobacteriales	Crocinitomicaceae	Fluviicola	uncultured bacterium
C1637	Bacteria	Bacteroidota	Bacteroidia	Sphingobacteriales	Sphingobacteriaceae	Sphingobacterium	uncultured bacterium
C1640	Bacteria	Bacillota	Clostridia	Oscillospirales	Ruminococcaceae	Ruminococcaceae sp.	Ruminococcaceae sp.
C1641	NA	Amorphea	Obazoa	Opisthokonta	Nucletmycea	Fungi	Dikarya
C1643	Bacteria	Pseudomonadota	Alphaproteobacteria	Rhodobacterales	Paracoccaceae	Paracoccaceae sp.	Paracoccaceae sp.
C1644	NA	Amorphea	Obazoa	Opisthokonta	Nucletmycea	Fungi	Dikarya
C1645	Bacteria	Cyanobacteriota	Cyanobacteriia	Chloroplast	Incertae Sedis	Incertae Sedis	Incertae Sedis sp.
C1649	NA	Amorphea	Obazoa	Opisthokonta	Nucletmycea	Fungi	Dikarya
C1651	Bacteria	Bacillota	Bacilli	Acholeplasmatales	Acholeplasmataceae	Acholeplasmataceae sp.	Acholeplasmataceae sp.
C1654	Bacteria	Cyanobacteriota	Cyanobacteriia	Chloroplast	Incertae Sedis	Incertae Sedis	Incertae Sedis sp.
C1655	Bacteria	Verrucomicrobiota	Verrucomicrobiia	Opitutales	Opitutaceae	IMCC26134	IMCC26134 sp.
C1659	Bacteria	Pseudomonadota	Gammaproteobacteria	Burkholderiales	Comamonadaceae	Comamonas	Comamonas sp.
C1662	Bacteria	Bacteroidota	Bacteroidia	Flavobacteriales	Flavobacteriaceae	Flavobacterium	Flavobacterium ceti
C1669	Unknown	Unknown	Unknown	Unknown	Unknown	Unknown	Unknown
C1671	Bacteria	Bacteroidota	Bacteroidia	Bacteroidales	Dysgonomonadaceae	Dysgonomonas	Dysgonomonas sp.
C1672	Bacteria	Bacteroidota	Bacteroidia	Flavobacteriales	Weeksellaceae	Chishuiella	Empedobacter sp. F-Fue-04TIIa
C1673	Bacteria	Pseudomonadota	Gammaproteobacteria	Enterobacterales	Enterobacteriaceae	Escherichia-Shigella	Escherichia-Shigella sp.
C1674	Bacteria	Pseudomonadota	Alphaproteobacteria	Alphaproteobacteria sp.	Alphaproteobacteria sp.	Alphaproteobacteria sp.	Alphaproteobacteria sp.
C1680	Bacteria	Pseudomonadota	Alphaproteobacteria	Hyphomicrobiales	Rhizobiaceae	Rhizobiaceae sp.	Rhizobiaceae sp.
C1681	Bacteria	Actinomycetota	Actinobacteria	Micrococcales	Microbacteriaceae	Microbacteriaceae sp.	Microbacteriaceae sp.
C1682	Bacteria	Bacteroidota	Bacteroidia	Sphingobacteriales	Sphingobacteriaceae	Sphingobacterium	Sphingobacterium sp.
C1683	Bacteria	Bacteroidota	Bacteroidia	Flavobacteriales	Flavobacteriaceae	Flavobacterium	uncultured bacterium
C1684	Bacteria	Bacillota	Bacilli	Acholeplasmatales	Acholeplasmataceae	Acholeplasma	Acholeplasma sp.
C1685	Bacteria	Bacillota	Clostridia	Peptostreptococcales-Tissierellales	Family XI	Family XI sp.	Family XI sp.
C1689	Bacteria	Bacillota	Bacilli	Erysipelotrichales	Erysipelotrichaceae	Erysipelothrix	Erysipelothrix sp.
C1690	Bacteria	Pseudomonadota	Gammaproteobacteria	Enterobacterales	Enterobacteriaceae	Citrobacter	Citrobacter sp.
C1692	Bacteria	Pseudomonadota	Alphaproteobacteria	Acetobacterales	Acetobacteraceae	Roseomonas	Roseomonas genomospecies 5
C1693	Bacteria	Bacteroidota	Bacteroidia	Chitinophagales	Chitinophagaceae	Chitinophagaceae sp.	Chitinophagaceae sp.
C1694	Bacteria	Pseudomonadota	Alphaproteobacteria	Sphingomonadales	Sphingomonadaceae	Sphingopyxis	Sphingopyxis sp.
C1695	Bacteria	Pseudomonadota	Alphaproteobacteria	Acetobacterales	Acetobacteraceae	Acetobacter	Acetobacter sp.
C1697	Bacteria	Patescibacteria	Saccharimonadia	Saccharimonadales	Saccharimonadales sp.	Saccharimonadales sp.	Saccharimonadales sp.
C1700	Bacteria	Bacteroidota	Bacteroidia	Cytophagales	Microscillaceae	Ohtaekwangia	Ohtaekwangia sp.
C1701	Bacteria	Planctomycetota	Planctomycetes	Planctomycetales	Schlesneriaceae	Planctopirus	Planctopirus sp.
C1702	Bacteria	Pseudomonadota	Gammaproteobacteria	Lysobacterales	Lysobacteraceae	Stenotrophomonas	Stenotrophomonas sp.
C1703	Bacteria	Bacillota	Bacilli	Erysipelotrichales	Erysipelotrichaceae	Erysipelothrix	Erysipelothrix sp.
C1704	Bacteria	Bacteroidota	Bacteroidia	Cytophagales	Spirosomataceae	Persicitalea	Persicitalea sp.
C1705	Bacteria	Planctomycetota	Planctomycetes	Planctomycetales	Schlesneriaceae	Planctopirus	Planctopirus sp.
C1706	Bacteria	Pseudomonadota	Alphaproteobacteria	Rhodobacterales	Paracoccaceae	Paracoccaceae sp.	Paracoccaceae sp.
C1707	Bacteria	Verrucomicrobiota	Verrucomicrobiia	Chthoniobacterales	Terrimicrobiaceae	Terrimicrobium	uncultured bacterium
C1708	Bacteria	Pseudomonadota	Alphaproteobacteria	Micavibrionales	Incertae Sedis	Incertae Sedis	metagenome
C1709	Bacteria	Pseudomonadota	Alphaproteobacteria	Rhodospirillales	Incertae Sedis	Incertae Sedis	Incertae Sedis sp.
C1710	Bacteria	Pseudomonadota	Alphaproteobacteria	Rickettsiales	Anaplasmataceae	Wolbachia	Wolbachia sp.
C1712	Bacteria	Pseudomonadota	Gammaproteobacteria	Salinisphaerales	Nevskiaceae	Nevskiaceae sp.	Nevskiaceae sp.
C1713	Bacteria	Pseudomonadota	Gammaproteobacteria	Burkholderiales	Burkholderiales sp.	Burkholderiales sp.	Burkholderiales sp.
C1715	Bacteria	Bacteroidota	Bacteroidia	Cytophagales	Spirosomataceae	Persicitalea	Persicitalea sp.
C1717	Bacteria	Pseudomonadota	Alphaproteobacteria	Hyphomicrobiales	Rhizobiaceae	Endobacterium	Endobacterium sp.
C1718	Bacteria	Pseudomonadota	Gammaproteobacteria	Lysobacterales	Lysobacteraceae	Luteimonas	uncultured bacterium
C1719	Bacteria	Pseudomonadota	Gammaproteobacteria	Burkholderiales	Alcaligenaceae	Paracandidimonas	uncultured Alcaligenaceae bacterium
C1722	Bacteria	Actinomycetota	Actinobacteria	Micrococcales	Sanguibacteraceae	Flavimobilis	uncultured bacterium
C1723	Bacteria	Candidatus Eremiobacterota	Eremiobacteria	Incertae Sedis	Incertae Sedis	Incertae Sedis	uncultured bacterium
C1724	Bacteria	Pseudomonadota	Gammaproteobacteria	EV818SWSAP88	Incertae Sedis	Incertae Sedis	metagenome
C1725	NA	NA sp.	NA sp.	NA sp.	NA sp.	NA sp.	NA sp.
C1726	Bacteria	Bacillota	Clostridia	Oscillospirales	[Eubacterium] coprostanoligenes group	Incertae Sedis	Incertae Sedis sp.
C1727	Bacteria	Actinomycetota	Actinobacteria	Propionibacteriales	Nocardioidaceae	Nocardioides	Nocardioides sp.
C1728	Bacteria	Bacillota	Clostridia	Clostridia vadinBB60 group	Incertae Sedis	Incertae Sedis	uncultured bacterium
C1729	Bacteria	Pseudomonadota	Alphaproteobacteria	Hyphomicrobiales	Rhizobiaceae	Agrobacterium	Agrobacterium sp.
C1730	Bacteria	Verrucomicrobiota	Verrucomicrobiia	Opitutales	Opitutaceae	IMCC26134	IMCC26134 sp.
C1733	Bacteria	Bacillota	Bacilli	Desulfuribacillales	Desulfuribacillaceae	Desulfuribacillus	Bacillus sp. RBD1
C1734	Bacteria	Actinomycetota	Actinobacteria	Micrococcales	Micrococcales Incertae Sedis	Populibacterium	Populibacterium sp.
C1736	Bacteria	Bacillota	Clostridia	Lachnospirales	Lachnospiraceae	Incertae Sedis	uncultured bacterium
C1739	Bacteria	Bacteroidota	Bacteroidia	Cytophagales	Microscillaceae	Ohtaekwangia	Ohtaekwangia sp.
C1742	Bacteria	Bacteroidota	Bacteroidia	Bacteroidales	Dysgonomonadaceae	Dysgonomonas	uncultured bacterium
C1744	Bacteria	Verrucomicrobiota	Verrucomicrobiia	Chthoniobacterales	Terrimicrobiaceae	Terrimicrobium	Terrimicrobium sp.
C1746	Bacteria	Myxococcota	Polyangiia	Polyangiales	Polyangiaceae	Pajaroellobacter	uncultured bacterium
C1747	Bacteria	Pseudomonadota	Alphaproteobacteria	Rhodobacterales	Paracoccaceae	Paracoccaceae sp.	Paracoccaceae sp.
C1748	Bacteria	Pseudomonadota	Gammaproteobacteria	Burkholderiales	Comamonadaceae	Lampropedia	Lampropedia hyalina
C1749	Bacteria	Pseudomonadota	Gammaproteobacteria	Lysobacterales	Rhodanobacteraceae	Rhodanobacteraceae sp.	Rhodanobacteraceae sp.
C1751	Bacteria	Pseudomonadota	Gammaproteobacteria	Enterobacterales	Enterobacterales sp.	Enterobacterales sp.	Enterobacterales sp.
C1752	Bacteria	Bacteroidota	Bacteroidia	Flavobacteriales	NS9 marine group	Incertae Sedis	Incertae Sedis sp.
C1753	Bacteria	Bacteroidota	Bacteroidia	Cytophagales	Cytophagaceae	Cytophaga	uncultured bacterium
C1754	Bacteria	Bacteroidota	Bacteroidia	Flavobacteriales	Flavobacteriaceae	Flavobacterium	Flavobacterium sp.
C1755	Bacteria	Bacillota	Bacilli	RF39	Incertae Sedis	Incertae Sedis	Incertae Sedis sp.
C1756	Bacteria	Pseudomonadota	Gammaproteobacteria	Enterobacterales	Aeromonadaceae	Aeromonas	Aeromonas sp.
C1758	Unknown	Unknown	Unknown	Unknown	Unknown	Unknown	Unknown
C1759	Bacteria	Pseudomonadota	Gammaproteobacteria	Enterobacterales	Morganellaceae	Morganella	Morganella sp.
C1760	Bacteria	Bacillota	Bacilli	Erysipelotrichales	Erysipelotrichaceae	Erysipelothrix	Erysipelothrix sp.
C1761	Bacteria	Pseudomonadota	Gammaproteobacteria	Burkholderiales	Oxalobacteraceae	Oxalobacteraceae sp.	Oxalobacteraceae sp.
C1763	Bacteria	Pseudomonadota	Gammaproteobacteria	Lysobacterales	Lysobacteraceae	Lysobacteraceae sp.	Lysobacteraceae sp.
C1764	Bacteria	Pseudomonadota	Alphaproteobacteria	Micavibrionales	Incertae Sedis	Incertae Sedis	uncultured bacterium
C1766	Bacteria	Pseudomonadota	Gammaproteobacteria	Burkholderiales	Comamonadaceae	Lampropedia	Lampropedia sp.
C1767	Bacteria	Pseudomonadota	Gammaproteobacteria	Salinisphaerales	Nevskiaceae	Nevskiaceae sp.	Nevskiaceae sp.
C1771	Bacteria	Bacillota	Bacilli	Acholeplasmatales	Acholeplasmataceae	Acholeplasma	Acholeplasma sp.
C1774	Bacteria	Pseudomonadota	Alphaproteobacteria	Rhodobacterales	Paracoccaceae	Paracoccaceae sp.	Paracoccaceae sp.
C1776	Bacteria	Actinomycetota	Actinobacteria	Micrococcales	Microbacteriaceae	Leucobacter	Leucobacter sp.
C1777	Bacteria	Bacillota	Clostridia	Clostridia UCG-014	Incertae Sedis	Incertae Sedis	Incertae Sedis sp.
C1778	Bacteria	Bacteroidota	Bacteroidia	Flavobacteriales	Flavobacteriaceae	Flavobacterium	uncultured bacterium
C1779	Bacteria	Pseudomonadota	Alphaproteobacteria	Rickettsiales	SM2D12	Incertae Sedis	uncultured bacterium
C1780	Bacteria	Bdellovibrionota	Bacteriovoracia	Bacteriovoracales	Bacteriovoracaceae	Peredibacter	uncultured bacterium
C1781	Bacteria	Bacillota	Clostridia	Lachnospirales	Lachnospiraceae	Lachnospiraceae sp.	Lachnospiraceae sp.
C1782	Bacteria	Bacteroidota	Bacteroidia	Flavobacteriales	Flavobacteriaceae	Flavobacterium	Flavobacterium sp.
C1786	Bacteria	Pseudomonadota	Alphaproteobacteria	Rickettsiales	Anaplasmataceae	Wolbachia	Wolbachia sp.
C1787	Bacteria	Pseudomonadota	Alphaproteobacteria	Hyphomicrobiales	Stappiaceae	Agaricicola	Agaricicola taiwanensis
C1790	Bacteria	Bacteroidota	Bacteroidia	Sphingobacteriales	Sphingobacteriaceae	Sphingobacterium	uncultured bacterium
C1793	Bacteria	Bacillota	Clostridia	Clostridia vadinBB60 group	Incertae Sedis	Incertae Sedis	uncultured bacterium
C1794	Bacteria	Bacteroidota	Bacteroidia	Cytophagales	Spirosomataceae	Persicitalea	Persicitalea sp.
C1797	Bacteria	Pseudomonadota	Gammaproteobacteria	Pseudomonadales	Moraxellaceae	Acinetobacter	Acinetobacter sp.
C1799	Bacteria	Bacteroidota	Bacteroidia	Sphingobacteriales	Sphingobacteriaceae	Sphingobacterium	Sphingobacterium sp.
C1804	Bacteria	Bacteroidota	Bacteroidia	Flavobacteriales	NS9 marine group	Incertae Sedis	Incertae Sedis sp.
C1805	Bacteria	Bacillota	Clostridia	Christensenellales	Christensenellaceae	Christensenellaceae R-7 group	Christensenellaceae R-7 group sp.
C1809	Bacteria	Pseudomonadota	Gammaproteobacteria	Pseudomonadales	Cellvibrionaceae	Cellvibrio	uncultured bacterium
C1811	Bacteria	Bacillota	Clostridia	Clostridiales	Clostridiaceae	Clostridium	Clostridium sp.
C1812	Bacteria	Pseudomonadota	Gammaproteobacteria	Pseudomonadales	Moraxellaceae	Acinetobacter	Acinetobacter sp.
C1813	Unknown	Unknown	Unknown	Unknown	Unknown	Unknown	Unknown
C1816	Bacteria	Pseudomonadota	Gammaproteobacteria	Lysobacterales	Lysobacteraceae	Lysobacteraceae sp.	Lysobacteraceae sp.
C1817	Bacteria	Bacillota	Clostridia	Oscillospirales	UCG-010	Incertae Sedis	Incertae Sedis sp.
C1819	Bacteria	Pseudomonadota	Gammaproteobacteria	Gammaproteobacteria sp.	Gammaproteobacteria sp.	Gammaproteobacteria sp.	Gammaproteobacteria sp.
C1820	Bacteria	Bacteroidota	Bacteroidia	Sphingobacteriales	Sphingobacteriaceae	Sphingobacterium	Sphingobacterium sp.
C1822	Bacteria	Bacteroidota	Bacteroidia	Flavobacteriales	Weeksellaceae	Chishuiella	Chishuiella changwenlii
C1823	Bacteria	Thermodesulfobacteriota	Desulfovibrionia	Desulfovibrionales	Desulfovibrionaceae	Desulfovibrio	Desulfovibrio sp.
C1826	Bacteria	Bacillota	Clostridia	Oscillospirales	Ruminococcaceae	Ruminococcaceae sp.	Ruminococcaceae sp.
C1828	Bacteria	Bacteroidota	Bacteroidia	Flavobacteriales	Flavobacteriaceae	Myroides	Myroides sp.
C1829	Bacteria	Bacillota	Bacilli	Paenibacillales	Paenibacillaceae	Paenibacillus	Paenibacillus sp.
C1831	Bacteria	Bacillota	Bacilli	Erysipelotrichales	Erysipelotrichaceae	Erysipelothrix	Erysipelothrix sp.
C1832	Bacteria	Candidatus Eremiobacterota	Eremiobacteria	Incertae Sedis	Incertae Sedis	Incertae Sedis	uncultured bacterium
C1833	Bacteria	Pseudomonadota	Alphaproteobacteria	Rhodobacterales	Paracoccaceae	Paracoccaceae sp.	Paracoccaceae sp.
C1834	Bacteria	Bacteroidota	Bacteroidia	Cytophagales	Spirosomataceae	Leadbetterella	uncultured bacterium
C1835	Unknown	Unknown	Unknown	Unknown	Unknown	Unknown	Unknown
C1837	Bacteria	Verrucomicrobiota	Verrucomicrobiia	Verrucomicrobiales	Rubritaleaceae	Roseibacillus	Roseibacillus sp.
C1838	Bacteria	Campylobacterota	Campylobacteria	Campylobacterales	Arcobacteraceae	Arcobacter	Arcobacter sp.
C1842	Bacteria	Pseudomonadota	Gammaproteobacteria	Enterobacterales	Enterobacteriaceae	Escherichia-Shigella	uncultured bacterium
C1843	Bacteria	Bacteroidota	Bacteroidia	Cytophagales	Spirosomataceae	Leadbetterella	uncultured bacterium
C1846	Bacteria	Bacillota	Clostridia	Peptostreptococcales-Tissierellales	Sedimentibacteraceae	Sedimentibacter	Sedimentibacter sp.
C1851	Bacteria	Bacteroidota	Bacteroidia	Flavobacteriales	Flavobacteriaceae	Flavobacterium	Flavobacterium sp.
C1852	Bacteria	Bacteroidota	Bacteroidia	Cytophagales	Spirosomataceae	Dyadobacter	Dyadobacter sp.
C1854	Bacteria	Bacteroidota	Bacteroidia	Flavobacteriales	Flavobacteriaceae	Myroides	Myroides sp.
C1855	Bacteria	Bdellovibrionota	Bacteriovoracia	Bacteriovoracales	Bacteriovoracaceae	Peredibacter	uncultured bacterium
C1856	Bacteria	Actinomycetota	Acidimicrobiia	Microtrichales	Iamiaceae	Aquihabitans	Aquihabitans sp.
C1857	Bacteria	Actinomycetota	Actinobacteria	Frankiales	Nakamurellaceae	Nakamurella	Nakamurella sp.
C1858	Bacteria	Bacteroidota	Bacteroidia	Sphingobacteriales	Sphingobacteriaceae	Sphingobacterium	Sphingobacterium sp.
C1859	Bacteria	Bacteroidota	Bacteroidia	Chitinophagales	Chitinophagaceae	Aurantisolimonas	Aurantisolimonas sp.
C1860	Bacteria	Bacillota	Clostridia	Lachnospirales	Lachnospiraceae	Lachnospiraceae sp.	Lachnospiraceae sp.
C1861	Bacteria	Pseudomonadota	Alphaproteobacteria	Rhodospirillales	Incertae Sedis	Incertae Sedis	uncultured bacterium
C1862	Bacteria	Bdellovibrionota	Bdellovibrionia	Bdellovibrionales	Pseudobdellovibrionaceae	Pseudobdellovibrio	uncultured bacterium
C1863	Bacteria	Pseudomonadota	Alphaproteobacteria	Sphingomonadales	Sphingomonadaceae	Sandaracinobacter	Sandaracinobacter sp.
C1864	Bacteria	Sumerlaeota	Sumerlaeia	Sumerlaeales	Sumerlaeaceae	Sumerlaea	uncultured bacterium
C1866	Bacteria	Myxococcota	Polyangiia	Polyangiales	BIrii41	Incertae Sedis	metagenome
C1867	Bacteria	Pseudomonadota	Gammaproteobacteria	Lysobacterales	Lysobacteraceae	Stenotrophomonas	Stenotrophomonas sp.
C1868	Bacteria	Verrucomicrobiota	Verrucomicrobiia	Opitutales	Opitutaceae	Incertae Sedis	metagenome
C1869	Bacteria	Pseudomonadota	Alphaproteobacteria	Sphingomonadales	Sphingomonadaceae	Sphingobium	Sphingobium sp.
C1870	Bacteria	Bacteroidota	Bacteroidia	Cytophagales	Spirosomataceae	Incertae Sedis	Dyadobacter sp. enrichment culture
C1871	Bacteria	Pseudomonadota	Alphaproteobacteria	Rhodobacterales	Paracoccaceae	Gemmobacter	Gemmobacter sp.
C1874	Bacteria	Verrucomicrobiota	Verrucomicrobiia	Verrucomicrobiales	Verrucomicrobiaceae	Verrucomicrobiaceae sp.	Verrucomicrobiaceae sp.
C1875	Bacteria	Abditibacteriota	Abditibacteriia	Abditibacteriales	Abditibacteriaceae	Abditibacterium	Abditibacterium sp.
C1876	Bacteria	Bacteroidota	Bacteroidia	Flavobacteriales	Flavobacteriaceae	Flavobacterium	Flavobacterium sp.
C1877	Bacteria	Actinomycetota	Actinobacteria	Propionibacteriales	Propionibacteriaceae	Tessaracoccus	Tessaracoccus sp.
C1878	Bacteria	Bacteroidota	Bacteroidia	Flavobacteriales	Flavobacteriaceae	Flavobacterium	Flavobacterium sp.
C1879	Bacteria	Pseudomonadota	Gammaproteobacteria	Pseudomonadales	Moraxellaceae	Acinetobacter	Acinetobacter sp.
C1880	Bacteria	Actinomycetota	Acidimicrobiia	Microtrichales	Iamiaceae	Aquihabitans	Aquihabitans sp.
C1883	Bacteria	Pseudomonadota	Alphaproteobacteria	Hyphomicrobiales	Kaistiaceae	Kaistia	Kaistia sp.
C1884	Bacteria	Pseudomonadota	Gammaproteobacteria	Burkholderiales	Burkholderiales sp.	Burkholderiales sp.	Burkholderiales sp.
C1885	Bacteria	Pseudomonadota	Gammaproteobacteria	Enterobacterales	Enterobacterales sp.	Enterobacterales sp.	Enterobacterales sp.
C1886	Bacteria	Pseudomonadota	Gammaproteobacteria	EV818SWSAP88	Incertae Sedis	Incertae Sedis	metagenome
C1887	Bacteria	Bacteroidota	Bacteroidia	Bacteroidales	Dysgonomonadaceae	Dysgonomonas	Dysgonomonas sp.
C1888	Bacteria	Pseudomonadota	Gammaproteobacteria	Pseudomonadales	Spongiibacteraceae	BD1-7 clade	uncultured gamma proteobacterium
C1889	Bacteria	Bacillota	Bacilli	RF39	Incertae Sedis	Incertae Sedis	Incertae Sedis sp.
C1891	Bacteria	Verrucomicrobiota	Verrucomicrobiia	Verrucomicrobiales	Rubritaleaceae	Roseibacillus	Roseibacillus sp.
C1895	Bacteria	Pseudomonadota	Gammaproteobacteria	Burkholderiales	Burkholderiales sp.	Burkholderiales sp.	Burkholderiales sp.
C1897	Bacteria	Bacteroidota	Bacteroidia	Cytophagales	Spirosomataceae	Leadbetterella	uncultured bacterium
C1899	Bacteria	Bacteroidota	Bacteroidia	Cytophagales	Spirosomataceae	Leadbetterella	uncultured bacterium
C1901	Bacteria	Pseudomonadota	Gammaproteobacteria	Gammaproteobacteria sp.	Gammaproteobacteria sp.	Gammaproteobacteria sp.	Gammaproteobacteria sp.
C1902	Bacteria	Bacteroidota	Bacteroidia	Flavobacteriales	Weeksellaceae	Chishuiella	Empedobacter sp. F-Fue-04TIIa
C1906	Bacteria	Bacteroidota	Bacteroidia	Chitinophagales	Chitinophagaceae	Chitinophagaceae sp.	Chitinophagaceae sp.
C1907	Bacteria	Bacteroidota	Bacteroidia	Cytophagales	Spirosomataceae	Dyadobacter	Dyadobacter sp.
C1908	Bacteria	Bacteroidota	Bacteroidia	Cytophagales	Spirosomataceae	Persicitalea	Ravibacter arvi
C1909	Bacteria	Bacteroidota	Bacteroidia	Sphingobacteriales	Sphingobacteriaceae	Sphingobacterium	Sphingobacterium sp.
C1910	Bacteria	Bacillota	Bacilli	Paenibacillales	Paenibacillaceae	Paenibacillus	Paenibacillus sp.
C1915	Bacteria	Bacillota	Bacilli	Lactobacillales	Lactobacillaceae	Lactiplantibacillus	Lactobacillus sp. TN627
C1917	Bacteria	Pseudomonadota	Alphaproteobacteria	Sphingomonadales	Sphingomonadaceae	Sphingobium	Sphingobium sp.
C1921	Bacteria	Bacillota	Bacilli	Paenibacillales	Paenibacillaceae	Paenibacillus	Paenibacillus sp.
C1924	Unknown	Unknown	Unknown	Unknown	Unknown	Unknown	Unknown
C1929	Bacteria	Actinomycetota	Actinobacteria	Micrococcales	Microbacteriaceae	Microbacterium	Microbacterium sp.
C1930	Bacteria	Pseudomonadota	Alphaproteobacteria	Hyphomicrobiales	Devosiaceae	Devosia	Devosia sp.
C1932	Bacteria	Bacillota	Bacilli	Desulfuribacillales	Desulfuribacillaceae	Desulfuribacillus	Bacillus sp. RBD1
C1933	Bacteria	Actinomycetota	Actinobacteria	Micrococcales	Microbacteriaceae	Microbacterium	Microbacterium saccharophilum
C1934	Bacteria	Bacteroidota	Bacteroidia	Flavobacteriales	Flavobacteriaceae	Myroides	Myroides sp.
C1939	Bacteria	Pseudomonadota	Alphaproteobacteria	Acetobacterales	Acetobacteraceae	Acetobacter	Acetobacter sp.
C1942	Bacteria	Bacteroidota	Bacteroidia	Chitinophagales	Chitinophagaceae	Chitinophagaceae sp.	Chitinophagaceae sp.
C1943	Bacteria	Pseudomonadota	Alphaproteobacteria	Rhodobacterales	Paracoccaceae	Paracoccaceae sp.	Paracoccaceae sp.
C1945	Bacteria	Bacteroidota	Bacteroidia	Chitinophagales	Chitinophagaceae	Terrimonas	Terrimonas rubra
C1949	Bacteria	Verrucomicrobiota	Verrucomicrobiia	Verrucomicrobiales	Verrucomicrobiaceae	Prosthecobacter	Prosthecobacter sp.
C1950	Bacteria	Pseudomonadota	Gammaproteobacteria	Gammaproteobacteria sp.	Gammaproteobacteria sp.	Gammaproteobacteria sp.	Gammaproteobacteria sp.
C1951	Bacteria	Pseudomonadota	Alphaproteobacteria	Rickettsiales	SM2D12	Incertae Sedis	uncultured bacterium
C1952	Bacteria	Bacteroidota	Bacteroidia	Bacteroidales	Dysgonomonadaceae	Dysgonomonas	Dysgonomonas sp.
C1960	Bacteria	Pseudomonadota	Alphaproteobacteria	Caulobacterales	Caulobacteraceae	Brevundimonas	Brevundimonas sp.
C1962	Bacteria	Pseudomonadota	Gammaproteobacteria	Enterobacterales	Enterobacteriaceae	Escherichia-Shigella	Escherichia-Shigella sp.
C1965	Bacteria	Pseudomonadota	Alphaproteobacteria	Hyphomicrobiales	Methyloligellaceae	Incertae Sedis	uncultured bacterium
C1969	Bacteria	Bacteroidota	Bacteroidia	Cytophagales	Spirosomataceae	Persicitalea	Persicitalea sp.
C1970	Bacteria	Bacteroidota	Bacteroidia	Flavobacteriales	Flavobacteriaceae	Flavobacterium	Flavobacterium sp.
C1971	Bacteria	Pseudomonadota	Gammaproteobacteria	Gammaproteobacteria sp.	Gammaproteobacteria sp.	Gammaproteobacteria sp.	Gammaproteobacteria sp.
C1974	Bacteria	Pseudomonadota	Pseudomonadota sp.	Pseudomonadota sp.	Pseudomonadota sp.	Pseudomonadota sp.	Pseudomonadota sp.
C1975	Unknown	Unknown	Unknown	Unknown	Unknown	Unknown	Unknown
C1978	Bacteria	Bacteroidota	Bacteroidia	Sphingobacteriales	Sphingobacteriaceae	Sphingobacterium	Sphingobacterium sp.
C1979	Bacteria	Pseudomonadota	Gammaproteobacteria	Lysobacterales	Lysobacteraceae	Pseudoxanthomonas	Pseudoxanthomonas sp.
C1980	Bacteria	Bacteroidota	Bacteroidia	Chitinophagales	Chitinophagaceae	Chitinophagaceae sp.	Chitinophagaceae sp.
C1981	Bacteria	Bacteroidota	Bacteroidia	Cytophagales	Spirosomataceae	Dyadobacter	uncultured bacterium
C1982	Bacteria	Bacteroidota	Bacteroidia	Flavobacteriales	Flavobacteriaceae	Flavobacterium	Flavobacterium sp.
C1983	Bacteria	Pseudomonadota	Gammaproteobacteria	Lysobacterales	Lysobacteraceae	Pseudoxanthomonas	Pseudoxanthomonas sp.
C1984	Bacteria	Pseudomonadota	Gammaproteobacteria	Enterobacterales	Orbaceae	Incertae Sedis	uncultured bacterium
C1985	Bacteria	Pseudomonadota	Alphaproteobacteria	Rhodobacterales	Paracoccaceae	Paracoccaceae sp.	Paracoccaceae sp.
C1986	Bacteria	Verrucomicrobiota	Verrucomicrobiia	Verrucomicrobiales	Verrucomicrobiaceae	Prosthecobacter	Prosthecobacter sp.
C1987	Bacteria	Actinomycetota	Actinobacteria	Micrococcales	Micrococcales sp.	Micrococcales sp.	Micrococcales sp.
C1988	Bacteria	Pseudomonadota	Gammaproteobacteria	Pseudomonadales	Cellvibrionaceae	Cellvibrio	uncultured bacterium
C1989	Bacteria	Pseudomonadota	Gammaproteobacteria	Enterobacterales	Enterobacteriaceae	Salmonella	Salmonella sp.
C1990	Bacteria	Bacillota	Bacilli	Acholeplasmatales	Acholeplasmataceae	Acholeplasma	Acholeplasma sp.
C1991	Bacteria	Abditibacteriota	Abditibacteriia	Abditibacteriales	Abditibacteriaceae	Abditibacterium	Abditibacterium sp.
C1992	Bacteria	Bacteroidota	Bacteroidia	Sphingobacteriales	Sphingobacteriaceae	Sphingobacteriaceae sp.	Sphingobacteriaceae sp.
C1993	Bacteria	Myxococcota	Polyangiia	Polyangiales	BIrii41	Incertae Sedis	metagenome
C1994	Bacteria	Bacillota	Clostridia	Oscillospirales	Oscillospirales sp.	Oscillospirales sp.	Oscillospirales sp.
C1995	Bacteria	Bacillota	Clostridia	Lachnospirales	Lachnospiraceae	Lachnoclostridium	Lachnoclostridium sp.
C1996	Bacteria	Bacillota	Clostridia	Lachnospirales	Lachnospiraceae	Lachnospiraceae sp.	Lachnospiraceae sp.
C2000	Bacteria	Sumerlaeota	Sumerlaeia	Sumerlaeales	Sumerlaeaceae	Sumerlaea	uncultured bacterium
C2001	Bacteria	Pseudomonadota	Gammaproteobacteria	Lysobacterales	Lysobacteraceae	Pseudoxanthomonas	Pseudoxanthomonas sp.
C2002	Bacteria	Pseudomonadota	Alphaproteobacteria	Micavibrionales	Incertae Sedis	Incertae Sedis	uncultured bacterium
C2004	Bacteria	Pseudomonadota	Alphaproteobacteria	Rhodobacterales	Paracoccaceae	Paracoccaceae sp.	Paracoccaceae sp.
C2007	Bacteria	Bacteroidota	Bacteroidia	Cytophagales	Spirosomataceae	Dyadobacter	Dyadobacter sp.
C2008	Bacteria	Pseudomonadota	Alphaproteobacteria	Rhodobacterales	Paracoccaceae	Paracoccus	Paracoccus sp.
C2010	Bacteria	Bacteroidota	Bacteroidia	Bacteroidales	Dysgonomonadaceae	Dysgonomonas	Dysgonomonas sp.
C2012	Bacteria	Planctomycetota	Planctomycetes	Planctomycetales	Rubinisphaeraceae	Planctomicrobium	Planctomicrobium sp.
C2014	Bacteria	Bacteroidota	Bacteroidia	Sphingobacteriales	Sphingobacteriaceae	Sphingobacterium	Sphingobacterium sp.
C2017	Bacteria	Bacteroidota	Bacteroidia	Chitinophagales	Chitinophagaceae	Flavisolibacter	uncultured bacterium
C2018	Unknown	Unknown	Unknown	Unknown	Unknown	Unknown	Unknown
C2020	Bacteria	Patescibacteria	Saccharimonadia	Saccharimonadales	Incertae Sedis	Incertae Sedis	uncultured bacterium
C2023	Bacteria	Bacteroidota	Bacteroidia	Cytophagales	Spirosomataceae	Persicitalea	Persicitalea sp.
C2024	Bacteria	Pseudomonadota	Alphaproteobacteria	Rhodospirillales	Incertae Sedis	Incertae Sedis	Incertae Sedis sp.
C2025	Bacteria	Bacteroidota	Bacteroidia	Sphingobacteriales	Sphingobacteriaceae	Sphingobacterium	Sphingobacterium sp.
C2026	Bacteria	Actinomycetota	Coriobacteriia	Coriobacteriales	Eggerthellaceae	Eggerthellaceae sp.	Eggerthellaceae sp.
C2030	Bacteria	Pseudomonadota	Alphaproteobacteria	Rhodobacterales	Paracoccaceae	Paracoccaceae sp.	Paracoccaceae sp.
C2031	Bacteria	Bacillota	Clostridia	Lachnospirales	Lachnospiraceae	Lachnoclostridium	Clostridium sp.
C2032	Bacteria	Bacteroidota	Bacteroidia	Cytophagales	Spirosomataceae	Persicitalea	Persicitalea sp.
C2033	Bacteria	Bacteroidota	Bacteroidia	Cytophagales	Spirosomataceae	Persicitalea	Persicitalea sp.
C2035	Bacteria	Pseudomonadota	Gammaproteobacteria	Enterobacterales	Aeromonadaceae	Aeromonas	Aeromonas sp.
C2037	Unknown	Unknown	Unknown	Unknown	Unknown	Unknown	Unknown
C2038	Bacteria	Actinomycetota	Actinobacteria	Micrococcales	Microbacteriaceae	Microbacterium	Microbacterium sp.
C2039	Bacteria	Actinomycetota	Actinobacteria	Micrococcales	Sanguibacteraceae	Flavimobilis	Flavimobilis sp.
C2044	Bacteria	Bacteroidota	Bacteroidia	Flavobacteriales	Flavobacteriaceae	Flavobacterium	Flavobacterium sp.
C2046	Bacteria	Bacteroidota	Bacteroidia	Cytophagales	Spirosomataceae	Persicitalea	Persicitalea sp.
C2047	Bacteria	Bacteroidota	Bacteroidia	Cytophagales	Spirosomataceae	Leadbetterella	uncultured bacterium
C2048	Bacteria	Pseudomonadota	Gammaproteobacteria	Pseudomonadales	Cellvibrionaceae	Cellvibrio	uncultured bacterium
C2049	Bacteria	Pseudomonadota	Alphaproteobacteria	Hyphomicrobiales	Rhizobiaceae	Rhizobiaceae sp.	Rhizobiaceae sp.
C2051	Bacteria	Bacteroidota	Bacteroidia	Bacteroidales	Dysgonomonadaceae	Dysgonomonas	Dysgonomonas sp.
C2052	Bacteria	Bacteroidota	Bacteroidia	Sphingobacteriales	Sphingobacteriaceae	Sphingobacterium	Sphingobacterium sp.
C2053	Bacteria	Pseudomonadota	Alphaproteobacteria	Rhodobacterales	Paracoccaceae	Paracoccaceae sp.	Paracoccaceae sp.
C2055	Bacteria	Bacillota	Bacilli	Lactobacillales	Lactobacillaceae	Weissella	Weissella sp.
C2057	Bacteria	Actinomycetota	Actinobacteria	Micrococcales	Microbacteriaceae	Microbacteriaceae sp.	Microbacteriaceae sp.
C2059	Bacteria	Bacteroidota	Bacteroidia	Cytophagales	Spirosomataceae	Persicitalea	Persicitalea sp.
C2062	Bacteria	Pseudomonadota	Gammaproteobacteria	Lysobacterales	Lysobacteraceae	Pseudoxanthomonas	Pseudoxanthomonas sp.
C2064	Bacteria	Pseudomonadota	Gammaproteobacteria	Pseudomonadales	Moraxellaceae	Acinetobacter	Acinetobacter sp.
C2066	Bacteria	Pseudomonadota	Alphaproteobacteria	Rhodobacterales	Paracoccaceae	Paracoccaceae sp.	Paracoccaceae sp.
C2068	NA	NA sp.	NA sp.	NA sp.	NA sp.	NA sp.	NA sp.
C2071	Bacteria	Verrucomicrobiota	Verrucomicrobiia	Verrucomicrobiales	Verrucomicrobiaceae	Verrucomicrobiaceae sp.	Verrucomicrobiaceae sp.
C2072	Bacteria	Pseudomonadota	Alphaproteobacteria	Caulobacterales	Caulobacteraceae	Brevundimonas	Brevundimonas sp.
C2084	Bacteria	Pseudomonadota	Gammaproteobacteria	Burkholderiales	Alcaligenaceae	Paracandidimonas	uncultured Alcaligenaceae bacterium
C2088	Bacteria	Planctomycetota	Planctomycetes	Planctomycetales	Rubinisphaeraceae	Planctomicrobium	Planctomicrobium sp.
C2089	Bacteria	Pseudomonadota	Alphaproteobacteria	Sphingomonadales	Sphingomonadaceae	Sphingomonadaceae sp.	Sphingomonadaceae sp.
C2090	Bacteria	Pseudomonadota	Gammaproteobacteria	Enterobacterales	Enterobacteriaceae	Escherichia-Shigella	Escherichia-Shigella sp.
C2091	Bacteria	Pseudomonadota	Alphaproteobacteria	Hyphomicrobiales	Rhizobiaceae	Rhizobiaceae sp.	Rhizobiaceae sp.
C2092	Bacteria	Bacteroidota	Bacteroidia	Bacteroidales	Dysgonomonadaceae	Dysgonomonas	uncultured bacterium
C2094	Bacteria	Pseudomonadota	Alphaproteobacteria	Rhodobacterales	Paracoccaceae	Ketogulonicigenium	Ketogulonicigenium sp.
C2095	Bacteria	Actinomycetota	Actinobacteria	Propionibacteriales	Nocardioidaceae	Aeromicrobium	uncultured bacterium
C2096	Bacteria	Pseudomonadota	Alphaproteobacteria	Hyphomicrobiales	Rhizobiaceae	Rhizobiaceae sp.	Rhizobiaceae sp.
C2097	Bacteria	Bacteroidota	Bacteroidia	Bacteroidales	Dysgonomonadaceae	Dysgonomonas	uncultured bacterium
C2098	Bacteria	Bacteroidota	Bacteroidia	Cytophagales	Cytophagaceae	Cytophaga	uncultured bacterium
C2099	Bacteria	Bacteroidota	Bacteroidia	Cytophagales	Cytophagaceae	Cytophaga	uncultured bacterium
C2100	Bacteria	Pseudomonadota	Alphaproteobacteria	Rhodobacterales	Paracoccaceae	Paracoccaceae sp.	Paracoccaceae sp.
C2101	Bacteria	Bacteroidota	Bacteroidia	Chitinophagales	Saprospiraceae	Incertae Sedis	uncultured bacterium
C2103	Bacteria	Bacteroidota	Bacteroidia	Bacteroidales	Dysgonomonadaceae	Dysgonomonas	Dysgonomonas sp.
C2104	Bacteria	Bacteroidota	Bacteroidia	Sphingobacteriales	Sphingobacteriaceae	Sphingobacteriaceae sp.	Sphingobacteriaceae sp.
C2105	Bacteria	Pseudomonadota	Gammaproteobacteria	Pseudomonadales	Cellvibrionaceae	Cellvibrio	uncultured bacterium
C2106	Bacteria	Bacteroidota	Bacteroidia	Cytophagales	Spirosomataceae	Persicitalea	Persicitalea sp.
C2108	Bacteria	Pseudomonadota	Alphaproteobacteria	Rhodobacterales	Paracoccaceae	Paracoccaceae sp.	Paracoccaceae sp.
C2109	Bacteria	Bacteroidota	Bacteroidia	Sphingobacteriales	Sphingobacteriaceae	Sphingobacteriaceae sp.	Sphingobacteriaceae sp.
C2112	Bacteria	Pseudomonadota	Gammaproteobacteria	Pseudomonadales	Cellvibrionaceae	Cellvibrio	uncultured bacterium
C2114	Bacteria	Bacillota	Bacilli	Acholeplasmatales	Acholeplasmataceae	Acholeplasma	uncultured bacterium
C2115	Bacteria	Verrucomicrobiota	Verrucomicrobiia	Verrucomicrobiales	Rubritaleaceae	Luteolibacter	Luteolibacter sp.
C2117	Bacteria	Bacteroidota	Bacteroidia	Flavobacteriales	Flavobacteriaceae	Myroides	Myroides sp.
C2118	Bacteria	Myxococcota	Myxococcia	Myxococcales	Anaeromyxobacteraceae	Anaeromyxobacter	uncultured bacterium
C2119	Bacteria	Bacteroidota	Bacteroidia	Sphingobacteriales	Sphingobacteriaceae	Sphingobacterium	Sphingobacterium sp.
C2120	Bacteria	Bacteroidota	Bacteroidia	Chitinophagales	Chitinophagaceae	Niabella	uncultured bacterium
C2121	Bacteria	Bacteroidota	Bacteroidia	Flavobacteriales	Flavobacteriaceae	Flavobacterium	Flavobacterium sp.
C2122	Bacteria	Verrucomicrobiota	Verrucomicrobiia	Verrucomicrobiales	Rubritaleaceae	Luteolibacter	Luteolibacter sp.
C2124	Bacteria	Bacillota	Bacilli	Acholeplasmatales	Acholeplasmataceae	Acholeplasma	uncultured bacterium
C2125	Bacteria	Pseudomonadota	Alphaproteobacteria	Sphingomonadales	Sphingomonadaceae	Sphingobium	Sphingobium sp.
C2126	Bacteria	Bacteroidota	Bacteroidia	Chitinophagales	Saprospiraceae	Incertae Sedis	uncultured bacterium
C2128	Bacteria	Bacteroidota	Bacteroidia	Bacteroidales	Bacteroidales sp.	Bacteroidales sp.	Bacteroidales sp.
C2130	Bacteria	Bacteroidota	Bacteroidia	Sphingobacteriales	Sphingobacteriaceae	Sphingobacterium	Sphingobacterium sp.
C2131	Bacteria	Patescibacteria	Parcubacteria	Parcubacteria sp.	Parcubacteria sp.	Parcubacteria sp.	Parcubacteria sp.
C2134	Bacteria	Bacillota	Clostridia	Clostridiales	Clostridiaceae	Clostridium	Clostridium sp.
C2135	Bacteria	Pseudomonadota	Gammaproteobacteria	Pseudomonadales	Cellvibrionaceae	Cellvibrio	uncultured bacterium
C2137	Bacteria	Bacteroidota	Bacteroidia	Cytophagales	Spirosomataceae	Persicitalea	Persicitalea sp.
C2139	Bacteria	Pseudomonadota	Gammaproteobacteria	Burkholderiales	Neisseriaceae	Vitreoscilla	Vitreoscilla sp.
C2140	Bacteria	Pseudomonadota	Gammaproteobacteria	Pseudomonadales	Moraxellaceae	Acinetobacter	Acinetobacter sp.
C2142	Bacteria	Pseudomonadota	Alphaproteobacteria	Alphaproteobacteria sp.	Alphaproteobacteria sp.	Alphaproteobacteria sp.	Alphaproteobacteria sp.
C2146	Bacteria	Pseudomonadota	Gammaproteobacteria	Pseudomonadales	Pseudomonadaceae	Pseudomonas	Pseudomonas sp.
C2147	Bacteria	Pseudomonadota	Alphaproteobacteria	Sphingomonadales	Sphingomonadaceae	Sphingomonadaceae sp.	Sphingomonadaceae sp.
C2149	Bacteria	Actinomycetota	Actinobacteria	Propionibacteriales	Nocardioidaceae	Aeromicrobium	Aeromicrobium sp.
C2151	Bacteria	Pseudomonadota	Alphaproteobacteria	Rhodobacterales	Paracoccaceae	Paracoccaceae sp.	Paracoccaceae sp.
C2153	Bacteria	Pseudomonadota	Alphaproteobacteria	Rhodobacterales	Paracoccaceae	Paracoccus	Paracoccus sp.
C2155	NA	NA sp.	NA sp.	NA sp.	NA sp.	NA sp.	NA sp.
C2157	Bacteria	Actinomycetota	Actinobacteria	Micrococcales	Brevibacteriaceae	Sediminivirga	Sediminivirga luteola
C2158	Bacteria	Pseudomonadota	Gammaproteobacteria	Lysobacterales	Lysobacteraceae	Pseudoxanthomonas	Pseudoxanthomonas sp.
C2159	Bacteria	Pseudomonadota	Alphaproteobacteria	Rhodospirillales	Incertae Sedis	Incertae Sedis	Incertae Sedis sp.
C2161	Bacteria	Pseudomonadota	Gammaproteobacteria	Burkholderiales	Comamonadaceae	Comamonadaceae sp.	Comamonadaceae sp.
C2162	Bacteria	Bacteroidota	Bacteroidia	Chitinophagales	Chitinophagaceae	Incertae Sedis	Incertae Sedis sp.
C2163	Bacteria	Bacteroidota	Bacteroidia	Sphingobacteriales	Sphingobacteriaceae	Sphingobacteriaceae sp.	Sphingobacteriaceae sp.
C2166	Bacteria	Pseudomonadota	Gammaproteobacteria	Pseudomonadales	Moraxellaceae	Acinetobacter	Acinetobacter sp.
C2168	Bacteria	Pseudomonadota	Alphaproteobacteria	Hyphomicrobiales	Kaistiaceae	Kaistia	uncultured bacterium
C2169	Bacteria	Bacteroidota	Bacteroidia	Flavobacteriales	Weeksellaceae	Moheibacter	Moheibacter stercoris
C2172	Bacteria	Pseudomonadota	Gammaproteobacteria	Pseudomonadales	Pseudomonadaceae	Pseudomonas	uncultured bacterium
C2174	Bacteria	Actinomycetota	Actinobacteria	Mycobacteriales	Mycobacteriaceae	Mycobacterium	Mycobacterium sp.
C2175	Bacteria	Actinomycetota	Actinobacteria	Micrococcales	Sanguibacteraceae	Flavimobilis	uncultured bacterium
C2176	Bacteria	Pseudomonadota	Gammaproteobacteria	Pseudomonadales	Pseudomonadaceae	Pseudomonas	Pseudomonas sp.
C2179	Bacteria	Bacillota	Clostridia	Lachnospirales	Lachnospiraceae	Lachnoclostridium	Lachnoclostridium sp.
C2180	Bacteria	Verrucomicrobiota	Verrucomicrobiia	Verrucomicrobiales	Rubritaleaceae	Luteolibacter	Luteolibacter sp.
C2183	Bacteria	Pseudomonadota	Gammaproteobacteria	Lysobacterales	Lysobacteraceae	Stenotrophomonas	Stenotrophomonas sp.
C2186	Bacteria	Bacteroidota	Bacteroidia	Cytophagales	Cytophagaceae	Siphonobacter	Siphonobacter sp.
C2188	Bacteria	Pseudomonadota	Alphaproteobacteria	Sphingomonadales	Sphingomonadaceae	Sphingopyxis	Sphingopyxis sp.
C2190	Bacteria	Bacillota	Bacilli	Bacillales	Planococcaceae	Lysinibacillus	Lysinibacillus sp.
C2193	Bacteria	Pseudomonadota	Gammaproteobacteria	Pseudomonadales	Cellvibrionaceae	Cellvibrio	uncultured bacterium
C2200	Bacteria	Bacillota	Bacilli	Paenibacillales	Paenibacillaceae	Paenibacillaceae sp.	Paenibacillaceae sp.
C2203	Bacteria	Actinomycetota	Actinobacteria	Micrococcales	Sanguibacteraceae	Flavimobilis	Flavimobilis sp.
C2209	Bacteria	Bacteroidota	Bacteroidia	Cytophagales	Spirosomataceae	Spirosomataceae sp.	Spirosomataceae sp.
C2216	Bacteria	Pseudomonadota	Alphaproteobacteria	Elsterales	Elsteraceae	Incertae Sedis	uncultured bacterium
C2220	Bacteria	Pseudomonadota	Gammaproteobacteria	Enterobacterales	Enterobacteriaceae	Citrobacter	Citrobacter sp.
C2223	Bacteria	Bacteroidota	Bacteroidia	Cytophagales	Spirosomataceae	Incertae Sedis	uncultured bacterium
C2226	Bacteria	Patescibacteria	Parcubacteria	Parcubacteria sp.	Parcubacteria sp.	Parcubacteria sp.	Parcubacteria sp.
C2228	Bacteria	Pseudomonadota	Alphaproteobacteria	Hyphomicrobiales	Rhizobiaceae	Rhizobiaceae sp.	Rhizobiaceae sp.
C2230	Bacteria	Bacillota	Clostridia	Lachnospirales	Lachnospiraceae	Lachnospiraceae sp.	Lachnospiraceae sp.
C2231	Bacteria	Pseudomonadota	Gammaproteobacteria	Gammaproteobacteria sp.	Gammaproteobacteria sp.	Gammaproteobacteria sp.	Gammaproteobacteria sp.
C2234	Bacteria	Pseudomonadota	Gammaproteobacteria	Lysobacterales	Lysobacteraceae	Lysobacteraceae sp.	Lysobacteraceae sp.
C2236	Bacteria	Pseudomonadota	Alphaproteobacteria	Hyphomicrobiales	Rhizobiaceae	Rhizobiaceae sp.	Rhizobiaceae sp.
C2237	Bacteria	Pseudomonadota	Gammaproteobacteria	Burkholderiales	Neisseriaceae	Vitreoscilla	Vitreoscilla sp.
C2238	Bacteria	Pseudomonadota	Gammaproteobacteria	Pseudomonadales	Alcanivoracaceae1	Alcanivorax	Alcanivorax pacificus W11-5
C2240	NA	SAR	Alveolata	Apicomplexa	Conoidasida	Cryptosporida	Cryptosporidium
C2241	Bacteria	Pseudomonadota	Alphaproteobacteria	Hyphomicrobiales	Beijerinckiaceae	Camelimonas	Camelimonas sp.
C2242	Bacteria	Pseudomonadota	Alphaproteobacteria	Hyphomicrobiales	A0839	Incertae Sedis	uncultured bacterium
C2245	Bacteria	Pseudomonadota	Gammaproteobacteria	Pseudomonadales	Moraxellaceae	Acinetobacter	uncultured bacterium
C2247	Bacteria	Bacteroidota	Bacteroidia	Cytophagales	Spirosomataceae	Persicitalea	Persicitalea sp.
C2249	Bacteria	Pseudomonadota	Gammaproteobacteria	Pseudomonadales	Cellvibrionaceae	Cellvibrio	uncultured bacterium
C2254	Bacteria	Bacteroidota	Bacteroidia	Cytophagales	Spirosomataceae	Persicitalea	Persicitalea sp.
C2257	Bacteria	Bacteroidota	Bacteroidia	Flavobacteriales	Flavobacteriaceae	Flavobacterium	Flavobacterium sp.
C2258	Bacteria	Bacteroidota	Bacteroidia	Bacteroidales	Dysgonomonadaceae	Dysgonomonas	uncultured bacterium
C2259	Bacteria	Bacillota	Bacilli	Bacillales	Bacillaceae	Bacillaceae sp.	Bacillaceae sp.
C2260	Bacteria	Pseudomonadota	Gammaproteobacteria	Lysobacterales	Lysobacteraceae	Pseudoxanthomonas	Pseudoxanthomonas sp.
C2261	Bacteria	Pseudomonadota	Alphaproteobacteria	Micavibrionales	Incertae Sedis	Incertae Sedis	uncultured bacterium
C2262	Bacteria	Pseudomonadota	Gammaproteobacteria	Lysobacterales	Lysobacteraceae	Pseudoxanthomonas	Pseudoxanthomonas sp.
C2263	Bacteria	Bacteroidota	Bacteroidia	Cytophagales	Spirosomataceae	Persicitalea	Persicitalea sp.
C2265	NA	Amorphea	Obazoa	Opisthokonta	Holozoa	Choanozoa	Metazoa
C2267	Bacteria	Pseudomonadota	Gammaproteobacteria	Pseudomonadales	Pseudomonadaceae	Pseudomonas	Pseudomonas sp.
C2271	Bacteria	Bacteroidota	Bacteroidia	Chitinophagales	Chitinophagaceae	Gynurincola	Gynurincola sp.
C2273	Bacteria	Planctomycetota	Planctomycetes	Planctomycetales	Rubinisphaeraceae	Planctomicrobium	Planctomicrobium sp.
C2274	Bacteria	Bacteroidota	Bacteroidia	Cytophagales	Spirosomataceae	Dyadobacter	Dyadobacter sp.
C2275	Bacteria	Bacteroidota	Bacteroidia	Flavobacteriales	Weeksellaceae	Weeksella	uncultured bacterium
C2278	Bacteria	Pseudomonadota	Gammaproteobacteria	Pseudomonadales	Moraxellaceae	Acinetobacter	Acinetobacter sp.
C2282	Bacteria	Bacillota	Bacilli	Paenibacillales	Paenibacillaceae	Cohnella	Cohnella sp.
C2285	Bacteria	Pseudomonadota	Alphaproteobacteria	Hyphomicrobiales	Hyphomicrobiales sp.	Hyphomicrobiales sp.	Hyphomicrobiales sp.
C2287	Bacteria	Bacteroidota	Bacteroidia	Chitinophagales	Chitinophagaceae	Incertae Sedis	Bacteroidetes bacterium 47-18
C2291	Bacteria	Pseudomonadota	Alphaproteobacteria	Caulobacterales	Caulobacteraceae	Brevundimonas	Brevundimonas sp.
C2293	Bacteria	Pseudomonadota	Gammaproteobacteria	Pseudomonadales	Moraxellaceae	Acinetobacter	Acinetobacter sp.
C2295	Bacteria	Pseudomonadota	Gammaproteobacteria	Pseudomonadales	Pseudomonadaceae	Pseudomonas	metagenome
C2297	Bacteria	Pseudomonadota	Gammaproteobacteria	Gammaproteobacteria sp.	Gammaproteobacteria sp.	Gammaproteobacteria sp.	Gammaproteobacteria sp.
C2298	Bacteria	Pseudomonadota	Gammaproteobacteria	Pseudomonadales	Pseudomonadales sp.	Pseudomonadales sp.	Pseudomonadales sp.
C2299	Bacteria	Bacteroidota	Bacteroidia	Flavobacteriales	Flavobacteriaceae	Flavobacterium	uncultured bacterium
C2301	Bacteria	Bacillota	Clostridia	Lachnospirales	Lachnospiraceae	Lachnoclostridium	Lachnoclostridium sp.
C2302	Bacteria	Pseudomonadota	Gammaproteobacteria	Lysobacterales	Lysobacteraceae	Pseudoxanthomonas	Azotobacter chroococcum
C2303	Bacteria	Pseudomonadota	Gammaproteobacteria	Pseudomonadales	Cellvibrionaceae	Cellvibrio	uncultured bacterium
C2306	Unknown	Unknown	Unknown	Unknown	Unknown	Unknown	Unknown
C2308	Bacteria	Pseudomonadota	Gammaproteobacteria	Pseudomonadales	Alcanivoracaceae1	Alcanivorax	Alcanivorax sp.
C2310	Bacteria	Pseudomonadota	Gammaproteobacteria	Gammaproteobacteria sp.	Gammaproteobacteria sp.	Gammaproteobacteria sp.	Gammaproteobacteria sp.
C2311	Bacteria	Pseudomonadota	Gammaproteobacteria	Burkholderiales	Comamonadaceae	Comamonadaceae sp.	Comamonadaceae sp.
C2312	Bacteria	Bacillota	Bacilli	Bacilli sp.	Bacilli sp.	Bacilli sp.	Bacilli sp.
C2313	Bacteria	Bacteroidota	Bacteroidia	Sphingobacteriales	Sphingobacteriaceae	Olivibacter	Parapedobacter sp.
C2315	Unknown	Unknown	Unknown	Unknown	Unknown	Unknown	Unknown
C2316	Bacteria	Pseudomonadota	Alphaproteobacteria	Rhodobacterales	Paracoccaceae	Paracoccaceae sp.	Paracoccaceae sp.
C2318	Bacteria	Bacteroidota	Bacteroidia	Bacteroidales	Dysgonomonadaceae	Dysgonomonas	Dysgonomonas sp.
C2322	Bacteria	Pseudomonadota	Alphaproteobacteria	Sphingomonadales	Sphingomonadaceae	Sphingomonadaceae sp.	Sphingomonadaceae sp.
C2323	Bacteria	Pseudomonadota	Gammaproteobacteria	Pseudomonadales	Pseudomonadaceae	Pseudomonas	Pseudomonas sp.
C2324	Bacteria	Bacteroidota	Bacteroidia	Flavobacteriales	Flavobacteriaceae	Myroides	Myroides sp.
C2327	Bacteria	Bdellovibrionota	Oligoflexia	Oligoflexales	Oligoflexaceae	Incertae Sedis	metagenome
C2331	Bacteria	Pseudomonadota	Gammaproteobacteria	Enterobacterales	Enterobacteriaceae	Escherichia-Shigella	Escherichia-Shigella sp.
C2332	Bacteria	Actinomycetota	Actinobacteria	Micrococcales	Micrococcales sp.	Micrococcales sp.	Micrococcales sp.
C2333	Bacteria	Bacteroidota	Bacteroidia	Flavobacteriales	Flavobacteriaceae	Flavobacterium	Flavobacterium sp.
C2336	Bacteria	Pseudomonadota	Gammaproteobacteria	Lysobacterales	Lysobacteraceae	Luteimonas	uncultured bacterium
C2341	Bacteria	Pseudomonadota	Alphaproteobacteria	Rhodobacterales	Paracoccaceae	Paracoccaceae sp.	Paracoccaceae sp.
C2343	NA	Amorphea	Obazoa	Opisthokonta	Holozoa	Choanozoa	Metazoa
C2344	Bacteria	Bacteroidota	Bacteroidia	Cytophagales	Cytophagaceae	Siphonobacter	Siphonobacter sp.
C2345	Bacteria	Pseudomonadota	Gammaproteobacteria	Enterobacterales	Enterobacterales sp.	Enterobacterales sp.	Enterobacterales sp.
C2346	Bacteria	Actinomycetota	Actinobacteria	Micrococcales	Microbacteriaceae	Leucobacter	Leucobacter sp.
C2348	Bacteria	Bacillota	Bacilli	Paenibacillales	Paenibacillaceae	Paenibacillus	uncultured bacterium
C2349	Bacteria	Bacteroidota	Bacteroidia	Cytophagales	Cytophagaceae	Cytophaga	uncultured bacterium
C2350	Bacteria	Pseudomonadota	Gammaproteobacteria	Pseudomonadales	Pseudomonadaceae	Azotobacter	Azotobacter chroococcum
C2351	Bacteria	Bacteroidota	Bacteroidia	Cytophagales	Spirosomataceae	Leadbetterella	uncultured bacterium
C2352	Bacteria	Bacteroidota	Bacteroidia	Sphingobacteriales	Sphingobacteriaceae	Sphingobacterium	Sphingobacterium sp. G2-10
C2353	Bacteria	Actinomycetota	Actinobacteria	Frankiales	Nakamurellaceae	Nakamurella	Nakamurella sp.
C2354	Bacteria	Actinomycetota	Actinobacteria	Micrococcales	Micrococcales sp.	Micrococcales sp.	Micrococcales sp.
C2355	Bacteria	Pseudomonadota	Gammaproteobacteria	Enterobacterales	Morganellaceae	Providencia	Providencia sp.
C2356	Bacteria	Pseudomonadota	Gammaproteobacteria	Gammaproteobacteria sp.	Gammaproteobacteria sp.	Gammaproteobacteria sp.	Gammaproteobacteria sp.
C2357	Bacteria	Bacillota	Bacilli	Paenibacillales	Paenibacillaceae	Paenibacillus	Paenibacillus sp.
C2359	Bacteria	Pseudomonadota	Gammaproteobacteria	Burkholderiales	Comamonadaceae	Lampropedia	Lampropedia sp.
C2360	Bacteria	Pseudomonadota	Gammaproteobacteria	Gammaproteobacteria sp.	Gammaproteobacteria sp.	Gammaproteobacteria sp.	Gammaproteobacteria sp.
C2361	Unknown	Unknown	Unknown	Unknown	Unknown	Unknown	Unknown
C2363	Bacteria	Bacteroidota	Bacteroidia	Sphingobacteriales	Sphingobacteriaceae	Pedobacter	Pedobacter sp. HME6451
C2366	Bacteria	Bacteroidota	Bacteroidia	Flavobacteriales	Flavobacteriaceae	Flavobacterium	uncultured bacterium
C2367	Bacteria	Pseudomonadota	Gammaproteobacteria	Lysobacterales	Lysobacteraceae	Stenotrophomonas	Stenotrophomonas sp.
C2368	Bacteria	Pseudomonadota	Gammaproteobacteria	Enterobacterales	Alteromonadaceae	Alteromonadaceae sp.	Alteromonadaceae sp.
C2370	Bacteria	Pseudomonadota	Alphaproteobacteria	Caulobacterales	Caulobacteraceae	Brevundimonas	Brevundimonas sp.
C2371	Bacteria	Pseudomonadota	Alphaproteobacteria	Hyphomicrobiales	A0839	Incertae Sedis	uncultured bacterium
C2372	Bacteria	Pseudomonadota	Gammaproteobacteria	Pseudomonadales	Alcanivoracaceae1	Alcanivorax	Alcanivorax sp.
C2373	Bacteria	Pseudomonadota	Gammaproteobacteria	Pseudomonadales	Moraxellaceae	Acinetobacter	Acinetobacter sp.
C2374	Bacteria	Bacteroidota	Bacteroidia	Bacteroidia sp.	Bacteroidia sp.	Bacteroidia sp.	Bacteroidia sp.
C2377	Bacteria	Pseudomonadota	Gammaproteobacteria	Gammaproteobacteria sp.	Gammaproteobacteria sp.	Gammaproteobacteria sp.	Gammaproteobacteria sp.
C2379	Bacteria	Bacteroidota	Bacteroidia	Bacteroidales	Dysgonomonadaceae	Dysgonomonas	Dysgonomonas sp.
C2380	Bacteria	Pseudomonadota	Gammaproteobacteria	Gammaproteobacteria sp.	Gammaproteobacteria sp.	Gammaproteobacteria sp.	Gammaproteobacteria sp.
C2385	Bacteria	Bacillota	Clostridia	Peptostreptococcales-Tissierellales	Natronincolaceae	Alkaliphilus	uncultured bacterium
C2386	Bacteria	Actinomycetota	Actinobacteria	Micrococcales	Microbacteriaceae	Microbacteriaceae sp.	Microbacteriaceae sp.
C2389	Bacteria	Bacillota	Bacilli	Erysipelotrichales	Erysipelotrichaceae	Erysipelothrix	Erysipelothrix sp.
C2390	Bacteria	Pseudomonadota	Gammaproteobacteria	Gammaproteobacteria sp.	Gammaproteobacteria sp.	Gammaproteobacteria sp.	Gammaproteobacteria sp.
C2391	Bacteria	Pseudomonadota	Gammaproteobacteria	Gammaproteobacteria sp.	Gammaproteobacteria sp.	Gammaproteobacteria sp.	Gammaproteobacteria sp.
C2395	Bacteria	Pseudomonadota	Alphaproteobacteria	Hyphomicrobiales	Devosiaceae	Devosia	uncultured bacterium
C2396	Bacteria	Bacillota	Bacilli	Paenibacillales	Paenibacillaceae	Paenibacillus	uncultured bacterium
C2398	Bacteria	Bacteroidota	Bacteroidia	Sphingobacteriales	Sphingobacteriaceae	Sphingobacterium	Sphingobacterium sp.
C2399	Bacteria	Bacteroidota	Bacteroidia	Flavobacteriales	Weeksellaceae	Empedobacter	Empedobacter brevis
C2400	Bacteria	Pseudomonadota	Gammaproteobacteria	Burkholderiales	Comamonadaceae	Lampropedia	Lampropedia sp.
C2401	Bacteria	Actinomycetota	Actinobacteria	Micrococcales	Microbacteriaceae	Leucobacter	Leucobacter sp.
C2403	Unknown	Unknown	Unknown	Unknown	Unknown	Unknown	Unknown
C2405	Bacteria	Pseudomonadota	Gammaproteobacteria	Burkholderiales	Burkholderiales sp.	Burkholderiales sp.	Burkholderiales sp.
C2408	Bacteria	Pseudomonadota	Gammaproteobacteria	Burkholderiales	Comamonadaceae	Comamonas	Comamonas sp.
C2413	Bacteria	Pseudomonadota	Gammaproteobacteria	Burkholderiales	Comamonadaceae	Comamonas	Comamonas sp.
C2417	Bacteria	Actinomycetota	Actinobacteria	Micrococcales	Microbacteriaceae	Leucobacter	Leucobacter sp.
C2418	Bacteria	Bacillota	Clostridia	Clostridia vadinBB60 group	Incertae Sedis	Incertae Sedis	uncultured bacterium
C2419	Bacteria	Pseudomonadota	Pseudomonadota sp.	Pseudomonadota sp.	Pseudomonadota sp.	Pseudomonadota sp.	Pseudomonadota sp.
C2421	Bacteria	Actinomycetota	Actinobacteria	Micrococcales	Microbacteriaceae	Clavibacter	Clavibacter sp.
C2422	Bacteria	Pseudomonadota	Gammaproteobacteria	Enterobacterales	Alteromonadaceae	Incertae Sedis	uncultured bacterium
C2424	Bacteria	Actinomycetota	Actinobacteria	Micrococcales	Beutenbergiaceae	Beutenbergiaceae sp.	Beutenbergiaceae sp.
C2425	Unknown	Unknown	Unknown	Unknown	Unknown	Unknown	Unknown
C2435	Bacteria	Bacteroidota	Bacteroidia	Sphingobacteriales	Sphingobacteriaceae	Sphingobacterium	Sphingobacterium sp. G2-10
C2439	Bacteria	Bacteroidota	Bacteroidia	Sphingobacteriales	Sphingobacteriaceae	Olivibacter	uncultured bacterium
C2442	Bacteria	Actinomycetota	Actinobacteria	Actinobacteria sp.	Actinobacteria sp.	Actinobacteria sp.	Actinobacteria sp.
C2443	Bacteria	Pseudomonadota	Gammaproteobacteria	Pseudomonadales	Moraxellaceae	Acinetobacter	Acinetobacter sp.
C2444	Bacteria	Bacteroidota	Bacteroidia	Sphingobacteriales	Sphingobacteriaceae	Sphingobacteriaceae sp.	Sphingobacteriaceae sp.
C2447	Bacteria	Pseudomonadota	Gammaproteobacteria	Lysobacterales	Lysobacteraceae	Stenotrophomonas	Stenotrophomonas sp.
C2448	Bacteria	Pseudomonadota	Gammaproteobacteria	Burkholderiales	Comamonadaceae	Comamonadaceae sp.	Comamonadaceae sp.
C2449	Bacteria	Bacteroidota	Bacteroidia	Chitinophagales	Chitinophagaceae	Chitinophagaceae sp.	Chitinophagaceae sp.
C2453	Bacteria	Bacillota	Bacilli	Lactobacillales	Lactobacillaceae	Leuconostoc	Leuconostoc sp.
C2454	Bacteria	Pseudomonadota	Gammaproteobacteria	Burkholderiales	Comamonadaceae	Lampropedia	Lampropedia hyalina
C2456	Bacteria	Pseudomonadota	Gammaproteobacteria	Enterobacterales	Alteromonadaceae	Alteromonadaceae sp.	Alteromonadaceae sp.
C2457	Bacteria	Pseudomonadota	Gammaproteobacteria	Gammaproteobacteria sp.	Gammaproteobacteria sp.	Gammaproteobacteria sp.	Gammaproteobacteria sp.
C2459	Bacteria	Pseudomonadota	Gammaproteobacteria	Gammaproteobacteria sp.	Gammaproteobacteria sp.	Gammaproteobacteria sp.	Gammaproteobacteria sp.
C2460	Unknown	Unknown	Unknown	Unknown	Unknown	Unknown	Unknown
C2462	Bacteria	Pseudomonadota	Gammaproteobacteria	Gammaproteobacteria sp.	Gammaproteobacteria sp.	Gammaproteobacteria sp.	Gammaproteobacteria sp.
C2463	Bacteria	Bacteroidota	Bacteroidia	Flavobacteriales	Weeksellaceae	Weeksellaceae sp.	Weeksellaceae sp.
C2464	Bacteria	Pseudomonadota	Gammaproteobacteria	Burkholderiales	Comamonadaceae	Comamonas	Comamonas sp.
C2466	Bacteria	Pseudomonadota	Alphaproteobacteria	Hyphomicrobiales	Hyphomicrobiales sp.	Hyphomicrobiales sp.	Hyphomicrobiales sp.
C2467	Bacteria	Bacteroidota	Bacteroidia	Cytophagales	Spirosomataceae	Leadbetterella	uncultured bacterium
C2469	Bacteria	Bacteroidota	Bacteroidia	Cytophagales	Spirosomataceae	Leadbetterella	uncultured bacterium
C2470	Bacteria	Pseudomonadota	Gammaproteobacteria	Gammaproteobacteria sp.	Gammaproteobacteria sp.	Gammaproteobacteria sp.	Gammaproteobacteria sp.
C2471	Bacteria	Bacteroidota	Bacteroidia	Sphingobacteriales	Sphingobacteriaceae	Sphingobacterium	Sphingobacterium sp. THG-SQA4
C2472	Bacteria	Planctomycetota	Planctomycetes	Planctomycetales	Rubinisphaeraceae	Planctomicrobium	Planctomicrobium sp.
C2473	Bacteria	Pseudomonadota	Gammaproteobacteria	Pseudomonadales	Pseudomonadaceae	Pseudomonas	Pseudomonas sp.
C2475	Bacteria	Bacillota	Bacilli	Paenibacillales	Paenibacillaceae	Paenibacillus	uncultured bacterium
C2476	Bacteria	Bacillota	Bacilli	Erysipelotrichales	Erysipelotrichaceae	Erysipelothrix	Erysipelothrix sp.
C2478	Bacteria	Pseudomonadota	Gammaproteobacteria	Pseudomonadales	Moraxellaceae	Acinetobacter	Acinetobacter sp.
C2479	Bacteria	Bacillota	Bacilli	Paenibacillales	Paenibacillaceae	Paenibacillus	Paenibacillus sp.
C2480	Bacteria	Bacteroidota	Bacteroidia	Flavobacteriales	Weeksellaceae	Moheibacter	Moheibacter sp.
C2482	Bacteria	Pseudomonadota	Gammaproteobacteria	Enterobacterales	Alteromonadaceae	Alteromonadaceae sp.	Alteromonadaceae sp.
C2483	Bacteria	Pseudomonadota	Gammaproteobacteria	Gammaproteobacteria sp.	Gammaproteobacteria sp.	Gammaproteobacteria sp.	Gammaproteobacteria sp.
C2484	Bacteria	Pseudomonadota	Gammaproteobacteria	Gammaproteobacteria sp.	Gammaproteobacteria sp.	Gammaproteobacteria sp.	Gammaproteobacteria sp.
C2485	Bacteria	Bacteroidota	Bacteroidia	Bacteroidales	Dysgonomonadaceae	Dysgonomonas	Dysgonomonas sp.
C2488	Bacteria	Pseudomonadota	Gammaproteobacteria	Burkholderiales	Comamonadaceae	Lampropedia	Lampropedia sp.
C2489	Bacteria	Bacteroidota	Bacteroidia	Cytophagales	Spirosomataceae	Leadbetterella	uncultured bacterium
C2490	Bacteria	Bacillota	Bacilli	Erysipelotrichales	Erysipelotrichaceae	Breznakia	uncultured bacterium
C2498	Bacteria	Pseudomonadota	Gammaproteobacteria	Lysobacterales	Lysobacteraceae	Thermomonas	uncultured bacterium
C2499	Bacteria	Bacteroidota	Bacteroidia	Sphingobacteriales	Sphingobacteriaceae	Sphingobacterium	Sphingobacterium sp.
C2500	Bacteria	Pseudomonadota	Alphaproteobacteria	Rhodobacterales	Paracoccaceae	Paracoccus	Paracoccus sp.
C2501	Bacteria	Bacteroidota	Bacteroidia	Sphingobacteriales	Sphingobacteriaceae	Sphingobacterium	Sphingobacterium sp.
C2506	Unknown	Unknown	Unknown	Unknown	Unknown	Unknown	Unknown
C2507	Bacteria	Bacteroidota	Bacteroidia	Cytophagales	Spirosomataceae	Persicitalea	Persicitalea sp.
C2509	Bacteria	Actinomycetota	Actinobacteria	Micrococcales	Microbacteriaceae	Microbacterium	Microbacterium sp.
C2510	Bacteria	Actinomycetota	Actinobacteria	Micrococcales	Microbacteriaceae	Microbacteriaceae sp.	Microbacteriaceae sp.
C2511	Bacteria	Pseudomonadota	Gammaproteobacteria	Lysobacterales	Lysobacteraceae	Stenotrophomonas	Stenotrophomonas sp.
C2513	Bacteria	Pseudomonadota	Gammaproteobacteria	Gammaproteobacteria sp.	Gammaproteobacteria sp.	Gammaproteobacteria sp.	Gammaproteobacteria sp.
C2514	Bacteria	Bacteroidota	Bacteroidia	Flavobacteriales	Flavobacteriaceae	Flavobacterium	Flavobacterium sp.
C2520	Bacteria	Pseudomonadota	Alphaproteobacteria	Rhodobacterales	Paracoccaceae	Ketogulonicigenium	Ketogulonicigenium sp.
C2521	Bacteria	Pseudomonadota	Alphaproteobacteria	Rhodobacterales	Paracoccaceae	Paracoccaceae sp.	Paracoccaceae sp.
C2522	Bacteria	Pseudomonadota	Alphaproteobacteria	Sphingomonadales	Sphingomonadaceae	Sphingomonadaceae sp.	Sphingomonadaceae sp.
C2524	Bacteria	Actinomycetota	Actinobacteria	Mycobacteriales	Nocardiaceae	Rhodococcus	Rhodococcus sp.
C2526	Bacteria	Pseudomonadota	Gammaproteobacteria	Lysobacterales	Lysobacteraceae	Stenotrophomonas	Stenotrophomonas sp.
C2528	Bacteria	Bacteroidota	Bacteroidia	Flavobacteriales	Weeksellaceae	Moheibacter	Moheibacter stercoris
C2529	Bacteria	Pseudomonadota	Gammaproteobacteria	Pseudomonadales	Cellvibrionaceae	Cellvibrio	uncultured bacterium
C2530	Bacteria	Bacteroidota	Bacteroidia	Sphingobacteriales	Sphingobacteriaceae	Sphingobacterium	uncultured bacterium
C2531	Bacteria	Bacteroidota	Bacteroidia	Flavobacteriales	Weeksellaceae	Moheibacter	Moheibacter stercoris
C2532	Bacteria	Pseudomonadota	Gammaproteobacteria	Pseudomonadales	Moraxellaceae	Acinetobacter	Acinetobacter sp.
C2533	Bacteria	Bacillota	Bacilli	Paenibacillales	Paenibacillaceae	Cohnella	Cohnella sp.
C2534	Bacteria	Bacteroidota	Bacteroidia	Cytophagales	Spirosomataceae	Dyadobacter	Dyadobacter sp.
C2535	Bacteria	Bacillota	Bacilli	Bacillales	Marinococcaceae	Geomicrobium	Geomicrobium sediminis
C2536	Bacteria	Bacteroidota	Bacteroidia	Sphingobacteriales	Sphingobacteriaceae	Sphingobacterium	Sphingobacterium sp.
C2539	Bacteria	Bacillota	Bacilli	Paenibacillales	Paenibacillaceae	Paenibacillus	uncultured bacterium
C2540	Bacteria	Bacteroidota	Bacteroidia	Cytophagales	Spirosomataceae	Persicitalea	Persicitalea sp.
C2542	Bacteria	Pseudomonadota	Gammaproteobacteria	Enterobacterales	Morganellaceae	Providencia	Providencia sp.
C2544	Bacteria	Bacteroidota	Bacteroidia	Cytophagales	Spirosomataceae	Dyadobacter	Dyadobacter sp.
C2547	Bacteria	Pseudomonadota	Alphaproteobacteria	Caulobacterales	Caulobacteraceae	Brevundimonas	Brevundimonas sp.
C2548	Bacteria	Bacillota	Bacilli	Erysipelotrichales	Erysipelatoclostridiaceae	Massiliomicrobiota	uncultured bacterium
C2553	Bacteria	Bacteroidota	Bacteroidia	Sphingobacteriales	Sphingobacteriaceae	Sphingobacterium	Flavobacterium sp.
C2555	Bacteria	Bacillota	Bacilli	Paenibacillales	Paenibacillaceae	Paenibacillus	uncultured bacterium
C2556	Bacteria	Pseudomonadota	Gammaproteobacteria	Lysobacterales	Lysobacteraceae	Pseudoxanthomonas	Pseudoxanthomonas sp.
C2561	Bacteria	Pseudomonadota	Pseudomonadota sp.	Pseudomonadota sp.	Pseudomonadota sp.	Pseudomonadota sp.	Pseudomonadota sp.
C2562	Bacteria	Pseudomonadota	Gammaproteobacteria	Lysobacterales	Lysobacteraceae	Lysobacteraceae sp.	Lysobacteraceae sp.
C2564	Bacteria	Bacillota	Bacilli	Paenibacillales	Paenibacillaceae	Paenibacillus	Paenibacillus sp.
C2565	Bacteria	Pseudomonadota	Gammaproteobacteria	Enterobacterales	Morganellaceae	Providencia	Providencia sp.
C2566	Bacteria	Pseudomonadota	Gammaproteobacteria	Pseudomonadales	Moraxellaceae	Acinetobacter	Acinetobacter baumannii
C2567	Bacteria	Pseudomonadota	Alphaproteobacteria	Rickettsiales	Rickettsiaceae	Rickettsia	Rickettsia sp.
C2568	Bacteria	Pseudomonadota	Alphaproteobacteria	Rhodobacterales	Paracoccaceae	Paracoccaceae sp.	Paracoccaceae sp.
C2569	Bacteria	Bacteroidota	Bacteroidia	Chitinophagales	Chitinophagaceae	Incertae Sedis	uncultured bacterium
C2570	Bacteria	Pseudomonadota	Gammaproteobacteria	Pseudomonadales	Moraxellaceae	Acinetobacter	Acinetobacter sp.
C2571	Bacteria	Bacteroidota	Bacteroidia	Bacteroidales	Dysgonomonadaceae	Dysgonomonas	Dysgonomonas sp.
C2573	Bacteria	Pseudomonadota	Gammaproteobacteria	Lysobacterales	Lysobacteraceae	Lysobacteraceae sp.	Lysobacteraceae sp.
C2576	Bacteria	Pseudomonadota	Gammaproteobacteria	Enterobacterales	Morganellaceae	Providencia	Providencia sp.
C2578	Bacteria	Pseudomonadota	Alphaproteobacteria	Rhodobacterales	Paracoccaceae	Paracoccaceae sp.	Paracoccaceae sp.
C2579	Bacteria	Pseudomonadota	Gammaproteobacteria	Enterobacterales	Morganellaceae	Providencia	Providencia sp.
C2580	Bacteria	Pseudomonadota	Alphaproteobacteria	Hyphomicrobiales	Devosiaceae	Devosia	Devosia sp.
C2581	Unknown	Unknown	Unknown	Unknown	Unknown	Unknown	Unknown
C2582	Bacteria	Bacteroidota	Bacteroidia	Sphingobacteriales	Sphingobacteriaceae	Sphingobacterium	Sphingobacterium sp.
C2584	Bacteria	Bacteroidota	Bacteroidia	Sphingobacteriales	Sphingobacteriaceae	Sphingobacterium	Sphingobacterium psychroaquaticum
C2585	Bacteria	Bdellovibrionota	Bacteriovoracia	Bacteriovoracales	Bacteriovoracaceae	Bacteriovorax	uncultured bacterium
C2587	Bacteria	Bacteroidota	Bacteroidia	Chitinophagales	Chitinophagaceae	Taibaiella	uncultured bacterium
C2589	Unknown	Unknown	Unknown	Unknown	Unknown	Unknown	Unknown
C2590	Unknown	Unknown	Unknown	Unknown	Unknown	Unknown	Unknown
C2596	Bacteria	Actinomycetota	Actinobacteria	Micrococcales	Microbacteriaceae	Leucobacter	Leucobacter sp.
C2599	Bacteria	Pseudomonadota	Alphaproteobacteria	Hyphomicrobiales	Hyphomicrobiales sp.	Hyphomicrobiales sp.	Hyphomicrobiales sp.
C2604	Bacteria	Bacteroidota	Bacteroidia	Cytophagales	Spirosomataceae	Persicitalea	Persicitalea sp.
C2605	Bacteria	Actinomycetota	Actinobacteria	Micrococcales	Microbacteriaceae	Microbacteriaceae sp.	Microbacteriaceae sp.
C2607	Bacteria	Pseudomonadota	Alphaproteobacteria	Caulobacterales	Caulobacteraceae	Brevundimonas	Brevundimonas sp.
C2609	Bacteria	Bacteroidota	Bacteroidia	Sphingobacteriales	Sphingobacteriaceae	Sphingobacteriaceae sp.	Sphingobacteriaceae sp.
C2610	Bacteria	Pseudomonadota	Gammaproteobacteria	Burkholderiales	Comamonadaceae	Comamonas	Comamonas sp.
C2611	Bacteria	Pseudomonadota	Alphaproteobacteria	Caulobacterales	Caulobacteraceae	Asticcacaulis	uncultured bacterium
C2618	Bacteria	Bacillota	Bacilli	Paenibacillales	Paenibacillaceae	Paenibacillus	uncultured bacterium
C2619	Bacteria	Pseudomonadota	Alphaproteobacteria	Rhodobacterales	Paracoccaceae	Paracoccaceae sp.	Paracoccaceae sp.
C2620	Bacteria	Pseudomonadota	Gammaproteobacteria	Enterobacterales	Enterobacteriaceae	Enterobacteriaceae sp.	Enterobacteriaceae sp.
C2621	Bacteria	Pseudomonadota	Gammaproteobacteria	Enterobacterales	Morganellaceae	Providencia	Providencia sp.
C2622	Bacteria	Pseudomonadota	Gammaproteobacteria	Lysobacterales	Lysobacteraceae	Stenotrophomonas	Stenotrophomonas sp.
C2623	Unknown	Unknown	Unknown	Unknown	Unknown	Unknown	Unknown
C2624	Bacteria	Pseudomonadota	Gammaproteobacteria	Lysobacterales	Lysobacteraceae	Pseudoxanthomonas	Pseudoxanthomonas sp.
C2625	Bacteria	Pseudomonadota	Gammaproteobacteria	Enterobacterales	Enterobacteriaceae	Enterobacter	Enterobacter sp.
C2626	Bacteria	Pseudomonadota	Alphaproteobacteria	Rhodospirillales	Rhodospirillaceae	Rhodospirillum	Rhodospirillum sp.
C2627	Bacteria	Pseudomonadota	Gammaproteobacteria	Lysobacterales	Lysobacteraceae	Pseudoxanthomonas	Pseudoxanthomonas sp.
C2628	Bacteria	Bdellovibrionota	Oligoflexia	Silvanigrellales	Silvanigrellaceae	Silvanigrellaceae sp.	Silvanigrellaceae sp.
C2629	Bacteria	Actinomycetota	Thermoleophilia	Solirubrobacterales	Solirubrobacteraceae	Patulibacter	uncultured Patulibacter sp.
C2630	Bacteria	Pseudomonadota	Gammaproteobacteria	Lysobacterales	Lysobacteraceae	Stenotrophomonas	Stenotrophomonas sp.
C2631	Bacteria	Pseudomonadota	Gammaproteobacteria	Legionellales	Legionellaceae	Legionella	Legionella sp.
C2632	Bacteria	Pseudomonadota	Alphaproteobacteria	Rhodospirillales	Rhodospirillaceae	Rhodospirillum	Rhodospirillum sp.
C2635	Bacteria	Pseudomonadota	Gammaproteobacteria	Pseudomonadales	Cellvibrionaceae	Cellvibrio	uncultured bacterium
C2636	Bacteria	Bacteroidota	Bacteroidia	Sphingobacteriales	Sphingobacteriaceae	Sphingobacterium	Sphingobacterium sp.
C2637	Bacteria	Pseudomonadota	Alphaproteobacteria	Hyphomicrobiales	Rhizobiaceae	Rhizobiaceae sp.	Rhizobiaceae sp.
C2642	Unknown	Unknown	Unknown	Unknown	Unknown	Unknown	Unknown
C2644	Bacteria	Pseudomonadota	Alphaproteobacteria	Micavibrionales	Micavibrionaceae	Incertae Sedis	Incertae Sedis sp.
C2646	Unknown	Unknown	Unknown	Unknown	Unknown	Unknown	Unknown
C2647	Bacteria	Pseudomonadota	Alphaproteobacteria	Micavibrionales	Micavibrionaceae	Incertae Sedis	uncultured bacterium
C2652	Unknown	Unknown	Unknown	Unknown	Unknown	Unknown	Unknown
C2654	Unknown	Unknown	Unknown	Unknown	Unknown	Unknown	Unknown
C2655	Bacteria	Bacteroidota	Bacteroidia	Cytophagales	Spirosomataceae	Emticicia	Emticicia sp.
C2657	Bacteria	Pseudomonadota	Alphaproteobacteria	Hyphomicrobiales	Beijerinckiaceae	Pseudochelatococcus	Pseudochelatococcus lubricantis
C2660	Bacteria	Bdellovibrionota	Oligoflexia	Silvanigrellales	Silvanigrellaceae	Silvanigrellaceae sp.	Silvanigrellaceae sp.
C2661	Bacteria	Pseudomonadota	Alphaproteobacteria	Sphingomonadales	Sphingomonadaceae	Rhizorhabdus	Rhizorhabdus sp.
C2662	Bacteria	Bacteroidota	Bacteroidia	Cytophagales	Spirosomataceae	Persicitalea	Persicitalea sp.
C2665	Bacteria	Bacteroidota	Bacteroidia	Cytophagales	Spirosomataceae	Larkinella	Larkinella sp.
C2669	Bacteria	Pseudomonadota	Alphaproteobacteria	Incertae Sedis	Incertae Sedis	Incertae Sedis	Incertae Sedis sp.
C2670	Bacteria	Actinomycetota	Actinobacteria	Bifidobacteriales	Bifidobacteriaceae	Bifidobacterium	Bifidobacterium sp.
C2671	Unknown	Unknown	Unknown	Unknown	Unknown	Unknown	Unknown
C2673	Bacteria	Bacillota	Bacilli	Paenibacillales	Paenibacillaceae	Paenibacillus	Paenibacillus sp.
C2675	Unknown	Unknown	Unknown	Unknown	Unknown	Unknown	Unknown
C2676	Bacteria	Pseudomonadota	Alphaproteobacteria	Rickettsiales	Rickettsiaceae	Rickettsia	Rickettsia sp.
C2679	Bacteria	Pseudomonadota	Alphaproteobacteria	Caulobacterales	Caulobacteraceae	Phenylobacterium	Phenylobacterium sp.
C2681	Bacteria	Bacteroidota	Bacteroidia	Flavobacteriales	Flavobacteriaceae	Myroides	Myroides sp.
C2682	Bacteria	Bacteroidota	Bacteroidia	Chitinophagales	Chitinophagaceae	Filimonas	Filimonas sp. R5-375
C2685	Bacteria	Bacteroidota	Bacteroidia	Cytophagales	Spirosomataceae	Emticicia	Emticicia sp.
C2686	Bacteria	Verrucomicrobiota	Verrucomicrobiia	Chthoniobacterales	Chthoniobacteraceae	Chthoniobacteraceae sp.	Chthoniobacteraceae sp.
C2687	Bacteria	Pseudomonadota	Gammaproteobacteria	Lysobacterales	Lysobacteraceae	Luteimonas	uncultured bacterium
C2694	Bacteria	Planctomycetota	Planctomycetes	Planctomycetales	Rubinisphaeraceae	Rubinisphaera	Rubinisphaera brasiliensis
C2695	Bacteria	Bacteroidota	Bacteroidia	Bacteroidales	Dysgonomonadaceae	Dysgonomonas	Dysgonomonas sp.
C2696	Bacteria	Bacillota	Bacilli	Paenibacillales	Paenibacillaceae	Cohnella	Cohnella sp.
C2697	Bacteria	Verrucomicrobiota	Verrucomicrobiia	Verrucomicrobiales	Verrucomicrobiaceae	Phragmitibacter	uncultured bacterium
C2698	Bacteria	Pseudomonadota	Gammaproteobacteria	Burkholderiales	Comamonadaceae	Comamonadaceae sp.	Comamonadaceae sp.
C2706	Bacteria	Actinomycetota	Thermoleophilia	Solirubrobacterales	Solirubrobacteraceae	Patulibacter	Patulibacter sp.
C2709	Bacteria	Bacteroidota	Bacteroidia	Sphingobacteriales	Sphingobacteriaceae	Sphingobacterium	Sphingobacterium sp.
C2711	Unknown	Unknown	Unknown	Unknown	Unknown	Unknown	Unknown
C2715	Bacteria	Bacteroidota	Bacteroidia	Sphingobacteriales	Sphingobacteriaceae	Sphingobacterium	Sphingobacterium sp.
C2719	Bacteria	Bacillota	Clostridia	Lachnospirales	Lachnospiraceae	Lachnospiraceae sp.	Lachnospiraceae sp.
C2720	Bacteria	Bacteroidota	Bacteroidia	Cytophagales	Spirosomataceae	Dyadobacter	Dyadobacter sp.
C2721	Bacteria	Bacteroidota	Bacteroidia	Flavobacteriales	NS9 marine group	Incertae Sedis	uncultured bacterium
C2725	Bacteria	Pseudomonadota	Alphaproteobacteria	Sphingomonadales	Sphingomonadaceae	Sphingomonadaceae sp.	Sphingomonadaceae sp.
C2729	Bacteria	Cyanobacteriota	Vampirivibrionia	Gastranaerophilales	Gastranaerophilaceae	Incertae Sedis	uncultured bacterium
C2731	Bacteria	Bacillota	Bacilli	Bacillales	Bacillaceae	Bacillaceae sp.	Bacillaceae sp.
C2735	Bacteria	Actinomycetota	Actinobacteria	Micrococcales	Microbacteriaceae	Microbacterium	Microbacterium sp.
C2737	Bacteria	Bacteroidota	Bacteroidia	Sphingobacteriales	Sphingobacteriaceae	Sphingobacteriaceae sp.	Sphingobacteriaceae sp.
C2742	Bacteria	Actinomycetota	Actinobacteria	Micrococcales	Micrococcales sp.	Micrococcales sp.	Micrococcales sp.
C2744	Bacteria	Bdellovibrionota	Oligoflexia	0319-6G20	Incertae Sedis	Incertae Sedis	uncultured bacterium
C2749	Bacteria	Pseudomonadota	Gammaproteobacteria	Burkholderiales	Comamonadaceae	Comamonadaceae sp.	Comamonadaceae sp.
C2751	Bacteria	Actinomycetota	Actinobacteria	Micrococcales	Microbacteriaceae	Leucobacter	Leucobacter sp.
C2752	Bacteria	Pseudomonadota	Gammaproteobacteria	Pseudomonadales	Alcanivoracaceae1	Alcanivorax	Alcanivorax sp.
C2753	Bacteria	Actinomycetota	Actinobacteria	Micrococcales	Micrococcales Incertae Sedis	Populibacterium	uncultured bacterium
C2754	Bacteria	Pseudomonadota	Alphaproteobacteria	Micavibrionales	Incertae Sedis	Incertae Sedis	Incertae Sedis sp.
C2755	Bacteria	Bacteroidota	Bacteroidia	Cytophagales	Spirosomataceae	Incertae Sedis	Dyadobacter sp. enrichment culture
C2756	Bacteria	Pseudomonadota	Gammaproteobacteria	Burkholderiales	Alcaligenaceae	Alcaligenaceae sp.	Alcaligenaceae sp.
C2761	Bacteria	Bacteroidota	Bacteroidia	Cytophagales	Spirosomataceae	Dyadobacter	Dyadobacter sp.
C2764	Bacteria	Pseudomonadota	Alphaproteobacteria	Incertae Sedis	Incertae Sedis	Incertae Sedis	Incertae Sedis sp.
C2765	Bacteria	Pseudomonadota	Gammaproteobacteria	Pseudomonadales	Moraxellaceae	Acinetobacter	Acinetobacter sp.
C2767	Bacteria	Bacillota	Bacilli	Paenibacillales	Paenibacillaceae	Paenibacillus	Paenibacillus sp.
C2769	Bacteria	Pseudomonadota	Gammaproteobacteria	Pseudomonadales	Cellvibrionaceae	Cellvibrio	uncultured bacterium
C2772	Bacteria	Actinomycetota	Actinobacteria	Micrococcales	Microbacteriaceae	Leucobacter	Leucobacter sp.
C2774	Bacteria	Bacteroidota	Bacteroidia	Bacteroidales	Dysgonomonadaceae	Dysgonomonas	uncultured bacterium
C2776	Bacteria	Pseudomonadota	Gammaproteobacteria	Lysobacterales	Lysobacteraceae	Stenotrophomonas	Stenotrophomonas sp.
C2778	Bacteria	Pseudomonadota	Gammaproteobacteria	Burkholderiales	Comamonadaceae	Comamonadaceae sp.	Comamonadaceae sp.
C2780	Bacteria	Bacteroidota	Bacteroidia	Flavobacteriales	Crocinitomicaceae	Fluviicola	Fluviicola sp.
C2784	Bacteria	Bacillota	Clostridia	Monoglobales	Monoglobaceae	Monoglobus	Monoglobus sp.
C2786	Bacteria	Bacteroidota	Bacteroidia	Cytophagales	Cytophagaceae	Cytophaga	Cytophaga sp.
C2787	Bacteria	Actinomycetota	Actinobacteria	Micrococcales	Microbacteriaceae	Microbacteriaceae sp.	Microbacteriaceae sp.
C2788	NA	NA sp.	NA sp.	NA sp.	NA sp.	NA sp.	NA sp.
C2789	Bacteria	Pseudomonadota	Pseudomonadota sp.	Pseudomonadota sp.	Pseudomonadota sp.	Pseudomonadota sp.	Pseudomonadota sp.
C2790	Bacteria	Bacteroidota	Bacteroidia	Flavobacteriales	Flavobacteriaceae	Myroides	Myroides sp.
C2792	Bacteria	Pseudomonadota	Gammaproteobacteria	Pseudomonadales	Moraxellaceae	Acinetobacter	Acinetobacter sp.
C2793	Bacteria	Pseudomonadota	Alphaproteobacteria	Hyphomicrobiales	Rhizobiaceae	Rhizobiaceae sp.	Rhizobiaceae sp.
C2794	Bacteria	Bacteroidota	Bacteroidia	Flavobacteriales	Crocinitomicaceae	Fluviicola	Fluviicola sp.
C2795	Bacteria	Bacteroidota	Bacteroidia	Flavobacteriales	Flavobacteriaceae	Flavobacterium	Flavobacterium sp.
C2796	Bacteria	Verrucomicrobiota	Verrucomicrobiia	Chthoniobacterales	Chthoniobacteraceae	Chthoniobacteraceae sp.	Chthoniobacteraceae sp.
C2797	Bacteria	Bacteroidota	Bacteroidia	Chitinophagales	Chitinophagaceae	Chitinophagaceae sp.	Chitinophagaceae sp.
C2798	Bacteria	Pseudomonadota	Gammaproteobacteria	Enterobacterales	Enterobacteriaceae	Enterobacteriaceae sp.	Enterobacteriaceae sp.
C2800	Bacteria	Pseudomonadota	Gammaproteobacteria	Lysobacterales	Lysobacteraceae	Lysobacteraceae sp.	Lysobacteraceae sp.
C2801	Bacteria	Pseudomonadota	Gammaproteobacteria	Burkholderiales	Burkholderiales sp.	Burkholderiales sp.	Burkholderiales sp.
C2802	Bacteria	Pseudomonadota	Gammaproteobacteria	Lysobacterales	Lysobacteraceae	Stenotrophomonas	Stenotrophomonas sp. E3(2011)
C2803	Unknown	Unknown	Unknown	Unknown	Unknown	Unknown	Unknown
C2804	Bacteria	Pseudomonadota	Gammaproteobacteria	Lysobacterales	Lysobacteraceae	Lysobacteraceae sp.	Lysobacteraceae sp.
C2807	Bacteria	Bacteroidota	Bacteroidia	Cytophagales	Cytophagaceae	Cytophagaceae sp.	Cytophagaceae sp.
C2808	Bacteria	Bacteroidota	Bacteroidia	Bacteroidales	Dysgonomonadaceae	Dysgonomonas	Dysgonomonas sp.
C2809	Bacteria	Pseudomonadota	Gammaproteobacteria	Burkholderiales	Comamonadaceae	Comamonadaceae sp.	Comamonadaceae sp.
C2811	Bacteria	Pseudomonadota	Gammaproteobacteria	Pseudomonadales	Moraxellaceae	Moraxellaceae sp.	Moraxellaceae sp.
C2812	Bacteria	Pseudomonadota	Gammaproteobacteria	Lysobacterales	Lysobacteraceae	Stenotrophomonas	Stenotrophomonas sp.
C2813	Bacteria	Bacteroidota	Bacteroidia	Bacteroidales	Dysgonomonadaceae	Dysgonomonas	Dysgonomonas sp.
C2814	Bacteria	Bacteroidota	Bacteroidia	Bacteroidales	Dysgonomonadaceae	Dysgonomonas	uncultured bacterium
C2816	Bacteria	Pseudomonadota	Gammaproteobacteria	Pseudomonadales	Pseudomonadaceae	Pseudomonas	uncultured bacterium
C2820	Bacteria	Pseudomonadota	Alphaproteobacteria	Rhodospirillales	Incertae Sedis	Incertae Sedis	Incertae Sedis sp.
C2826	Bacteria	Pseudomonadota	Gammaproteobacteria	Enterobacterales	Morganellaceae	Providencia	Providencia sp.
C2833	Unknown	Unknown	Unknown	Unknown	Unknown	Unknown	Unknown
C2836	Bacteria	Pseudomonadota	Alphaproteobacteria	Rhodobacterales	Paracoccaceae	Paracoccaceae sp.	Paracoccaceae sp.
C2837	Bacteria	Pseudomonadota	Gammaproteobacteria	Enterobacterales	Aeromonadaceae	Aeromonas	Aeromonas sp. 2e
C2843	Bacteria	Pseudomonadota	Gammaproteobacteria	Burkholderiales	Alcaligenaceae	Alcaligenaceae sp.	Alcaligenaceae sp.
C2844	Bacteria	Bacteroidota	Bacteroidia	Flavobacteriales	Flavobacteriaceae	Flavobacterium	uncultured bacterium
C2845	Bacteria	Pseudomonadota	Alphaproteobacteria	Caulobacterales	Caulobacteraceae	Incertae Sedis	Incertae Sedis sp.
C2847	Bacteria	Bdellovibrionota	Bdellovibrionia	Bdellovibrionales	Pseudobdellovibrionaceae	Incertae Sedis	uncultured bacterium
C2849	Bacteria	Actinomycetota	Actinobacteria	Micrococcales	Microbacteriaceae	Microbacteriaceae sp.	Microbacteriaceae sp.
C2851	Bacteria	Bacteroidota	Bacteroidia	Cytophagales	Spirosomataceae	Persicitalea	Persicitalea sp.
C2852	Bacteria	Bacillota	Bacilli	Bacillales	Bacillaceae	Bacillaceae sp.	Bacillaceae sp.
C2855	Bacteria	Bacteroidota	Bacteroidia	Sphingobacteriales	NS11-12 marine group	Incertae Sedis	Incertae Sedis sp.
C2858	Bacteria	Actinomycetota	Actinobacteria	Mycobacteriales	Nocardiaceae	Rhodococcus	Rhodococcus hoagii
C2859	Bacteria	Bacteroidota	Bacteroidia	Sphingobacteriales	Sphingobacteriaceae	Sphingobacterium	Sphingobacterium sp.
C2860	Bacteria	Bacteroidota	Bacteroidia	Cytophagales	Cytophagaceae	Cytophaga	Cytophaga sp.
C2861	Bacteria	Actinomycetota	Actinobacteria	Mycobacteriales	Nocardiaceae	Gordonia	Gordonia sp.
C2862	Bacteria	Pseudomonadota	Gammaproteobacteria	Gammaproteobacteria sp.	Gammaproteobacteria sp.	Gammaproteobacteria sp.	Gammaproteobacteria sp.
C2865	Bacteria	Pseudomonadota	Alphaproteobacteria	Rhodobacterales	Paracoccaceae	Paracoccaceae sp.	Paracoccaceae sp.
C2866	Bacteria	Pseudomonadota	Alphaproteobacteria	Sphingomonadales	Sphingomonadaceae	Sphingomonas	Sphingomonas sp.
C2870	Bacteria	Bacteroidota	Bacteroidia	Sphingobacteriales	Sphingobacteriaceae	Sphingobacterium	Sphingobacterium sp.
C2872	Bacteria	Pseudomonadota	Alphaproteobacteria	Micavibrionales	Micavibrionales sp.	Micavibrionales sp.	Micavibrionales sp.
C2874	Bacteria	Pseudomonadota	Gammaproteobacteria	Pseudomonadales	Cellvibrionaceae	Cellvibrio	uncultured bacterium
C2879	Bacteria	Bacteroidota	Bacteroidia	Flavobacteriales	Flavobacteriaceae	Flavobacterium	Flavobacterium sp.
C2882	Bacteria	Bacillota	Bacilli	Lactobacillales	Enterococcaceae	Enterococcus	Enterococcus sp.
C2885	Bacteria	Pseudomonadota	Alphaproteobacteria	Rhodobacterales	Paracoccaceae	Paracoccaceae sp.	Paracoccaceae sp.
C2887	Bacteria	Bacillota	Bacilli	Acholeplasmatales	Acholeplasmataceae	Acholeplasma	Acholeplasma sp.
C2889	Bacteria	Pseudomonadota	Alphaproteobacteria	Hyphomicrobiales	Rhizobiaceae	Rhizobiaceae sp.	Rhizobiaceae sp.
C2890	Bacteria	Bacteroidota	Bacteroidia	Flavobacteriales	Flavobacteriaceae	Flavobacterium	Flavobacterium sp.
C2895	Bacteria	Actinomycetota	Actinobacteria	Micrococcales	Micrococcales sp.	Micrococcales sp.	Micrococcales sp.
C2896	Bacteria	Pseudomonadota	Gammaproteobacteria	Burkholderiales	Comamonadaceae	Comamonadaceae sp.	Comamonadaceae sp.
C2898	Bacteria	Pseudomonadota	Alphaproteobacteria	Rhodobacterales	Paracoccaceae	Paracoccaceae sp.	Paracoccaceae sp.
C2899	Bacteria	Bacillota	Clostridia	Oscillospirales	Butyricicoccaceae	Butyricicoccaceae sp.	Butyricicoccaceae sp.
C2901	Bacteria	Pseudomonadota	Alphaproteobacteria	Hyphomicrobiales	Stappiaceae	Agaricicola	uncultured bacterium
C2907	Bacteria	Bacteroidota	Bacteroidia	Chitinophagales	Chitinophagaceae	Gynurincola	Gynurincola sp.
C2908	Bacteria	Pseudomonadota	Alphaproteobacteria	Alphaproteobacteria sp.	Alphaproteobacteria sp.	Alphaproteobacteria sp.	Alphaproteobacteria sp.
C2909	Bacteria	Pseudomonadota	Gammaproteobacteria	Burkholderiales	Alcaligenaceae	Paracandidimonas	uncultured Alcaligenaceae bacterium
C2919	Bacteria	Bacteroidota	Bacteroidia	Bacteroidales	Bacteroidaceae	Bacteroides	Bacteroides sp.
C2920	Bacteria	Bacteroidota	Bacteroidia	Chitinophagales	Chitinophagaceae	Incertae Sedis	uncultured bacterium
C2921	Bacteria	Pseudomonadota	Gammaproteobacteria	Burkholderiales	Comamonadaceae	Comamonadaceae sp.	Comamonadaceae sp.
C2926	Bacteria	Pseudomonadota	Gammaproteobacteria	Enterobacterales	Morganellaceae	Providencia	Providencia sp.
C2928	Bacteria	Pseudomonadota	Gammaproteobacteria	Lysobacterales	Rhodanobacteraceae	Dokdonella	uncultured bacterium
C2929	Bacteria	Actinomycetota	Actinobacteria	Micrococcales	Microbacteriaceae	Microbacteriaceae sp.	Microbacteriaceae sp.
C2930	Bacteria	Actinomycetota	Actinobacteria	Micrococcales	Microbacteriaceae	Microbacterium	Microbacterium sp.
C2933	Bacteria	Pseudomonadota	Gammaproteobacteria	Gammaproteobacteria sp.	Gammaproteobacteria sp.	Gammaproteobacteria sp.	Gammaproteobacteria sp.
C2934	Bacteria	Actinomycetota	Actinobacteria	Micrococcales	Microbacteriaceae	Microbacterium	Microbacterium sp.
C2936	Bacteria	Pseudomonadota	Gammaproteobacteria	Burkholderiales	Comamonadaceae	Comamonadaceae sp.	Comamonadaceae sp.
C2940	Bacteria	Pseudomonadota	Gammaproteobacteria	Pseudomonadales	Cellvibrionaceae	Cellvibrio	uncultured bacterium
C2942	Bacteria	Pseudomonadota	Alphaproteobacteria	Rhodobacterales	Paracoccaceae	Paracoccaceae sp.	Paracoccaceae sp.
C2943	Bacteria	Bacteroidota	Bacteroidia	Sphingobacteriales	Sphingobacteriaceae	Sphingobacterium	Sphingobacterium sp.
C2944	Bacteria	Bacteroidota	Bacteroidia	Sphingobacteriales	Sphingobacteriaceae	Sphingobacterium	Sphingobacterium sp. G2-10
C2945	Bacteria	Pseudomonadota	Alphaproteobacteria	Hyphomicrobiales	Rhizobiaceae	Aliihoeflea	Aliihoeflea sp.
C2946	Bacteria	Pseudomonadota	Alphaproteobacteria	Hyphomicrobiales	Devosiaceae	Devosia	uncultured bacterium
C2949	Bacteria	Pseudomonadota	Gammaproteobacteria	Pseudomonadales	Moraxellaceae	Acinetobacter	Acinetobacter sp.
C2951	Bacteria	Actinomycetota	Actinobacteria	Micrococcales	Microbacteriaceae	Leucobacter	Leucobacter sp.
C2952	Bacteria	Bacteroidota	Bacteroidia	Sphingobacteriales	Sphingobacteriaceae	Sphingobacterium	Sphingobacterium sp.
C2954	Bacteria	Bacteroidota	Bacteroidia	Cytophagales	Spirosomataceae	Persicitalea	Persicitalea sp.
C2956	Bacteria	Pseudomonadota	Gammaproteobacteria	Lysobacterales	Lysobacteraceae	Lysobacteraceae sp.	Lysobacteraceae sp.
C2957	Bacteria	Verrucomicrobiota	Verrucomicrobiia	Opitutales	Opitutaceae	IMCC26134	IMCC26134 sp.
C2958	Bacteria	Bacteroidota	Bacteroidia	Flavobacteriales	Weeksellaceae	Weeksella	uncultured bacterium
C2960	Bacteria	Verrucomicrobiota	Verrucomicrobiia	Chthoniobacterales	Chthoniobacteraceae	Chthoniobacteraceae sp.	Chthoniobacteraceae sp.
C2962	Bacteria	Pseudomonadota	Alphaproteobacteria	Rhodobacterales	Paracoccaceae	Paracoccaceae sp.	Paracoccaceae sp.
C2963	Bacteria	Pseudomonadota	Gammaproteobacteria	Gammaproteobacteria sp.	Gammaproteobacteria sp.	Gammaproteobacteria sp.	Gammaproteobacteria sp.
C2965	Bacteria	Pseudomonadota	Gammaproteobacteria	Pseudomonadales	Cellvibrionaceae	Cellvibrio	uncultured bacterium
C2966	Bacteria	Bacteroidota	Bacteroidia	Flavobacteriales	Crocinitomicaceae	Fluviicola	Fluviicola sp.
C2967	Bacteria	Campylobacterota	Campylobacteria	Campylobacterales	Arcobacteraceae	Arcobacter	Arcobacter sp.
C2969	Bacteria	Pseudomonadota	Gammaproteobacteria	Lysobacterales	Lysobacteraceae	Stenotrophomonas	Pseudomonas sp. CNE 23
C2971	Bacteria	Pseudomonadota	Gammaproteobacteria	Burkholderiales	Comamonadaceae	Comamonadaceae sp.	Comamonadaceae sp.
C2972	Bacteria	Bacteroidota	Bacteroidia	Flavobacteriales	Flavobacteriaceae	Flavobacterium	Flavobacterium sp. enrichment culture clone SA_NR2_1
C2973	Bacteria	Pseudomonadota	Alphaproteobacteria	Micavibrionales	Micavibrionaceae	Incertae Sedis	Incertae Sedis sp.
C2975	Bacteria	Campylobacterota	Campylobacteria	Campylobacterales	Arcobacteraceae	Arcobacter	Arcobacter sp.
C2976	Bacteria	Bacteroidota	Bacteroidia	Sphingobacteriales	NS11-12 marine group	Incertae Sedis	Incertae Sedis sp.
C2977	Bacteria	Pseudomonadota	Alphaproteobacteria	Rhodobacterales	Paracoccaceae	Paracoccaceae sp.	Paracoccaceae sp.
C2978	Unknown	Unknown	Unknown	Unknown	Unknown	Unknown	Unknown
C2979	Bacteria	Bacteroidota	Bacteroidia	Sphingobacteriales	Sphingobacteriaceae	Pedobacter	Pedobacter sp.
C2980	Bacteria	Thermodesulfobacteriota	Desulfovibrionia	Desulfovibrionales	Desulfovibrionaceae	Desulfovibrionaceae sp.	Desulfovibrionaceae sp.
C2981	Bacteria	Bacteroidota	Bacteroidia	Flavobacteriales	NS9 marine group	Incertae Sedis	uncultured bacterium
C2982	Bacteria	Pseudomonadota	Gammaproteobacteria	Pseudomonadales	Pseudomonadales sp.	Pseudomonadales sp.	Pseudomonadales sp.
C2985	Bacteria	Pseudomonadota	Alphaproteobacteria	Hyphomicrobiales	Rhizobiaceae	Rhizobiaceae sp.	Rhizobiaceae sp.
C2989	Bacteria	Bacteroidota	Bacteroidia	Flavobacteriales	Flavobacteriaceae	Flavobacterium	Flavobacterium sp.
C2990	Bacteria	Actinomycetota	Actinobacteria	Micrococcales	Microbacteriaceae	Microbacterium	Microbacterium sp.
C2991	Bacteria	Bacteroidota	Bacteroidia	Chitinophagales	Incertae Sedis	Incertae Sedis	uncultured bacterium
C2993	Bacteria	Bacteroidota	Bacteroidia	Cytophagales	Cytophagaceae	Cytophagaceae sp.	Cytophagaceae sp.
C2994	Bacteria	Pseudomonadota	Gammaproteobacteria	Pseudomonadales	Cellvibrionaceae	Cellvibrio	uncultured bacterium
C2995	Bacteria	Actinomycetota	Actinobacteria	Micrococcales	Micrococcales Incertae Sedis	Populibacterium	Populibacterium sp.
C2998	Bacteria	Campylobacterota	Campylobacteria	Campylobacterales	Arcobacteraceae	Arcobacter	Arcobacter sp.
C3005	Bacteria	Bacteroidota	Bacteroidia	Flavobacteriales	Weeksellaceae	Weeksella	uncultured bacterium
C3007	Bacteria	Pseudomonadota	Alphaproteobacteria	Rhodobacterales	Paracoccaceae	Paracoccaceae sp.	Paracoccaceae sp.
C3011	Bacteria	Verrucomicrobiota	Verrucomicrobiia	Opitutales	Opitutaceae	Opitutaceae sp.	Opitutaceae sp.
C3012	Bacteria	Pseudomonadota	Gammaproteobacteria	Burkholderiales	Neisseriaceae	Incertae Sedis	uncultured bacterium
C3013	Bacteria	Pseudomonadota	Gammaproteobacteria	Pseudomonadales	Moraxellaceae	Acinetobacter	Acinetobacter sp.
C3014	Bacteria	Pseudomonadota	Alphaproteobacteria	Hyphomicrobiales	Devosiaceae	Devosia	Devosia sp.
C3017	Bacteria	Bacillota	Bacilli	Bacillales	Planococcaceae	Planococcaceae sp.	Planococcaceae sp.
C3018	Bacteria	Bacillota	Bacilli	Bacillales	Bacillales sp.	Bacillales sp.	Bacillales sp.
C3020	Bacteria	Pseudomonadota	Gammaproteobacteria	Pseudomonadales	Cellvibrionaceae	Cellvibrio	uncultured bacterium
C3023	Bacteria	Pseudomonadota	Alphaproteobacteria	Holosporales	Holosporaceae	Incertae Sedis	Incertae Sedis sp.
C3024	Bacteria	Pseudomonadota	Alphaproteobacteria	Rhodobacterales	Paracoccaceae	Paracoccaceae sp.	Paracoccaceae sp.
C3025	Bacteria	Bacteroidota	Bacteroidia	Cytophagales	Spirosomataceae	Persicitalea	Persicitalea sp.
C3028	Bacteria	Pseudomonadota	Alphaproteobacteria	Micavibrionales	Incertae Sedis	Incertae Sedis	uncultured bacterium
C3031	Bacteria	Pseudomonadota	Gammaproteobacteria	Pseudomonadales	Cellvibrionaceae	Cellvibrio	uncultured bacterium
C3036	Bacteria	Bacteroidota	Bacteroidia	Sphingobacteriales	Sphingobacteriaceae	Sphingobacterium	Sphingobacterium sp.
C3039	Bacteria	Bacteroidota	Bacteroidia	Flavobacteriales	Weeksellaceae	Chishuiella	Chishuiella changwenlii
C3041	Bacteria	Bacteroidota	Bacteroidia	Flavobacteriales	Flavobacteriales sp.	Flavobacteriales sp.	Flavobacteriales sp.
C3042	Bacteria	Pseudomonadota	Gammaproteobacteria	Pseudomonadales	Pseudomonadaceae	Pseudomonas	uncultured bacterium
C3043	Unknown	Unknown	Unknown	Unknown	Unknown	Unknown	Unknown
C3044	Bacteria	Pseudomonadota	Gammaproteobacteria	Enterobacterales	Morganellaceae	Providencia	Providencia sp.
C3045	Bacteria	Pseudomonadota	Alphaproteobacteria	Rhodobacterales	Paracoccaceae	Paracoccaceae sp.	Paracoccaceae sp.
C3046	Bacteria	Pseudomonadota	Alphaproteobacteria	Acetobacterales	Acetobacteraceae	Commensalibacter	Commensalibacter sp.
C3047	Bacteria	Bacillota	Clostridia	Clostridia sp.	Clostridia sp.	Clostridia sp.	Clostridia sp.
C3048	Eukaryota	Bacillota	Clostridia	Oscillospirales	Ruminococcaceae	Incertae Sedis	Teleopsis dalmanni
C3049	Bacteria	Pseudomonadota	Gammaproteobacteria	Burkholderiales	Burkholderiales sp.	Burkholderiales sp.	Burkholderiales sp.
C3050	NA	Amorphea	Obazoa	Opisthokonta	Nucletmycea	Fungi	Dikarya
C3051	Bacteria	Bacteroidota	Bacteroidia	Chitinophagales	Incertae Sedis	Incertae Sedis	uncultured bacterium
C3052	NA	Amorphea	Obazoa	Opisthokonta	Nucletmycea	Fungi	Dikarya
C3053	Bacteria	Bacteroidota	Bacteroidia	Cytophagales	Spirosomataceae	Persicitalea	Persicitalea sp.
C3054	NA	Amorphea	Obazoa	Opisthokonta	Nucletmycea	Fungi	Dikarya
C3056	Bacteria	Bacillota	Clostridia	Clostridia sp.	Clostridia sp.	Clostridia sp.	Clostridia sp.
C3057	Bacteria	Thermodesulfobacteriota	Desulfovibrionia	Desulfovibrionales	Desulfovibrionaceae	Desulfovibrionaceae sp.	Desulfovibrionaceae sp.
C3059	Bacteria	Actinomycetota	Actinobacteria	Micrococcales	Microbacteriaceae	Leucobacter	Leucobacter sp.
C3061	Bacteria	Bacillota	Bacilli	Lactobacillales	Lactobacillaceae	Lactobacillaceae sp.	Lactobacillaceae sp.
C3063	Bacteria	Thermodesulfobacteriota	Desulfovibrionia	Desulfovibrionales	Desulfovibrionaceae	Desulfovibrio	Desulfovibrio sp.
C3065	Bacteria	Pseudomonadota	Alphaproteobacteria	Hyphomicrobiales	Rhizobiaceae	Rhizobiaceae sp.	Rhizobiaceae sp.
C3066	NA	Amorphea	Obazoa	Opisthokonta	Nucletmycea	Fungi	Dikarya
C3067	NA	Amorphea	Obazoa	Opisthokonta	Nucletmycea	Fungi	Dikarya
C3068	Bacteria	Actinomycetota	Actinobacteria	Micrococcales	Microbacteriaceae	Leucobacter	Leucobacter sp.
C3070	Bacteria	Bacteroidota	Bacteroidia	Cytophagales	Spirosomataceae	Persicitalea	Persicitalea sp.
C3072	Bacteria	Thermodesulfobacteriota	Desulfovibrionia	Desulfovibrionales	Desulfovibrionaceae	Desulfovibrio	Desulfovibrio sp.
C3074	Bacteria	Bacteroidota	Bacteroidia	Sphingobacteriales	Sphingobacteriaceae	Sphingobacterium	Sphingobacterium sp.
C3075	Bacteria	Pseudomonadota	Gammaproteobacteria	Burkholderiales	Comamonadaceae	Comamonadaceae sp.	Comamonadaceae sp.
C3076	Bacteria	Actinomycetota	Actinobacteria	Mycobacteriales	Nocardiaceae	Rhodococcus	Rhodococcus sp.
C3078	NA	Amorphea	Obazoa	Opisthokonta	Nucletmycea	Fungi	Dikarya
C3079	Bacteria	Bacillota	Bacilli	Lactobacillales	Lactobacillaceae	Levilactobacillus	Levilactobacillus sp.
C3081	Bacteria	Pseudomonadota	Alphaproteobacteria	Hyphomicrobiales	Devosiaceae	Devosia	Devosia sp.
C3082	NA	SAR	Alveolata	Apicomplexa	Conoidasida	Cryptosporida	Cryptosporidium
C3083	Bacteria	Bacteroidota	Bacteroidia	Sphingobacteriales	Sphingobacteriaceae	Sphingobacterium	Sphingobacterium sp. 30C10-4-7
C3086	Bacteria	Pseudomonadota	Gammaproteobacteria	Pseudomonadales	Cellvibrionaceae	Cellvibrio	uncultured bacterium
C3092	Bacteria	Pseudomonadota	Gammaproteobacteria	Enterobacterales	Orbaceae	Orbaceae sp.	Orbaceae sp.
C3094	Bacteria	Campylobacterota	Campylobacteria	Campylobacterales	Arcobacteraceae	Arcobacter	Arcobacter sp.
C3096	Bacteria	Bacillota	Bacilli	Bacilli sp.	Bacilli sp.	Bacilli sp.	Bacilli sp.
C3098	Bacteria	Actinomycetota	Actinobacteria	Micrococcales	Microbacteriaceae	Leucobacter	Leucobacter sp.
C3099	Bacteria	Bacteroidota	Bacteroidia	Flavobacteriales	Crocinitomicaceae	Fluviicola	Fluviicola sp.
C3100	Bacteria	Bacteroidota	Bacteroidia	Bacteroidales	Bacteroidales sp.	Bacteroidales sp.	Bacteroidales sp.
C3103	Bacteria	Pseudomonadota	Alphaproteobacteria	Hyphomicrobiales	Beijerinckiaceae	Bosea	Bosea sp.
C3105	Bacteria	Verrucomicrobiota	Verrucomicrobiia	Opitutales	Opitutaceae	IMCC26134	IMCC26134 sp.
C3106	Bacteria	Bacteroidota	Bacteroidia	Sphingobacteriales	Sphingobacteriaceae	Sphingobacterium	Sphingobacterium sp.
C3107	Bacteria	Pseudomonadota	Gammaproteobacteria	Enterobacterales	Enterobacterales sp.	Enterobacterales sp.	Enterobacterales sp.
C3111	Bacteria	Bacteroidota	Bacteroidia	Flavobacteriales	Weeksellaceae	Apibacter	Apibacter sp.
C3113	Bacteria	Pseudomonadota	Gammaproteobacteria	Burkholderiales	Comamonadaceae	Comamonadaceae sp.	Comamonadaceae sp.
C3115	Bacteria	Pseudomonadota	Gammaproteobacteria	Pseudomonadales	Pseudomonadaceae	Pseudomonas	Pseudomonas sp.
C3119	NA	NA sp.	NA sp.	NA sp.	NA sp.	NA sp.	NA sp.
C3126	Bacteria	Pseudomonadota	Gammaproteobacteria	Enterobacterales	Morganellaceae	Providencia	Providencia sp.
C3127	Bacteria	Pseudomonadota	Alphaproteobacteria	Caulobacterales	Caulobacteraceae	Brevundimonas	Brevundimonas sp.
C3128	Bacteria	Actinomycetota	Actinobacteria	Micrococcales	Microbacteriaceae	Leucobacter	Leucobacter sp.
C3130	Bacteria	Bacteroidota	Bacteroidia	Bacteroidales	Bacteroidales sp.	Bacteroidales sp.	Bacteroidales sp.
C3131	Bacteria	Pseudomonadota	Gammaproteobacteria	Enterobacterales	Orbaceae	Orbaceae sp.	Orbaceae sp.
C3132	Bacteria	Bacillota	Clostridia	Christensenellales	Christensenellaceae	Christensenellaceae sp.	Christensenellaceae sp.
C3133	Bacteria	Deferribacterota	Deferribacteres	Deferribacterales	Deferribacteraceae	Mucispirillum	Mucispirillum sp.
C3134	Bacteria	Pseudomonadota	Gammaproteobacteria	Gammaproteobacteria sp.	Gammaproteobacteria sp.	Gammaproteobacteria sp.	Gammaproteobacteria sp.
C3135	Bacteria	Bacteroidota	Bacteroidia	Bacteroidales	Dysgonomonadaceae	Dysgonomonas	Dysgonomonas sp.
C3136	Bacteria	Bacteroidota	Bacteroidia	Bacteroidales	Dysgonomonadaceae	Dysgonomonas	Dysgonomonas sp.
C3137	Bacteria	Pseudomonadota	Alphaproteobacteria	Acetobacterales	Acetobacteraceae	Acetobacter	Acetobacter sp.
C3138	Unknown	Unknown	Unknown	Unknown	Unknown	Unknown	Unknown
C3139	Bacteria	Pseudomonadota	Alphaproteobacteria	Rhodobacterales	Paracoccaceae	Paracoccaceae sp.	Paracoccaceae sp.
C3141	Bacteria	Bacteroidota	Bacteroidia	Bacteroidales	Tannerellaceae	Parabacteroides	uncultured Porphyromonadaceae bacterium
C3142	Bacteria	Planctomycetota	Planctomycetes	Planctomycetales	Rubinisphaeraceae	Planctomicrobium	Planctomicrobium sp.
C3143	Bacteria	Bacillota	Bacilli	Lactobacillales	Lactobacillaceae	Lentilactobacillus	Lactobacillus buchneri
C3145	Bacteria	Pseudomonadota	Alphaproteobacteria	Hyphomicrobiales	Beijerinckiaceae	Beijerinckiaceae sp.	Beijerinckiaceae sp.
C3147	Bacteria	Pseudomonadota	Gammaproteobacteria	Enterobacterales	Morganellaceae	Providencia	Providencia sp.
C3148	Bacteria	Bacteroidota	Bacteroidia	Bacteroidales	Dysgonomonadaceae	Dysgonomonas	Dysgonomonas sp.
C3150	Bacteria	Bacteroidota	Bacteroidia	Bacteroidales	Dysgonomonadaceae	Dysgonomonas	Dysgonomonas sp.
C3153	Bacteria	Pseudomonadota	Gammaproteobacteria	Pseudomonadales	Pseudomonadaceae	Pseudomonas	Pseudomonas sp.
C3154	Bacteria	Bacillota	Bacilli	Lactobacillales	Lactobacillales sp.	Lactobacillales sp.	Lactobacillales sp.
C3155	Bacteria	Thermodesulfobacteriota	Desulfovibrionia	Desulfovibrionales	Desulfovibrionaceae	Desulfovibrio	Desulfovibrio sp.
C3156	Unknown	Unknown	Unknown	Unknown	Unknown	Unknown	Unknown
C3157	Bacteria	Pseudomonadota	Alphaproteobacteria	Sphingomonadales	Sphingomonadaceae	Croceibacterium	Altererythrobacter xixiisoli
C3159	Bacteria	Bacteroidota	Bacteroidia	Cytophagales	Spirosomataceae	Leadbetterella	Leadbetterella sp.
C3162	Bacteria	Pseudomonadota	Gammaproteobacteria	Pseudomonadales	Pseudomonadaceae	Pseudomonas	Pseudomonas sp.
C3164	Bacteria	Deferribacterota	Deferribacteres	Deferribacterales	Deferribacteraceae	Mucispirillum	uncultured Deferribacteres bacterium
C3166	Bacteria	Pseudomonadota	Alphaproteobacteria	Hyphomicrobiales	Beijerinckiaceae	Beijerinckiaceae sp.	Beijerinckiaceae sp.
C3169	Bacteria	Actinomycetota	Actinobacteria	Micrococcales	Microbacteriaceae	Leucobacter	Leucobacter sp.
C3172	Bacteria	Pseudomonadota	Alphaproteobacteria	Caulobacterales	Caulobacteraceae	Brevundimonas	Brevundimonas sp.
C3176	Bacteria	Bacteroidota	Bacteroidia	Cytophagales	Spirosomataceae	Persicitalea	Persicitalea sp.
C3177	Bacteria	Bacteroidota	Bacteroidia	Bacteroidales	Dysgonomonadaceae	Dysgonomonas	Dysgonomonas sp.
C3179	Bacteria	Pseudomonadota	Gammaproteobacteria	Enterobacterales	Enterobacterales sp.	Enterobacterales sp.	Enterobacterales sp.
C3191	Bacteria	Bacteroidota	Bacteroidia	Sphingobacteriales	Sphingobacteriaceae	Sphingobacterium	Sphingobacterium sp.
C3193	Bacteria	Bacteroidota	Bacteroidia	Flavobacteriales	Weeksellaceae	Weeksella	uncultured bacterium
C3194	Bacteria	Bacteroidota	Bacteroidia	Bacteroidales	Dysgonomonadaceae	Dysgonomonas	Dysgonomonas sp.
C3199	Bacteria	Pseudomonadota	Gammaproteobacteria	Enterobacterales	Orbaceae	Gilliamella	Gilliamella sp.
C3202	Bacteria	Thermodesulfobacteriota	Desulfovibrionia	Desulfovibrionales	Desulfovibrionaceae	Desulfovibrio	uncultured delta proteobacterium
C3203	Bacteria	Bacillota	Clostridia	Oscillospirales	Ruminococcaceae	Incertae Sedis	uncultured Firmicutes bacterium
C3204	NA	Amorphea	Obazoa	Opisthokonta	Nucletmycea	Fungi	Dikarya
C3205	Bacteria	Pseudomonadota	Alphaproteobacteria	Rickettsiales	Anaplasmataceae	Wolbachia	Wolbachia sp.
C3206	Bacteria	Pseudomonadota	Gammaproteobacteria	Enterobacterales	Orbaceae	Incertae Sedis	uncultured bacterium
C3211	Bacteria	Pseudomonadota	Gammaproteobacteria	Enterobacterales	Alteromonadaceae	Alishewanella	Alishewanella sp.
C3212	Bacteria	Bacteroidota	Bacteroidia	Sphingobacteriales	Sphingobacteriaceae	Sphingobacterium	Sphingobacterium sp.
C3216	Bacteria	Pseudomonadota	Gammaproteobacteria	Pseudomonadales	Pseudomonadaceae	Pseudomonas	Pseudomonas sp.
C3218	Bacteria	Bacteroidota	Bacteroidia	Chitinophagales	Incertae Sedis	Incertae Sedis	uncultured bacterium
C3220	Bacteria	Pseudomonadota	Pseudomonadota sp.	Pseudomonadota sp.	Pseudomonadota sp.	Pseudomonadota sp.	Pseudomonadota sp.
C3221	Bacteria	Pseudomonadota	Gammaproteobacteria	Enterobacterales	Morganellaceae	Providencia	Providencia sp.
C3223	Bacteria	Bacteroidota	Bacteroidia	Sphingobacteriales	Sphingobacteriaceae	Sphingobacterium	Sphingobacterium sp. 30C10-4-7
C3224	Bacteria	Bacteroidota	Bacteroidia	Bacteroidales	Dysgonomonadaceae	Dysgonomonas	Dysgonomonas sp.
C3226	Bacteria	Planctomycetota	Planctomycetes	Planctomycetales	Rubinisphaeraceae	Planctomicrobium	Planctomicrobium sp.
C3228	Unknown	Unknown	Unknown	Unknown	Unknown	Unknown	Unknown
C3233	Bacteria	Bacteroidota	Bacteroidia	Flavobacteriales	Weeksellaceae	Chishuiella	Empedobacter sp. F-Fue-04TIIa
C3235	Bacteria	Bacteroidota	Bacteroidia	Chitinophagales	Chitinophagaceae	Incertae Sedis	Incertae Sedis sp.
C3238	Bacteria	Pseudomonadota	Gammaproteobacteria	Burkholderiales	Burkholderiaceae	Incertae Sedis	Incertae Sedis sp.
C3241	Bacteria	Pseudomonadota	Gammaproteobacteria	Enterobacterales	Morganellaceae	Providencia	Providencia sp.
C3242	Bacteria	Pseudomonadota	Gammaproteobacteria	Enterobacterales	Enterobacterales sp.	Enterobacterales sp.	Enterobacterales sp.
C3243	Bacteria	Pseudomonadota	Gammaproteobacteria	Enterobacterales	Orbaceae	Gilliamella	Gilliamella sp.
C3250	Bacteria	Bacteroidota	Bacteroidia	Cytophagales	Spirosomataceae	Leadbetterella	uncultured bacterium
C3255	Unknown	Unknown	Unknown	Unknown	Unknown	Unknown	Unknown
C3256	Bacteria	Bacteroidota	Bacteroidia	Bacteroidales	Dysgonomonadaceae	Dysgonomonas	Dysgonomonas sp.
C3258	Bacteria	Bacteroidota	Bacteroidia	Bacteroidales	Dysgonomonadaceae	Dysgonomonas	Dysgonomonas sp.
C3260	Bacteria	Pseudomonadota	Gammaproteobacteria	Burkholderiales	Comamonadaceae	Lampropedia	Lampropedia sp.
C3262	Bacteria	Pseudomonadota	Alphaproteobacteria	Acetobacterales	Acetobacteraceae	Acetobacter	Acetobacter sp.
C3264	Bacteria	Pseudomonadota	Gammaproteobacteria	Pseudomonadales	Pseudomonadaceae	Pseudomonas	Pseudomonas sp.
C3265	Bacteria	Bacillota	Bacilli	Lactobacillales	Lactobacillaceae	Lacticaseibacillus	uncultured compost bacterium
C3268	Bacteria	Pseudomonadota	Alphaproteobacteria	Acetobacterales	Acetobacteraceae	Acetobacter	Acetobacter sp.
C3270	Bacteria	Pseudomonadota	Alphaproteobacteria	Holosporales	Holosporaceae	Incertae Sedis	Incertae Sedis sp.
C3272	Bacteria	Pseudomonadota	Gammaproteobacteria	Enterobacterales	Orbaceae	Orbaceae sp.	Orbaceae sp.
C3278	Bacteria	Pseudomonadota	Gammaproteobacteria	Enterobacterales	Orbaceae	Gilliamella	Gilliamella sp.
C3282	Bacteria	Pseudomonadota	Gammaproteobacteria	Enterobacterales	Orbaceae	Orbaceae sp.	Orbaceae sp.
C3289	Bacteria	Pseudomonadota	Gammaproteobacteria	Pseudomonadales	Pseudomonadaceae	Pseudomonas	Pseudomonas sp.
C3298	Bacteria	Pseudomonadota	Gammaproteobacteria	Enterobacterales	Enterobacteriaceae	Escherichia-Shigella	Escherichia-Shigella sp.
C3305	Eukaryota	Bacillota	Clostridia	Oscillospirales	Ruminococcaceae	Incertae Sedis	Teleopsis dalmanni
C3306	Bacteria	Pseudomonadota	Gammaproteobacteria	Burkholderiales	Alcaligenaceae	Alcaligenaceae sp.	Alcaligenaceae sp.
C3308	Bacteria	Bacillota	Bacilli	Bacilli sp.	Bacilli sp.	Bacilli sp.	Bacilli sp.
C3309	Unknown	Unknown	Unknown	Unknown	Unknown	Unknown	Unknown
C3310	Bacteria	Bacillota	Clostridia	Oscillospirales	Ruminococcaceae	Ruminococcaceae sp.	Ruminococcaceae sp.
C3311	Bacteria	Bacteroidota	Bacteroidia	Flavobacteriales	Weeksellaceae	Weeksella	uncultured bacterium
C3312	Bacteria	Pseudomonadota	Alphaproteobacteria	Hyphomicrobiales	Rhizobiaceae	Rhizobiaceae sp.	Rhizobiaceae sp.
C3317	NA	Amorphea	Obazoa	Opisthokonta	Holozoa	Choanozoa	Metazoa
C3321	Bacteria	Pseudomonadota	Gammaproteobacteria	Enterobacterales	Orbaceae	Orbus	Orbus sp.
C3322	Bacteria	Pseudomonadota	Gammaproteobacteria	Enterobacterales	Orbaceae	Orbaceae sp.	Orbaceae sp.
C3323	Bacteria	Pseudomonadota	Alphaproteobacteria	Acetobacterales	Acetobacteraceae	Acetobacter	Acetobacter sp.
C3324	Bacteria	Pseudomonadota	Gammaproteobacteria	Burkholderiales	Burkholderiaceae	Incertae Sedis	Incertae Sedis sp.
C3327	NA	Amorphea	Obazoa	Opisthokonta	Nucletmycea	Fungi	Dikarya
C3330	Bacteria	Bacteroidota	Bacteroidia	Cytophagales	Spirosomataceae	Leadbetterella	uncultured bacterium
C3331	Bacteria	Pseudomonadota	Gammaproteobacteria	Enterobacterales	Orbaceae	Orbaceae sp.	Orbaceae sp.
C3337	Bacteria	Pseudomonadota	Gammaproteobacteria	Enterobacterales	Enterobacteriaceae	Escherichia-Shigella	uncultured bacterium
C3339	Bacteria	Pseudomonadota	Gammaproteobacteria	Enterobacterales	Enterobacterales sp.	Enterobacterales sp.	Enterobacterales sp.
C3343	Bacteria	Bacillota	Bacillota sp.	Bacillota sp.	Bacillota sp.	Bacillota sp.	Bacillota sp.
C3347	Bacteria	Bacteroidota	Bacteroidia	Flavobacteriales	Weeksellaceae	Apibacter	Apibacter sp.
C3348	Bacteria	Pseudomonadota	Gammaproteobacteria	Pseudomonadales	Pseudomonadaceae	Pseudomonas	uncultured bacterium
C3351	Bacteria	Bacillota	Clostridia	Oscillospirales	Ruminococcaceae	Candidatus Soleaferrea	uncultured bacterium
C3352	Bacteria	Pseudomonadota	Gammaproteobacteria	Pseudomonadales	Pseudomonadaceae	Pseudomonas	Pseudomonas sp.
C3353	Bacteria	Bacteroidota	Bacteroidia	Flavobacteriales	Weeksellaceae	Daejeonia	uncultured bacterium
C3354	Bacteria	Pseudomonadota	Gammaproteobacteria	Burkholderiales	Burkholderiaceae	Incertae Sedis	Incertae Sedis sp.
C3355	Bacteria	Pseudomonadota	Gammaproteobacteria	Enterobacterales	Enterobacteriaceae	Enterobacteriaceae sp.	Enterobacteriaceae sp.
C3357	Bacteria	Pseudomonadota	Gammaproteobacteria	Enterobacterales	Orbaceae	Gilliamella	Gilliamella sp.
C3358	Bacteria	Bacillota	Clostridia	Clostridia sp.	Clostridia sp.	Clostridia sp.	Clostridia sp.
C3359	Bacteria	Pseudomonadota	Gammaproteobacteria	Enterobacterales	Aeromonadaceae	Aeromonas	Aeromonas sp.
C3360	Bacteria	Patescibacteria	Saccharimonadia	Saccharimonadales	Incertae Sedis	Incertae Sedis	uncultured bacterium
C3361	Bacteria	Pseudomonadota	Alphaproteobacteria	Hyphomicrobiales	Devosiaceae	Pelagibacterium	Pelagibacterium sp.
C3362	Bacteria	Bacteroidota	Bacteroidia	Sphingobacteriales	env.OPS 17	Incertae Sedis	Incertae Sedis sp.
C3363	Bacteria	Pseudomonadota	Gammaproteobacteria	Pseudomonadales	Pseudomonadaceae	Pseudomonas	uncultured bacterium
C3364	Unknown	Unknown	Unknown	Unknown	Unknown	Unknown	Unknown
C3366	Bacteria	Bacteroidota	Bacteroidia	Sphingobacteriales	Sphingobacteriaceae	Sphingobacterium	Sphingobacterium sp.
C3367	Bacteria	Bacteroidota	Bacteroidia	Bacteroidales	Dysgonomonadaceae	Dysgonomonas	Dysgonomonas sp.
C3368	Unknown	Unknown	Unknown	Unknown	Unknown	Unknown	Unknown
C3369	Bacteria	Bacteroidota	Bacteroidia	Bacteroidales	Dysgonomonadaceae	Dysgonomonas	Dysgonomonas sp.
C3370	Bacteria	Bacillota	Clostridia	Oscillospirales	Oscillospirales sp.	Oscillospirales sp.	Oscillospirales sp.
C3371	Bacteria	Pseudomonadota	Alphaproteobacteria	Acetobacterales	Acetobacteraceae	Commensalibacter	Commensalibacter sp.
C3372	Bacteria	Bdellovibrionota	Oligoflexia	Oligoflexales	Oligoflexaceae	Incertae Sedis	uncultured bacterium
C3373	Unknown	Unknown	Unknown	Unknown	Unknown	Unknown	Unknown
C3374	Bacteria	Bacteroidota	Bacteroidia	Cytophagales	Spirosomataceae	Spirosomataceae sp.	Spirosomataceae sp.
C3375	Bacteria	Pseudomonadota	Gammaproteobacteria	Gammaproteobacteria sp.	Gammaproteobacteria sp.	Gammaproteobacteria sp.	Gammaproteobacteria sp.
C3378	Bacteria	Pseudomonadota	Gammaproteobacteria	Enterobacterales	Orbaceae	Orbaceae sp.	Orbaceae sp.
C3379	Bacteria	Thermodesulfobacteriota	Desulfuromonadia	Bradymonadales	Incertae Sedis	SKP-2	uncultured delta proteobacterium
C3380	Bacteria	Pseudomonadota	Alphaproteobacteria	Rhodobacterales	Paracoccaceae	Gemmobacter	uncultured bacterium
C3381	Bacteria	Pseudomonadota	Gammaproteobacteria	Gammaproteobacteria sp.	Gammaproteobacteria sp.	Gammaproteobacteria sp.	Gammaproteobacteria sp.
C3384	Bacteria	Pseudomonadota	Gammaproteobacteria	Pseudomonadales	Moraxellaceae	Moraxellaceae sp.	Moraxellaceae sp.
C3385	NA	NA sp.	NA sp.	NA sp.	NA sp.	NA sp.	NA sp.
C3386	Bacteria	Pseudomonadota	Gammaproteobacteria	Burkholderiales	Comamonadaceae	Comamonadaceae sp.	Comamonadaceae sp.
C3389	Unknown	Unknown	Unknown	Unknown	Unknown	Unknown	Unknown
C3390	Bacteria	Bacteroidota	Bacteroidia	Flavobacteriales	NS9 marine group	Incertae Sedis	Incertae Sedis sp.
C3392	Bacteria	Pseudomonadota	Gammaproteobacteria	Enterobacterales	Morganellaceae	Providencia	Providencia sp.
C3394	Bacteria	Verrucomicrobiota	Verrucomicrobiia	Chthoniobacterales	01D2Z36	Incertae Sedis	uncultured bacterium
C3396	Bacteria	Pseudomonadota	Alphaproteobacteria	Rhodobacterales	Paracoccaceae	Paracoccaceae sp.	Paracoccaceae sp.
C3398	Bacteria	Pseudomonadota	Gammaproteobacteria	Gammaproteobacteria sp.	Gammaproteobacteria sp.	Gammaproteobacteria sp.	Gammaproteobacteria sp.
C3402	Bacteria	Pseudomonadota	Gammaproteobacteria	Burkholderiales	Comamonadaceae	Comamonadaceae sp.	Comamonadaceae sp.
C3403	Bacteria	Pseudomonadota	Gammaproteobacteria	Burkholderiales	Comamonadaceae	Lampropedia	Lampropedia sp. BRTC-2
C3404	Bacteria	Pseudomonadota	Alphaproteobacteria	Micavibrionales	Micavibrionaceae	Incertae Sedis	uncultured bacterium
C3406	Bacteria	Pseudomonadota	Gammaproteobacteria	Burkholderiales	Burkholderiales sp.	Burkholderiales sp.	Burkholderiales sp.
C3408	Bacteria	Pseudomonadota	Gammaproteobacteria	Pseudomonadales	Pseudomonadaceae	Pseudomonas	uncultured bacterium
C3409	Bacteria	Bacteroidota	Bacteroidia	Flavobacteriales	Flavobacteriaceae	Flavobacterium	uncultured bacterium
C3410	Unknown	Unknown	Unknown	Unknown	Unknown	Unknown	Unknown
C3412	Bacteria	Verrucomicrobiota	Verrucomicrobiia	Chthoniobacterales	01D2Z36	Incertae Sedis	uncultured bacterium
C3413	Bacteria	Pseudomonadota	Gammaproteobacteria	Burkholderiales	Comamonadaceae	Lampropedia	Lampropedia sp.
C3414	Bacteria	Pseudomonadota	Gammaproteobacteria	Burkholderiales	Comamonadaceae	Comamonadaceae sp.	Comamonadaceae sp.
C3416	Bacteria	Bacteroidota	Bacteroidia	Bacteroidales	Bacteroidales sp.	Bacteroidales sp.	Bacteroidales sp.
C3417	Bacteria	Pseudomonadota	Gammaproteobacteria	Burkholderiales	Comamonadaceae	Incertae Sedis	uncultured beta proteobacterium
C3418	Bacteria	Pseudomonadota	Alphaproteobacteria	Rhodobacterales	Paracoccaceae	Paracoccaceae sp.	Paracoccaceae sp.
C3426	Unknown	Unknown	Unknown	Unknown	Unknown	Unknown	Unknown
C3428	Bacteria	Pseudomonadota	Gammaproteobacteria	Enterobacterales	Aeromonadaceae	Aeromonas	Aeromonas sp.
C3433	Unknown	Unknown	Unknown	Unknown	Unknown	Unknown	Unknown
C3434	Bacteria	Bacteroidota	Bacteroidia	Bacteroidales	Bacteroidales sp.	Bacteroidales sp.	Bacteroidales sp.
C3437	Bacteria	Pseudomonadota	Gammaproteobacteria	Enterobacterales	Aeromonadaceae	Aeromonas	Aeromonas sp.
C3439	Bacteria	Bacteroidota	Bacteroidia	Flavobacteriales	Weeksellaceae	Weeksella	uncultured bacterium
C3441	Bacteria	Bacteroidota	Bacteroidia	Cytophagales	Spirosomataceae	Spirosomataceae sp.	Spirosomataceae sp.
C3442	Bacteria	Bacillota	Bacilli	Lactobacillales	Lactobacillales sp.	Lactobacillales sp.	Lactobacillales sp.
C3444	Bacteria	Bacteroidota	Bacteroidia	Bacteroidales	Dysgonomonadaceae	Dysgonomonas	Dysgonomonas sp.
C3445	Bacteria	Pseudomonadota	Gammaproteobacteria	Pseudomonadales	Moraxellaceae	Acinetobacter	Acinetobacter baumannii
C3447	Bacteria	Pseudomonadota	Gammaproteobacteria	Pseudomonadales	Pseudomonadaceae	Pseudomonas	uncultured bacterium
C3449	Bacteria	Bacillota	Bacilli	Lactobacillales	Lactobacillaceae	Lentilactobacillus	Lactobacillus buchneri
C3450	Bacteria	Pseudomonadota	Gammaproteobacteria	Burkholderiales	Comamonadaceae	Lampropedia	Lampropedia hyalina
C3451	Bacteria	Pseudomonadota	Gammaproteobacteria	Enterobacterales	Morganellaceae	Providencia	Providencia sp.
C3452	Bacteria	Actinomycetota	Actinobacteria	Micrococcales	Microbacteriaceae	Microbacterium	Microbacterium sp.
C3453	Bacteria	Pseudomonadota	Gammaproteobacteria	Pseudomonadales	Moraxellaceae	Acinetobacter	Acinetobacter sp.
C3454	Bacteria	Pseudomonadota	Alphaproteobacteria	Caulobacterales	Caulobacteraceae	Asticcacaulis	Asticcacaulis sp.
C3457	Bacteria	Bacillota	Bacilli	Lactobacillales	Lactobacillaceae	Lactobacillaceae sp.	Lactobacillaceae sp.
C3458	Bacteria	Pseudomonadota	Gammaproteobacteria	Pseudomonadales	Pseudomonadaceae	Pseudomonadaceae sp.	Pseudomonadaceae sp.
C3459	Bacteria	Pseudomonadota	Gammaproteobacteria	Pseudomonadales	Moraxellaceae	Acinetobacter	Acinetobacter sp.
C3461	Unknown	Unknown	Unknown	Unknown	Unknown	Unknown	Unknown
C3462	Bacteria	Pseudomonadota	Gammaproteobacteria	Burkholderiales	Burkholderiales sp.	Burkholderiales sp.	Burkholderiales sp.
C3467	Bacteria	Bacteroidota	Bacteroidia	Flavobacteriales	Flavobacteriaceae	Flavobacterium	Flavobacterium sp.
C3470	Bacteria	Bacillota	Bacilli	Lactobacillales	Lactobacillaceae	Lactobacillaceae sp.	Lactobacillaceae sp.
C3473	Bacteria	Bacteroidota	Bacteroidia	Flavobacteriales	Flavobacteriaceae	Flavobacterium	Flavobacterium sp.
C3478	Bacteria	Pseudomonadota	Gammaproteobacteria	Pseudomonadales	Moraxellaceae	Acinetobacter	Acinetobacter sp.
C3479	Bacteria	Bacteroidota	Bacteroidia	Sphingobacteriales	Sphingobacteriaceae	Sphingobacterium	Sphingobacterium sp.
C3480	Bacteria	Bacteroidota	Bacteroidia	Bacteroidales	Dysgonomonadaceae	Dysgonomonas	Dysgonomonas sp.
C3481	Bacteria	Actinomycetota	Actinobacteria	Micrococcales	Micrococcaceae	Micrococcaceae sp.	Micrococcaceae sp.
C3483	Bacteria	Bacteroidota	Bacteroidia	Flavobacteriales	Flavobacteriaceae	Myroides	Myroides sp.
C3485	Bacteria	Pseudomonadota	Gammaproteobacteria	Pseudomonadales	Moraxellaceae	Acinetobacter	Acinetobacter sp.
C3486	Bacteria	Bacteroidota	Bacteroidia	Flavobacteriales	Weeksellaceae	Empedobacter	Empedobacter brevis
C3487	Bacteria	Pseudomonadota	Gammaproteobacteria	Gammaproteobacteria sp.	Gammaproteobacteria sp.	Gammaproteobacteria sp.	Gammaproteobacteria sp.
C3489	Bacteria	Bacillota	Bacilli	Lactobacillales	Lactobacillaceae	Lactiplantibacillus	Lactiplantibacillus sp.
C3490	Bacteria	Bacillota	Bacilli	Lactobacillales	Lactobacillales sp.	Lactobacillales sp.	Lactobacillales sp.
C3492	Bacteria	Pseudomonadota	Alphaproteobacteria	Acetobacterales	Acetobacteraceae	Commensalibacter	Commensalibacter sp.
C3496	Bacteria	Actinomycetota	Actinobacteria	Micrococcales	Micrococcales Incertae Sedis	Populibacterium	Populibacterium sp.
C3499	Bacteria	Pseudomonadota	Gammaproteobacteria	Pseudomonadales	Pseudomonadaceae	Pseudomonas	Pseudomonas sp.
C3501	Bacteria	Pseudomonadota	Pseudomonadota sp.	Pseudomonadota sp.	Pseudomonadota sp.	Pseudomonadota sp.	Pseudomonadota sp.
C3503	Bacteria	Pseudomonadota	Gammaproteobacteria	Pseudomonadales	Pseudomonadaceae	Pseudomonas	Pseudomonas sp.
C3504	Bacteria	Actinomycetota	Actinobacteria	Mycobacteriales	Corynebacteriaceae	Corynebacterium	Corynebacterium sp.
C3507	Bacteria	Pseudomonadota	Gammaproteobacteria	Burkholderiales	Burkholderiales sp.	Burkholderiales sp.	Burkholderiales sp.
C3509	Bacteria	Bacteroidota	Bacteroidia	Sphingobacteriales	Sphingobacteriaceae	Sphingobacterium	Sphingobacterium sp.
C3510	NA	NA sp.	NA sp.	NA sp.	NA sp.	NA sp.	NA sp.
C3512	Bacteria	Bacillota	Bacilli	Bacillales	Planococcaceae	Planococcaceae sp.	Planococcaceae sp.
C3513	Bacteria	Bacillota	Bacilli	Bacillales	Planococcaceae	Lysinibacillus	Lysinibacillus sp.
C3515	NA	NA sp.	NA sp.	NA sp.	NA sp.	NA sp.	NA sp.
C3516	Bacteria	Bacteroidota	Bacteroidia	Sphingobacteriales	Sphingobacteriaceae	Sphingobacteriaceae sp.	Sphingobacteriaceae sp.
C3518	Bacteria	Bacteroidota	Bacteroidia	Sphingobacteriales	Sphingobacteriaceae	Sphingobacteriaceae sp.	Sphingobacteriaceae sp.
C3519	Bacteria	Bacteroidota	Bacteroidia	Cytophagales	Spirosomataceae	Leadbetterella	uncultured bacterium
C3520	Bacteria	Pseudomonadota	Gammaproteobacteria	Pseudomonadales	Moraxellaceae	Moraxellaceae sp.	Moraxellaceae sp.
C3522	Bacteria	Pseudomonadota	Gammaproteobacteria	Pseudomonadales	Moraxellaceae	Acinetobacter	Acinetobacter sp.
C3524	Bacteria	Pseudomonadota	Gammaproteobacteria	Gammaproteobacteria sp.	Gammaproteobacteria sp.	Gammaproteobacteria sp.	Gammaproteobacteria sp.
C3526	Bacteria	Pseudomonadota	Gammaproteobacteria	Burkholderiales	Neisseriaceae	Vitreoscilla	Vitreoscilla sp.
C3529	Bacteria	Bacteroidota	Bacteroidia	Cytophagales	Spirosomataceae	Leadbetterella	Leadbetterella sp.
C3531	Bacteria	Pseudomonadota	Gammaproteobacteria	Pseudomonadales	Moraxellaceae	Acinetobacter	Acinetobacter sp.
C3534	Bacteria	Bacteroidota	Bacteroidia	Flavobacteriales	Weeksellaceae	Empedobacter	Empedobacter brevis
C3535	Bacteria	Pseudomonadota	Gammaproteobacteria	Burkholderiales	Comamonadaceae	Lampropedia	Lampropedia sp.
C3539	Bacteria	Pseudomonadota	Gammaproteobacteria	Gammaproteobacteria sp.	Gammaproteobacteria sp.	Gammaproteobacteria sp.	Gammaproteobacteria sp.
C3540	Bacteria	Pseudomonadota	Gammaproteobacteria	Pseudomonadales	Moraxellaceae	Acinetobacter	Acinetobacter sp.
C3542	Bacteria	Pseudomonadota	Gammaproteobacteria	Burkholderiales	Comamonadaceae	Comamonadaceae sp.	Comamonadaceae sp.
C3543	Bacteria	Pseudomonadota	Gammaproteobacteria	Pseudomonadales	Pseudomonadaceae	Pseudomonas	Pseudomonas sp.
C3545	Bacteria	Pseudomonadota	Gammaproteobacteria	Pseudomonadales	Pseudomonadaceae	Pseudomonas	Pseudomonas sp. M1(2015b)
C3547	Bacteria	Pseudomonadota	Gammaproteobacteria	Gammaproteobacteria sp.	Gammaproteobacteria sp.	Gammaproteobacteria sp.	Gammaproteobacteria sp.
C3548	Bacteria	Pseudomonadota	Alphaproteobacteria	Rhodobacterales	Paracoccaceae	Paracoccaceae sp.	Paracoccaceae sp.
C3551	Bacteria	Bacteroidota	Bacteroidia	Bacteroidales	Dysgonomonadaceae	Dysgonomonas	uncultured bacterium
C3553	Bacteria	Pseudomonadota	Gammaproteobacteria	Pseudomonadales	Moraxellaceae	Acinetobacter	uncultured bacterium
C3560	Bacteria	Pseudomonadota	Gammaproteobacteria	Burkholderiales	Comamonadaceae	Lampropedia	Lampropedia sp. BRTC-2
C3564	Bacteria	Pseudomonadota	Alphaproteobacteria	Acetobacterales	Acetobacteraceae	Commensalibacter	Commensalibacter sp.
C3566	Bacteria	Bacteroidota	Bacteroidia	Flavobacteriales	Weeksellaceae	Empedobacter	Empedobacter brevis
C3568	Bacteria	Pseudomonadota	Gammaproteobacteria	Gammaproteobacteria sp.	Gammaproteobacteria sp.	Gammaproteobacteria sp.	Gammaproteobacteria sp.
C3577	Bacteria	Bacillota	Bacilli	Lactobacillales	Lactobacillaceae	Lactiplantibacillus	Lactiplantibacillus sp.
C3583	Unknown	Unknown	Unknown	Unknown	Unknown	Unknown	Unknown
C3586	Bacteria	Pseudomonadota	Gammaproteobacteria	Gammaproteobacteria sp.	Gammaproteobacteria sp.	Gammaproteobacteria sp.	Gammaproteobacteria sp.
C3589	Bacteria	Pseudomonadota	Alphaproteobacteria	Hyphomicrobiales	Devosiaceae	Devosia	Devosia sp.
C3590	Bacteria	Bacteroidota	Bacteroidia	Flavobacteriales	Crocinitomicaceae	Fluviicola	Fluviicola sp.
C3593	Bacteria	Pseudomonadota	Gammaproteobacteria	Burkholderiales	Comamonadaceae	Incertae Sedis	uncultured beta proteobacterium
C3594	Bacteria	Bacillota	Bacilli	Bacillales	Planococcaceae	Planococcaceae sp.	Planococcaceae sp.
C3595	Bacteria	Pseudomonadota	Alphaproteobacteria	Hyphomicrobiales	Devosiaceae	Devosia	Devosia sp.
C3596	Bacteria	Bacteroidota	Bacteroidia	Bacteroidales	Dysgonomonadaceae	Dysgonomonas	bacterium NLAE-zl-C249
C3600	Bacteria	Bacteroidota	Bacteroidia	Bacteroidales	Dysgonomonadaceae	Dysgonomonas	Dysgonomonas sp.
C3602	Bacteria	Bacteroidota	Bacteroidia	Bacteroidales	Bacteroidaceae	Bacteroides	Bacteroides sp.
C3605	Bacteria	Pseudomonadota	Gammaproteobacteria	Burkholderiales	Comamonadaceae	Incertae Sedis	uncultured beta proteobacterium
C3606	Bacteria	Bacteroidota	Bacteroidia	Bacteroidales	Bacteroidaceae	Bacteroides	Bacteroides sp.
C3608	Bacteria	Pseudomonadota	Gammaproteobacteria	Pseudomonadales	Moraxellaceae	Acinetobacter	Acinetobacter sp.
C3609	Bacteria	Pseudomonadota	Gammaproteobacteria	Gammaproteobacteria sp.	Gammaproteobacteria sp.	Gammaproteobacteria sp.	Gammaproteobacteria sp.
C3610	Bacteria	Pseudomonadota	Gammaproteobacteria	Lysobacterales	Rhodanobacteraceae	Rhodanobacteraceae sp.	Rhodanobacteraceae sp.
C3611	Bacteria	Bacillota	Bacilli	RsaHf231	Incertae Sedis	Incertae Sedis	bacterium PM5-3
C3616	Bacteria	Pseudomonadota	Alphaproteobacteria	Micavibrionales	Incertae Sedis	Incertae Sedis	uncultured bacterium
C3619	Bacteria	Actinomycetota	Actinobacteria	Micrococcales	Microbacteriaceae	Microbacterium	Microbacterium sp.
C3620	Bacteria	Pseudomonadota	Gammaproteobacteria	Pseudomonadales	Pseudomonadaceae	Pseudomonas	Pseudomonas sp.
C3621	Bacteria	Pseudomonadota	Alphaproteobacteria	Hyphomicrobiales	Hyphomicrobiales Incertae Sedis	Phreatobacter	uncultured bacterium
C3622	Bacteria	Bacteroidota	Bacteroidia	Bacteroidales	Bacteroidaceae	Bacteroides	Bacteroides sp.
C3626	Bacteria	Patescibacteria	Saccharimonadia	Saccharimonadales	Saccharimonadaceae	TM7a	uncultured bacterium
C3634	Bacteria	Bacteroidota	Bacteroidia	Flavobacteriales	Crocinitomicaceae	Fluviicola	uncultured bacterium
C3643	Bacteria	Bacillota	Bacilli	Erysipelotrichales	Erysipelotrichaceae	Erysipelothrix	Erysipelothrix sp.
C3655	Bacteria	Bacteroidota	Bacteroidia	Bacteroidales	Dysgonomonadaceae	Dysgonomonas	uncultured bacterium
C3656	Bacteria	Pseudomonadota	Gammaproteobacteria	Enterobacterales	Morganellaceae	Providencia	Providencia sp.
C3659	Bacteria	Actinomycetota	Actinobacteria	Micrococcales	Microbacteriaceae	Leucobacter	uncultured bacterium
C3660	Bacteria	Pseudomonadota	Alphaproteobacteria	Acetobacterales	Acetobacteraceae	Acetobacter	Acetobacter sp.
C3663	Bacteria	Bacillota	Bacilli	Erysipelotrichales	Erysipelotrichales sp.	Erysipelotrichales sp.	Erysipelotrichales sp.
C3664	Bacteria	Bacteroidota	Bacteroidia	Bacteroidales	Bacteroidaceae	Bacteroides	Bacteroides sp.
C3665	Bacteria	Bacillota	Bacilli	Paenibacillales	Paenibacillaceae	Paenibacillus	Paenibacillus sp.
C3667	Bacteria	Pseudomonadota	Alphaproteobacteria	Rhodobacterales	Paracoccaceae	Paracoccaceae sp.	Paracoccaceae sp.
C3670	Bacteria	Bacillota	Clostridia	Oscillospirales	Oscillospiraceae	Ruminiclostridium	Ruminiclostridium sp.
C3676	Bacteria	Pseudomonadota	Alphaproteobacteria	Rhodospirillales	Incertae Sedis	Incertae Sedis	Incertae Sedis sp.
C3678	Bacteria	Pseudomonadota	Alphaproteobacteria	Rhodobacterales	Paracoccaceae	Paracoccaceae sp.	Paracoccaceae sp.
C3679	Bacteria	Bacteroidota	Bacteroidia	Bacteroidales	Dysgonomonadaceae	Dysgonomonas	uncultured bacterium
C3681	Bacteria	Pseudomonadota	Gammaproteobacteria	Burkholderiales	Comamonadaceae	Lampropedia	Lampropedia sp.
C3683	Bacteria	Pseudomonadota	Gammaproteobacteria	Burkholderiales	Burkholderiales sp.	Burkholderiales sp.	Burkholderiales sp.
C3684	Bacteria	Pseudomonadota	Gammaproteobacteria	Enterobacterales	Orbaceae	Orbaceae sp.	Orbaceae sp.
C3686	Bacteria	Bacillota	Bacilli	Bacillales	Planococcaceae	Planococcaceae sp.	Planococcaceae sp.
C3687	Bacteria	Pseudomonadota	Gammaproteobacteria	Gammaproteobacteria sp.	Gammaproteobacteria sp.	Gammaproteobacteria sp.	Gammaproteobacteria sp.
C3690	Unknown	Unknown	Unknown	Unknown	Unknown	Unknown	Unknown
C3699	Bacteria	Pseudomonadota	Gammaproteobacteria	Lysobacterales	Lysobacteraceae	Stenotrophomonas	Stenotrophomonas sp.
C3706	Bacteria	Bacteroidota	Bacteroidia	Cytophagales	Spirosomataceae	Leadbetterella	uncultured bacterium
C3707	Bacteria	Bacteroidota	Bacteroidia	Bacteroidales	Bacteroidaceae	Bacteroides	Bacteroides sp.
C3708	Bacteria	Bacillota	Bacilli	RsaHf231	Incertae Sedis	Incertae Sedis	bacterium PM5-3
C3709	Bacteria	Bacteroidota	Bacteroidia	Cytophagales	Spirosomataceae	Persicitalea	Persicitalea sp.
C3711	Bacteria	Pseudomonadota	Alphaproteobacteria	Sphingomonadales	Sphingomonadaceae	Sphingobium	Sphingobium sp.
C3713	Bacteria	Bacillota	Bacilli	Erysipelotrichales	Erysipelotrichaceae	Erysipelothrix	Erysipelothrix sp.
C3715	Bacteria	Bacteroidota	Bacteroidia	Sphingobacteriales	Sphingobacteriaceae	Pedobacter	Pedobacter sp.
C3717	Bacteria	Bacillota	Bacilli	Erysipelotrichales	Erysipelotrichaceae	Erysipelothrix	Erysipelothrix sp.
C3719	Bacteria	Pseudomonadota	Gammaproteobacteria	Gammaproteobacteria sp.	Gammaproteobacteria sp.	Gammaproteobacteria sp.	Gammaproteobacteria sp.
C3720	Bacteria	Myxococcota	Polyangiia	Polyangiales	Polyangiaceae	Pajaroellobacter	Pajaroellobacter sp.
C3722	Unknown	Unknown	Unknown	Unknown	Unknown	Unknown	Unknown
C3723	Bacteria	Bacillota	Bacilli	Acholeplasmatales	Acholeplasmataceae	Acholeplasma	Acholeplasma sp.
C3725	Bacteria	Actinomycetota	Actinobacteria	Micrococcales	Microbacteriaceae	Microbacteriaceae sp.	Microbacteriaceae sp.
C3727	Bacteria	Pseudomonadota	Gammaproteobacteria	Burkholderiales	Alcaligenaceae	Corticimicrobacter	Corticimicrobacter sp.
C3728	Bacteria	Bacteroidota	Bacteroidia	Flavobacteriales	Flavobacteriaceae	Flavobacterium	Flavobacterium sp.
C3729	Bacteria	Pseudomonadota	Alphaproteobacteria	Acetobacterales	Acetobacteraceae	Acetobacter	Acetobacter sp.
C3732	Bacteria	Pseudomonadota	Gammaproteobacteria	Pseudomonadales	Pseudomonadaceae	Pseudomonas	Pseudomonas sp.
C3733	Unknown	Unknown	Unknown	Unknown	Unknown	Unknown	Unknown
C3734	Bacteria	Pseudomonadota	Alphaproteobacteria	Rhodobacterales	Paracoccaceae	Paracoccaceae sp.	Paracoccaceae sp.
C3736	Bacteria	Pseudomonadota	Gammaproteobacteria	Lysobacterales	Rhodanobacteraceae	Pseudofulvimonas	uncultured bacterium
C3737	Bacteria	Pseudomonadota	Alphaproteobacteria	Rhodobacterales	Paracoccaceae	Paracoccaceae sp.	Paracoccaceae sp.
C3738	Bacteria	Pseudomonadota	Gammaproteobacteria	Pseudomonadales	Moraxellaceae	Acinetobacter	Acinetobacter sp.
C3740	Bacteria	Pseudomonadota	Gammaproteobacteria	Burkholderiales	Burkholderiales sp.	Burkholderiales sp.	Burkholderiales sp.
C3742	Bacteria	Pseudomonadota	Gammaproteobacteria	Burkholderiales	Rhodocyclaceae	Rhodocyclaceae sp.	Rhodocyclaceae sp.
C3743	Bacteria	Bacillota	Bacilli	Lactobacillales	Enterococcaceae	Enterococcus	Enterococcus sp.
C3745	Bacteria	Bacillota	Bacilli	Erysipelotrichales	Erysipelotrichaceae	Erysipelothrix	Erysipelothrix sp.
C3747	Bacteria	Bacteroidota	Bacteroidia	Sphingobacteriales	Sphingobacteriaceae	Sphingobacteriaceae sp.	Sphingobacteriaceae sp.
C3748	Bacteria	Bacillota	Bacilli	Lactobacillales	Lactobacillaceae	Lactiplantibacillus	Lactiplantibacillus sp.
C3750	Bacteria	Actinomycetota	Actinobacteria	Micrococcales	Micrococcales Incertae Sedis	Populibacterium	Populibacterium sp.
C3751	Bacteria	Pseudomonadota	Alphaproteobacteria	Hyphomicrobiales	Xanthobacteraceae	Xanthobacteraceae sp.	Xanthobacteraceae sp.
C3752	Bacteria	Pseudomonadota	Gammaproteobacteria	Pseudomonadales	Moraxellaceae	Acinetobacter	uncultured bacterium
C3756	Bacteria	Bacteroidota	Bacteroidia	Sphingobacteriales	Sphingobacteriaceae	Pedobacter	Pedobacter sp.
C3758	Bacteria	Bacteroidota	Bacteroidia	Sphingobacteriales	Sphingobacteriaceae	Sphingobacterium	Sphingobacterium sp.
C3759	Bacteria	Pseudomonadota	Gammaproteobacteria	Lysobacterales	Lysobacteraceae	Lysobacteraceae sp.	Lysobacteraceae sp.
C3760	Bacteria	Pseudomonadota	Gammaproteobacteria	Pseudomonadales	Moraxellaceae	Acinetobacter	Acinetobacter sp.
C3761	Bacteria	Pseudomonadota	Gammaproteobacteria	Cardiobacteriales	Wohlfahrtiimonadaceae	Koukoulia	Koukoulia aurantiaca
C3762	Bacteria	Pseudomonadota	Gammaproteobacteria	Lysobacterales	Lysobacteraceae	Stenotrophomonas	Stenotrophomonas sp.
C3765	Bacteria	Actinomycetota	Actinobacteria	Micrococcales	Microbacteriaceae	Microbacterium	Microbacterium saccharophilum
C3766	Bacteria	Pseudomonadota	Gammaproteobacteria	Burkholderiales	Comamonadaceae	Comamonadaceae sp.	Comamonadaceae sp.
C3768	Bacteria	Actinomycetota	Actinobacteria	Mycobacteriales	Nocardiaceae	Rhodococcus	Rhodococcus sp.
C3773	Unknown	Unknown	Unknown	Unknown	Unknown	Unknown	Unknown
C3774	Bacteria	Pseudomonadota	Gammaproteobacteria	Gammaproteobacteria sp.	Gammaproteobacteria sp.	Gammaproteobacteria sp.	Gammaproteobacteria sp.
C3776	Bacteria	Pseudomonadota	Gammaproteobacteria	Enterobacterales	Enterobacterales sp.	Enterobacterales sp.	Enterobacterales sp.
C3777	Bacteria	Pseudomonadota	Gammaproteobacteria	Pseudomonadales	Moraxellaceae	Acinetobacter	Acinetobacter sp.
C3778	Bacteria	Actinomycetota	Actinobacteria	Micrococcales	Microbacteriaceae	Microbacteriaceae sp.	Microbacteriaceae sp.
C3780	Bacteria	Pseudomonadota	Gammaproteobacteria	Burkholderiales	Comamonadaceae	Comamonadaceae sp.	Comamonadaceae sp.
C3782	Unknown	Unknown	Unknown	Unknown	Unknown	Unknown	Unknown
C3786	Bacteria	Bacteroidota	Bacteroidia	Sphingobacteriales	Sphingobacteriaceae	Sphingobacteriaceae sp.	Sphingobacteriaceae sp.
C3787	Bacteria	Bacteroidota	Bacteroidia	Chitinophagales	Chitinophagaceae	Rurimicrobium	uncultured bacterium
C3788	Bacteria	Pseudomonadota	Gammaproteobacteria	Pseudomonadales	Moraxellaceae	Acinetobacter	Acinetobacter sp.
C3790	Bacteria	Pseudomonadota	Gammaproteobacteria	Enterobacterales	Orbaceae	Orbaceae sp.	Orbaceae sp.
C3791	Bacteria	Pseudomonadota	Gammaproteobacteria	Gammaproteobacteria sp.	Gammaproteobacteria sp.	Gammaproteobacteria sp.	Gammaproteobacteria sp.
C3792	Bacteria	Bacteroidota	Bacteroidia	Bacteroidales	Dysgonomonadaceae	Dysgonomonas	Dysgonomonas sp.
C3793	Bacteria	Bacteroidota	Bacteroidia	Bacteroidales	Bacteroidaceae	Bacteroides	Bacteroides sp.
C3794	Bacteria	Actinomycetota	Actinobacteria	Micrococcales	Microbacteriaceae	Leucobacter	Leucobacter sp.
C3798	Bacteria	Pseudomonadota	Gammaproteobacteria	Pseudomonadales	Pseudomonadales sp.	Pseudomonadales sp.	Pseudomonadales sp.
C3799	Bacteria	Pseudomonadota	Gammaproteobacteria	Pseudomonadales	Moraxellaceae	Acinetobacter	Acinetobacter sp.
C3801	Bacteria	Pseudomonadota	Gammaproteobacteria	Lysobacterales	Lysobacteraceae	Stenotrophomonas	Xanthomonas oryzae
C3802	Bacteria	Pseudomonadota	Gammaproteobacteria	Enterobacterales	Morganellaceae	Morganellaceae sp.	Morganellaceae sp.
C3805	Bacteria	Pseudomonadota	Gammaproteobacteria	Lysobacterales	Lysobacteraceae	Arenimonas	uncultured gamma proteobacterium
C3809	Bacteria	Bacteroidota	Bacteroidia	Sphingobacteriales	Sphingobacteriaceae	Sphingobacterium	Sphingobacterium sp.
C3814	Bacteria	Bacteroidota	Bacteroidia	Bacteroidales	Dysgonomonadaceae	Dysgonomonas	bacterium NLAE-zl-C249
C3816	Bacteria	Bacteroidota	Bacteroidia	Bacteroidales	Bacteroidaceae	Bacteroides	Bacteroides sp.
C3820	Bacteria	Pseudomonadota	Alphaproteobacteria	Rhodobacterales	Paracoccaceae	Paracoccus	Paracoccus marinus
C3822	Bacteria	Bacteroidota	Bacteroidia	Cytophagales	Spirosomataceae	Persicitalea	Persicitalea sp.
C3825	Bacteria	Bacillota	Bacilli	Erysipelotrichales	Erysipelotrichaceae	Erysipelothrix	Erysipelothrix sp.
C3827	Bacteria	Pseudomonadota	Gammaproteobacteria	Lysobacterales	Lysobacteraceae	Luteimonas	Luteimonas sp.
C3828	Bacteria	Bacillota	Bacilli	Erysipelotrichales	Erysipelotrichaceae	Erysipelothrix	uncultured bacterium
C3833	Bacteria	Bacillota	Clostridia	Oscillospirales	Oscillospirales sp.	Oscillospirales sp.	Oscillospirales sp.
C3834	Bacteria	Pseudomonadota	Alphaproteobacteria	Hyphomicrobiales	Devosiaceae	Devosia	Devosia sp.
C3835	Bacteria	Bacteroidota	Bacteroidia	Cytophagales	Spirosomataceae	Leadbetterella	Leadbetterella sp.
C3836	Bacteria	Pseudomonadota	Gammaproteobacteria	Burkholderiales	Comamonadaceae	Lampropedia	Lampropedia sp.
C3837	Bacteria	Pseudomonadota	Alphaproteobacteria	Caulobacterales	Caulobacteraceae	Caulobacteraceae sp.	Caulobacteraceae sp.
C3838	Bacteria	Pseudomonadota	Gammaproteobacteria	Enterobacterales	Morganellaceae	Morganella	Morganella sp.
C3840	Bacteria	Pseudomonadota	Alphaproteobacteria	Hyphomicrobiales	Beijerinckiaceae	Bosea	Bosea sp.
C3842	Bacteria	Bacteroidota	Bacteroidia	Flavobacteriales	Flavobacteriaceae	Flavobacterium	Flavobacterium sp.
C3843	Bacteria	Bacteroidota	Bacteroidia	Sphingobacteriales	Sphingobacteriaceae	Sphingobacteriaceae sp.	Sphingobacteriaceae sp.
C3848	Bacteria	Bdellovibrionota	Bacteriovoracia	Bacteriovoracales	Bacteriovoracaceae	Peredibacter	uncultured prokaryote
C3849	Bacteria	Bacteroidota	Bacteroidia	Cytophagales	Spirosomataceae	Persicitalea	Persicitalea sp.
C3853	Bacteria	Pseudomonadota	Gammaproteobacteria	Pseudomonadales	Moraxellaceae	Acinetobacter	Acinetobacter sp.
C3854	Bacteria	Myxococcota	Polyangiia	Polyangiales	Polyangiaceae	Pajaroellobacter	uncultured bacterium
C3855	Bacteria	Pseudomonadota	Gammaproteobacteria	Gammaproteobacteria sp.	Gammaproteobacteria sp.	Gammaproteobacteria sp.	Gammaproteobacteria sp.
C3858	Bacteria	Bacteroidota	Bacteroidia	Chitinophagales	Incertae Sedis	Incertae Sedis	uncultured bacterium
C3859	Bacteria	Pseudomonadota	Alphaproteobacteria	Hyphomicrobiales	Rhizobiaceae	Agrobacterium	Agrobacterium sp.
C3862	Bacteria	Pseudomonadota	Alphaproteobacteria	Azospirillales	Azospirillaceae	Niveispirillum	Niveispirillum sp.
C3863	Bacteria	Actinomycetota	Actinobacteria	Micrococcales	Microbacteriaceae	Microbacteriaceae sp.	Microbacteriaceae sp.
C3867	Bacteria	Pseudomonadota	Alphaproteobacteria	Hyphomicrobiales	Rhizobiaceae	Rhizobiaceae sp.	Rhizobiaceae sp.
C3869	Bacteria	Pseudomonadota	Alphaproteobacteria	Rhodobacterales	Paracoccaceae	Paracoccaceae sp.	Paracoccaceae sp.
C3871	Bacteria	Bacteroidota	Bacteroidia	Cytophagales	Spirosomataceae	Persicitalea	Persicitalea sp.
C3876	Unknown	Unknown	Unknown	Unknown	Unknown	Unknown	Unknown
C3877	Bacteria	Pseudomonadota	Gammaproteobacteria	Burkholderiales	Comamonadaceae	Lampropedia	Lampropedia hyalina
C3878	Bacteria	Pseudomonadota	Gammaproteobacteria	Gammaproteobacteria sp.	Gammaproteobacteria sp.	Gammaproteobacteria sp.	Gammaproteobacteria sp.
C3879	Bacteria	Pseudomonadota	Gammaproteobacteria	Gammaproteobacteria sp.	Gammaproteobacteria sp.	Gammaproteobacteria sp.	Gammaproteobacteria sp.
C3886	Bacteria	Pseudomonadota	Gammaproteobacteria	Pseudomonadales	Pseudomonadaceae	Pseudomonas	Pseudomonas sp.
C3887	Bacteria	Pseudomonadota	Gammaproteobacteria	Burkholderiales	Comamonadaceae	Comamonas	Comamonas sp.
C3888	Bacteria	Planctomycetota	Planctomycetes	Planctomycetales	Rubinisphaeraceae	Planctomicrobium	Planctomicrobium sp.
C3893	Bacteria	Bacillota	Bacilli	Acholeplasmatales	Acholeplasmataceae	Acholeplasma	Acholeplasma sp.
C3894	Bacteria	Pseudomonadota	Gammaproteobacteria	Pseudomonadales	Moraxellaceae	Acinetobacter	Acinetobacter sp.
C3895	Bacteria	Pseudomonadota	Gammaproteobacteria	Enterobacterales	Morganellaceae	Providencia	Providencia sp.
C3897	Bacteria	Pseudomonadota	Gammaproteobacteria	Enterobacterales	Enterobacteriaceae	Salmonella	Salmonella sp.
C3906	Bacteria	Pseudomonadota	Gammaproteobacteria	Lysobacterales	Lysobacteraceae	Stenotrophomonas	Stenotrophomonas sp.
C3909	Bacteria	Pseudomonadota	Gammaproteobacteria	Burkholderiales	Comamonadaceae	Lampropedia	Lampropedia sp.
C3912	Unknown	Unknown	Unknown	Unknown	Unknown	Unknown	Unknown
C3921	Bacteria	Actinomycetota	Actinobacteria	Frankiales	Nakamurellaceae	Nakamurella	Nakamurella sp.
C3922	Bacteria	Pseudomonadota	Gammaproteobacteria	Burkholderiales	Comamonadaceae	Comamonadaceae sp.	Comamonadaceae sp.
C3924	Bacteria	Pseudomonadota	Alphaproteobacteria	Rhodobacterales	Paracoccaceae	Paracoccaceae sp.	Paracoccaceae sp.
C3927	Bacteria	Pseudomonadota	Alphaproteobacteria	Alphaproteobacteria sp.	Alphaproteobacteria sp.	Alphaproteobacteria sp.	Alphaproteobacteria sp.
C3928	Bacteria	Bacteroidota	Bacteroidia	Cytophagales	Spirosomataceae	Persicitalea	Persicitalea sp.
C3931	Bacteria	Bacteroidota	Bacteroidia	Chitinophagales	Chitinophagaceae	Chitinophagaceae sp.	Chitinophagaceae sp.
C3934	Bacteria	Verrucomicrobiota	Verrucomicrobiia	Chthoniobacterales	Terrimicrobiaceae	Terrimicrobium	uncultured bacterium
C3936	Bacteria	Pseudomonadota	Gammaproteobacteria	Enterobacterales	Enterobacterales sp.	Enterobacterales sp.	Enterobacterales sp.
C3937	Bacteria	Pseudomonadota	Alphaproteobacteria	Caulobacterales	Hyphomonadaceae	Hirschia	Hirschia sp.
C3938	Bacteria	Pseudomonadota	Gammaproteobacteria	Enterobacterales	Morganellaceae	Providencia	Providencia sp.
C3942	Bacteria	Bacteroidota	Bacteroidia	Chitinophagales	Chitinophagaceae	Incertae Sedis	uncultured bacterium
C3943	Bacteria	Bacteroidota	Bacteroidia	Flavobacteriales	Flavobacteriaceae	Flavobacterium	uncultured bacterium
C3944	Bacteria	Bacteroidota	Bacteroidia	Sphingobacteriales	Sphingobacteriaceae	Sphingobacterium	Sphingobacterium sp. G2-10
C3945	Bacteria	Bacteroidota	Bacteroidia	Sphingobacteriales	Sphingobacteriaceae	Sphingobacterium	Sphingobacterium sp. Antarctic IS05
C3946	Bacteria	Pseudomonadota	Gammaproteobacteria	Burkholderiales	Burkholderiaceae	Incertae Sedis	Incertae Sedis sp.
C3947	Bacteria	Pseudomonadota	Gammaproteobacteria	Burkholderiales	Comamonadaceae	Comamonadaceae sp.	Comamonadaceae sp.
C3949	Bacteria	Pseudomonadota	Alphaproteobacteria	Hyphomicrobiales	Devosiaceae	Devosia	Devosia sp.
C3950	Bacteria	Pseudomonadota	Gammaproteobacteria	Burkholderiales	Alcaligenaceae	Corticimicrobacter	Corticimicrobacter sp.
C3952	Bacteria	Pseudomonadota	Alphaproteobacteria	Hyphomicrobiales	Devosiaceae	Devosia	Devosia sp.
C3955	Bacteria	Pseudomonadota	Alphaproteobacteria	Caulobacterales	Caulobacteraceae	Brevundimonas	Brevundimonas sp.
C3956	Bacteria	Pseudomonadota	Gammaproteobacteria	Lysobacterales	Lysobacteraceae	Pseudoxanthomonas	Pseudoxanthomonas sp.
C3957	Bacteria	Pseudomonadota	Gammaproteobacteria	Pseudomonadales	Cellvibrionaceae	Cellvibrio	uncultured bacterium
C3958	Bacteria	Pseudomonadota	Gammaproteobacteria	Enterobacterales	Morganellaceae	Providencia	Providencia sp.
C3959	Bacteria	Pseudomonadota	Gammaproteobacteria	Pseudomonadales	Cellvibrionaceae	Cellvibrio	uncultured bacterium
C3960	Bacteria	Planctomycetota	Planctomycetes	Planctomycetales	Rubinisphaeraceae	Planctomicrobium	Planctomicrobium sp.
C3961	Bacteria	Bacteroidota	Bacteroidia	Flavobacteriales	Flavobacteriaceae	Flavobacterium	Flavobacterium sp.
C3963	Bacteria	Bacteroidota	Bacteroidia	Flavobacteriales	Crocinitomicaceae	Fluviicola	Fluviicola sp.
C3964	Bacteria	Bacteroidota	Bacteroidia	Chitinophagales	Chitinophagaceae	Incertae Sedis	Incertae Sedis sp.
C3965	Bacteria	Bdellovibrionota	Bacteriovoracia	Bacteriovoracales	Bacteriovoracaceae	Peredibacter	uncultured bacterium
C3967	Bacteria	Bacteroidota	Bacteroidia	Flavobacteriales	Flavobacteriaceae	Flavobacterium	Flavobacterium sp.
C3968	Bacteria	Pseudomonadota	Alphaproteobacteria	Hyphomicrobiales	Beijerinckiaceae	Pseudochelatococcus	Pseudochelatococcus lubricantis
C3969	Bacteria	Bacteroidota	Bacteroidia	Sphingobacteriales	Sphingobacteriaceae	Sphingobacterium	Sphingobacterium sp.
C3970	Bacteria	Pseudomonadota	Gammaproteobacteria	Enterobacterales	Enterobacterales sp.	Enterobacterales sp.	Enterobacterales sp.
C3971	Bacteria	Pseudomonadota	Alphaproteobacteria	Rhodobacterales	Paracoccaceae	Paracoccaceae sp.	Paracoccaceae sp.
C3975	Bacteria	Bdellovibrionota	Bacteriovoracia	Bacteriovoracales	Bacteriovoracaceae	Peredibacter	uncultured bacterium
C3978	Bacteria	Pseudomonadota	Gammaproteobacteria	Pseudomonadales	Moraxellaceae	Moraxellaceae sp.	Moraxellaceae sp.
C3981	Bacteria	Campylobacterota	Campylobacteria	Campylobacterales	Arcobacteraceae	Arcobacter	Arcobacter sp.
C3983	Bacteria	Bacteroidota	Bacteroidia	Cytophagales	Spirosomataceae	Leadbetterella	Leadbetterella sp.
C3984	Bacteria	Pseudomonadota	Gammaproteobacteria	Pseudomonadales	Moraxellaceae	Acinetobacter	Acinetobacter sp.
C3985	Bacteria	Pseudomonadota	Alphaproteobacteria	Rhodobacterales	Paracoccaceae	Paracoccaceae sp.	Paracoccaceae sp.
C3986	Unknown	Unknown	Unknown	Unknown	Unknown	Unknown	Unknown
C3987	Bacteria	Bacteroidota	Bacteroidia	Cytophagales	Spirosomataceae	Persicitalea	Persicitalea sp.
C3988	Bacteria	Pseudomonadota	Alphaproteobacteria	Sphingomonadales	Sphingomonadaceae	Sphingomonadaceae sp.	Sphingomonadaceae sp.
C3992	Unknown	Unknown	Unknown	Unknown	Unknown	Unknown	Unknown
C3993	Bacteria	Pseudomonadota	Alphaproteobacteria	Micavibrionales	Micavibrionales sp.	Micavibrionales sp.	Micavibrionales sp.
C3994	Bacteria	Campylobacterota	Campylobacteria	Campylobacterales	Arcobacteraceae	Arcobacter	Arcobacter sp.
C3997	Bacteria	Pseudomonadota	Gammaproteobacteria	Burkholderiales	Burkholderiales sp.	Burkholderiales sp.	Burkholderiales sp.
C4002	Bacteria	Bacteroidota	Bacteroidia	Cytophagales	Spirosomataceae	Persicitalea	Persicitalea sp.
C4006	Bacteria	Pseudomonadota	Gammaproteobacteria	Pseudomonadales	Pseudomonadaceae	Pseudomonas	Pseudomonas sp.
C4007	Bacteria	Bacteroidota	Bacteroidia	Sphingobacteriales	Sphingobacteriaceae	Sphingobacteriaceae sp.	Sphingobacteriaceae sp.
C4008	Bacteria	Pseudomonadota	Gammaproteobacteria	Lysobacterales	Lysobacteraceae	Stenotrophomonas	Pseudomonas sp. CNE 23
C4012	Bacteria	Actinomycetota	Actinobacteria	Micrococcales	Microbacteriaceae	Leucobacter	Leucobacter sp.
C4015	Bacteria	Pseudomonadota	Alphaproteobacteria	Rhodobacterales	Paracoccaceae	Paracoccaceae sp.	Paracoccaceae sp.
C4016	Unknown	Unknown	Unknown	Unknown	Unknown	Unknown	Unknown
C4019	Bacteria	Planctomycetota	Planctomycetes	Planctomycetales	Rubinisphaeraceae	Planctomicrobium	Planctomicrobium sp.
C4023	Bacteria	Pseudomonadota	Gammaproteobacteria	Pseudomonadales	Moraxellaceae	Acinetobacter	Acinetobacter sp.
C4025	Bacteria	Pseudomonadota	Gammaproteobacteria	Burkholderiales	Comamonadaceae	Lampropedia	Lampropedia sp.
C4029	Bacteria	Bacteroidota	Bacteroidia	Sphingobacteriales	Sphingobacteriaceae	Sphingobacterium	Sphingobacterium sp.
C4032	Bacteria	Pseudomonadota	Gammaproteobacteria	Burkholderiales	Comamonadaceae	Lampropedia	Lampropedia sp. BRTC-2
C4033	Bacteria	Pseudomonadota	Gammaproteobacteria	Burkholderiales	Alcaligenaceae	Alcaligenaceae sp.	Alcaligenaceae sp.
C4034	Bacteria	Pseudomonadota	Alphaproteobacteria	Rhodobacterales	Paracoccaceae	Paracoccus	Paracoccus sp.
C4035	Bacteria	Bacillota	Bacilli	Erysipelotrichales	Incertae Sedis	Incertae Sedis	uncultured bacterium
C4037	Bacteria	Pseudomonadota	Gammaproteobacteria	Pseudomonadales	Pseudomonadaceae	Pseudomonas	Pseudomonas sp.
C4038	Bacteria	Pseudomonadota	Gammaproteobacteria	Burkholderiales	Neisseriaceae	Vitreoscilla	Neisseria sp. BEG238
C4040	Bacteria	Pseudomonadota	Gammaproteobacteria	Enterobacterales	Enterobacteriaceae	Salmonella	Salmonella sp.
C4041	Unknown	Unknown	Unknown	Unknown	Unknown	Unknown	Unknown
C4042	Bacteria	Pseudomonadota	Gammaproteobacteria	Gammaproteobacteria sp.	Gammaproteobacteria sp.	Gammaproteobacteria sp.	Gammaproteobacteria sp.
C4043	Bacteria	Bacteroidota	Bacteroidia	Sphingobacteriales	Sphingobacteriaceae	Pedobacter	uncultured bacterium
C4044	Bacteria	Pseudomonadota	Alphaproteobacteria	Hyphomicrobiales	Xanthobacteraceae	Rhodopseudomonas	Rhodopseudomonas sp.
C4048	Bacteria	Pseudomonadota	Gammaproteobacteria	Burkholderiales	Alcaligenaceae	Paracandidimonas	uncultured Alcaligenaceae bacterium
C4055	Bacteria	Bacteroidota	Bacteroidia	Bacteroidales	Barnesiellaceae	Coprobacter	Coprobacter sp.
C4056	Bacteria	Bacillota	Clostridia	Peptostreptococcales-Tissierellales	Sedimentibacteraceae	Sedimentibacter	uncultured bacterium
C4057	Bacteria	Actinomycetota	Actinobacteria	Micrococcales	Micrococcales sp.	Micrococcales sp.	Micrococcales sp.
C4058	Bacteria	Bacteroidota	Bacteroidia	Bacteroidales	Barnesiellaceae	Coprobacter	Coprobacter sp.
C4060	Bacteria	Bacillota	Clostridia	Oscillospirales	UCG-010	Incertae Sedis	uncultured Ruminococcaceae bacterium
C4063	Bacteria	Bacillota	Negativicutes	Veillonellales-Selenomonadales	Veillonellales-Selenomonadales sp.	Veillonellales-Selenomonadales sp.	Veillonellales-Selenomonadales sp.
C4064	Bacteria	Bacteroidota	Bacteroidia	Sphingobacteriales	Sphingobacteriaceae	Sphingobacterium	Sphingobacterium sp.
C4065	Bacteria	Pseudomonadota	Gammaproteobacteria	Burkholderiales	Comamonadaceae	Comamonadaceae sp.	Comamonadaceae sp.
C4066	Bacteria	Bacteroidota	Bacteroidia	Flavobacteriales	Weeksellaceae	Chishuiella	Empedobacter sp. F-Fue-04TIIa
C4067	Bacteria	Pseudomonadota	Gammaproteobacteria	Pseudomonadales	Pseudomonadaceae	Pseudomonas	Pseudomonas sp.
C4069	Bacteria	Campylobacterota	Campylobacteria	Campylobacterales	Arcobacteraceae	Arcobacter	Arcobacter sp.
C4071	Bacteria	Pseudomonadota	Alphaproteobacteria	Rhodobacterales	Paracoccaceae	Paracoccaceae sp.	Paracoccaceae sp.
C4072	Bacteria	Bacillota	Clostridia	Lachnospirales	Lachnospiraceae	Lachnospiraceae sp.	Lachnospiraceae sp.
C4074	Bacteria	Pseudomonadota	Gammaproteobacteria	Pseudomonadales	Pseudomonadaceae	Pseudomonas	Pseudomonas sp.
C4075	Bacteria	Bacteroidota	Bacteroidia	Bacteroidales	Dysgonomonadaceae	Dysgonomonas	Dysgonomonas sp.
C4076	Bacteria	Bacteroidota	Bacteroidia	Bacteroidales	Dysgonomonadaceae	Dysgonomonas	uncultured bacterium
C4079	Bacteria	Actinomycetota	Actinobacteria	Micrococcales	Micrococcales Incertae Sedis	Populibacterium	Populibacterium sp.
C4082	Bacteria	Bacteroidota	Bacteroidia	Bacteroidales	Dysgonomonadaceae	Dysgonomonas	uncultured bacterium
C4084	Bacteria	Bacillota	Clostridia	Oscillospirales	Ruminococcaceae	Incertae Sedis	Incertae Sedis sp.
C4085	Bacteria	Bacillota	Bacilli	Bacillales	Planococcaceae	Lysinibacillus	Lysinibacillus sp.
C4086	Bacteria	Actinomycetota	Actinobacteria	Micrococcales	Micrococcaceae	Glutamicibacter	Glutamicibacter sp.
C4090	Bacteria	Bacteroidota	Bacteroidia	Bacteroidales	Dysgonomonadaceae	Dysgonomonas	Dysgonomonas sp.
C4091	Bacteria	Pseudomonadota	Gammaproteobacteria	Gammaproteobacteria sp.	Gammaproteobacteria sp.	Gammaproteobacteria sp.	Gammaproteobacteria sp.
C4092	Bacteria	Pseudomonadota	Gammaproteobacteria	Cardiobacteriales	Wohlfahrtiimonadaceae	Koukoulia	Koukoulia aurantiaca
C4094	Bacteria	Pseudomonadota	Alphaproteobacteria	Caulobacterales	Caulobacteraceae	Brevundimonas	Brevundimonas sp.
C4097	Bacteria	Bacillota	Clostridia	Oscillospirales	UCG-010	Incertae Sedis	Incertae Sedis sp.
C4101	Bacteria	Bacillota	Clostridia	Oscillospirales	Oscillospiraceae	Oscillospiraceae sp.	Oscillospiraceae sp.
C4103	Bacteria	Pseudomonadota	Alphaproteobacteria	Hyphomicrobiales	Devosiaceae	Devosia	Devosia sp.
C4104	Bacteria	Pseudomonadota	Gammaproteobacteria	Pseudomonadales	Cellvibrionaceae	Cellvibrio	uncultured bacterium
C4106	Bacteria	Pseudomonadota	Gammaproteobacteria	Pseudomonadales	Cellvibrionaceae	Cellvibrio	uncultured bacterium
C4107	Bacteria	Pseudomonadota	Alphaproteobacteria	Alphaproteobacteria sp.	Alphaproteobacteria sp.	Alphaproteobacteria sp.	Alphaproteobacteria sp.
C4109	Bacteria	Pseudomonadota	Gammaproteobacteria	Enterobacterales	Enterobacteriaceae	Enterobacteriaceae sp.	Enterobacteriaceae sp.
C4113	Bacteria	Bacteroidota	Bacteroidia	Cytophagales	Spirosomataceae	Leadbetterella	uncultured bacterium
C4114	Bacteria	Pseudomonadota	Gammaproteobacteria	Burkholderiales	Comamonadaceae	Comamonas	Comamonas sp.
C4115	Bacteria	Pseudomonadota	Alphaproteobacteria	Rhodobacterales	Paracoccaceae	Paracoccaceae sp.	Paracoccaceae sp.
C4118	Bacteria	Bacteroidota	Bacteroidia	Bacteroidales	Dysgonomonadaceae	Dysgonomonas	Dysgonomonas sp.
C4122	Bacteria	Pseudomonadota	Gammaproteobacteria	Pseudomonadales	Moraxellaceae	Acinetobacter	Acinetobacter sp.
C4123	Bacteria	Bacteroidota	Bacteroidia	Bacteroidales	Dysgonomonadaceae	Dysgonomonas	Dysgonomonas sp.
C4124	Bacteria	Actinomycetota	Actinobacteria	Micrococcales	Micrococcales Incertae Sedis	Populibacterium	Populibacterium sp.
C4126	Unknown	Unknown	Unknown	Unknown	Unknown	Unknown	Unknown
C4129	Bacteria	Bacteroidota	Bacteroidia	Sphingobacteriales	Sphingobacteriaceae	Sphingobacterium	Sphingobacterium sp.
C4131	Unknown	Unknown	Unknown	Unknown	Unknown	Unknown	Unknown
C4134	Bacteria	Bacillota	Negativicutes	Veillonellales-Selenomonadales	Sporomusaceae	Anaerosporomusa	uncultured bacterium
C4135	Bacteria	Bacteroidota	Bacteroidia	Sphingobacteriales	Sphingobacteriaceae	Sphingobacteriaceae sp.	Sphingobacteriaceae sp.
C4140	NA	NA sp.	NA sp.	NA sp.	NA sp.	NA sp.	NA sp.
C4141	Bacteria	Pseudomonadota	Gammaproteobacteria	Pseudomonadales	Cellvibrionaceae	Cellvibrio	uncultured bacterium
C4142	Bacteria	Bacillota	Clostridia	Peptostreptococcales-Tissierellales	Anaerovoracaceae	Anaerovoracaceae sp.	Anaerovoracaceae sp.
C4147	Bacteria	Campylobacterota	Campylobacteria	Campylobacterales	Campylobacteraceae	Campylobacter	Campylobacter sp.
C4149	NA	NA sp.	NA sp.	NA sp.	NA sp.	NA sp.	NA sp.
C4151	Bacteria	Verrucomicrobiota	Verrucomicrobiia	Verrucomicrobiales	Rubritaleaceae	Luteolibacter	Luteolibacter sp.
C4163	Bacteria	Bacteroidota	Bacteroidia	Sphingobacteriales	Sphingobacteriaceae	Sphingobacterium	Sphingobacterium sp. G2-10
C4164	Bacteria	Bacteroidota	Bacteroidia	Bacteroidales	Dysgonomonadaceae	Dysgonomonas	Dysgonomonas sp. PH5-20
C4165	Bacteria	Bacillota	Bacilli	Bacillales	Planococcaceae	Lysinibacillus	uncultured bacterium
C4166	Bacteria	Bacillota	Clostridia	Lachnospirales	Lachnospiraceae	Lachnospiraceae sp.	Lachnospiraceae sp.
C4167	Bacteria	Pseudomonadota	Gammaproteobacteria	Enterobacterales	Enterobacteriaceae	Salmonella	Salmonella sp.
C4168	Bacteria	Bacillota	Clostridia	Peptostreptococcales-Tissierellales	Anaerovoracaceae	Anaerovorax	Anaerovorax sp.
C4169	Bacteria	Bacillota	Clostridia	Lachnospirales	Lachnospiraceae	Lachnospiraceae sp.	Lachnospiraceae sp.
C4170	Bacteria	Pseudomonadota	Gammaproteobacteria	Enterobacterales	Enterobacteriaceae	Salmonella	Salmonella sp.
C4171	Bacteria	Bacteroidota	Bacteroidia	Flavobacteriales	Flavobacteriaceae	Myroides	Myroides sp.
C4172	Bacteria	Bacillota	Clostridia	Oscillospirales	Oscillospiraceae	Colidextribacter	uncultured bacterium
C4173	Bacteria	Bacillota	Clostridia	Lachnospirales	Lachnospiraceae	Lachnospiraceae sp.	Lachnospiraceae sp.
C4174	Bacteria	Pseudomonadota	Gammaproteobacteria	Pseudomonadales	Moraxellaceae	Acinetobacter	Acinetobacter sp.
C4177	Bacteria	Bacteroidota	Bacteroidia	Flavobacteriales	Flavobacteriaceae	Flavobacterium	Flavobacterium sp.
C4179	Bacteria	Bacillota	Clostridia	Lachnospirales	Lachnospiraceae	Lachnospiraceae sp.	Lachnospiraceae sp.
C4180	Bacteria	Bacteroidota	Bacteroidia	Bacteroidales	Dysgonomonadaceae	Dysgonomonas	Dysgonomonas sp.
C4181	Bacteria	Bacillota	Bacilli	Paenibacillales	Paenibacillaceae	Paenibacillus	Paenibacillus sp.
C4182	Bacteria	Bacillota	Clostridia	Lachnospirales	Lachnospiraceae	Lachnospiraceae sp.	Lachnospiraceae sp.
C4183	Bacteria	Bacillota	Clostridia	Lachnospirales	Lachnospiraceae	Lachnoclostridium	Lachnoclostridium sp.
C4184	Bacteria	Pseudomonadota	Gammaproteobacteria	Pseudomonadales	Moraxellaceae	Acinetobacter	Acinetobacter sp.
C4189	Bacteria	Actinomycetota	Actinobacteria	Micrococcales	Microbacteriaceae	Microbacterium	Microbacterium sp.
C4192	Bacteria	Bacteroidota	Bacteroidia	Bacteroidales	Dysgonomonadaceae	Dysgonomonas	uncultured bacterium
C4193	Bacteria	Bacteroidota	Bacteroidia	Bacteroidales	Dysgonomonadaceae	Dysgonomonas	uncultured bacterium
C4194	Bacteria	Bacillota	Clostridia	Oscillospirales	Ruminococcaceae	Incertae Sedis	Incertae Sedis sp.
C4196	Bacteria	Bacteroidota	Bacteroidia	Bacteroidales	Dysgonomonadaceae	Dysgonomonas	uncultured bacterium
C4197	Bacteria	Bacillota	Clostridia	Oscillospirales	Ruminococcaceae	Ruminococcaceae sp.	Ruminococcaceae sp.
C4199	Bacteria	Pseudomonadota	Alphaproteobacteria	Hyphomicrobiales	Xanthobacteraceae	Xanthobacteraceae sp.	Xanthobacteraceae sp.
C4200	Bacteria	Pseudomonadota	Gammaproteobacteria	Gammaproteobacteria sp.	Gammaproteobacteria sp.	Gammaproteobacteria sp.	Gammaproteobacteria sp.
C4202	Bacteria	Bacteroidota	Bacteroidia	Cytophagales	Spirosomataceae	Leadbetterella	uncultured bacterium
C4205	Bacteria	Pseudomonadota	Gammaproteobacteria	Enterobacterales	Enterobacteriaceae	Enterobacteriaceae sp.	Enterobacteriaceae sp.
C4209	Bacteria	Bacillota	Clostridia	Peptostreptococcales-Tissierellales	Anaerovoracaceae	Anaerovorax	uncultured bacterium
C4211	Bacteria	Bacillota	Clostridia	Clostridia sp.	Clostridia sp.	Clostridia sp.	Clostridia sp.
C4212	Bacteria	Pseudomonadota	Gammaproteobacteria	Pseudomonadales	Moraxellaceae	Acinetobacter	Acinetobacter sp.
C4213	Bacteria	Bacteroidota	Bacteroidia	Bacteroidales	Dysgonomonadaceae	Dysgonomonas	uncultured bacterium
C4221	Bacteria	Bacillota	Clostridia	Peptostreptococcales-Tissierellales	Peptostreptococcaceae	Clostridioides	Clostridioides sp.
C4223	Bacteria	Pseudomonadota	Gammaproteobacteria	Gammaproteobacteria sp.	Gammaproteobacteria sp.	Gammaproteobacteria sp.	Gammaproteobacteria sp.
C4227	Unknown	Unknown	Unknown	Unknown	Unknown	Unknown	Unknown
C4234	Bacteria	Pseudomonadota	Gammaproteobacteria	Pseudomonadales	Moraxellaceae	Acinetobacter	Acinetobacter sp.
C4235	Bacteria	Bacteroidota	Bacteroidia	Bacteroidales	Dysgonomonadaceae	Dysgonomonas	Dysgonomonas sp.
C4237	Bacteria	Pseudomonadota	Gammaproteobacteria	Enterobacterales	Morganellaceae	Providencia	Providencia sp.
C4238	Bacteria	Pseudomonadota	Gammaproteobacteria	Enterobacterales	Enterobacteriaceae	Enterobacteriaceae sp.	Enterobacteriaceae sp.
C4241	Bacteria	Bacteroidota	Bacteroidia	Flavobacteriales	Crocinitomicaceae	Fluviicola	Fluviicola sp.
C4243	Bacteria	Bacteroidota	Bacteroidia	Bacteroidales	Dysgonomonadaceae	Dysgonomonas	Dysgonomonas sp.
C4244	Bacteria	Bacteroidota	Bacteroidia	Flavobacteriales	Flavobacteriaceae	Flavobacterium	Flavobacterium sp.
C4245	Unknown	Unknown	Unknown	Unknown	Unknown	Unknown	Unknown
C4249	Bacteria	Pseudomonadota	Gammaproteobacteria	Enterobacterales	Orbaceae	Gilliamella	Gilliamella sp.
C4253	Bacteria	Pseudomonadota	Gammaproteobacteria	Enterobacterales	Enterobacteriaceae	Salmonella	Salmonella sp.
C4254	Bacteria	Pseudomonadota	Alphaproteobacteria	Rhodospirillales	Incertae Sedis	Incertae Sedis	Incertae Sedis sp.
C4255	Bacteria	Pseudomonadota	Alphaproteobacteria	Rhodobacterales	Paracoccaceae	Paracoccaceae sp.	Paracoccaceae sp.
C4257	Bacteria	Pseudomonadota	Gammaproteobacteria	Enterobacterales	Enterobacteriaceae	Enterobacteriaceae sp.	Enterobacteriaceae sp.
C4259	Bacteria	Bacteroidota	Bacteroidia	Flavobacteriales	Crocinitomicaceae	Fluviicola	Fluviicola sp.
C4260	Bacteria	Pseudomonadota	Gammaproteobacteria	Enterobacterales	Pectobacteriaceae	Pectobacterium	Pectobacterium sp.
C4262	Bacteria	Pseudomonadota	Gammaproteobacteria	Gammaproteobacteria sp.	Gammaproteobacteria sp.	Gammaproteobacteria sp.	Gammaproteobacteria sp.
C4264	Bacteria	Bacteroidota	Bacteroidia	Chitinophagales	Incertae Sedis	Incertae Sedis	uncultured bacterium
C4272	Bacteria	Bacillota	Negativicutes	Veillonellales-Selenomonadales	Sporomusaceae	Pelosinus	Pelosinus sp.
C4273	Bacteria	Actinomycetota	Actinobacteria	Micrococcales	Microbacteriaceae	Microbacterium	Microbacterium sp.
C4276	Bacteria	Campylobacterota	Campylobacteria	Campylobacterales	Arcobacteraceae	Arcobacter	Arcobacter sp.
C4281	Bacteria	Pseudomonadota	Alphaproteobacteria	Micavibrionales	Incertae Sedis	Incertae Sedis	uncultured bacterium
C4283	Bacteria	Pseudomonadota	Gammaproteobacteria	Pseudomonadales	Pseudomonadales sp.	Pseudomonadales sp.	Pseudomonadales sp.
C4285	Bacteria	Bacteroidota	Bacteroidia	Bacteroidales	Dysgonomonadaceae	Dysgonomonas	Dysgonomonas sp.
C4287	Bacteria	Bacillota	Bacilli	Paenibacillales	Paenibacillaceae	Paenibacillus	Paenibacillus sp.
C4291	Bacteria	Bacillota	Clostridia	Lachnospirales	Lachnospiraceae	Lachnospiraceae sp.	Lachnospiraceae sp.
C4293	Unknown	Unknown	Unknown	Unknown	Unknown	Unknown	Unknown
C4298	Bacteria	Actinomycetota	Actinobacteria	Micrococcales	Micrococcales Incertae Sedis	Populibacterium	Populibacterium sp.
C4300	Bacteria	Pseudomonadota	Alphaproteobacteria	Rhodobacterales	Paracoccaceae	Paracoccaceae sp.	Paracoccaceae sp.
C4303	Bacteria	Pseudomonadota	Pseudomonadota sp.	Pseudomonadota sp.	Pseudomonadota sp.	Pseudomonadota sp.	Pseudomonadota sp.
C4310	Bacteria	Bacteroidota	Bacteroidia	Sphingobacteriales	Sphingobacteriaceae	Sphingobacterium	Sphingobacterium sp.
C4313	Bacteria	Pseudomonadota	Gammaproteobacteria	Pseudomonadales	Cellvibrionaceae	Cellvibrio	uncultured bacterium
C4316	Bacteria	Bacillota	Clostridia	Oscillospirales	Ruminococcaceae	Candidatus Soleaferrea	Candidatus Soleaferrea sp.
C4319	Bacteria	Pseudomonadota	Gammaproteobacteria	Cardiobacteriales	Wohlfahrtiimonadaceae	Wohlfahrtiimonas	Wohlfahrtiimonas sp.
C4320	Bacteria	Bacillota	Clostridia	Lachnospirales	Lachnospiraceae	Lachnospiraceae sp.	Lachnospiraceae sp.
C4321	Bacteria	Pseudomonadota	Gammaproteobacteria	Enterobacterales	Enterobacteriaceae	Salmonella	Salmonella sp.
C4323	Bacteria	Pseudomonadota	Gammaproteobacteria	Pseudomonadales	Moraxellaceae	Acinetobacter	Acinetobacter sp.
C4324	Bacteria	Bacillota	Clostridia	Oscillospirales	Ruminococcaceae	Incertae Sedis	Incertae Sedis sp.
C4326	Bacteria	Bacillota	Clostridia	Lachnospirales	Lachnospiraceae	Lachnoclostridium	Lachnoclostridium sp.
C4328	Bacteria	Campylobacterota	Campylobacteria	Campylobacterales	Arcobacteraceae	Arcobacter	uncultured bacterium
C4329	Bacteria	Pseudomonadota	Gammaproteobacteria	Pseudomonadales	Cellvibrionaceae	Cellvibrio	Cellvibrio sp.
C4333	Bacteria	Pseudomonadota	Gammaproteobacteria	Pseudomonadales	Moraxellaceae	Acinetobacter	Acinetobacter sp.
C4335	Bacteria	Pseudomonadota	Alphaproteobacteria	Rhodospirillales	Incertae Sedis	Incertae Sedis	Incertae Sedis sp.
C4336	Bacteria	Bdellovibrionota	Bacteriovoracia	Bacteriovoracales	Bacteriovoracaceae	Peredibacter	uncultured bacterium
C4338	Bacteria	Bacteroidota	Bacteroidia	Bacteroidales	Dysgonomonadaceae	Dysgonomonas	Dysgonomonas sp.
C4339	Bacteria	Pseudomonadota	Gammaproteobacteria	Cardiobacteriales	Wohlfahrtiimonadaceae	Koukoulia	Koukoulia aurantiaca
C4340	Bacteria	Pseudomonadota	Alphaproteobacteria	Rhodospirillales	Incertae Sedis	Incertae Sedis	Incertae Sedis sp.
C4341	Bacteria	Pseudomonadota	Gammaproteobacteria	Lysobacterales	Lysobacteraceae	Stenotrophomonas	Stenotrophomonas sp.
C4345	Bacteria	Bacillota	Clostridia	Peptostreptococcales-Tissierellales	Natronincolaceae	Alkaliphilus	Alkaliphilus sp.
C4346	Bacteria	Pseudomonadota	Gammaproteobacteria	Enterobacterales	Orbaceae	Orbaceae sp.	Orbaceae sp.
C4347	Bacteria	Bacteroidota	Bacteroidia	Flavobacteriales	Flavobacteriaceae	Flavobacterium	Flavobacterium sp.
C4351	Bacteria	Campylobacterota	Campylobacteria	Campylobacterales	Arcobacteraceae	Arcobacter	Arcobacter sp.
C4352	Bacteria	Bdellovibrionota	Bacteriovoracia	Bacteriovoracales	Bacteriovoracaceae	Peredibacter	uncultured bacterium
C4353	Bacteria	Pseudomonadota	Alphaproteobacteria	Hyphomicrobiales	Rhizobiaceae	Rhizobiaceae sp.	Rhizobiaceae sp.
C4357	Bacteria	Bacteroidota	Bacteroidia	Bacteroidales	Dysgonomonadaceae	Dysgonomonas	uncultured bacterium
C4358	Bacteria	Bacteroidota	Bacteroidia	Bacteroidales	Dysgonomonadaceae	Dysgonomonas	Dysgonomonas sp.
C4360	Bacteria	Bacteroidota	Bacteroidia	Flavobacteriales	Crocinitomicaceae	Fluviicola	Fluviicola sp.
C4362	Bacteria	Pseudomonadota	Alphaproteobacteria	Rhodospirillales	Incertae Sedis	Incertae Sedis	Incertae Sedis sp.
C4365	Unknown	Unknown	Unknown	Unknown	Unknown	Unknown	Unknown
C4369	Bacteria	Pseudomonadota	Gammaproteobacteria	Burkholderiales	Comamonadaceae	Lampropedia	Lampropedia sp.
C4373	Bacteria	Actinomycetota	Actinobacteria	Micrococcales	Micrococcales sp.	Micrococcales sp.	Micrococcales sp.
C4376	Bacteria	Campylobacterota	Campylobacteria	Campylobacterales	Arcobacteraceae	Arcobacter	Arcobacter sp.
C4377	Bacteria	Pseudomonadota	Gammaproteobacteria	Pseudomonadales	Pseudomonadaceae	Pseudomonas	uncultured bacterium
C4379	Bacteria	Pseudomonadota	Alphaproteobacteria	Rhodobacterales	Paracoccaceae	Paracoccaceae sp.	Paracoccaceae sp.
C4382	Bacteria	Actinomycetota	Actinobacteria	Mycobacteriales	Corynebacteriaceae	Corynebacterium	Corynebacterium sp.
C4383	Bacteria	Bacillota	Clostridia	Eubacteriales	Alkalibacteraceae	Alkalibaculum	Alkalibaculum bacchi
C4384	Bacteria	Pseudomonadota	Gammaproteobacteria	Burkholderiales	Comamonadaceae	Comamonadaceae sp.	Comamonadaceae sp.
C4387	Bacteria	Pseudomonadota	Gammaproteobacteria	Pseudomonadales	Moraxellaceae	Acinetobacter	uncultured bacterium
C4388	Bacteria	Bacillota	Clostridia	Lachnospirales	Lachnospiraceae	Lachnospiraceae sp.	Lachnospiraceae sp.
C4389	Bacteria	Pseudomonadota	Gammaproteobacteria	Enterobacterales	Enterobacteriaceae	Enterobacteriaceae sp.	Enterobacteriaceae sp.
C4397	Bacteria	Bacteroidota	Bacteroidia	Sphingobacteriales	Sphingobacteriaceae	Sphingobacterium	Sphingobacterium sp.
C4399	Bacteria	Bacillota	Clostridia	Lachnospirales	Lachnospiraceae	Incertae Sedis	Incertae Sedis sp.
C4400	Bacteria	Verrucomicrobiota	Verrucomicrobiia	Opitutales	Puniceicoccaceae	Cerasicoccus	uncultured bacterium
C4402	Bacteria	Actinomycetota	Actinobacteria	Mycobacteriales	Corynebacteriaceae	Corynebacterium	Corynebacterium sp.
C4405	Bacteria	Bacteroidota	Bacteroidia	Bacteroidales	Dysgonomonadaceae	Dysgonomonas	Dysgonomonas sp.
C4406	Bacteria	Campylobacterota	Campylobacteria	Campylobacterales	Arcobacteraceae	Arcobacter	Arcobacter sp.
C4409	Bacteria	Bacillota	Clostridia	Lachnospirales	Lachnospiraceae	Lachnospiraceae sp.	Lachnospiraceae sp.
C4410	Bacteria	Pseudomonadota	Gammaproteobacteria	Pseudomonadales	Moraxellaceae	Acinetobacter	Acinetobacter sp.
C4411	Bacteria	Pseudomonadota	Gammaproteobacteria	Cardiobacteriales	Wohlfahrtiimonadaceae	Koukoulia	Koukoulia aurantiaca
C4412	Bacteria	Bacteroidota	Bacteroidia	Flavobacteriales	Weeksellaceae	Empedobacter	Empedobacter brevis
C4413	Bacteria	Actinomycetota	Actinobacteria	Micrococcales	Micrococcales Incertae Sedis	Populibacterium	Populibacterium sp.
C4414	Bacteria	Pseudomonadota	Alphaproteobacteria	Rhodobacterales	Paracoccaceae	Paracoccaceae sp.	Paracoccaceae sp.
C4417	Bacteria	Bacteroidota	Bacteroidia	Sphingobacteriales	Sphingobacteriaceae	Sphingobacteriaceae sp.	Sphingobacteriaceae sp.
C4420	Bacteria	Pseudomonadota	Gammaproteobacteria	Pseudomonadales	Moraxellaceae	Acinetobacter	Acinetobacter sp.
C4421	Bacteria	Bacteroidota	Bacteroidia	Bacteroidales	Bacteroidales sp.	Bacteroidales sp.	Bacteroidales sp.
C4424	Bacteria	Bacteroidota	Bacteroidia	Chitinophagales	Chitinophagaceae	Taibaiella	Taibaiella sp.
C4426	Bacteria	Pseudomonadota	Alphaproteobacteria	Rhodobacterales	Paracoccaceae	Paracoccus	Paracoccus sp.
C4427	Bacteria	Bacillota	Bacilli	Lactobacillales	Lactobacillaceae	Lactobacillaceae sp.	Lactobacillaceae sp.
C4428	Bacteria	Bacteroidota	Bacteroidia	Chitinophagales	Chitinophagaceae	Incertae Sedis	uncultured bacterium
C4436	Bacteria	Pseudomonadota	Gammaproteobacteria	Enterobacterales	Morganellaceae	Providencia	Providencia sp.
C4437	Bacteria	Pseudomonadota	Alphaproteobacteria	Rhodospirillales	Incertae Sedis	Incertae Sedis	Incertae Sedis sp.
C4439	Bacteria	Pseudomonadota	Gammaproteobacteria	Burkholderiales	Comamonadaceae	Lampropedia	Lampropedia sp.
C4441	Bacteria	Pseudomonadota	Gammaproteobacteria	Enterobacterales	Enterobacteriaceae	Salmonella	Salmonella sp.
C4442	Bacteria	Pseudomonadota	Gammaproteobacteria	Cardiobacteriales	Wohlfahrtiimonadaceae	Koukoulia	Koukoulia aurantiaca
C4443	Bacteria	Pseudomonadota	Gammaproteobacteria	Enterobacterales	Morganellaceae	Providencia	Providencia sp.
C4446	Bacteria	Bacteroidota	Bacteroidia	Flavobacteriales	Crocinitomicaceae	Fluviicola	Fluviicola sp.
C4448	Bacteria	Chloroflexota	Anaerolineae	Aggregatilineales	A4b	Incertae Sedis	uncultured Chloroflexi bacterium
C4452	Bacteria	Pseudomonadota	Gammaproteobacteria	Burkholderiales	Comamonadaceae	Lampropedia	Lampropedia sp.
C4455	Bacteria	Pseudomonadota	Gammaproteobacteria	Pseudomonadales	Cellvibrionaceae	Cellvibrio	uncultured bacterium
C4457	Bacteria	Bacillota	Clostridia	Lachnospirales	Lachnospiraceae	Lachnoclostridium	Lachnoclostridium sp.
C4458	Bacteria	Bacillota	Bacilli	Bacillales	Bacillaceae	Alkalicoccobacillus	Alkalicoccobacillus sp.
C4459	Bacteria	Chloroflexota	Anaerolineae	Aggregatilineales	A4b	Incertae Sedis	uncultured Chloroflexi bacterium
C4462	Unknown	Unknown	Unknown	Unknown	Unknown	Unknown	Unknown
C4464	Bacteria	Pseudomonadota	Alphaproteobacteria	Caulobacterales	Caulobacteraceae	Brevundimonas	Brevundimonas sp.
C4467	Bacteria	Bacteroidota	Bacteroidia	Flavobacteriales	Flavobacteriaceae	Myroides	Myroides sp.
C4472	Bacteria	Bacteroidota	Bacteroidia	Sphingobacteriales	Sphingobacteriaceae	Sphingobacteriaceae sp.	Sphingobacteriaceae sp.
C4474	Bacteria	Pseudomonadota	Alphaproteobacteria	Rhodospirillales	Incertae Sedis	Incertae Sedis	Incertae Sedis sp.
C4475	Bacteria	Pseudomonadota	Gammaproteobacteria	Burkholderiales	Alcaligenaceae	Paenalcaligenes	Paenalcaligenes sp.
C4478	Bacteria	Bacillota	Clostridia	Oscillospirales	Ruminococcaceae	Incertae Sedis	Ruminococcaceae bacterium
C4480	Bacteria	Bacteroidota	Bacteroidia	Sphingobacteriales	Sphingobacteriaceae	Sphingobacterium	Sphingobacterium sp.
C4481	Bacteria	Pseudomonadota	Gammaproteobacteria	Gammaproteobacteria sp.	Gammaproteobacteria sp.	Gammaproteobacteria sp.	Gammaproteobacteria sp.
C4482	Bacteria	Pseudomonadota	Gammaproteobacteria	Pseudomonadales	Moraxellaceae	Acinetobacter	Acinetobacter sp.
C4485	Bacteria	Pseudomonadota	Gammaproteobacteria	Enterobacterales	Morganellaceae	Providencia	Providencia sp.
C4486	Bacteria	Bacillota	Clostridia	Lachnospirales	Lachnospiraceae	Lachnospiraceae sp.	Lachnospiraceae sp.
C4492	Bacteria	Bacillota	Bacilli	Bacillales	Planococcaceae	Domibacillus	Domibacillus sp.
C4493	Bacteria	Bacteroidota	Bacteroidia	Flavobacteriales	Crocinitomicaceae	Fluviicola	Fluviicola sp.
C4494	Bacteria	Bacillota	Clostridia	Lachnospirales	Lachnospiraceae	Lachnospiraceae sp.	Lachnospiraceae sp.
C4495	Bacteria	Bacteroidota	Bacteroidia	Flavobacteriales	Weeksellaceae	Weeksella	uncultured Flavobacterium sp.
C4496	Bacteria	Bacillota	Bacilli	Paenibacillales	Paenibacillaceae	Paenibacillus	Paenibacillus sp.
C4497	Bacteria	Bacillota	Bacilli	Paenibacillales	Paenibacillaceae	Paenibacillaceae sp.	Paenibacillaceae sp.
C4499	Bacteria	Pseudomonadota	Alphaproteobacteria	Rhodobacterales	Paracoccaceae	Ketogulonicigenium	Ketogulonicigenium sp.
C4500	Bacteria	Bacteroidota	Bacteroidia	Sphingobacteriales	Sphingobacteriaceae	Sphingobacterium	Sphingobacterium sp.
C4502	Bacteria	Pseudomonadota	Gammaproteobacteria	Burkholderiales	Alcaligenaceae	Alcaligenaceae sp.	Alcaligenaceae sp.
C4505	Bacteria	Bacillota	Bacilli	Paenibacillales	Paenibacillaceae	Paenibacillus	uncultured bacterium
C4507	Bacteria	Pseudomonadota	Gammaproteobacteria	Pseudomonadales	Cellvibrionaceae	Cellvibrio	uncultured bacterium
C4513	NA	NA sp.	NA sp.	NA sp.	NA sp.	NA sp.	NA sp.
C4514	Bacteria	Bacillota	Bacilli	Paenibacillales	Paenibacillaceae	Paenibacillus	Paenibacillus sp.
C4522	Bacteria	Pseudomonadota	Alphaproteobacteria	Rhodobacterales	Paracoccaceae	Paracoccaceae sp.	Paracoccaceae sp.
C4526	Bacteria	Pseudomonadota	Gammaproteobacteria	Enterobacterales	Morganellaceae	Providencia	Providencia sp.
C4527	Bacteria	Bacillota	Clostridia	Lachnospirales	Lachnospiraceae	Lachnospiraceae sp.	Lachnospiraceae sp.
C4529	NA	NA sp.	NA sp.	NA sp.	NA sp.	NA sp.	NA sp.
C4531	Bacteria	Pseudomonadota	Gammaproteobacteria	Pseudomonadales	Pseudomonadaceae	Pseudomonas	uncultured bacterium
C4533	Bacteria	Pseudomonadota	Gammaproteobacteria	Burkholderiales	Comamonadaceae	Delftia	Delftia sp.
C4534	Bacteria	Bacillota	Bacilli	Bacillales	Bacillaceae	Ferdinandcohnia	Bacillus sp. mixed culture J1-55
C4553	Bacteria	Verrucomicrobiota	Verrucomicrobiia	Verrucomicrobiales	DEV007	Incertae Sedis	Incertae Sedis sp.
C4554	Bacteria	Bacillota	Clostridia	Oscillospirales	Oscillospirales sp.	Oscillospirales sp.	Oscillospirales sp.
C4556	Bacteria	Bacteroidota	Bacteroidia	Sphingobacteriales	Sphingobacteriaceae	Sphingobacterium	Sphingobacterium sp.
C4557	Bacteria	Bacillota	Bacilli	RF39	Incertae Sedis	Incertae Sedis	Incertae Sedis sp.
C4558	Bacteria	Bacteroidota	Bacteroidia	Flavobacteriales	Flavobacteriaceae	Flavobacterium	Flavobacterium sp. enrichment culture clone SA_NR2_1
C4559	Bacteria	Pseudomonadota	Gammaproteobacteria	Burkholderiales	Burkholderiales sp.	Burkholderiales sp.	Burkholderiales sp.
C4560	Bacteria	Pseudomonadota	Gammaproteobacteria	Pseudomonadales	Pseudomonadaceae	Pseudomonas	Pseudomonas sp.
C4562	Bacteria	Bacillota	Clostridia	Lachnospirales	Lachnospiraceae	Kineothrix	Kineothrix sp.
C4564	Bacteria	Bacillota	Bacilli	Erysipelotrichales	Incertae Sedis	Incertae Sedis	uncultured bacterium
C4565	Unknown	Unknown	Unknown	Unknown	Unknown	Unknown	Unknown
C4566	Bacteria	Bacteroidota	Bacteroidia	Flavobacteriales	Flavobacteriaceae	Flavobacterium	Flavobacterium sp.
C4567	Bacteria	Bacillota	Clostridia	Oscillospirales	[Eubacterium] coprostanoligenes group	Incertae Sedis	uncultured bacterium
C4568	Bacteria	Actinomycetota	Actinobacteria	Micrococcales	Microbacteriaceae	Microbacterium	Microbacterium sp.
C4570	Bacteria	Bacteroidota	Bacteroidia	Sphingobacteriales	Sphingobacteriaceae	Sphingobacterium	Sphingobacterium sp.
C4576	Bacteria	Verrucomicrobiota	Verrucomicrobiia	Verrucomicrobiales	DEV007	Incertae Sedis	Incertae Sedis sp.
C4577	Bacteria	Pseudomonadota	Alphaproteobacteria	Hyphomicrobiales	Rhizobiaceae	Rhizobiaceae sp.	Rhizobiaceae sp.
C4578	Unknown	Unknown	Unknown	Unknown	Unknown	Unknown	Unknown
C4579	Bacteria	Bacteroidota	Bacteroidia	Flavobacteriales	Weeksellaceae	Weeksella	uncultured Flavobacterium sp.
C4581	Unknown	Unknown	Unknown	Unknown	Unknown	Unknown	Unknown
C4583	Bacteria	Pseudomonadota	Gammaproteobacteria	Steroidobacterales	Steroidobacteraceae	Steroidobacter	uncultured bacterium
C4588	Bacteria	Pseudomonadota	Gammaproteobacteria	Burkholderiales	Burkholderiales sp.	Burkholderiales sp.	Burkholderiales sp.
C4590	Bacteria	Bacteroidota	Bacteroidia	Bacteroidia sp.	Bacteroidia sp.	Bacteroidia sp.	Bacteroidia sp.
C4591	Bacteria	Pseudomonadota	Gammaproteobacteria	Enterobacterales	Morganellaceae	Morganella	Morganella morganii
C4595	Bacteria	Pseudomonadota	Gammaproteobacteria	Pseudomonadales	Moraxellaceae	Moraxellaceae sp.	Moraxellaceae sp.
C4596	Bacteria	Bacillota	Clostridia	Christensenellales	Christensenellaceae	Christensenellaceae R-7 group	uncultured bacterium
C4598	Bacteria	Bacillota	Clostridia	Clostridia vadinBB60 group	Incertae Sedis	Incertae Sedis	uncultured bacterium
C4601	Bacteria	Bacillota	Bacilli	Paenibacillales	Paenibacillaceae	Paenibacillus	Paenibacillus sp.
C4602	Bacteria	Pseudomonadota	Gammaproteobacteria	Burkholderiales	Neisseriaceae	Vitreoscilla	Vitreoscilla sp.
C4605	Bacteria	Pseudomonadota	Gammaproteobacteria	Pseudomonadales	Pseudomonadaceae	Pseudomonas	Pseudomonas sp. M1(2015b)
C4606	Bacteria	Planctomycetota	Planctomycetes	Pirellulales	Pirellulaceae	Pirellula	Pirellula sp.
C4608	Bacteria	Planctomycetota	Planctomycetes	Pirellulales	Pirellulaceae	Pirellula	Pirellula sp.
C4612	Bacteria	Actinomycetota	Actinobacteria	Propionibacteriales	Propionibacteriaceae	Tessaracoccus	Tessaracoccus sp.
C4615	Bacteria	Pseudomonadota	Gammaproteobacteria	Pseudomonadales	Moraxellaceae	Acinetobacter	Acinetobacter sp.
C4616	Bacteria	Pseudomonadota	Alphaproteobacteria	Rhodobacterales	Paracoccaceae	Paracoccaceae sp.	Paracoccaceae sp.
C4620	Bacteria	Pseudomonadota	Gammaproteobacteria	Burkholderiales	Burkholderiales sp.	Burkholderiales sp.	Burkholderiales sp.
C4621	Bacteria	Bdellovibrionota	Bdellovibrionia	Bdellovibrionales	Pseudobdellovibrionaceae	Incertae Sedis	Incertae Sedis sp.
C4622	Bacteria	Bacteroidota	Bacteroidia	Bacteroidales	Dysgonomonadaceae	Dysgonomonas	Dysgonomonas sp.
C4625	Bacteria	Pseudomonadota	Alphaproteobacteria	Caulobacterales	Caulobacteraceae	Brevundimonas	Brevundimonas sp.
C4626	Unknown	Unknown	Unknown	Unknown	Unknown	Unknown	Unknown
C4627	Bacteria	Bacteroidota	Bacteroidia	Flavobacteriales	Flavobacteriaceae	Flavobacterium	Flavobacterium sp.
C4629	Bacteria	Bacillota	Clostridia	Oscillospirales	Ruminococcaceae	Ruminococcus	uncultured bacterium
C4631	Bacteria	Pseudomonadota	Gammaproteobacteria	Pseudomonadales	Pseudomonadales sp.	Pseudomonadales sp.	Pseudomonadales sp.
C4634	Bacteria	Pseudomonadota	Gammaproteobacteria	Lysobacterales	Lysobacteraceae	Luteimonas	uncultured Lysobacter sp.
C4636	Bacteria	Patescibacteria	Saccharimonadia	Saccharimonadales	Incertae Sedis	Incertae Sedis	uncultured bacterium
C4637	Bacteria	Pseudomonadota	Gammaproteobacteria	Burkholderiales	Comamonadaceae	Lampropedia	Lampropedia sp.
C4638	Bacteria	Pseudomonadota	Gammaproteobacteria	Burkholderiales	Comamonadaceae	Delftia	uncultured bacterium
C4639	Bacteria	Verrucomicrobiota	Verrucomicrobiia	Opitutales	Puniceicoccaceae	Ruficoccus	Ruficoccus amylovorans
C4641	Bacteria	Pseudomonadota	Gammaproteobacteria	Pseudomonadales	Pseudomonadaceae	Pseudomonas	Pseudomonas sp. M1(2015b)
C4642	Bacteria	Pseudomonadota	Alphaproteobacteria	Acetobacterales	Acetobacteraceae	Acetobacter	Acetobacter sp.
C4644	Bacteria	Bacteroidota	Bacteroidia	Flavobacteriales	Flavobacteriaceae	Myroides	Myroides sp.
C4650	Bacteria	Pseudomonadota	Gammaproteobacteria	Pseudomonadales	Pseudomonadaceae	Pseudomonas	Pseudomonas sp.
C4652	Bacteria	Pseudomonadota	Alphaproteobacteria	Rhodospirillales	Terasakiellaceae	Marivibrio	uncultured bacterium
C4654	Bacteria	Pseudomonadota	Alphaproteobacteria	Rhodobacterales	Paracoccaceae	Ketogulonicigenium	Ketogulonicigenium sp.
C4655	Bacteria	Bacteroidota	Bacteroidia	Flavobacteriales	Flavobacteriaceae	Myroides	Myroides sp.
C4656	Bacteria	Bacteroidota	Bacteroidia	Flavobacteriales	Weeksellaceae	Weeksella	uncultured Flavobacterium sp.
C4657	Bacteria	Bacteroidota	Bacteroidia	Bacteroidales	Tannerellaceae	Tannerellaceae sp.	Tannerellaceae sp.
C4658	Bacteria	Pseudomonadota	Gammaproteobacteria	Burkholderiales	Alcaligenaceae	Alcaligenaceae sp.	Alcaligenaceae sp.
C4659	Bacteria	Pseudomonadota	Alphaproteobacteria	Micavibrionales	Incertae Sedis	Incertae Sedis	uncultured bacterium
C4660	Bacteria	Actinomycetota	Acidimicrobiia	Microtrichales	Iamiaceae	Iamia	Iamia sp.
C4663	Bacteria	Bacteroidota	Bacteroidia	Flavobacteriales	Weeksellaceae	Chishuiella	Empedobacter sp. F-Fue-04TIIa
C4664	Bacteria	Bacteroidota	Bacteroidia	Chitinophagales	Chitinophagaceae	DVSBS1	Sphingobacteriia bacterium DVSBS1
C4670	Bacteria	Bacteroidota	Bacteroidia	Flavobacteriales	Weeksellaceae	Chishuiella	Empedobacter sp. F-Fue-04TIIa
C4671	Bacteria	Pseudomonadota	Gammaproteobacteria	Pseudomonadales	Moraxellaceae	Acinetobacter	Acinetobacter sp.
C4672	Bacteria	Actinomycetota	Acidimicrobiia	Microtrichales	Iamiaceae	Aquihabitans	Aquihabitans sp.
C4673	Unknown	Unknown	Unknown	Unknown	Unknown	Unknown	Unknown
C4681	Bacteria	Bacteroidota	Bacteroidia	Bacteroidales	Dysgonomonadaceae	Dysgonomonas	uncultured bacterium
C4687	Bacteria	Actinomycetota	Actinobacteria	Micrococcales	Microbacteriaceae	Leucobacter	Leucobacter sp.
C4688	Bacteria	Bacteroidota	Bacteroidia	Flavobacteriales	Weeksellaceae	Chishuiella	Chishuiella changwenlii
C4689	Bacteria	Sumerlaeota	Sumerlaeia	Sumerlaeales	Sumerlaeaceae	Sumerlaea	uncultured bacterium
C4690	Bacteria	Pseudomonadota	Gammaproteobacteria	Burkholderiales	Alcaligenaceae	Corticimicrobacter	Corticimicrobacter sp.
C4693	Bacteria	Pseudomonadota	Gammaproteobacteria	Pseudomonadales	Moraxellaceae	Acinetobacter	Acinetobacter sp.
C4697	Bacteria	Pseudomonadota	Gammaproteobacteria	Pseudomonadales	Moraxellaceae	Acinetobacter	Acinetobacter sp.
C4702	Bacteria	Pseudomonadota	Alphaproteobacteria	Acetobacterales	Acetobacteraceae	Acetobacter	Acetobacter sp.
C4704	Bacteria	Pseudomonadota	Gammaproteobacteria	Pseudomonadales	Moraxellaceae	Acinetobacter	Acinetobacter sp.
C4706	Bacteria	Pseudomonadota	Alphaproteobacteria	Rickettsiales	Midichloriaceae	Candidatus Jidaibacter	metagenome
C4708	Bacteria	Pseudomonadota	Alphaproteobacteria	Hyphomicrobiales	Rhizobiaceae	Brucella	Brucella sp.
C4709	Bacteria	Pseudomonadota	Alphaproteobacteria	Micavibrionales	Incertae Sedis	Incertae Sedis	uncultured bacterium
C4710	Bacteria	Pseudomonadota	Gammaproteobacteria	Lysobacterales	Lysobacteraceae	Pseudoxanthomonas	Pseudoxanthomonas sp.
C4711	Bacteria	Bacteroidota	Bacteroidia	Sphingobacteriales	env.OPS 17	Incertae Sedis	Incertae Sedis sp.
C4713	Bacteria	Pseudomonadota	Alphaproteobacteria	Hyphomicrobiales	Beijerinckiaceae	Bosea	Bosea sp.
C4714	Bacteria	Pseudomonadota	Gammaproteobacteria	Lysobacterales	Lysobacteraceae	Pseudoxanthomonas	Pseudoxanthomonas sp.
C4715	Bacteria	Pseudomonadota	Gammaproteobacteria	Lysobacterales	Lysobacteraceae	Pseudoxanthomonas	Pseudoxanthomonas sp.
C4716	Bacteria	Bacteroidota	Bacteroidia	Flavobacteriales	Flavobacteriaceae	Flavobacterium	Flavobacterium sp.
C4718	Bacteria	Pseudomonadota	Alphaproteobacteria	Alphaproteobacteria sp.	Alphaproteobacteria sp.	Alphaproteobacteria sp.	Alphaproteobacteria sp.
C4722	Bacteria	Pseudomonadota	Gammaproteobacteria	Pseudomonadales	Pseudomonadaceae	Pseudomonas	Pseudomonas sp.
C4723	Bacteria	Bacteroidota	Bacteroidia	Sphingobacteriales	Sphingobacteriaceae	Sphingobacterium	Sphingobacterium sp.
C4725	Bacteria	Pseudomonadota	Alphaproteobacteria	Hyphomicrobiales	Xanthobacteraceae	Xanthobacteraceae sp.	Xanthobacteraceae sp.
C4726	Bacteria	Bacteroidota	Bacteroidia	Chitinophagales	Chitinophagaceae	Incertae Sedis	uncultured bacterium
C4728	Bacteria	Pseudomonadota	Gammaproteobacteria	Pseudomonadales	Pseudomonadaceae	Pseudomonas	uncultured bacterium
C4729	Bacteria	Bacteroidota	Bacteroidia	Cytophagales	Cytophagaceae	Cytophaga	uncultured bacterium
C4730	Bacteria	Bacillota	Bacilli	Erysipelotrichales	Erysipelotrichaceae	Erysipelothrix	Erysipelothrix sp.
C4731	Bacteria	Pseudomonadota	Gammaproteobacteria	Lysobacterales	Lysobacteraceae	Pseudoxanthomonas	Pseudoxanthomonas sp.
C4736	Bacteria	Pseudomonadota	Gammaproteobacteria	Pseudomonadales	Pseudomonadaceae	Pseudomonas	Pseudomonas sp.
C4738	Bacteria	Patescibacteria	Saccharimonadia	Saccharimonadales	Incertae Sedis	Incertae Sedis	uncultured bacterium
C4739	Bacteria	Pseudomonadota	Gammaproteobacteria	Lysobacterales	Lysobacteraceae	Pseudoxanthomonas	Pseudoxanthomonas sp.
C4743	Bacteria	Pseudomonadota	Gammaproteobacteria	Burkholderiales	Comamonadaceae	Lampropedia	Lampropedia sp.
C4744	Bacteria	Pseudomonadota	Alphaproteobacteria	Rhodobacterales	Paracoccaceae	Paracoccaceae sp.	Paracoccaceae sp.
C4746	Bacteria	Bacteroidota	Bacteroidia	Cytophagales	Cytophagaceae	Cytophaga	uncultured bacterium
C4751	Bacteria	Bacteroidota	Bacteroidia	Chitinophagales	Chitinophagaceae	Incertae Sedis	uncultured bacterium
C4753	Bacteria	Pseudomonadota	Gammaproteobacteria	Enterobacterales	Pectobacteriaceae	Pectobacterium	Pectobacterium sp.
C4755	Bacteria	Pseudomonadota	Alphaproteobacteria	Rhodobacterales	Paracoccaceae	Paracoccaceae sp.	Paracoccaceae sp.
C4758	Bacteria	Pseudomonadota	Gammaproteobacteria	Burkholderiales	Burkholderiales sp.	Burkholderiales sp.	Burkholderiales sp.
C4762	Bacteria	Pseudomonadota	Gammaproteobacteria	Lysobacterales	Lysobacteraceae	Pseudoxanthomonas	Pseudoxanthomonas sp.
C4764	Bacteria	Bacteroidota	Bacteroidia	Flavobacteriales	Weeksellaceae	Weeksella	uncultured bacterium
C4769	Bacteria	Pseudomonadota	Gammaproteobacteria	Pseudomonadales	Pseudomonadaceae	Pseudomonas	Pseudomonas sp.
C4773	Bacteria	Pseudomonadota	Alphaproteobacteria	Caulobacterales	Caulobacteraceae	Brevundimonas	Brevundimonas sp.
C4774	Bacteria	Pseudomonadota	Gammaproteobacteria	Pseudomonadales	Cellvibrionaceae	Cellvibrio	Cellvibrio sp.
C4775	Bacteria	Pseudomonadota	Alphaproteobacteria	Alphaproteobacteria sp.	Alphaproteobacteria sp.	Alphaproteobacteria sp.	Alphaproteobacteria sp.
C4779	Bacteria	Pseudomonadota	Gammaproteobacteria	Lysobacterales	Lysobacteraceae	Pseudoxanthomonas	Pseudoxanthomonas sp.
C4783	Bacteria	Pseudomonadota	Gammaproteobacteria	Pseudomonadales	Pseudomonadaceae	Pseudomonas	Pseudomonas sp.
C4785	Bacteria	Pseudomonadota	Alphaproteobacteria	Rhodobacterales	Paracoccaceae	Paracoccaceae sp.	Paracoccaceae sp.
C4786	Bacteria	Bacteroidota	Bacteroidia	Cytophagales	Cytophagaceae	Cytophaga	uncultured bacterium
C4787	Bacteria	Pseudomonadota	Gammaproteobacteria	Pseudomonadales	Cellvibrionaceae	Cellvibrio	Cellvibrio sp.
C4788	Bacteria	Pseudomonadota	Gammaproteobacteria	Lysobacterales	Lysobacteraceae	Pseudoxanthomonas	Pseudoxanthomonas sp.
C4789	Bacteria	Pseudomonadota	Gammaproteobacteria	Gammaproteobacteria sp.	Gammaproteobacteria sp.	Gammaproteobacteria sp.	Gammaproteobacteria sp.
C4791	Bacteria	Pseudomonadota	Gammaproteobacteria	Lysobacterales	Lysobacteraceae	Pseudoxanthomonas	Pseudoxanthomonas sp.
C4793	Bacteria	Pseudomonadota	Gammaproteobacteria	Pseudomonadales	Cellvibrionaceae	Cellvibrio	Cellvibrio sp.
C4794	Bacteria	Bacteroidota	Bacteroidia	Sphingobacteriales	Sphingobacteriaceae	Sphingobacterium	Sphingobacterium sp. G2-10
C4796	Bacteria	Pseudomonadota	Gammaproteobacteria	Pseudomonadales	Moraxellaceae	Acinetobacter	Acinetobacter sp.
C4797	Bacteria	Pseudomonadota	Alphaproteobacteria	Hyphomicrobiales	Beijerinckiaceae	Bosea	Bosea sp.
C4798	Bacteria	Pseudomonadota	Gammaproteobacteria	Burkholderiales	Burkholderiales sp.	Burkholderiales sp.	Burkholderiales sp.
C4801	Bacteria	Pseudomonadota	Alphaproteobacteria	Alphaproteobacteria sp.	Alphaproteobacteria sp.	Alphaproteobacteria sp.	Alphaproteobacteria sp.
C4804	Bacteria	Pseudomonadota	Gammaproteobacteria	Pseudomonadales	Cellvibrionaceae	Cellvibrio	Cellvibrio sp.
C4808	Bacteria	Pseudomonadota	Gammaproteobacteria	Pseudomonadales	Cellvibrionaceae	Cellvibrio	uncultured bacterium
C4810	Bacteria	Pseudomonadota	Gammaproteobacteria	Lysobacterales	Lysobacteraceae	Pseudoxanthomonas	Pseudoxanthomonas sp.
C4812	Bacteria	Pseudomonadota	Alphaproteobacteria	Hyphomicrobiales	Rhizobiaceae	Rhizobiaceae sp.	Rhizobiaceae sp.
C4813	Bacteria	Patescibacteria	Saccharimonadia	Saccharimonadales	Incertae Sedis	Incertae Sedis	uncultured bacterium
C4814	Bacteria	Pseudomonadota	Alphaproteobacteria	Rhodobacterales	Paracoccaceae	Paracoccaceae sp.	Paracoccaceae sp.
C4815	Bacteria	Actinomycetota	Actinobacteria	Micrococcales	Microbacteriaceae	Microbacterium	Microbacterium sp. YRR08
C4817	Bacteria	Bacteroidota	Bacteroidia	Cytophagales	Cytophagaceae	Cytophaga	uncultured bacterium
C4819	Bacteria	Bacteroidota	Bacteroidia	Flavobacteriales	Crocinitomicaceae	Fluviicola	Fluviicola sp.
C4822	Bacteria	Pseudomonadota	Alphaproteobacteria	Hyphomicrobiales	Kaistiaceae	Kaistia	Kaistia sp.
C4826	Bacteria	Pseudomonadota	Gammaproteobacteria	Burkholderiales	Comamonadaceae	Comamonadaceae sp.	Comamonadaceae sp.
C4830	Bacteria	Pseudomonadota	Gammaproteobacteria	Burkholderiales	Comamonadaceae	Comamonadaceae sp.	Comamonadaceae sp.
C4835	Bacteria	Pseudomonadota	Gammaproteobacteria	Enterobacterales	Enterobacteriaceae	Salmonella	Salmonella sp.
C4838	Bacteria	Pseudomonadota	Gammaproteobacteria	Pseudomonadales	Cellvibrionaceae	Cellvibrio	Cellvibrio sp.
C4844	Bacteria	Pseudomonadota	Alphaproteobacteria	Rhodobacterales	Paracoccaceae	Gemmobacter	uncultured bacterium
C4850	Bacteria	Pseudomonadota	Alphaproteobacteria	Caulobacterales	Hyphomonadaceae	Hyphomonas	Hyphomonas sp.
C4851	Bacteria	Pseudomonadota	Gammaproteobacteria	Gammaproteobacteria sp.	Gammaproteobacteria sp.	Gammaproteobacteria sp.	Gammaproteobacteria sp.
C4852	Bacteria	Planctomycetota	Planctomycetes	Planctomycetales	Rubinisphaeraceae	Planctomicrobium	Planctomicrobium sp.
C4853	Bacteria	Pseudomonadota	Gammaproteobacteria	Burkholderiales	Burkholderiaceae	Burkholderia-Caballeronia-Paraburkholderia	Burkholderia-Caballeronia-Paraburkholderia sp.
C4854	Bacteria	Pseudomonadota	Gammaproteobacteria	Lysobacterales	Lysobacteraceae	Lysobacteraceae sp.	Lysobacteraceae sp.
C4856	Bacteria	Pseudomonadota	Gammaproteobacteria	Enterobacterales	Enterobacteriaceae	Enterobacter	Enterobacter sp.
C4857	Bacteria	Bacteroidota	Bacteroidia	Cytophagales	Cytophagaceae	Cytophaga	uncultured bacterium
C4858	Bacteria	Pseudomonadota	Gammaproteobacteria	Pseudomonadales	Pseudomonadaceae	Pseudomonas	uncultured bacterium
C4860	Bacteria	Pseudomonadota	Alphaproteobacteria	Caulobacterales	Caulobacteraceae	Asticcacaulis	Asticcacaulis sp.
C4861	Bacteria	Pseudomonadota	Gammaproteobacteria	Pseudomonadales	Pseudomonadaceae	Pseudomonas	uncultured bacterium
C4864	Bacteria	Pseudomonadota	Gammaproteobacteria	Pseudomonadales	Moraxellaceae	Acinetobacter	Acinetobacter sp.
C4870	Bacteria	Pseudomonadota	Gammaproteobacteria	Enterobacterales	Morganellaceae	Providencia	Providencia sp.
C4872	Bacteria	Pseudomonadota	Gammaproteobacteria	Gammaproteobacteria sp.	Gammaproteobacteria sp.	Gammaproteobacteria sp.	Gammaproteobacteria sp.
C4874	Bacteria	Pseudomonadota	Gammaproteobacteria	Pseudomonadales	Cellvibrionaceae	Cellvibrio	uncultured bacterium
C4876	Bacteria	Pseudomonadota	Gammaproteobacteria	Burkholderiales	Alcaligenaceae	Incertae Sedis	Incertae Sedis sp.
C4878	Bacteria	Patescibacteria	Saccharimonadia	Saccharimonadales	Saccharimonadaceae	TM7a	uncultured bacterium
C4879	Bacteria	Actinomycetota	Actinobacteria	Micrococcales	Micrococcales sp.	Micrococcales sp.	Micrococcales sp.
C4880	Bacteria	Verrucomicrobiota	Verrucomicrobiia	Verrucomicrobiales	Rubritaleaceae	Luteolibacter	Luteolibacter sp.
C4881	Bacteria	Bacteroidota	Bacteroidia	Chitinophagales	Incertae Sedis	Incertae Sedis	uncultured bacterium
C4885	Bacteria	Actinomycetota	Actinobacteria	Micrococcales	Microbacteriaceae	Microbacterium	Microbacterium sp.
C4886	Bacteria	Pseudomonadota	Alphaproteobacteria	Rhodobacterales	Paracoccaceae	Paracoccaceae sp.	Paracoccaceae sp.
C4889	Bacteria	Pseudomonadota	Alphaproteobacteria	Hyphomicrobiales	Rhizobiaceae	Rhizobiaceae sp.	Rhizobiaceae sp.
C4892	Bacteria	Pseudomonadota	Gammaproteobacteria	Burkholderiales	Comamonadaceae	Comamonadaceae sp.	Comamonadaceae sp.
C4893	Bacteria	Pseudomonadota	Gammaproteobacteria	Burkholderiales	Neisseriaceae	Vitreoscilla	Vitreoscilla sp.
C4894	Bacteria	Pseudomonadota	Alphaproteobacteria	Hyphomicrobiales	Devosiaceae	Devosiaceae sp.	Devosiaceae sp.
C4896	Bacteria	Planctomycetota	Planctomycetes	Planctomycetales	Rubinisphaeraceae	Planctomicrobium	Planctomicrobium sp.
C4903	Bacteria	Pseudomonadota	Gammaproteobacteria	Gammaproteobacteria sp.	Gammaproteobacteria sp.	Gammaproteobacteria sp.	Gammaproteobacteria sp.
C4904	Bacteria	Bacillota	Clostridia	Peptostreptococcales-Tissierellales	Peptostreptococcaceae	Clostridioides	Clostridioides sp.
C4905	Bacteria	Actinomycetota	Actinobacteria	Bifidobacteriales	Bifidobacteriaceae	Bifidobacterium	Bifidobacterium sp.
C4906	Bacteria	Pseudomonadota	Gammaproteobacteria	Burkholderiales	Alcaligenaceae	Alcaligenes	Alcaligenes sp.
C4909	Bacteria	Pseudomonadota	Gammaproteobacteria	Burkholderiales	Burkholderiales sp.	Burkholderiales sp.	Burkholderiales sp.
C4911	Bacteria	Actinomycetota	Actinobacteria	Micrococcales	Microbacteriaceae	Leucobacter	Leucobacter sp.
C4912	Bacteria	Pseudomonadota	Gammaproteobacteria	Burkholderiales	Comamonadaceae	Comamonadaceae sp.	Comamonadaceae sp.
C4915	Bacteria	Pseudomonadota	Gammaproteobacteria	Pseudomonadales	Pseudomonadaceae	Pseudomonas	BTEX-degrading bacterium enrichment culture
C4916	Bacteria	Pseudomonadota	Gammaproteobacteria	Enterobacterales	Enterobacteriaceae	Enterobacteriaceae sp.	Enterobacteriaceae sp.
C4918	Bacteria	Bacteroidota	Bacteroidia	Flavobacteriales	Crocinitomicaceae	Fluviicola	uncultured bacterium
C4919	Bacteria	Pseudomonadota	Gammaproteobacteria	Pseudomonadales	Pseudomonadaceae	Pseudomonas	uncultured bacterium
C4921	Bacteria	Pseudomonadota	Alphaproteobacteria	Rhodobacterales	Paracoccaceae	Paracoccaceae sp.	Paracoccaceae sp.
C4922	Bacteria	Pseudomonadota	Gammaproteobacteria	Pseudomonadales	Moraxellaceae	Acinetobacter	Acinetobacter sp.
C4923	Bacteria	Bacteroidota	Bacteroidia	Flavobacteriales	Flavobacteriaceae	Flavobacterium	Flavobacterium sp.
C4924	Bacteria	Pseudomonadota	Gammaproteobacteria	Lysobacterales	Lysobacteraceae	Pseudoxanthomonas	Pseudoxanthomonas sp.
C4925	Bacteria	Campylobacterota	Campylobacteria	Campylobacterales	Arcobacteraceae	Arcobacter	Arcobacter sp.
C4926	Bacteria	Pseudomonadota	Gammaproteobacteria	Lysobacterales	Lysobacterales sp.	Lysobacterales sp.	Lysobacterales sp.
C4929	Bacteria	Pseudomonadota	Alphaproteobacteria	Hyphomicrobiales	Rhizobiaceae	Rhizobiaceae sp.	Rhizobiaceae sp.
C4935	Bacteria	Bacteroidota	Bacteroidia	Flavobacteriales	Weeksellaceae	Weeksellaceae sp.	Weeksellaceae sp.
C4936	Bacteria	Campylobacterota	Campylobacteria	Campylobacterales	Arcobacteraceae	Arcobacter	Arcobacter butzleri
C4940	Bacteria	Actinomycetota	Actinobacteria	Micrococcales	Microbacteriaceae	Microbacterium	Microbacterium sp.
C4941	Bacteria	Pseudomonadota	Alphaproteobacteria	Hyphomicrobiales	Rhizobiaceae	Phyllobacterium	uncultured bacterium
C4942	Bacteria	Pseudomonadota	Gammaproteobacteria	Lysobacterales	Lysobacteraceae	Pseudoxanthomonas	Pseudoxanthomonas sp.
C4944	Bacteria	Pseudomonadota	Gammaproteobacteria	Lysobacterales	Lysobacteraceae	Lysobacteraceae sp.	Lysobacteraceae sp.
C4945	Bacteria	Bacillota	Bacilli	Lactobacillales	Lactobacillaceae	Leuconostoc	Leuconostoc sp.
C4947	Bacteria	Bacteroidota	Bacteroidia	Sphingobacteriales	Sphingobacteriaceae	Sphingobacterium	Sphingobacterium sp.
C4951	Bacteria	Pseudomonadota	Gammaproteobacteria	Enterobacterales	Enterobacteriaceae	Klebsiella	Klebsiella sp.
C4954	Bacteria	Bacillota	Bacilli	Lactobacillales	Lactobacillaceae	Levilactobacillus	Levilactobacillus sp.
C4955	Bacteria	Pseudomonadota	Gammaproteobacteria	Gammaproteobacteria sp.	Gammaproteobacteria sp.	Gammaproteobacteria sp.	Gammaproteobacteria sp.
C4958	Bacteria	Pseudomonadota	Gammaproteobacteria	Lysobacterales	Lysobacteraceae	Lysobacteraceae sp.	Lysobacteraceae sp.
C4961	Bacteria	Pseudomonadota	Gammaproteobacteria	Gammaproteobacteria sp.	Gammaproteobacteria sp.	Gammaproteobacteria sp.	Gammaproteobacteria sp.
C4962	Bacteria	Actinomycetota	Actinobacteria	Micrococcales	Microbacteriaceae	Microbacterium	Microbacterium sp.
C4966	Bacteria	Bacteroidota	Bacteroidia	Flavobacteriales	Weeksellaceae	Chishuiella	Chishuiella changwenlii
C4967	Bacteria	Pseudomonadota	Gammaproteobacteria	Enterobacterales	Morganellaceae	Providencia	Providencia sp.
C4969	Bacteria	Bacteroidota	Bacteroidia	Chitinophagales	Chitinophagaceae	Incertae Sedis	Bacteroidetes bacterium 47-18
C4971	Bacteria	Pseudomonadota	Alphaproteobacteria	Rhodobacterales	Paracoccaceae	Paracoccaceae sp.	Paracoccaceae sp.
C4973	Bacteria	Pseudomonadota	Gammaproteobacteria	Pseudomonadales	Cellvibrionaceae	Cellvibrio	uncultured bacterium
C4974	Bacteria	Pseudomonadota	Gammaproteobacteria	Enterobacterales	Morganellaceae	Providencia	Providencia sp.
C4977	Bacteria	Bacillota	Bacilli	Paenibacillales	Paenibacillaceae	Paenibacillus	Paenibacillus sp.
C4978	Bacteria	Actinomycetota	Actinobacteria	Micrococcales	Micrococcales Incertae Sedis	Populibacterium	Populibacterium sp.
C4979	Bacteria	Pseudomonadota	Gammaproteobacteria	Pseudomonadales	Moraxellaceae	Acinetobacter	uncultured bacterium
C4980	Bacteria	Bacteroidota	Bacteroidia	Sphingobacteriales	Sphingobacteriaceae	Sphingobacterium	Sphingobacterium sp.
C4983	Bacteria	Actinomycetota	Actinobacteria	Micrococcales	Brevibacteriaceae	Brevibacterium	Brevibacterium sp.
C4984	Bacteria	Pseudomonadota	Gammaproteobacteria	Pseudomonadales	Pseudomonadales sp.	Pseudomonadales sp.	Pseudomonadales sp.
C4985	Bacteria	Actinomycetota	Actinobacteria	Micrococcales	Microbacteriaceae	Pseudoclavibacter	Pseudoclavibacter sp. CFCC 11306
C4986	Bacteria	Bacteroidota	Bacteroidia	Sphingobacteriales	Sphingobacteriaceae	Sphingobacterium	Sphingobacterium sp.
C4988	Bacteria	Actinomycetota	Actinobacteria	Micrococcales	Micrococcales sp.	Micrococcales sp.	Micrococcales sp.
C4989	Bacteria	Pseudomonadota	Gammaproteobacteria	Enterobacterales	Alteromonadaceae	Alishewanella	Alishewanella sp.
C4992	Bacteria	Pseudomonadota	Gammaproteobacteria	Enterobacterales	Idiomarinaceae	Aliidiomarina	Aliidiomarina sp.
C4994	NA	NA sp.	NA sp.	NA sp.	NA sp.	NA sp.	NA sp.
C4996	Bacteria	Bacillota	Bacilli	Lactobacillales	Lactobacillaceae	Lactobacillaceae sp.	Lactobacillaceae sp.
C4997	Bacteria	Pseudomonadota	Gammaproteobacteria	Pseudomonadales	Pseudomonadaceae	Pseudomonas	Pseudomonas sp.
C5001	NA	SAR	Alveolata	Apicomplexa	Conoidasida	Cryptosporida	Cryptosporidium
C5002	Bacteria	Actinomycetota	Actinobacteria	Micrococcales	Micrococcales Incertae Sedis	Populibacterium	Populibacterium sp.
C5003	Bacteria	Actinomycetota	Actinobacteria	Micrococcales	Microbacteriaceae	Microbacterium	Microbacterium sp.
C5005	Bacteria	Bacillota	Bacilli	Lactobacillales	Lactobacillaceae	Weissella	Weissella paramesenteroides
C5007	Bacteria	Actinomycetota	Actinobacteria	Kitasatosporales	Streptomycetaceae	Streptomyces	Streptomyces sp.
C5008	Bacteria	Bacillota	Bacilli	Lactobacillales	Lactobacillaceae	Leuconostoc	Leuconostoc mesenteroides
C5009	Bacteria	Bacteroidota	Bacteroidia	Flavobacteriales	Flavobacteriaceae	Flavobacterium	Flavobacterium sp.
C5012	Bacteria	Pseudomonadota	Gammaproteobacteria	Enterobacterales	Idiomarinaceae	Aliidiomarina	Aliidiomarina sp.
C5013	Bacteria	Actinomycetota	Actinobacteria	Micrococcales	Micrococcales Incertae Sedis	Populibacterium	Populibacterium sp.
C5019	Bacteria	Pseudomonadota	Alphaproteobacteria	Caulobacterales	Caulobacteraceae	Brevundimonas	Brevundimonas sp.
C5022	Bacteria	Pseudomonadota	Gammaproteobacteria	Lysobacterales	Lysobacteraceae	Pseudoxanthomonas	Pseudoxanthomonas sp.
C5023	Bacteria	Bacillota	Bacilli	Lactobacillales	Lactobacillaceae	Leuconostoc	Leuconostoc sp.
C5024	Bacteria	Pseudomonadota	Gammaproteobacteria	Burkholderiales	Comamonadaceae	Lampropedia	Lampropedia sp.
C5026	Unknown	Unknown	Unknown	Unknown	Unknown	Unknown	Unknown
C5031	Bacteria	Bacteroidota	Bacteroidia	Cytophagales	Spirosomataceae	Leadbetterella	uncultured bacterium
C5032	Bacteria	Pseudomonadota	Alphaproteobacteria	Rhodospirillales	Incertae Sedis	Incertae Sedis	Incertae Sedis sp.
C5033	Bacteria	Bacillota	Bacilli	Lactobacillales	Enterococcaceae	Enterococcus	Enterococcus sp.
C5035	Bacteria	Pseudomonadota	Alphaproteobacteria	Rhodobacterales	Paracoccaceae	Rubellimicrobium	uncultured bacterium
C5036	Bacteria	Bacteroidota	Bacteroidia	Sphingobacteriales	Sphingobacteriaceae	Sphingobacterium	Sphingobacterium sp.
C5038	Bacteria	Pseudomonadota	Alphaproteobacteria	Hyphomicrobiales	Rhizobiaceae	Rhizobiaceae sp.	Rhizobiaceae sp.
C5039	Bacteria	Pseudomonadota	Alphaproteobacteria	Caulobacterales	Caulobacteraceae	Brevundimonas	Brevundimonas staleyi
C5046	Bacteria	Bacteroidota	Bacteroidia	Sphingobacteriales	Sphingobacteriaceae	Sphingobacterium	Sphingobacterium sp.
C5048	Bacteria	Bacteroidota	Bacteroidia	Sphingobacteriales	Sphingobacteriaceae	Sphingobacterium	Sphingobacterium sp. G2-10
C5049	Bacteria	Pseudomonadota	Gammaproteobacteria	Burkholderiales	Alcaligenaceae	Paracandidimonas	uncultured bacterium
C5051	Bacteria	Pseudomonadota	Gammaproteobacteria	Pseudomonadales	Pseudomonadaceae	Pseudomonas	Pseudomonas sp.
C5052	Unknown	Unknown	Unknown	Unknown	Unknown	Unknown	Unknown
C5053	Bacteria	Pseudomonadota	Gammaproteobacteria	Enterobacterales	Enterobacteriaceae	Salmonella	Salmonella sp.
C5056	Bacteria	Actinomycetota	Actinobacteria	Micrococcales	Microbacteriaceae	Leucobacter	uncultured bacterium
C5058	Bacteria	Pseudomonadota	Gammaproteobacteria	Pseudomonadales	Pseudomonadaceae	Pseudomonas	Pseudomonas sp.
C5059	Bacteria	Actinomycetota	Actinobacteria	Micrococcales	Microbacteriaceae	Microbacterium	Microbacterium sp.
C5061	Bacteria	Bacillota	Bacilli	Lactobacillales	Lactobacillaceae	Leuconostoc	Leuconostoc sp.
C5063	Bacteria	Actinomycetota	Actinobacteria	Micrococcales	Brevibacteriaceae	Brevibacterium	Brevibacterium sp.
C5064	Bacteria	Pseudomonadota	Gammaproteobacteria	Burkholderiales	Comamonadaceae	Lampropedia	Lampropedia sp.
C5065	Bacteria	Bacillota	Bacilli	Bacillales	Bacillaceae	Shouchella	Shouchella sp.
C5066	Bacteria	Pseudomonadota	Alphaproteobacteria	Micavibrionales	Incertae Sedis	Incertae Sedis	Incertae Sedis sp.
C5068	Bacteria	Actinomycetota	Actinobacteria	Mycobacteriales	Corynebacteriaceae	Lawsonella	uncultured bacterium
C5070	Bacteria	Pseudomonadota	Gammaproteobacteria	Pseudomonadales	Pseudomonadaceae	Pseudomonas	Pseudomonas sp.
C5071	Bacteria	Bacteroidota	Bacteroidia	Sphingobacteriales	Sphingobacteriaceae	Sphingobacterium	Sphingobacterium sp.
C5073	Bacteria	Pseudomonadota	Alphaproteobacteria	Rhodobacterales	Paracoccaceae	Paracoccaceae sp.	Paracoccaceae sp.
C5074	Bacteria	Bacillota	Bacilli	Lactobacillales	Lactobacillaceae	Limosilactobacillus	Limosilactobacillus sp.
C5075	Bacteria	Pseudomonadota	Gammaproteobacteria	Burkholderiales	Comamonadaceae	Lampropedia	Lampropedia sp.
C5077	Bacteria	Actinomycetota	Actinobacteria	Micrococcales	Microbacteriaceae	Microbacterium	Microbacterium sp.
C5078	Bacteria	Pseudomonadota	Gammaproteobacteria	Pseudomonadales	Moraxellaceae	Acinetobacter	Acinetobacter sp.
C5080	Bacteria	Bacteroidota	Bacteroidia	Flavobacteriales	Weeksellaceae	Chishuiella	Empedobacter sp. F-Fue-04TIIa
C5081	Bacteria	Bacteroidota	Bacteroidia	Cytophagales	Cyclobacteriaceae	Cyclobacteriaceae sp.	Cyclobacteriaceae sp.
C5082	Bacteria	Pseudomonadota	Alphaproteobacteria	Caulobacterales	Caulobacteraceae	Asticcacaulis	Asticcacaulis sp.
C5083	Bacteria	Planctomycetota	Phycisphaerae	Phycisphaerales	Phycisphaeraceae	Incertae Sedis	uncultured organism
C5086	Bacteria	Pseudomonadota	Gammaproteobacteria	Cardiobacteriales	Wohlfahrtiimonadaceae	Koukoulia	Koukoulia aurantiaca
C5089	Bacteria	Pseudomonadota	Gammaproteobacteria	Pseudomonadales	Moraxellaceae	Acinetobacter	Acinetobacter sp.
C5091	Bacteria	Pseudomonadota	Gammaproteobacteria	Burkholderiales	Comamonadaceae	Lampropedia	Lampropedia sp.
C5093	Bacteria	Pseudomonadota	Gammaproteobacteria	Pseudomonadales	Cellvibrionaceae	Cellvibrio	uncultured bacterium
C5094	Bacteria	Bacteroidota	Bacteroidia	Cytophagales	Spirosomataceae	Leadbetterella	uncultured bacterium
C5095	Bacteria	Pseudomonadota	Alphaproteobacteria	Hyphomicrobiales	Rhizobiaceae	Aureimonas	Aureimonas sp.
C5097	Bacteria	Pseudomonadota	Gammaproteobacteria	Pseudomonadales	Cellvibrionaceae	Cellvibrio	uncultured bacterium
C5099	Bacteria	Planctomycetota	Phycisphaerae	Phycisphaerales	Phycisphaeraceae	Incertae Sedis	uncultured organism
C5101	Bacteria	Bacteroidota	Bacteroidia	Cytophagales	Spirosomataceae	Persicitalea	Persicitalea sp.
C5105	Bacteria	Bacillota	Bacilli	Lactobacillales	Lactobacillaceae	Weissella	Weissella paramesenteroides
C5106	NA	NA sp.	NA sp.	NA sp.	NA sp.	NA sp.	NA sp.
C5109	Bacteria	Pseudomonadota	Gammaproteobacteria	Enterobacterales	Morganellaceae	Providencia	Providencia sp.
C5111	Bacteria	Pseudomonadota	Gammaproteobacteria	Pseudomonadales	Cellvibrionaceae	Cellvibrio	uncultured bacterium
C5114	Bacteria	Pseudomonadota	Alphaproteobacteria	Rhodobacterales	Paracoccaceae	Paracoccaceae sp.	Paracoccaceae sp.
C5115	Bacteria	Actinomycetota	Actinobacteria	Micrococcales	Micrococcales Incertae Sedis	Populibacterium	Populibacterium sp.
C5116	Bacteria	Pseudomonadota	Gammaproteobacteria	Pseudomonadales	Pseudomonadaceae	Pseudomonas	uncultured bacterium
C5119	Bacteria	Pseudomonadota	Gammaproteobacteria	Pseudomonadales	Pseudomonadaceae	Pseudomonas	Pseudomonas sp.
C5127	Bacteria	Pseudomonadota	Gammaproteobacteria	Pseudomonadales	Moraxellaceae	Acinetobacter	Acinetobacter sp.
C5130	Bacteria	Pseudomonadota	Alphaproteobacteria	Rhodobacterales	Paracoccaceae	Paracoccus	Paracoccus sp.
C5131	Bacteria	Actinomycetota	Actinobacteria	Micrococcales	Microbacteriaceae	Microbacterium	Microbacterium sp.
C5136	Bacteria	Actinomycetota	Actinobacteria	Micrococcales	Micrococcales Incertae Sedis	Populibacterium	Populibacterium sp.
C5139	Bacteria	Pseudomonadota	Gammaproteobacteria	Burkholderiales	Comamonadaceae	Lampropedia	Lampropedia sp.
C5141	Bacteria	Pseudomonadota	Gammaproteobacteria	Burkholderiales	Comamonadaceae	Comamonadaceae sp.	Comamonadaceae sp.
C5143	Bacteria	Actinomycetota	Actinobacteria	Micrococcales	Micrococcales Incertae Sedis	Populibacterium	Populibacterium sp.
C5146	Bacteria	Pseudomonadota	Gammaproteobacteria	Enterobacterales	Enterobacteriaceae	Enterobacter	Enterobacter sp.
C5148	Bacteria	Bacteroidota	Bacteroidia	Sphingobacteriales	Sphingobacteriaceae	Sphingobacterium	Sphingobacterium sp.
C5149	Bacteria	Bacteroidota	Bacteroidia	Flavobacteriales	Weeksellaceae	Empedobacter	Empedobacter brevis
C5150	Bacteria	Bacteroidota	Bacteroidia	Flavobacteriales	Weeksellaceae	Weeksellaceae sp.	Weeksellaceae sp.
C5153	Bacteria	Pseudomonadota	Gammaproteobacteria	Burkholderiales	Burkholderiales sp.	Burkholderiales sp.	Burkholderiales sp.
C5154	Bacteria	Bacteroidota	Bacteroidia	Sphingobacteriales	Sphingobacteriaceae	Sphingobacterium	Sphingobacterium sp.
C5155	Bacteria	Bacteroidota	Bacteroidia	Bacteroidales	Dysgonomonadaceae	Dysgonomonas	Dysgonomonas sp.
C5156	Bacteria	Bacillota	Clostridia	Clostridia UCG-014	Incertae Sedis	Incertae Sedis	uncultured bacterium
C5158	Bacteria	Actinomycetota	Actinobacteria	Micrococcales	Micrococcales sp.	Micrococcales sp.	Micrococcales sp.
C5159	Bacteria	Pseudomonadota	Gammaproteobacteria	Pseudomonadales	Moraxellaceae	Acinetobacter	uncultured bacterium
C5164	Bacteria	Actinomycetota	Actinobacteria	Micrococcales	Micrococcales Incertae Sedis	Populibacterium	Populibacterium sp.
C5165	Unknown	Unknown	Unknown	Unknown	Unknown	Unknown	Unknown
C5167	Bacteria	Pseudomonadota	Gammaproteobacteria	Pseudomonadales	Cellvibrionaceae	Cellvibrio	Cellvibrio sp.
C5168	Bacteria	Pseudomonadota	Gammaproteobacteria	Pseudomonadales	Pseudomonadaceae	Pseudomonas	uncultured bacterium
C5169	Bacteria	Bacteroidota	Bacteroidia	Cytophagales	Spirosomataceae	Leadbetterella	uncultured bacterium
C5171	Bacteria	Pseudomonadota	Alphaproteobacteria	Hyphomicrobiales	Rhizobiaceae	Brucella	Brucella sp.
C5172	Bacteria	Bacteroidota	Bacteroidia	Bacteroidales	Dysgonomonadaceae	Dysgonomonas	Dysgonomonas sp.
C5173	Bacteria	Bacteroidota	Bacteroidia	Bacteroidales	Dysgonomonadaceae	Dysgonomonas	Dysgonomonas sp.
C5176	Bacteria	Pseudomonadota	Gammaproteobacteria	Pseudomonadales	Pseudomonadales sp.	Pseudomonadales sp.	Pseudomonadales sp.
C5177	Bacteria	Pseudomonadota	Alphaproteobacteria	Hyphomicrobiales	Rhizobiaceae	Rhizobiaceae sp.	Rhizobiaceae sp.
C5193	Bacteria	Pseudomonadota	Gammaproteobacteria	Pseudomonadales	Moraxellaceae	Acinetobacter	Acinetobacter sp.
C5196	Bacteria	Pseudomonadota	Gammaproteobacteria	Pseudomonadales	Moraxellaceae	Acinetobacter	Acinetobacter sp.
C5197	Bacteria	Bacillota	Bacilli	Erysipelotrichales	Erysipelotrichaceae	Breznakia	Breznakia sp.
C5198	Bacteria	Actinomycetota	Actinobacteria	Actinomycetales	Actinomycetaceae	Actinomycetaceae sp.	Actinomycetaceae sp.
C5200	Bacteria	Pseudomonadota	Gammaproteobacteria	Pseudomonadales	Moraxellaceae	Acinetobacter	Acinetobacter sp.
C5205	Bacteria	Bacteroidota	Bacteroidia	Bacteroidales	Bacteroidaceae	Bacteroides	Bacteroides sp.
C5208	NA	NA sp.	NA sp.	NA sp.	NA sp.	NA sp.	NA sp.
C5210	Bacteria	Bacillota	Bacilli	Bacillales	Sporolactobacillaceae	Sporolactobacillus	Sporolactobacillus sp.
C5217	Bacteria	Pseudomonadota	Gammaproteobacteria	Burkholderiales	Comamonadaceae	Lampropedia	Lampropedia hyalina
C5218	Bacteria	Patescibacteria	Saccharimonadia	Saccharimonadales	Incertae Sedis	Incertae Sedis	uncultured bacterium
C5223	Bacteria	Pseudomonadota	Gammaproteobacteria	Enterobacterales	Pectobacteriaceae	Pectobacterium	Pectobacterium sp.
C5228	Bacteria	Pseudomonadota	Gammaproteobacteria	Gammaproteobacteria sp.	Gammaproteobacteria sp.	Gammaproteobacteria sp.	Gammaproteobacteria sp.
C5229	Bacteria	Pseudomonadota	Gammaproteobacteria	Enterobacterales	Alteromonadaceae	Alteromonadaceae sp.	Alteromonadaceae sp.
C5231	Bacteria	Bacteroidota	Bacteroidia	Flavobacteriales	Weeksellaceae	Weeksellaceae sp.	Weeksellaceae sp.
C5233	Bacteria	Actinomycetota	Actinobacteria	Actinomycetales	Actinomycetaceae	Actinomycetaceae sp.	Actinomycetaceae sp.
C5235	Bacteria	Pseudomonadota	Gammaproteobacteria	Burkholderiales	Alcaligenaceae	Incertae Sedis	Incertae Sedis sp.
C5236	Bacteria	Pseudomonadota	Gammaproteobacteria	Pseudomonadales	Moraxellaceae	Acinetobacter	Acinetobacter sp.
C5237	Bacteria	Bdellovibrionota	Bdellovibrionia	Bdellovibrionales	Pseudobdellovibrionaceae	Bdellovibrio	uncultured bacterium
C5238	Bacteria	Pseudomonadota	Gammaproteobacteria	Pseudomonadales	Moraxellaceae	Acinetobacter	Acinetobacter sp.
C5241	Bacteria	Pseudomonadota	Gammaproteobacteria	Enterobacterales	Enterobacteriaceae	Enterobacteriaceae sp.	Enterobacteriaceae sp.
C5243	Bacteria	Bacteroidota	Bacteroidia	Bacteroidales	Dysgonomonadaceae	Dysgonomonas	Dysgonomonas sp.
C5245	Bacteria	Bacillota	Bacilli	Paenibacillales	Paenibacillaceae	Paenibacillaceae sp.	Paenibacillaceae sp.
C5246	Bacteria	Pseudomonadota	Gammaproteobacteria	Pseudomonadales	Pseudomonadaceae	Pseudomonas	Pseudomonas sp.
C5248	Bacteria	Pseudomonadota	Alphaproteobacteria	Alphaproteobacteria sp.	Alphaproteobacteria sp.	Alphaproteobacteria sp.	Alphaproteobacteria sp.
C5250	Bacteria	Pseudomonadota	Gammaproteobacteria	Enterobacterales	Morganellaceae	Providencia	Providencia sp.
C5252	Bacteria	Planctomycetota	Planctomycetes	Pirellulales	Pirellulaceae	Pirellulaceae sp.	Pirellulaceae sp.
C5253	Bacteria	Bacillota	Bacilli	Lactobacillales	Enterococcaceae	Enterococcus	Enterococcus sp.
C5263	Bacteria	Planctomycetota	Planctomycetes	Pirellulales	Pirellulaceae	Pirellulaceae sp.	Pirellulaceae sp.
C5264	Bacteria	Bacteroidota	Bacteroidia	Cytophagales	Spirosomataceae	Leadbetterella	Leadbetterella sp.
C5266	Bacteria	Pseudomonadota	Alphaproteobacteria	Hyphomicrobiales	Rhizobiaceae	Brucella	Brucella sp.
C5267	Bacteria	Bacteroidota	Bacteroidia	Cytophagales	Spirosomataceae	Incertae Sedis	Dyadobacter sp. enrichment culture
C5273	Bacteria	Bacillota	Bacilli	Lactobacillales	Lactobacillaceae	Liquorilactobacillus	Liquorilactobacillus sp.
C5276	Bacteria	Pseudomonadota	Gammaproteobacteria	Enterobacterales	Morganellaceae	Providencia	Providencia sp.
C5283	Bacteria	Verrucomicrobiota	Verrucomicrobiia	Opitutales	Opitutaceae	Incertae Sedis	metagenome
C5285	Bacteria	Bacteroidota	Bacteroidia	Chitinophagales	Chitinophagaceae	Chitinophagaceae sp.	Chitinophagaceae sp.
C5290	Bacteria	Bacteroidota	Bacteroidia	Flavobacteriales	Flavobacteriaceae	Flavobacterium	Flavobacterium sp.
C5294	Bacteria	Bacteroidota	Bacteroidia	Bacteroidales	Dysgonomonadaceae	Dysgonomonas	Dysgonomonas sp.
C5299	Bacteria	Pseudomonadota	Gammaproteobacteria	Burkholderiales	Comamonadaceae	Lampropedia	Lampropedia sp.
C5300	Bacteria	Pseudomonadota	Alphaproteobacteria	Hyphomicrobiales	Rhizobiaceae	Pseudochrobactrum	Pseudochrobactrum sp.
C5302	NA	NA sp.	NA sp.	NA sp.	NA sp.	NA sp.	NA sp.
C5306	Bacteria	Pseudomonadota	Alphaproteobacteria	Hyphomicrobiales	Devosiaceae	Pelagibacterium	Pelagibacterium sp.
C5311	Bacteria	Pseudomonadota	Gammaproteobacteria	Burkholderiales	Comamonadaceae	Lampropedia	Lampropedia sp.
C5312	Bacteria	Pseudomonadota	Gammaproteobacteria	Pseudomonadales	Moraxellaceae	Acinetobacter	Acinetobacter sp.
C5318	Bacteria	Bacteroidota	Bacteroidia	Bacteroidales	Dysgonomonadaceae	Dysgonomonas	Dysgonomonas sp.
C5319	Bacteria	Pseudomonadota	Gammaproteobacteria	Pseudomonadales	Moraxellaceae	Acinetobacter	Acinetobacter sp.
C5323	Bacteria	Bacteroidota	Bacteroidia	Flavobacteriales	Flavobacteriaceae	Flavobacterium	Flavobacterium sp.
C5329	Bacteria	Pseudomonadota	Alphaproteobacteria	Hyphomicrobiales	Rhizobiaceae	Brucella	Brucella sp.
C5331	Bacteria	Pseudomonadota	Alphaproteobacteria	Acetobacterales	Acetobacteraceae	Acetobacter	Acetobacter sp.
C5332	Bacteria	Pseudomonadota	Gammaproteobacteria	Enterobacterales	Morganellaceae	Providencia	Providencia sp.
C5333	Bacteria	Actinomycetota	Actinobacteria	Micrococcales	Microbacteriaceae	Microbacteriaceae sp.	Microbacteriaceae sp.
C5337	Bacteria	Bacteroidota	Bacteroidia	Flavobacteriales	Weeksellaceae	Weeksella	uncultured Flavobacterium sp.
C5340	Bacteria	Pseudomonadota	Gammaproteobacteria	Pseudomonadales	Moraxellaceae	Acinetobacter	Acinetobacter sp.
C5342	Bacteria	Pseudomonadota	Alphaproteobacteria	Acetobacterales	Acetobacteraceae	Acetobacter	Acetobacter sp.
C5343	Bacteria	Bacteroidota	Bacteroidia	Bacteroidales	Bacteroidaceae	Bacteroides	Bacteroides sp.
C5344	Bacteria	Bacillota	Bacilli	Acholeplasmatales	Acholeplasmataceae	Acholeplasmataceae sp.	Acholeplasmataceae sp.
C5346	Bacteria	Bacillota	Bacilli	Acholeplasmatales	Acholeplasmataceae	Acholeplasmataceae sp.	Acholeplasmataceae sp.
C5348	Bacteria	Pseudomonadota	Gammaproteobacteria	Lysobacterales	Lysobacteraceae	Stenotrophomonas	Stenotrophomonas sp.
C5350	NA	Amorphea	Obazoa	Opisthokonta	Nucletmycea	Fungi	Dikarya
C5351	Unknown	Unknown	Unknown	Unknown	Unknown	Unknown	Unknown
C5354	Bacteria	Pseudomonadota	Gammaproteobacteria	Gammaproteobacteria sp.	Gammaproteobacteria sp.	Gammaproteobacteria sp.	Gammaproteobacteria sp.
C5355	Bacteria	Bacteroidota	Bacteroidia	Bacteroidales	Dysgonomonadaceae	Dysgonomonas	Dysgonomonas sp.
C5357	Bacteria	Pseudomonadota	Gammaproteobacteria	Burkholderiales	Comamonadaceae	Lampropedia	Lampropedia sp.
C5359	NA	NA sp.	NA sp.	NA sp.	NA sp.	NA sp.	NA sp.
C5360	Bacteria	Pseudomonadota	Alphaproteobacteria	Sphingomonadales	Sphingomonadaceae	Sphingopyxis	Sphingopyxis sp.
C5361	Bacteria	Pseudomonadota	Alphaproteobacteria	Rhodobacterales	Paracoccaceae	Paracoccus	Paracoccus sp.
C5364	Bacteria	Actinomycetota	Actinobacteria	Actinomycetales	Actinomycetaceae	Actinomycetaceae sp.	Actinomycetaceae sp.
C5365	NA	Amorphea	Obazoa	Opisthokonta	Nucletmycea	Fungi	Dikarya
C5368	Bacteria	Bacteroidota	Bacteroidia	Flavobacteriales	Crocinitomicaceae	Fluviicola	Fluviicola sp.
C5369	Bacteria	Bacteroidota	Bacteroidia	Bacteroidales	Dysgonomonadaceae	Dysgonomonas	Dysgonomonas sp.
C5371	Bacteria	Bacillota	Bacilli	Lactobacillales	Lactobacillaceae	Lactobacillaceae sp.	Lactobacillaceae sp.
C5374	Bacteria	Pseudomonadota	Gammaproteobacteria	Gammaproteobacteria sp.	Gammaproteobacteria sp.	Gammaproteobacteria sp.	Gammaproteobacteria sp.
C5376	Bacteria	Pseudomonadota	Gammaproteobacteria	Enterobacterales	Morganellaceae	Providencia	Providencia sp.
C5377	Unknown	Unknown	Unknown	Unknown	Unknown	Unknown	Unknown
C5386	Bacteria	Pseudomonadota	Alphaproteobacteria	Rhodobacterales	Paracoccaceae	Ketogulonicigenium	Ketogulonicigenium sp.
C5387	Bacteria	Bacillota	Bacilli	Bacillales	Bacillaceae	Bacillaceae sp.	Bacillaceae sp.
C5388	Bacteria	Bacillota	Bacilli	Bacillales	Bacillaceae	Bacillaceae sp.	Bacillaceae sp.
C5389	Bacteria	Actinomycetota	Actinobacteria	Micrococcales	Microbacteriaceae	Leucobacter	Leucobacter sp.
C5390	Bacteria	Bacteroidota	Bacteroidia	Bacteroidales	Bacteroidaceae	Bacteroides	Bacteroides sp.
C5391	Bacteria	Bacteroidota	Bacteroidia	Flavobacteriales	Weeksellaceae	Empedobacter	Empedobacter sp.
C5392	Bacteria	Actinomycetota	Actinobacteria	Mycobacteriales	Corynebacteriaceae	Corynebacterium	Corynebacterium sp.
C5394	Bacteria	Bacteroidota	Bacteroidia	Sphingobacteriales	Sphingobacteriaceae	Sphingobacterium	uncultured bacterium
C5396	Bacteria	Pseudomonadota	Gammaproteobacteria	Pseudomonadales	Moraxellaceae	Acinetobacter	Acinetobacter sp.
C5400	Bacteria	Bacteroidota	Bacteroidia	Cytophagales	Spirosomataceae	Leadbetterella	uncultured bacterium
C5402	Bacteria	Pseudomonadota	Alphaproteobacteria	Acetobacterales	Acetobacteraceae	Acetobacter	Acetobacter sp.
C5403	Bacteria	Bacteroidota	Bacteroidia	Cytophagales	Spirosomataceae	Leadbetterella	uncultured bacterium
C5408	Bacteria	Pseudomonadota	Gammaproteobacteria	Burkholderiales	Oxalobacteraceae	Oxalobacteraceae sp.	Oxalobacteraceae sp.
C5409	Bacteria	Bacillota	Bacilli	Bacillales	Bacillales sp.	Bacillales sp.	Bacillales sp.
C5412	Bacteria	Bacillota	Bacilli	Lactobacillales	Lactobacillaceae	Leuconostoc	Leuconostoc sp.
C5414	Bacteria	Bacillota	Bacilli	Lactobacillales	Lactobacillaceae	Leuconostoc	Leuconostoc sp.
C5416	Bacteria	Bacillota	Bacilli	Bacillales	Bacillaceae	Bacillaceae sp.	Bacillaceae sp.
C5421	Bacteria	Bacillota	Bacilli	Bacillales	Bacillaceae	Bacillaceae sp.	Bacillaceae sp.
C5429	Bacteria	Pseudomonadota	Gammaproteobacteria	Pseudomonadales	Moraxellaceae	Incertae Sedis	Incertae Sedis sp.
C5432	NA	NA sp.	NA sp.	NA sp.	NA sp.	NA sp.	NA sp.
C5436	Bacteria	Pseudomonadota	Gammaproteobacteria	Burkholderiales	Comamonadaceae	Comamonas	Comamonas sp.
C5437	Bacteria	Bacillota	Bacilli	Lactobacillales	Lactobacillaceae	Lacticaseibacillus	Lactobacillus paracasei
C5440	Bacteria	Bacillota	Bacilli	Bacillales	Planococcaceae	Lysinibacillus	uncultured bacterium
C5441	Bacteria	Pseudomonadota	Gammaproteobacteria	Enterobacterales	Enterobacteriaceae	Enterobacteriaceae sp.	Enterobacteriaceae sp.
C5443	Bacteria	Bacillota	Bacilli	Lactobacillales	Lactobacillaceae	Lactiplantibacillus	Lactiplantibacillus sp.
C5446	Bacteria	Bacteroidota	Bacteroidia	Bacteroidales	Dysgonomonadaceae	Dysgonomonas	Dysgonomonas sp.
C5448	Bacteria	Bacillota	Bacilli	Paenibacillales	Paenibacillaceae	Paenibacillus	Paenibacillus sp.
C5449	Bacteria	Bacillota	Clostridia	Oscillospirales	Oscillospirales sp.	Oscillospirales sp.	Oscillospirales sp.
C5450	Bacteria	Bacteroidota	Bacteroidia	Bacteroidales	Bacteroidaceae	Bacteroides	Bacteroides sp.
C5453	Bacteria	Bacillota	Negativicutes	Veillonellales-Selenomonadales	Incertae Sedis	Incertae Sedis	uncultured bacterium
C5454	Bacteria	Bacteroidota	Bacteroidia	Flavobacteriales	Weeksellaceae	Weeksella	uncultured bacterium
C5455	Bacteria	Pseudomonadota	Gammaproteobacteria	Lysobacterales	Lysobacteraceae	Stenotrophomonas	Pseudomonas sp. CNE 23
C5456	Bacteria	Pseudomonadota	Gammaproteobacteria	Enterobacterales	Morganellaceae	Providencia	Providencia sp.
C5459	Bacteria	Bacteroidota	Bacteroidia	Chitinophagales	Chitinophagaceae	DVSBS1	Sphingobacteriia bacterium DVSBS1
C5460	Bacteria	Bacillota	Clostridia	Clostridia vadinBB60 group	Incertae Sedis	Incertae Sedis	Incertae Sedis sp.
C5462	Bacteria	Bacillota	Bacilli	Bacillales	Bacillaceae	Bacillaceae sp.	Bacillaceae sp.
C5464	Bacteria	Pseudomonadota	Alphaproteobacteria	Hyphomicrobiales	Devosiaceae	Devosia	Devosia sp.
C5466	Bacteria	Bacillota	Negativicutes	Veillonellales-Selenomonadales	Sporomusaceae	Anaerosporomusa	Anaerosporomusa sp.
C5467	Bacteria	Pseudomonadota	Alphaproteobacteria	Rhodobacterales	Paracoccaceae	Ketogulonicigenium	Ketogulonicigenium sp.
C5469	Bacteria	Pseudomonadota	Gammaproteobacteria	Pseudomonadales	Moraxellaceae	Acinetobacter	Acinetobacter sp.
C5470	Bacteria	Bacillota	Clostridia	Clostridia UCG-014	Incertae Sedis	Incertae Sedis	uncultured bacterium
C5472	Bacteria	Pseudomonadota	Gammaproteobacteria	Pseudomonadales	Moraxellaceae	Acinetobacter	Acinetobacter sp.
C5476	Bacteria	Pseudomonadota	Gammaproteobacteria	Pseudomonadales	Moraxellaceae	Acinetobacter	Acinetobacter sp.
C5477	Bacteria	Pseudomonadota	Alphaproteobacteria	Hyphomicrobiales	Xanthobacteraceae	Xanthobacteraceae sp.	Xanthobacteraceae sp.
C5479	Bacteria	Pseudomonadota	Gammaproteobacteria	Gammaproteobacteria sp.	Gammaproteobacteria sp.	Gammaproteobacteria sp.	Gammaproteobacteria sp.
C5486	Bacteria	Bacillota	Clostridia	Clostridia sp.	Clostridia sp.	Clostridia sp.	Clostridia sp.
C5489	Bacteria	Bacteroidota	Bacteroidia	Flavobacteriales	Weeksellaceae	Chishuiella	Empedobacter sp. F-Fue-04TIIa
C5492	Bacteria	Bacillota	Negativicutes	Veillonellales-Selenomonadales	Sporomusaceae	Sporomusa	Sporomusa sp.
C5494	Bacteria	Bacteroidota	Bacteroidia	Flavobacteriales	Flavobacteriaceae	Flavobacterium	Flavobacterium sp.
C5499	Bacteria	Pseudomonadota	Gammaproteobacteria	Gammaproteobacteria sp.	Gammaproteobacteria sp.	Gammaproteobacteria sp.	Gammaproteobacteria sp.
C5502	Bacteria	Pseudomonadota	Alphaproteobacteria	Hyphomicrobiales	Rhizobiaceae	Agrobacterium	Agrobacterium sp.
C5503	Bacteria	Pseudomonadota	Alphaproteobacteria	Acetobacterales	Acetobacteraceae	Acetobacter	Acetobacter persici
C5525	Bacteria	Pseudomonadota	Gammaproteobacteria	Burkholderiales	Burkholderiales sp.	Burkholderiales sp.	Burkholderiales sp.
C5528	Bacteria	Bacteroidota	Bacteroidia	Chitinophagales	Chitinophagaceae	DVSBS1	Sphingobacteriia bacterium DVSBS1
C5533	Bacteria	Pseudomonadota	Gammaproteobacteria	Enterobacterales	Morganellaceae	Providencia	Providencia sp.
C5534	Bacteria	Bacillota	Clostridia	Oscillospirales	Ruminococcaceae	Ruminococcus	uncultured bacterium
C5536	Bacteria	Pseudomonadota	Gammaproteobacteria	Pseudomonadales	Moraxellaceae	Acinetobacter	Acinetobacter sp.
C5537	Bacteria	Pseudomonadota	Alphaproteobacteria	Rhodobacterales	Paracoccaceae	Paracoccaceae sp.	Paracoccaceae sp.
C5541	NA	Amorphea	Obazoa	Opisthokonta	Holozoa	Choanozoa	Metazoa
C5542	Bacteria	Bacillota	Clostridia	Lachnospirales	Lachnospiraceae	Lachnospiraceae sp.	Lachnospiraceae sp.
C5543	Unknown	Unknown	Unknown	Unknown	Unknown	Unknown	Unknown
C5544	NA	NA sp.	NA sp.	NA sp.	NA sp.	NA sp.	NA sp.
C5547	Bacteria	Bacillota	Negativicutes	Veillonellales-Selenomonadales	Sporomusaceae	Pelosinus	Pelosinus sp.
C5551	Bacteria	Bacillota	Bacilli	Paenibacillales	Paenibacillaceae	Paenibacillus	Paenibacillus sp.
C5557	Bacteria	Pseudomonadota	Alphaproteobacteria	Acetobacterales	Acetobacteraceae	Acetobacter	Acetobacter sp.
C5560	Bacteria	Pseudomonadota	Gammaproteobacteria	Burkholderiales	Comamonadaceae	Comamonadaceae sp.	Comamonadaceae sp.
C5561	Bacteria	Pseudomonadota	Alphaproteobacteria	Acetobacterales	Acetobacteraceae	Gluconobacter	Gluconobacter sp.
C5564	Bacteria	Pseudomonadota	Gammaproteobacteria	Enterobacterales	Morganellaceae	Morganella	Morganella sp.
C5565	Bacteria	Bacteroidota	Bacteroidia	Sphingobacteriales	Sphingobacteriaceae	Sphingobacterium	Sphingobacterium sp. G2-10
C5566	Bacteria	Bacteroidota	Bacteroidia	Bacteroidales	Bacteroidaceae	Bacteroides	uncultured bacterium
C5567	Bacteria	Bacteroidota	Bacteroidia	Bacteroidales	Dysgonomonadaceae	Dysgonomonas	uncultured bacterium
C5568	Bacteria	Bacillota	Clostridia	Oscillospirales	UCG-010	Incertae Sedis	uncultured Ruminococcaceae bacterium
C5569	Bacteria	Bacteroidota	Bacteroidia	Bacteroidales	Dysgonomonadaceae	Dysgonomonas	Dysgonomonas sp.
C5570	Bacteria	Bacillota	Bacilli	Paenibacillales	Paenibacillaceae	Fontibacillus	Fontibacillus sp.
C5571	Bacteria	Bacteroidota	Bacteroidia	Bacteroidales	Bacteroidaceae	Bacteroides	Bacteroides sp.
C5573	Bacteria	Bacillota	Clostridia	Oscillospirales	Ruminococcaceae	Ruminococcus	Ruminococcus sp.
C5574	Bacteria	Bacteroidota	Bacteroidia	Flavobacteriales	Flavobacteriaceae	Myroides	Myroides sp.
C5576	Bacteria	Bacillota	Clostridia	Peptostreptococcales-Tissierellales	Sedimentibacteraceae	Sedimentibacter	uncultured bacterium
C5577	Bacteria	Pseudomonadota	Gammaproteobacteria	Pseudomonadales	Pseudomonadaceae	Pseudomonas	Pseudomonas sp.
C5578	Bacteria	Campylobacterota	Campylobacteria	Campylobacterales	Arcobacteraceae	Arcobacter	Arcobacter sp.
C5579	Bacteria	Bacteroidota	Bacteroidia	Sphingobacteriales	Sphingobacteriaceae	Sphingobacterium	Bacteroidetes bacterium RBE2CD-54
C5581	Bacteria	Bacteroidota	Bacteroidia	Sphingobacteriales	Sphingobacteriaceae	Pedobacter	uncultured bacterium
C5582	Bacteria	Bacteroidota	Bacteroidia	Bacteroidales	Dysgonomonadaceae	Dysgonomonas	Dysgonomonas sp.
C5583	Bacteria	Bacteroidota	Bacteroidia	Flavobacteriales	Flavobacteriaceae	Flavobacterium	uncultured bacterium
C5584	Bacteria	Bacteroidota	Bacteroidia	Bacteroidales	Bacteroidaceae	Bacteroides	uncultured bacterium
C5587	Bacteria	Bacteroidota	Bacteroidia	Flavobacteriales	Weeksellaceae	Weeksella	uncultured bacterium
C5591	Bacteria	Pseudomonadota	Alphaproteobacteria	Azospirillales	Azospirillaceae	Niveispirillum	Niveispirillum sp.
C5596	Bacteria	Bacteroidota	Bacteroidia	Bacteroidales	Dysgonomonadaceae	Dysgonomonas	Dysgonomonas sp.
C5598	Bacteria	Pseudomonadota	Gammaproteobacteria	Lysobacterales	Lysobacteraceae	Stenotrophomonas	Stenotrophomonas sp.
C5599	Bacteria	Bacillota	Bacilli	Lactobacillales	Lactobacillaceae	Lactobacillaceae sp.	Lactobacillaceae sp.
C5600	Bacteria	Pseudomonadota	Alphaproteobacteria	Hyphomicrobiales	Xanthobacteraceae	Xanthobacteraceae sp.	Xanthobacteraceae sp.
C5604	Bacteria	Bacillota	Clostridia	Clostridiales	Clostridiaceae	Clostridium	uncultured bacterium
C5605	Bacteria	Pseudomonadota	Gammaproteobacteria	Pseudomonadales	Cellvibrionaceae	Cellvibrio	uncultured bacterium
C5609	Bacteria	Pseudomonadota	Gammaproteobacteria	Pseudomonadales	Moraxellaceae	Acinetobacter	Acinetobacter sp.
C5611	Bacteria	Actinomycetota	Actinobacteria	Micrococcales	Microbacteriaceae	Microbacteriaceae sp.	Microbacteriaceae sp.
C5616	Bacteria	Bacteroidota	Bacteroidia	Bacteroidales	Dysgonomonadaceae	Dysgonomonas	Dysgonomonas sp.
C5618	Unknown	Unknown	Unknown	Unknown	Unknown	Unknown	Unknown
C5621	Bacteria	Bacteroidota	Bacteroidia	Bacteroidales	Dysgonomonadaceae	Dysgonomonas	Dysgonomonas sp.
C5623	Bacteria	Campylobacterota	Campylobacteria	Campylobacterales	Arcobacteraceae	Arcobacter	Arcobacter sp.
C5624	Unknown	Unknown	Unknown	Unknown	Unknown	Unknown	Unknown
C5625	Bacteria	Pseudomonadota	Alphaproteobacteria	Rhodobacterales	Paracoccaceae	Paracoccaceae sp.	Paracoccaceae sp.
C5626	Bacteria	Bacteroidota	Bacteroidia	Sphingobacteriales	Sphingobacteriaceae	Sphingobacterium	Sphingobacterium sp.
C5627	Bacteria	Bacteroidota	Bacteroidia	Flavobacteriales	Weeksellaceae	Weeksellaceae sp.	Weeksellaceae sp.
C5632	Bacteria	Pseudomonadota	Alphaproteobacteria	Alphaproteobacteria sp.	Alphaproteobacteria sp.	Alphaproteobacteria sp.	Alphaproteobacteria sp.
C5636	Bacteria	Pseudomonadota	Gammaproteobacteria	Pseudomonadales	Moraxellaceae	Moraxellaceae sp.	Moraxellaceae sp.
C5639	Bacteria	Bacteroidota	Bacteroidia	Bacteroidales	Dysgonomonadaceae	Dysgonomonas	uncultured bacterium
C5640	Bacteria	Bacteroidota	Bacteroidia	Flavobacteriales	Weeksellaceae	Chishuiella	Empedobacter sp. F-Fue-04TIIa
C5641	Bacteria	Pseudomonadota	Alphaproteobacteria	Azospirillales	Azospirillaceae	Azospirillum	Azospirillum sp.
C5642	Bacteria	Pseudomonadota	Gammaproteobacteria	Cardiobacteriales	Wohlfahrtiimonadaceae	Koukoulia	Koukoulia aurantiaca
C5643	Bacteria	Pseudomonadota	Alphaproteobacteria	Hyphomicrobiales	Rhizobiaceae	Rhizobiaceae sp.	Rhizobiaceae sp.
C5644	Bacteria	Pseudomonadota	Gammaproteobacteria	Burkholderiales	Burkholderiales sp.	Burkholderiales sp.	Burkholderiales sp.
C5646	Bacteria	Cyanobacteriota	Cyanobacteriia	Chloroplast	Incertae Sedis	Incertae Sedis	Incertae Sedis sp.
C5647	Bacteria	Bacillota	Bacilli	Paenibacillales	Paenibacillaceae	Paenibacillaceae sp.	Paenibacillaceae sp.
C5649	Bacteria	Pseudomonadota	Gammaproteobacteria	Burkholderiales	Comamonadaceae	Comamonadaceae sp.	Comamonadaceae sp.
C5650	Bacteria	Pseudomonadota	Alphaproteobacteria	Rhodospirillales	Incertae Sedis	Incertae Sedis	Incertae Sedis sp.
C5654	Bacteria	Bacillota	Bacilli	Lactobacillales	Lactobacillales sp.	Lactobacillales sp.	Lactobacillales sp.
C5656	Bacteria	Pseudomonadota	Gammaproteobacteria	Enterobacterales	Morganellaceae	Providencia	Providencia sp.
C5657	Bacteria	Campylobacterota	Campylobacteria	Campylobacterales	Arcobacteraceae	Arcobacter	Arcobacter sp.
C5658	Bacteria	Bacillota	Bacilli	Lactobacillales	Streptococcaceae	Lactococcus	Lactococcus sp.
C5659	Bacteria	Pseudomonadota	Gammaproteobacteria	Lysobacterales	Lysobacteraceae	Stenotrophomonas	Pseudomonas sp. CNE 23
C5660	Bacteria	Bacteroidota	Bacteroidia	Flavobacteriales	Flavobacteriaceae	Flavobacterium	Flavobacterium sp.
C5663	Bacteria	Pseudomonadota	Gammaproteobacteria	Enterobacterales	Morganellaceae	Providencia	Providencia sp.
C5665	Bacteria	Pseudomonadota	Gammaproteobacteria	Gammaproteobacteria sp.	Gammaproteobacteria sp.	Gammaproteobacteria sp.	Gammaproteobacteria sp.
C5666	Bacteria	Pseudomonadota	Alphaproteobacteria	Rhodobacterales	Paracoccaceae	Paracoccaceae sp.	Paracoccaceae sp.
C5667	Bacteria	Actinomycetota	Actinobacteria	Micrococcales	Microbacteriaceae	Microbacterium	Microbacterium sp.
C5668	Bacteria	Planctomycetota	Planctomycetes	Planctomycetales	Schlesneriaceae	Planctopirus	Planctopirus sp.
C5670	Bacteria	Bacteroidota	Bacteroidia	Flavobacteriales	Weeksellaceae	Chryseobacterium	Chryseobacterium sp.
C5672	Bacteria	Pseudomonadota	Alphaproteobacteria	Acetobacterales	Acetobacteraceae	Acetobacter	Acetobacter sp.
C5673	Bacteria	Bacillota	Bacilli	Paenibacillales	Paenibacillaceae	Paenibacillus	Paenibacillus sp.
C5680	Bacteria	Actinomycetota	Actinobacteria	Micrococcales	Microbacteriaceae	Microbacterium	Microbacterium sp.
C5688	Bacteria	Pseudomonadota	Gammaproteobacteria	Enterobacterales	Enterobacteriaceae	Enterobacteriaceae sp.	Enterobacteriaceae sp.
C5690	Bacteria	Bacillota	Bacilli	Paenibacillales	Paenibacillaceae	Paenibacillus	Paenibacillus sp.
C5693	Bacteria	Pseudomonadota	Gammaproteobacteria	Gammaproteobacteria sp.	Gammaproteobacteria sp.	Gammaproteobacteria sp.	Gammaproteobacteria sp.
C5694	Bacteria	Pseudomonadota	Gammaproteobacteria	Burkholderiales	Comamonadaceae	Comamonadaceae sp.	Comamonadaceae sp.
C5695	Bacteria	Pseudomonadota	Gammaproteobacteria	Gammaproteobacteria sp.	Gammaproteobacteria sp.	Gammaproteobacteria sp.	Gammaproteobacteria sp.
C5696	Bacteria	Bacillota	Bacilli	Lactobacillales	Lactobacillaceae	Lacticaseibacillus	Lacticaseibacillus sp.
C5699	Bacteria	Pseudomonadota	Gammaproteobacteria	Pseudomonadales	Moraxellaceae	Acinetobacter	Acinetobacter sp.
C5700	Bacteria	Pseudomonadota	Gammaproteobacteria	Enterobacterales	Enterobacterales sp.	Enterobacterales sp.	Enterobacterales sp.
C5701	Bacteria	Pseudomonadota	Gammaproteobacteria	Enterobacterales	Morganellaceae	Providencia	Providencia sp.
C5706	Bacteria	Pseudomonadota	Gammaproteobacteria	Pseudomonadales	Pseudomonadaceae	Pseudomonas	Pseudomonas sp.
C5708	Bacteria	Pseudomonadota	Gammaproteobacteria	Cardiobacteriales	Wohlfahrtiimonadaceae	Wohlfahrtiimonadaceae sp.	Wohlfahrtiimonadaceae sp.
C5710	Bacteria	Bacillota	Clostridia	Oscillospirales	Oscillospiraceae	Oscillospiraceae sp.	Oscillospiraceae sp.
C5715	Unknown	Unknown	Unknown	Unknown	Unknown	Unknown	Unknown
C5717	Bacteria	Campylobacterota	Campylobacteria	Campylobacterales	Arcobacteraceae	Arcobacter	Arcobacter sp.
C5718	Bacteria	Pseudomonadota	Gammaproteobacteria	Enterobacterales	Morganellaceae	Providencia	Providencia sp.
C5720	Bacteria	Pseudomonadota	Alphaproteobacteria	Rhodobacterales	Paracoccaceae	Paracoccaceae sp.	Paracoccaceae sp.
C5725	Bacteria	Bacteroidota	Bacteroidia	Bacteroidales	Bacteroidaceae	Bacteroides	Bacteroides sp.
C5726	Bacteria	Pseudomonadota	Alphaproteobacteria	Hyphomicrobiales	Hyphomicrobiales sp.	Hyphomicrobiales sp.	Hyphomicrobiales sp.
C5728	Bacteria	Pseudomonadota	Gammaproteobacteria	Pseudomonadales	Pseudomonadaceae	Pseudomonas	Pseudomonas sp.
C5729	Bacteria	Pseudomonadota	Alphaproteobacteria	Caulobacterales	Caulobacteraceae	Brevundimonas	Brevundimonas terrae
C5730	Bacteria	Bacillota	Bacilli	RF39	Incertae Sedis	Incertae Sedis	uncultured bacterium
C5735	Bacteria	Pseudomonadota	Gammaproteobacteria	Pseudomonadales	Moraxellaceae	Acinetobacter	uncultured Acinetobacter sp.
C5736	Bacteria	Bacteroidota	Bacteroidia	Flavobacteriales	Flavobacteriaceae	Flavobacterium	uncultured bacterium
C5738	Bacteria	Pseudomonadota	Gammaproteobacteria	Pseudomonadales	Moraxellaceae	Acinetobacter	Acinetobacter sp.
C5742	Bacteria	Pseudomonadota	Gammaproteobacteria	Pseudomonadales	Moraxellaceae	Acinetobacter	Acinetobacter sp.
C5744	Bacteria	Bacillota	Clostridia	Oscillospirales	Ruminococcaceae	Incertae Sedis	Ruminococcaceae bacterium
C5745	Bacteria	Bacillota	Bacilli	Erysipelotrichales	Erysipelotrichaceae	Erysipelothrix	uncultured Erysipelotrichia bacterium
C5750	Bacteria	Pseudomonadota	Gammaproteobacteria	Pseudomonadales	Moraxellaceae	Acinetobacter	Acinetobacter sp.
C5751	Bacteria	Pseudomonadota	Gammaproteobacteria	Pseudomonadales	Pseudomonadaceae	Pseudomonas	uncultured bacterium
C5753	Bacteria	Bacteroidota	Bacteroidia	Flavobacteriales	Crocinitomicaceae	Fluviicola	Fluviicola sp.
C5755	Bacteria	Pseudomonadota	Gammaproteobacteria	Enterobacterales	Morganellaceae	Providencia	Providencia sp.
C5758	Bacteria	Bacillota	Clostridia	Oscillospirales	Oscillospiraceae	Ruminiclostridium	uncultured bacterium
C5760	Bacteria	Bacteroidota	Bacteroidia	Sphingobacteriales	Sphingobacteriaceae	Sphingobacterium	Sphingobacterium sp.
C5761	Bacteria	Patescibacteria	Saccharimonadia	Saccharimonadales	Saccharimonadales sp.	Saccharimonadales sp.	Saccharimonadales sp.
C5762	Bacteria	Pseudomonadota	Gammaproteobacteria	Pseudomonadales	Moraxellaceae	Acinetobacter	Acinetobacter baumannii
C5764	Bacteria	Pseudomonadota	Gammaproteobacteria	Gammaproteobacteria sp.	Gammaproteobacteria sp.	Gammaproteobacteria sp.	Gammaproteobacteria sp.
C5767	Bacteria	Pseudomonadota	Alphaproteobacteria	Rhodobacterales	Paracoccaceae	Paracoccus	Paracoccus sp.
C5773	Unknown	Unknown	Unknown	Unknown	Unknown	Unknown	Unknown
C5774	Bacteria	Bacillota	Clostridia	Lachnospirales	Lachnospiraceae	Faecalicatena	Faecalicatena sp.
C5775	Bacteria	Bacteroidota	Bacteroidia	Bacteroidales	Dysgonomonadaceae	Dysgonomonas	Dysgonomonas sp.
C5782	Bacteria	Pseudomonadota	Gammaproteobacteria	Burkholderiales	Comamonadaceae	Comamonadaceae sp.	Comamonadaceae sp.
C5790	Bacteria	Pseudomonadota	Gammaproteobacteria	Burkholderiales	Comamonadaceae	Comamonadaceae sp.	Comamonadaceae sp.
C5792	Bacteria	Bacteroidota	Bacteroidia	Bacteroidales	Dysgonomonadaceae	Dysgonomonas	Dysgonomonas sp.
C5793	Bacteria	Pseudomonadota	Alphaproteobacteria	Rhodobacterales	Paracoccaceae	Paracoccaceae sp.	Paracoccaceae sp.
C5794	Bacteria	Bacillota	Bacilli	Paenibacillales	Paenibacillaceae	Paenibacillus	Paenibacillus sp.
C5798	Bacteria	Actinomycetota	Actinobacteria	Actinobacteria sp.	Actinobacteria sp.	Actinobacteria sp.	Actinobacteria sp.
C5799	Bacteria	Pseudomonadota	Alphaproteobacteria	Rhodospirillales	Incertae Sedis	Incertae Sedis	Incertae Sedis sp.
C5800	Bacteria	Pseudomonadota	Gammaproteobacteria	Enterobacterales	Morganellaceae	Providencia	Providencia sp.
C5803	Bacteria	Pseudomonadota	Alphaproteobacteria	Rhodobacterales	Paracoccaceae	Paracoccaceae sp.	Paracoccaceae sp.
C5804	Bacteria	Pseudomonadota	Gammaproteobacteria	Gammaproteobacteria sp.	Gammaproteobacteria sp.	Gammaproteobacteria sp.	Gammaproteobacteria sp.
C5808	Bacteria	Pseudomonadota	Gammaproteobacteria	Gammaproteobacteria sp.	Gammaproteobacteria sp.	Gammaproteobacteria sp.	Gammaproteobacteria sp.
C5809	Bacteria	Bacteroidota	Bacteroidia	Chitinophagales	Chitinophagaceae	Chitinophagaceae sp.	Chitinophagaceae sp.
C5811	Bacteria	Bacteroidota	Bacteroidia	Bacteroidales	Dysgonomonadaceae	Dysgonomonas	Dysgonomonas sp.
C5812	Bacteria	Bacteroidota	Bacteroidia	Bacteroidales	Dysgonomonadaceae	Dysgonomonas	uncultured bacterium
C5813	Bacteria	Pseudomonadota	Alphaproteobacteria	Alphaproteobacteria sp.	Alphaproteobacteria sp.	Alphaproteobacteria sp.	Alphaproteobacteria sp.
C5817	Unknown	Unknown	Unknown	Unknown	Unknown	Unknown	Unknown
C5823	Unknown	Unknown	Unknown	Unknown	Unknown	Unknown	Unknown
C5829	Bacteria	Pseudomonadota	Gammaproteobacteria	Pseudomonadales	Pseudomonadaceae	Pseudomonas	uncultured bacterium
C5830	Bacteria	Pseudomonadota	Gammaproteobacteria	Lysobacterales	Lysobacteraceae	Stenotrophomonas	Stenotrophomonas sp.
C5832	Bacteria	Actinomycetota	Actinobacteria	Actinomycetales	Actinomycetaceae	Actinomycetaceae sp.	Actinomycetaceae sp.
C5833	Bacteria	Bacteroidota	Bacteroidia	Sphingobacteriales	Sphingobacteriaceae	Sphingobacterium	Sphingobacterium sp.
C5837	Bacteria	Pseudomonadota	Gammaproteobacteria	Burkholderiales	Comamonadaceae	Comamonadaceae sp.	Comamonadaceae sp.
C5839	Bacteria	Actinomycetota	Coriobacteriia	Coriobacteriales	Eggerthellaceae	Eggerthellaceae sp.	Eggerthellaceae sp.
C5840	Bacteria	Actinomycetota	Actinobacteria	Micrococcales	Micrococcales sp.	Micrococcales sp.	Micrococcales sp.
C5842	Bacteria	Bacteroidota	Bacteroidia	Sphingobacteriales	Sphingobacteriaceae	Sphingobacterium	Sphingobacterium sp. G2-10
C5844	Bacteria	Bacillota	Clostridia	Lachnospirales	Lachnospiraceae	Lachnospiraceae sp.	Lachnospiraceae sp.
C5845	Bacteria	Actinomycetota	Actinobacteria	Micrococcales	Microbacteriaceae	Leucobacter	Leucobacter sp.
C5846	Bacteria	Pseudomonadota	Gammaproteobacteria	Legionellales	Legionellaceae	Legionella	Legionella sp.
C5847	Bacteria	Pseudomonadota	Gammaproteobacteria	Lysobacterales	Lysobacteraceae	Stenotrophomonas	Pseudomonas sp. CNE 23
C5851	Bacteria	Bacteroidota	Bacteroidia	Chitinophagales	Chitinophagaceae	Chitinophagaceae sp.	Chitinophagaceae sp.
C5855	Bacteria	Bacillota	Bacilli	Paenibacillales	Paenibacillaceae	Paenibacillus	Paenibacillus sp.
C5857	Bacteria	Bacillota	Bacilli	Lactobacillales	Lactobacillaceae	Lactiplantibacillus	Lactiplantibacillus sp.
C5858	Bacteria	Pseudomonadota	Gammaproteobacteria	Gammaproteobacteria sp.	Gammaproteobacteria sp.	Gammaproteobacteria sp.	Gammaproteobacteria sp.
C5861	Bacteria	Bacillota	Clostridia	Clostridia sp.	Clostridia sp.	Clostridia sp.	Clostridia sp.
C5862	Bacteria	Actinomycetota	Actinobacteria	Micrococcales	Micrococcales sp.	Micrococcales sp.	Micrococcales sp.
C5863	Bacteria	Bacillota	Bacilli	Lactobacillales	Streptococcaceae	Lactococcus	Lactococcus sp.
C5864	Bacteria	Pseudomonadota	Gammaproteobacteria	Pseudomonadales	Moraxellaceae	Acinetobacter	uncultured bacterium
C5865	Bacteria	Bacteroidota	Bacteroidia	Sphingobacteriales	Sphingobacteriaceae	Sphingobacteriaceae sp.	Sphingobacteriaceae sp.
C5869	Bacteria	Actinomycetota	Actinobacteria	Micrococcales	Micrococcales sp.	Micrococcales sp.	Micrococcales sp.
C5873	Bacteria	Pseudomonadota	Gammaproteobacteria	Enterobacterales	Enterobacteriaceae	Citrobacter	Citrobacter sp. enrichment culture clone SRC_NBB2
C5876	Bacteria	Pseudomonadota	Alphaproteobacteria	Rhodobacterales	Paracoccaceae	Paracoccaceae sp.	Paracoccaceae sp.
C5882	Bacteria	Pseudomonadota	Alphaproteobacteria	Alphaproteobacteria sp.	Alphaproteobacteria sp.	Alphaproteobacteria sp.	Alphaproteobacteria sp.
C5883	Bacteria	Pseudomonadota	Gammaproteobacteria	Pseudomonadales	Moraxellaceae	Acinetobacter	Acinetobacter sp.
C5885	Bacteria	Pseudomonadota	Gammaproteobacteria	Pseudomonadales	Cellvibrionaceae	Cellvibrio	uncultured bacterium
C5886	Bacteria	Pseudomonadota	Gammaproteobacteria	Enterobacterales	Enterobacteriaceae	Escherichia-Shigella	Escherichia-Shigella sp.
C5889	Bacteria	Pseudomonadota	Gammaproteobacteria	Pseudomonadales	Moraxellaceae	Acinetobacter	Acinetobacter sp.
C5890	Unknown	Unknown	Unknown	Unknown	Unknown	Unknown	Unknown
C5891	Bacteria	Pseudomonadota	Gammaproteobacteria	Lysobacterales	Lysobacteraceae	Stenotrophomonas	Stenotrophomonas sp.
C5893	Bacteria	Pseudomonadota	Gammaproteobacteria	Enterobacterales	Morganellaceae	Providencia	Providencia sp.
C5895	Bacteria	Bacillota	Bacilli	Bacillales	Bacillaceae	Peribacillus	Peribacillus sp.
C5897	Bacteria	Pseudomonadota	Alphaproteobacteria	Rhodobacterales	Paracoccaceae	Ketogulonicigenium	Ketogulonicigenium sp.
C5901	Bacteria	Pseudomonadota	Gammaproteobacteria	Gammaproteobacteria sp.	Gammaproteobacteria sp.	Gammaproteobacteria sp.	Gammaproteobacteria sp.
C5902	Bacteria	Pseudomonadota	Gammaproteobacteria	Pseudomonadales	Cellvibrionaceae	Cellvibrionaceae sp.	Cellvibrionaceae sp.
C5903	Bacteria	Actinomycetota	Actinobacteria	Micrococcales	Microbacteriaceae	Microbacterium	Microbacterium sp.
C5906	Bacteria	Campylobacterota	Campylobacteria	Campylobacterales	Arcobacteraceae	Arcobacter	Arcobacter sp.
C5907	Bacteria	Bacteroidota	Bacteroidia	Flavobacteriales	Flavobacteriaceae	Myroides	Myroides sp.
C5909	Bacteria	Patescibacteria	Saccharimonadia	Saccharimonadales	Incertae Sedis	Incertae Sedis	uncultured bacterium
C5911	NA	NA sp.	NA sp.	NA sp.	NA sp.	NA sp.	NA sp.
C5914	Bacteria	Pseudomonadota	Gammaproteobacteria	Burkholderiales	Alcaligenaceae	Alcaligenaceae sp.	Alcaligenaceae sp.
C5918	Bacteria	Pseudomonadota	Gammaproteobacteria	Burkholderiales	Comamonadaceae	Lampropedia	Lampropedia sp.
C5923	Bacteria	Pseudomonadota	Alphaproteobacteria	Rhodobacterales	Paracoccaceae	Paracoccaceae sp.	Paracoccaceae sp.
C5928	Bacteria	Pseudomonadota	Gammaproteobacteria	Enterobacterales	Enterobacteriaceae	Enterobacteriaceae sp.	Enterobacteriaceae sp.
C5930	Bacteria	Pseudomonadota	Gammaproteobacteria	Enterobacterales	Enterobacteriaceae	Citrobacter	Citrobacter sp. enrichment culture clone SRC_NBB2
C5932	Bacteria	Pseudomonadota	Alphaproteobacteria	Rhodobacterales	Paracoccaceae	Paracoccaceae sp.	Paracoccaceae sp.
C5934	Bacteria	Pseudomonadota	Alphaproteobacteria	Hyphomicrobiales	Devosiaceae	Devosia	Devosia sp.
C5935	Bacteria	Bacteroidota	Bacteroidia	Chitinophagales	Chitinophagaceae	DVSBS1	Sphingobacteriia bacterium DVSBS1
C5936	Bacteria	Bacteroidota	Bacteroidia	Cytophagales	Spirosomataceae	Leadbetterella	uncultured bacterium
C5937	Bacteria	Bacteroidota	Bacteroidia	Flavobacteriales	Flavobacteriaceae	Flavobacterium	Flavobacterium sp.
C5938	Bacteria	Pseudomonadota	Alphaproteobacteria	Rhodobacterales	Paracoccaceae	Paracoccaceae sp.	Paracoccaceae sp.
C5940	Bacteria	Pseudomonadota	Gammaproteobacteria	Lysobacterales	Lysobacteraceae	Pseudoxanthomonas	uncultured bacterium
C5942	Bacteria	Bacteroidota	Bacteroidia	Sphingobacteriales	Sphingobacteriales sp.	Sphingobacteriales sp.	Sphingobacteriales sp.
C5944	Bacteria	Bacillota	Bacilli	Paenibacillales	Paenibacillaceae	Paenibacillus	Paenibacillus sp.
C5946	Bacteria	Pseudomonadota	Alphaproteobacteria	Rhodobacterales	Paracoccaceae	Rubellimicrobium	uncultured bacterium
C5947	Bacteria	Pseudomonadota	Gammaproteobacteria	Pseudomonadales	Pseudohongiellaceae	BIyi10	BIyi10 sp.
C5948	Bacteria	Patescibacteria	Saccharimonadia	Saccharimonadales	Incertae Sedis	Incertae Sedis	uncultured bacterium
C5949	Bacteria	Bacteroidota	Bacteroidia	Chitinophagales	Chitinophagaceae	Pseudobacter	Pseudobacter sp.
C5951	Bacteria	Bacteroidota	Bacteroidia	Chitinophagales	Chitinophagaceae	Incertae Sedis	uncultured bacterium
C5954	Bacteria	Bacteroidota	Bacteroidia	Cytophagales	Spirosomataceae	Leadbetterella	uncultured bacterium
C5958	Bacteria	Pseudomonadota	Alphaproteobacteria	Rhodobacterales	Paracoccaceae	Paracoccaceae sp.	Paracoccaceae sp.
C5959	Bacteria	Pseudomonadota	Gammaproteobacteria	Gammaproteobacteria sp.	Gammaproteobacteria sp.	Gammaproteobacteria sp.	Gammaproteobacteria sp.
C5964	Bacteria	Bacteroidota	Bacteroidia	Chitinophagales	Chitinophagaceae	Incertae Sedis	Bacteroidetes bacterium 47-18
C5966	Bacteria	Pseudomonadota	Alphaproteobacteria	Micavibrionales	Incertae Sedis	Incertae Sedis	uncultured bacterium
C5968	Bacteria	Actinomycetota	Actinobacteria	Micrococcales	Microbacteriaceae	Microbacterium	Microbacterium sp.
C5969	Bacteria	Pseudomonadota	Alphaproteobacteria	Hyphomicrobiales	Devosiaceae	Devosia	Devosia sp.
C5970	Bacteria	Bacteroidota	Bacteroidia	Cytophagales	Cytophagaceae	Cytophaga	uncultured bacterium
C5971	Bacteria	Bacteroidota	Bacteroidia	Sphingobacteriales	Sphingobacteriaceae	Sphingobacterium	Sphingobacterium sp.
C5972	Bacteria	Pseudomonadota	Gammaproteobacteria	Gammaproteobacteria sp.	Gammaproteobacteria sp.	Gammaproteobacteria sp.	Gammaproteobacteria sp.
C5973	Bacteria	Pseudomonadota	Gammaproteobacteria	Burkholderiales	Comamonadaceae	Comamonadaceae sp.	Comamonadaceae sp.
C5974	Bacteria	Bacillota	Bacilli	Paenibacillales	Paenibacillaceae	Paenibacillus	Paenibacillus sp.
C5977	Bacteria	Pseudomonadota	Alphaproteobacteria	Rhodobacterales	Paracoccaceae	Paracoccaceae sp.	Paracoccaceae sp.
C5981	Bacteria	Pseudomonadota	Alphaproteobacteria	Micavibrionales	Incertae Sedis	Incertae Sedis	metagenome
C5982	Bacteria	Actinomycetota	Actinobacteria	Actinomycetales	Actinomycetaceae	Actinomyces	bacterium NLAE-zl-C91
C5989	Bacteria	Pseudomonadota	Alphaproteobacteria	Rhodospirillales	Incertae Sedis	Incertae Sedis	Incertae Sedis sp.
C5990	Bacteria	Pseudomonadota	Gammaproteobacteria	Burkholderiales	Comamonadaceae	Lampropedia	Lampropedia sp.
C5994	Bacteria	Pseudomonadota	Alphaproteobacteria	Hyphomicrobiales	Devosiaceae	Devosia	uncultured bacterium
C5995	Bacteria	Pseudomonadota	Gammaproteobacteria	Pseudomonadales	Moraxellaceae	Acinetobacter	Acinetobacter sp.
C5996	Bacteria	Pseudomonadota	Gammaproteobacteria	Lysobacterales	Lysobacteraceae	Lysobacteraceae sp.	Lysobacteraceae sp.
C5998	Unknown	Unknown	Unknown	Unknown	Unknown	Unknown	Unknown
C6000	Bacteria	Pseudomonadota	Alphaproteobacteria	Sphingomonadales	Sphingomonadaceae	Sphingopyxis	Sphingopyxis sp. SE2
C6007	Bacteria	Pseudomonadota	Alphaproteobacteria	Rhodobacterales	Paracoccaceae	Paracoccaceae sp.	Paracoccaceae sp.
C6008	Bacteria	Bacteroidota	Bacteroidia	Sphingobacteriales	Sphingobacteriaceae	Sphingobacterium	Sphingobacterium sp.
C6009	Bacteria	Pseudomonadota	Gammaproteobacteria	Gammaproteobacteria sp.	Gammaproteobacteria sp.	Gammaproteobacteria sp.	Gammaproteobacteria sp.
C6012	Bacteria	Pseudomonadota	Alphaproteobacteria	Rhodobacterales	Paracoccaceae	Paracoccaceae sp.	Paracoccaceae sp.
C6014	Bacteria	Pseudomonadota	Gammaproteobacteria	Pseudomonadales	Moraxellaceae	Acinetobacter	Acinetobacter sp.
C6017	Bacteria	Patescibacteria	Saccharimonadia	Saccharimonadales	Saccharimonadales sp.	Saccharimonadales sp.	Saccharimonadales sp.
C6020	Bacteria	Pseudomonadota	Gammaproteobacteria	Pseudomonadales	Cellvibrionaceae	Cellvibrio	uncultured bacterium
C6023	Unknown	Unknown	Unknown	Unknown	Unknown	Unknown	Unknown
C6024	Bacteria	Bacteroidota	Bacteroidia	Chitinophagales	Chitinophagaceae	Chitinophagaceae sp.	Chitinophagaceae sp.
C6025	Bacteria	Bacteroidota	Bacteroidia	Flavobacteriales	Flavobacteriaceae	Myroides	Myroides sp.
C6027	Bacteria	Pseudomonadota	Gammaproteobacteria	Pseudomonadales	Pseudomonadaceae	Pseudomonas	Pseudomonas sp.
C6029	Bacteria	Bacteroidota	Bacteroidia	Flavobacteriales	Flavobacteriaceae	Myroides	Myroides sp.
C6030	Bacteria	Bacteroidota	Bacteroidia	Chitinophagales	Chitinophagaceae	Chitinophagaceae sp.	Chitinophagaceae sp.
C6031	Bacteria	Bacteroidota	Bacteroidia	Bacteroidia sp.	Bacteroidia sp.	Bacteroidia sp.	Bacteroidia sp.
C6032	Bacteria	Bacteroidota	Bacteroidia	Sphingobacteriales	Sphingobacteriaceae	Sphingobacteriaceae sp.	Sphingobacteriaceae sp.
C6036	Bacteria	Bacteroidota	Bacteroidia	Bacteroidia sp.	Bacteroidia sp.	Bacteroidia sp.	Bacteroidia sp.
C6038	Bacteria	Pseudomonadota	Alphaproteobacteria	Micavibrionales	Micavibrionaceae	Incertae Sedis	uncultured bacterium
C6040	Bacteria	Bacillota	Bacilli	Paenibacillales	Paenibacillaceae	Paenibacillus	Paenibacillus sp.
C6041	Bacteria	Pseudomonadota	Gammaproteobacteria	Pseudomonadales	Moraxellaceae	Moraxellaceae sp.	Moraxellaceae sp.
C6042	Bacteria	Pseudomonadota	Alphaproteobacteria	Rhodospirillales	Incertae Sedis	Incertae Sedis	uncultured bacterium
C6043	Bacteria	Pseudomonadota	Alphaproteobacteria	Rhodobacterales	Paracoccaceae	Ketogulonicigenium	Ketogulonicigenium sp.
C6044	Bacteria	Pseudomonadota	Gammaproteobacteria	Lysobacterales	Lysobacteraceae	Stenotrophomonas	Stenotrophomonas sp.
C6046	Bacteria	Bacteroidota	Bacteroidia	Flavobacteriales	Flavobacteriaceae	Myroides	Myroides sp.
C6049	Bacteria	Pseudomonadota	Alphaproteobacteria	Hyphomicrobiales	Devosiaceae	Devosia	Devosia sp.
C6051	Bacteria	Bacteroidota	Bacteroidia	Flavobacteriales	Flavobacteriaceae	Myroides	Myroides sp.
C6052	Bacteria	Bacillota	Bacilli	Paenibacillales	Paenibacillaceae	Paenibacillus	Paenibacillus sp.
C6053	Bacteria	Bacteroidota	Bacteroidia	Flavobacteriales	Flavobacteriaceae	Myroides	Myroides sp.
C6057	Bacteria	Bacillota	Bacilli	Paenibacillales	Paenibacillaceae	Paenibacillus	Paenibacillus sp.
C6058	Bacteria	Bacteroidota	Bacteroidia	Flavobacteriales	Weeksellaceae	Weeksellaceae sp.	Weeksellaceae sp.
C6061	Bacteria	Bacteroidota	Bacteroidia	Flavobacteriales	Weeksellaceae	Weeksellaceae sp.	Weeksellaceae sp.
C6062	Bacteria	Pseudomonadota	Gammaproteobacteria	Lysobacterales	Lysobacteraceae	Stenotrophomonas	Stenotrophomonas acidaminiphila
C6068	Bacteria	Pseudomonadota	Gammaproteobacteria	Pseudomonadales	Moraxellaceae	Acinetobacter	Acinetobacter sp.
C6069	Bacteria	Pseudomonadota	Alphaproteobacteria	Caulobacterales	Caulobacteraceae	Brevundimonas	Brevundimonas sp.
C6072	Bacteria	Bacillota	Bacilli	Paenibacillales	Paenibacillaceae	Paenibacillus	Paenibacillus sp.
C6073	Bacteria	Bacteroidota	Bacteroidia	Cytophagales	Spirosomataceae	Leadbetterella	Leadbetterella sp.
C6074	Bacteria	Pseudomonadota	Gammaproteobacteria	Lysobacterales	Lysobacteraceae	Lysobacteraceae sp.	Lysobacteraceae sp.
C6080	Bacteria	Actinomycetota	Actinobacteria	Micrococcales	Micrococcales Incertae Sedis	Populibacterium	Populibacterium sp.
C6082	Bacteria	Bacteroidota	Bacteroidia	Cytophagales	Cytophagaceae	Cytophaga	uncultured bacterium
C6088	Bacteria	Bacteroidota	Bacteroidia	Cytophagales	Spirosomataceae	Emticicia	Emticicia sp.
C6091	Bacteria	Bacteroidota	Bacteroidia	Sphingobacteriales	Sphingobacteriaceae	Sphingobacterium	Sphingobacterium sp.
C6093	Unknown	Unknown	Unknown	Unknown	Unknown	Unknown	Unknown
C6096	Bacteria	Actinomycetota	Actinobacteria	Micrococcales	AKAU3644	Incertae Sedis	uncultured bacterium
C6098	Bacteria	Pseudomonadota	Alphaproteobacteria	Rhodospirillales	Incertae Sedis	Incertae Sedis	uncultured bacterium
C6105	Bacteria	Pseudomonadota	Gammaproteobacteria	Pseudomonadales	Cellvibrionaceae	Cellvibrio	uncultured bacterium
C6107	Bacteria	Pseudomonadota	Gammaproteobacteria	Pseudomonadales	Pseudomonadaceae	Pseudomonas	Pseudomonas sp.
C6112	Bacteria	Pseudomonadota	Gammaproteobacteria	Enterobacterales	Morganellaceae	Providencia	Providencia sp.
C6118	Bacteria	Pseudomonadota	Alphaproteobacteria	Hyphomicrobiales	Devosiaceae	Devosia	Devosia sp.
C6124	Bacteria	Bacteroidota	Bacteroidia	Flavobacteriales	Crocinitomicaceae	Fluviicola	Fluviicola sp.
C6128	Bacteria	Pseudomonadota	Gammaproteobacteria	Pseudomonadales	Pseudohongiellaceae	BIyi10	uncultured bacterium
C6131	Bacteria	Bacillota	Clostridia	Lachnospirales	Lachnospiraceae	Lachnospiraceae sp.	Lachnospiraceae sp.
C6132	Bacteria	Thermodesulfobacteriota	Desulfovibrionia	Desulfovibrionales	Desulfomicrobiaceae	Desulfomicrobium	uncultured delta proteobacterium
C6133	Bacteria	Bacteroidota	Bacteroidia	Cytophagales	Spirosomataceae	Leadbetterella	uncultured bacterium
C6135	Bacteria	Pseudomonadota	Alphaproteobacteria	Hyphomicrobiales	Hyphomicrobiales sp.	Hyphomicrobiales sp.	Hyphomicrobiales sp.
C6138	Bacteria	Verrucomicrobiota	Verrucomicrobiia	Opitutales	Opitutaceae	IMCC26134	IMCC26134 sp.
C6139	Bacteria	Bacteroidota	Bacteroidia	Flavobacteriales	Flavobacteriaceae	Myroides	Myroides sp.
C6141	Unknown	Unknown	Unknown	Unknown	Unknown	Unknown	Unknown
C6142	Bacteria	Pseudomonadota	Alphaproteobacteria	Caulobacterales	Caulobacteraceae	Brevundimonas	Brevundimonas sp.
C6144	Bacteria	Bacteroidota	Bacteroidia	Chitinophagales	Chitinophagaceae	Incertae Sedis	Incertae Sedis sp.
C6145	Bacteria	Bacillota	Bacilli	Lactobacillales	Enterococcaceae	Enterococcus	Enterococcus sp.
C6146	Bacteria	Bacillota	Bacilli	Paenibacillales	Paenibacillaceae	Paenibacillus	Paenibacillus sp.
C6148	Bacteria	Pseudomonadota	Gammaproteobacteria	Enterobacterales	Enterobacterales sp.	Enterobacterales sp.	Enterobacterales sp.
C6153	Bacteria	Bacteroidota	Bacteroidia	Sphingobacteriales	Sphingobacteriaceae	Sphingobacterium	Sphingobacterium sp.
C6155	Bacteria	Bacteroidota	Bacteroidia	Sphingobacteriales	Sphingobacteriaceae	Sphingobacterium	uncultured bacterium
C6158	Bacteria	Bacteroidota	Bacteroidia	Flavobacteriales	Crocinitomicaceae	Fluviicola	uncultured bacterium
C6162	Unknown	Unknown	Unknown	Unknown	Unknown	Unknown	Unknown
C6163	Bacteria	Bacteroidota	Bacteroidia	Cytophagales	Spirosomataceae	Dyadobacter	Dyadobacter sp.
C6164	Bacteria	Pseudomonadota	Gammaproteobacteria	Pseudomonadales	Cellvibrionaceae	Cellvibrio	uncultured bacterium
C6165	Bacteria	Actinomycetota	Actinobacteria	Micrococcales	Sanguibacteraceae	Flavimobilis	uncultured bacterium
C6166	Bacteria	Pseudomonadota	Gammaproteobacteria	Enterobacterales	Morganellaceae	Providencia	Providencia rettgeri
C6167	Bacteria	Pseudomonadota	Alphaproteobacteria	Rhodobacterales	Paracoccaceae	Paracoccaceae sp.	Paracoccaceae sp.
C6170	Bacteria	Pseudomonadota	Gammaproteobacteria	Lysobacterales	Lysobacteraceae	Pseudoxanthomonas	Pseudoxanthomonas sp.
C6171	Bacteria	Pseudomonadota	Alphaproteobacteria	Rhodobacterales	Paracoccaceae	Paracoccaceae sp.	Paracoccaceae sp.
C6172	Unknown	Unknown	Unknown	Unknown	Unknown	Unknown	Unknown
C6174	Bacteria	Bacteroidota	Bacteroidia	Sphingobacteriales	Sphingobacteriaceae	Sphingobacterium	Sphingobacterium sp.
C6177	Bacteria	Bacteroidota	Bacteroidia	Flavobacteriales	Weeksellaceae	Chishuiella	Chishuiella changwenlii
C6179	Bacteria	Actinomycetota	Actinobacteria	Micrococcales	Microbacteriaceae	Leucobacter	Leucobacter sp.
C6180	Bacteria	Pseudomonadota	Gammaproteobacteria	Enterobacterales	Budviciaceae	Budvicia	Budvicia aquatica
C6182	Bacteria	Campylobacterota	Campylobacteria	Campylobacterales	Arcobacteraceae	Arcobacter	Arcobacter sp.
C6193	Bacteria	Pseudomonadota	Gammaproteobacteria	Enterobacterales	Enterobacteriaceae	Enterobacter	Enterobacter sp.
C6197	Bacteria	Pseudomonadota	Gammaproteobacteria	Pseudomonadales	Moraxellaceae	Acinetobacter	Acinetobacter sp.
C6198	Bacteria	Pseudomonadota	Alphaproteobacteria	Acetobacterales	Acetobacteraceae	Roseomonas	Roseomonas sp.
C6200	Bacteria	Pseudomonadota	Gammaproteobacteria	Lysobacterales	Rhodanobacteraceae	Dokdonella	Dokdonella sp.
C6201	Bacteria	Bacillota	Bacilli	Paenibacillales	Paenibacillaceae	Paenibacillus	Paenibacillus sp.
C6202	Bacteria	Planctomycetota	Planctomycetes	Isosphaerales	Isosphaeraceae	Isosphaeraceae sp.	Isosphaeraceae sp.
C6203	Bacteria	Actinomycetota	Actinobacteria	Micrococcales	Brevibacteriaceae	Brevibacterium	uncultured bacterium
C6204	Bacteria	Pseudomonadota	Gammaproteobacteria	Lysobacterales	Lysobacteraceae	Pseudoxanthomonas	Pseudoxanthomonas sp.
C6207	Bacteria	Bacteroidota	Bacteroidia	Flavobacteriales	Flavobacteriaceae	Flavobacterium	Flavobacterium sp.
C6210	Bacteria	Planctomycetota	Planctomycetes	Isosphaerales	Isosphaeraceae	Isosphaeraceae sp.	Isosphaeraceae sp.
C6215	Bacteria	Bacteroidota	Bacteroidia	Cytophagales	Spirosomataceae	Emticicia	Emticicia sp.
C6216	Bacteria	Pseudomonadota	Gammaproteobacteria	Burkholderiales	Comamonadaceae	Lampropedia	Lampropedia sp.
C6217	Bacteria	Bacteroidota	Bacteroidia	Flavobacteriales	Flavobacteriaceae	Flavobacterium	Flavobacterium sp.
C6218	Unknown	Unknown	Unknown	Unknown	Unknown	Unknown	Unknown
C6222	Bacteria	Pseudomonadota	Alphaproteobacteria	Hyphomicrobiales	Rhizobiaceae	Rhizobiaceae sp.	Rhizobiaceae sp.
C6225	Bacteria	Bacillota	Bacilli	Paenibacillales	Paenibacillaceae	Paenibacillus	Paenibacillus sp.
C6228	Bacteria	Pseudomonadota	Alphaproteobacteria	Rhodobacterales	Paracoccaceae	Paracoccaceae sp.	Paracoccaceae sp.
C6231	Bacteria	Pseudomonadota	Alphaproteobacteria	Acetobacterales	Acetobacteraceae	Roseomonas	Roseomonas sp.
C6232	Bacteria	Pseudomonadota	Gammaproteobacteria	Enterobacterales	Enterobacterales sp.	Enterobacterales sp.	Enterobacterales sp.
C6233	Bacteria	Actinomycetota	Actinobacteria	Micrococcales	Micrococcales Incertae Sedis	Populibacterium	Populibacterium sp.
C6235	Bacteria	Pseudomonadota	Alphaproteobacteria	Rhodobacterales	Paracoccaceae	Paracoccaceae sp.	Paracoccaceae sp.
C6236	Bacteria	Bacillota	Bacilli	Erysipelotrichales	Erysipelotrichaceae	Erysipelothrix	Erysipelothrix sp.
C6245	Bacteria	Actinomycetota	Actinobacteria	Micrococcales	Microbacteriaceae	Leucobacter	uncultured bacterium
C6247	Bacteria	Pseudomonadota	Gammaproteobacteria	Gammaproteobacteria sp.	Gammaproteobacteria sp.	Gammaproteobacteria sp.	Gammaproteobacteria sp.
C6249	Bacteria	Pseudomonadota	Alphaproteobacteria	Alphaproteobacteria sp.	Alphaproteobacteria sp.	Alphaproteobacteria sp.	Alphaproteobacteria sp.
C6251	Bacteria	Pseudomonadota	Alphaproteobacteria	Rhodobacterales	Paracoccaceae	Paracoccaceae sp.	Paracoccaceae sp.
C6252	Unknown	Unknown	Unknown	Unknown	Unknown	Unknown	Unknown
C6253	Bacteria	Pseudomonadota	Gammaproteobacteria	Pseudomonadales	Moraxellaceae	Acinetobacter	Acinetobacter sp.
C6261	Bacteria	Pseudomonadota	Alphaproteobacteria	Hyphomicrobiales	Rhizobiaceae	Mesorhizobium	Mesorhizobium sp.
C6262	Bacteria	Pseudomonadota	Alphaproteobacteria	Rhodobacterales	Paracoccaceae	Ketogulonicigenium	Ketogulonicigenium sp.
C6263	Bacteria	Bacteroidota	Bacteroidia	Flavobacteriales	Flavobacteriaceae	Myroides	Myroides sp.
C6265	Bacteria	Bacteroidota	Bacteroidia	Sphingobacteriales	Sphingobacteriaceae	Parapedobacter	uncultured bacterium
C6266	Bacteria	Bacteroidota	Bacteroidia	Cytophagales	Cytophagaceae	Cytophaga	uncultured bacterium
C6268	Bacteria	Pseudomonadota	Gammaproteobacteria	Lysobacterales	Rhodanobacteraceae	Rhodanobacteraceae sp.	Rhodanobacteraceae sp.
C6269	Bacteria	Pseudomonadota	Gammaproteobacteria	Burkholderiales	Rhodocyclaceae	Rhodocyclaceae sp.	Rhodocyclaceae sp.
C6270	Bacteria	Pseudomonadota	Gammaproteobacteria	Pseudomonadales	Moraxellaceae	Acinetobacter	Acinetobacter sp.
C6272	Bacteria	Verrucomicrobiota	Verrucomicrobiia	Chthoniobacterales	Xiphinematobacteraceae	Candidatus Xiphinematobacter	Candidatus Xiphinematobacter sp.
C6273	Bacteria	Verrucomicrobiota	Verrucomicrobiia	Chthoniobacterales	Xiphinematobacteraceae	Candidatus Xiphinematobacter	uncultured bacterium
C6275	Bacteria	Pseudomonadota	Gammaproteobacteria	Gammaproteobacteria sp.	Gammaproteobacteria sp.	Gammaproteobacteria sp.	Gammaproteobacteria sp.
C6277	Bacteria	Bacillota	Negativicutes	Veillonellales-Selenomonadales	Veillonellales-Selenomonadales sp.	Veillonellales-Selenomonadales sp.	Veillonellales-Selenomonadales sp.
C6278	Bacteria	Bacteroidota	Bacteroidia	Sphingobacteriales	Sphingobacteriaceae	Sphingobacteriaceae sp.	Sphingobacteriaceae sp.
C6279	Bacteria	Pseudomonadota	Gammaproteobacteria	Pseudomonadales	Moraxellaceae	Acinetobacter	Acinetobacter sp.
C6282	Bacteria	Pseudomonadota	Gammaproteobacteria	Pseudomonadales	Cellvibrionaceae	Cellvibrio	uncultured bacterium
C6285	Bacteria	Pseudomonadota	Gammaproteobacteria	Burkholderiales	Rhodocyclaceae	Thauera	uncultured bacterium
C6289	Bacteria	Pseudomonadota	Gammaproteobacteria	Pseudomonadales	Moraxellaceae	Acinetobacter	Acinetobacter sp.
C6296	Bacteria	Pseudomonadota	Gammaproteobacteria	Pseudomonadales	Moraxellaceae	Acinetobacter	Acinetobacter sp.
C6301	Bacteria	Pseudomonadota	Alphaproteobacteria	Rhodobacterales	Paracoccaceae	Paracoccaceae sp.	Paracoccaceae sp.
C6302	Bacteria	Pseudomonadota	Gammaproteobacteria	Burkholderiales	Comamonadaceae	Comamonadaceae sp.	Comamonadaceae sp.
C6303	Bacteria	Bacillota	Clostridia	Oscillospirales	UCG-010	Incertae Sedis	uncultured bacterium
C6304	Bacteria	Pseudomonadota	Gammaproteobacteria	Lysobacterales	Lysobacteraceae	Pseudoxanthomonas	Pseudoxanthomonas sp.
C6309	Bacteria	Bacteroidota	Bacteroidia	Sphingobacteriales	Sphingobacteriaceae	Sphingobacterium	Sphingobacterium sp.
C6313	Bacteria	Bacteroidota	Bacteroidia	Flavobacteriales	Flavobacteriaceae	Myroides	Myroides sp.
C6315	Bacteria	Pseudomonadota	Gammaproteobacteria	Pseudomonadales	Moraxellaceae	Acinetobacter	Acinetobacter sp.
C6316	Bacteria	Pseudomonadota	Gammaproteobacteria	Pseudomonadales	Moraxellaceae	Acinetobacter	Acinetobacter sp.
C6319	Bacteria	Pseudomonadota	Gammaproteobacteria	Pseudomonadales	Pseudomonadales sp.	Pseudomonadales sp.	Pseudomonadales sp.
C6322	Bacteria	Bacillota	Clostridia	Christensenellales	Christensenellaceae	Christensenellaceae R-7 group	uncultured bacterium
C6323	Bacteria	Bacillota	Bacilli	Erysipelotrichales	Erysipelotrichaceae	Erysipelothrix	Erysipelothrix sp.
C6324	Bacteria	Bacillota	Bacilli	Erysipelotrichales	Erysipelotrichaceae	Erysipelothrix	uncultured Erysipelotrichia bacterium
C6328	Bacteria	Bacteroidota	Bacteroidia	Sphingobacteriales	Sphingobacteriaceae	Sphingobacterium	Sphingobacterium sp.
C6334	Bacteria	Pseudomonadota	Gammaproteobacteria	Pseudomonadales	Moraxellaceae	Acinetobacter	Acinetobacter sp.
C6335	Bacteria	Bacteroidota	Bacteroidia	Sphingobacteriales	Sphingobacteriaceae	Sphingobacteriaceae sp.	Sphingobacteriaceae sp.
C6337	Bacteria	Actinomycetota	Actinobacteria	Mycobacteriales	Corynebacteriaceae	Corynebacterium	Corynebacterium sp.
C6351	Bacteria	Pseudomonadota	Gammaproteobacteria	Pseudomonadales	Moraxellaceae	Acinetobacter	Acinetobacter sp.
C6352	Bacteria	Pseudomonadota	Gammaproteobacteria	Pseudomonadales	Moraxellaceae	Acinetobacter	Acinetobacter sp.
C6353	Bacteria	Pseudomonadota	Alphaproteobacteria	Rhodobacterales	Paracoccaceae	Paracoccaceae sp.	Paracoccaceae sp.
C6354	Bacteria	Bacteroidota	Bacteroidia	Sphingobacteriales	Sphingobacteriaceae	Sphingobacterium	Sphingobacterium sp.
C6355	Bacteria	Bacillota	Bacilli	Paenibacillales	Paenibacillaceae	Paenibacillus	Paenibacillus sp.
C6358	Bacteria	Bacteroidota	Bacteroidia	Flavobacteriales	Weeksellaceae	Weeksella	uncultured bacterium
C6360	Bacteria	Bacteroidota	Bacteroidia	Bacteroidales	Dysgonomonadaceae	Dysgonomonas	Dysgonomonas sp.
C6367	Bacteria	Pseudomonadota	Alphaproteobacteria	Caulobacterales	Caulobacteraceae	Brevundimonas	Brevundimonas sp.
C6370	Bacteria	Pseudomonadota	Gammaproteobacteria	Lysobacterales	Lysobacteraceae	Thermomonas	uncultured bacterium
C6372	Bacteria	Bacteroidota	Bacteroidia	Sphingobacteriales	Sphingobacteriaceae	Sphingobacteriaceae sp.	Sphingobacteriaceae sp.
C6374	Bacteria	Bacteroidota	Bacteroidia	Flavobacteriales	Weeksellaceae	Weeksella	uncultured bacterium
C6376	Bacteria	Pseudomonadota	Gammaproteobacteria	Pseudomonadales	Pseudomonadaceae	Pseudomonas	Pseudomonas sp.
C6377	Bacteria	Bacteroidota	Bacteroidia	Sphingobacteriales	Sphingobacteriaceae	Sphingobacterium	Sphingobacterium sp.
C6379	Bacteria	Pseudomonadota	Gammaproteobacteria	Enterobacterales	Morganellaceae	Providencia	Providencia sp.
C6380	Bacteria	Pseudomonadota	Gammaproteobacteria	Burkholderiales	Comamonadaceae	Lampropedia	Lampropedia sp.
C6383	Bacteria	Bacillota	Bacilli	Paenibacillales	Paenibacillaceae	Paenibacillus	Paenibacillus sp.
C6384	Bacteria	Bacteroidota	Bacteroidia	Chitinophagales	Chitinophagaceae	Incertae Sedis	uncultured bacterium
C6385	Bacteria	Bacteroidota	Bacteroidia	Flavobacteriales	Weeksellaceae	Weeksella	uncultured bacterium
C6386	Bacteria	Pseudomonadota	Gammaproteobacteria	Burkholderiales	Comamonadaceae	Lampropedia	Lampropedia sp.
C6387	Unknown	Unknown	Unknown	Unknown	Unknown	Unknown	Unknown
C6389	Bacteria	Bdellovibrionota	Bdellovibrionia	Bdellovibrionales	Pseudobdellovibrionaceae	Bdellovibrio	Bdellovibrio sp.
C6391	Bacteria	Pseudomonadota	Gammaproteobacteria	Pseudomonadales	Cellvibrionaceae	Cellvibrio	uncultured bacterium
C6393	Bacteria	Bacteroidota	Bacteroidia	Sphingobacteriales	Sphingobacteriaceae	Parapedobacter	uncultured bacterium
C6395	Bacteria	Bacteroidota	Bacteroidia	Chitinophagales	Saprospiraceae	Incertae Sedis	uncultured bacterium
C6397	Bacteria	Bacteroidota	Bacteroidia	Cytophagales	Cytophagaceae	Cytophaga	uncultured bacterium
C6401	Bacteria	Pseudomonadota	Alphaproteobacteria	Hyphomicrobiales	Rhizobiaceae	Brucella	Brucella sp.
C6403	Bacteria	Bacteroidota	Bacteroidia	Sphingobacteriales	Sphingobacteriaceae	Sphingobacterium	Sphingobacterium sp.
C6404	Bacteria	Bacteroidota	Bacteroidia	Chitinophagales	Chitinophagaceae	Incertae Sedis	uncultured bacterium
C6405	Bacteria	Pseudomonadota	Alphaproteobacteria	Rhodospirillales	Incertae Sedis	Incertae Sedis	Incertae Sedis sp.
C6408	Bacteria	Pseudomonadota	Alphaproteobacteria	Rhodobacterales	Paracoccaceae	Ketogulonicigenium	Ketogulonicigenium sp.
C6409	Bacteria	Pseudomonadota	Gammaproteobacteria	Gammaproteobacteria sp.	Gammaproteobacteria sp.	Gammaproteobacteria sp.	Gammaproteobacteria sp.
C6411	Bacteria	Bacteroidota	Bacteroidia	Chitinophagales	Chitinophagaceae	Gynurincola	Gynurincola sp.
C6412	Bacteria	Bacteroidota	Bacteroidia	Chitinophagales	Chitinophagaceae	Gynurincola	Gynurincola sp.
C6413	Bacteria	Bacteroidota	Bacteroidia	Cytophagales	Spirosomataceae	Leadbetterella	uncultured bacterium
C6417	Bacteria	Bacteroidota	Bacteroidia	Cytophagales	Spirosomataceae	Persicitalea	Persicitalea sp.
C6420	Bacteria	Pseudomonadota	Gammaproteobacteria	Burkholderiales	Comamonadaceae	Lampropedia	Lampropedia sp.
C6425	Bacteria	Pseudomonadota	Gammaproteobacteria	Pseudomonadales	Pseudomonadaceae	Pseudomonas	Pseudomonas sp.
C6428	Bacteria	Bacteroidota	Bacteroidia	Sphingobacteriales	Sphingobacteriaceae	Sphingobacteriaceae sp.	Sphingobacteriaceae sp.
C6437	Bacteria	Pseudomonadota	Gammaproteobacteria	Pseudomonadales	Moraxellaceae	Acinetobacter	Acinetobacter sp.
C6445	Bacteria	Pseudomonadota	Gammaproteobacteria	Pseudomonadales	Cellvibrionaceae	Cellvibrio	uncultured bacterium
C6446	Bacteria	Actinomycetota	Actinobacteria	Actinomycetales	Actinomycetaceae	Actinomycetaceae sp.	Actinomycetaceae sp.
C6449	Bacteria	Actinomycetota	Actinobacteria	Mycobacteriales	Mycobacteriaceae	Mycobacterium	Mycobacterium sp.
C6450	Unknown	Unknown	Unknown	Unknown	Unknown	Unknown	Unknown
C6451	Bacteria	Bacteroidota	Bacteroidia	Cytophagales	Spirosomataceae	Leadbetterella	Leadbetterella sp.
C6452	Bacteria	Pseudomonadota	Gammaproteobacteria	Lysobacterales	Rhodanobacteraceae	Rhodanobacteraceae sp.	Rhodanobacteraceae sp.
C6453	Bacteria	Pseudomonadota	Alphaproteobacteria	Rhodobacterales	Paracoccaceae	Paracoccus	Paracoccus sp.
C6454	Bacteria	Bacteroidota	Bacteroidia	Sphingobacteriales	Sphingobacteriaceae	Sphingobacterium	Sphingobacterium sp.
C6455	Bacteria	Actinomycetota	Actinobacteria	Micrococcales	Dermabacteraceae	Brachybacterium	Brachybacterium sp.
C6459	Bacteria	Bdellovibrionota	Bdellovibrionia	Bdellovibrionales	Pseudobdellovibrionaceae	Bdellovibrio	Bdellovibrio sp.
C6464	Bacteria	Bacteroidota	Bacteroidia	Chitinophagales	Chitinophagaceae	Chitinophagaceae sp.	Chitinophagaceae sp.
C6465	Bacteria	Pseudomonadota	Gammaproteobacteria	Enterobacterales	Morganellaceae	Morganella	Morganella sp.
C6466	Bacteria	Pseudomonadota	Gammaproteobacteria	Pseudomonadales	Pseudomonadaceae	Pseudomonas	Pseudomonas sp.
C6468	Bacteria	Pseudomonadota	Alphaproteobacteria	Rhodobacterales	Paracoccaceae	Ketogulonicigenium	Ketogulonicigenium sp.
C6471	Bacteria	Pseudomonadota	Gammaproteobacteria	Pseudomonadales	Moraxellaceae	Acinetobacter	Acinetobacter sp.
C6472	Bacteria	Bacteroidota	Bacteroidia	Chitinophagales	Chitinophagaceae	Incertae Sedis	uncultured bacterium
C6476	Bacteria	Pseudomonadota	Gammaproteobacteria	Burkholderiales	Comamonadaceae	Lampropedia	Lampropedia sp.
C6477	Bacteria	Pseudomonadota	Gammaproteobacteria	Pseudomonadales	Pseudomonadaceae	Pseudomonas	Pseudomonas sp.
C6478	Bacteria	Bacteroidota	Bacteroidia	Flavobacteriales	Crocinitomicaceae	Fluviicola	uncultured bacterium
C6479	Bacteria	Pseudomonadota	Gammaproteobacteria	Enterobacterales	Morganellaceae	Providencia	Providencia sp.
C6481	Bacteria	Candidatus Eremiobacterota	Eremiobacteria	Incertae Sedis	Incertae Sedis	Incertae Sedis	Incertae Sedis sp.
C6482	Bacteria	Pseudomonadota	Gammaproteobacteria	Pseudomonadales	Moraxellaceae	Acinetobacter	Acinetobacter sp.
C6484	Bacteria	Pseudomonadota	Gammaproteobacteria	Burkholderiales	Comamonadaceae	Lampropedia	Lampropedia sp. BRTC-2
C6486	Bacteria	Pseudomonadota	Gammaproteobacteria	Burkholderiales	Comamonadaceae	Lampropedia	Lampropedia sp.
C6487	Bacteria	Pseudomonadota	Alphaproteobacteria	Hyphomicrobiales	Devosiaceae	Devosia	Devosia sp.
C6494	Bacteria	Pseudomonadota	Gammaproteobacteria	Lysobacterales	Lysobacteraceae	Stenotrophomonas	Stenotrophomonas sp.
C6495	Bacteria	Pseudomonadota	Gammaproteobacteria	Enterobacterales	Enterobacteriaceae	Enterobacter	Enterobacter sp.
C6496	Bacteria	Pseudomonadota	Gammaproteobacteria	Enterobacterales	Enterobacteriaceae	Enterobacter	Enterobacter sp.
C6498	Bacteria	Pseudomonadota	Alphaproteobacteria	Rhodobacterales	Paracoccaceae	Paracoccus	Paracoccus sp.
C6500	Bacteria	Bacteroidota	Bacteroidia	Sphingobacteriales	Sphingobacteriaceae	Sphingobacterium	Sphingobacterium sp.
C6504	Bacteria	Actinomycetota	Actinobacteria	Micrococcales	Micrococcales sp.	Micrococcales sp.	Micrococcales sp.
C6507	Bacteria	Pseudomonadota	Gammaproteobacteria	Lysobacterales	Lysobacteraceae	Stenotrophomonas	uncultured organism
C6508	Bacteria	Actinomycetota	Actinobacteria	Micrococcales	Demequinaceae	Demequina	uncultured bacterium
C6511	Bacteria	Pseudomonadota	Gammaproteobacteria	Burkholderiales	Comamonadaceae	Comamonadaceae sp.	Comamonadaceae sp.
C6512	Bacteria	Pseudomonadota	Alphaproteobacteria	Sphingomonadales	Sphingomonadaceae	Sphingopyxis	Sphingopyxis sp.
C6514	Bacteria	Pseudomonadota	Alphaproteobacteria	Hyphomicrobiales	Stappiaceae	Agaricicola	uncultured bacterium
C6515	Bacteria	Pseudomonadota	Gammaproteobacteria	Pseudomonadales	Moraxellaceae	Acinetobacter	Acinetobacter sp.
C6517	Bacteria	Bacteroidota	Bacteroidia	Flavobacteriales	Weeksellaceae	Moheibacter	Moheibacter stercoris
C6518	Unknown	Unknown	Unknown	Unknown	Unknown	Unknown	Unknown
C6519	Bacteria	Pseudomonadota	Gammaproteobacteria	Gammaproteobacteria sp.	Gammaproteobacteria sp.	Gammaproteobacteria sp.	Gammaproteobacteria sp.
C6520	Bacteria	Bacillota	Bacilli	Paenibacillales	Paenibacillaceae	Paenibacillus	Paenibacillus sp.
C6522	Bacteria	Actinomycetota	Actinobacteria	Kitasatosporales	Streptomycetaceae	Streptomyces	Streptomyces sp.
C6524	Bacteria	Bacteroidota	Bacteroidia	Chitinophagales	Chitinophagaceae	Incertae Sedis	uncultured bacterium
C6525	Bacteria	Bacillota	Bacilli	Acholeplasmatales	Acholeplasmataceae	Acholeplasma	Acholeplasma sp.
C6529	Bacteria	Bacteroidota	Bacteroidia	Chitinophagales	Chitinophagaceae	Incertae Sedis	Incertae Sedis sp.
C6532	Bacteria	Bacillota	Bacilli	Paenibacillales	Paenibacillaceae	Paenibacillus	Paenibacillus sp.
C6534	Bacteria	Actinomycetota	Actinobacteria	Micrococcales	Microbacteriaceae	Leucobacter	Leucobacter sp.
C6535	Bacteria	Pseudomonadota	Alphaproteobacteria	Rhodobacterales	Paracoccaceae	Paracoccaceae sp.	Paracoccaceae sp.
C6536	Bacteria	Pseudomonadota	Alphaproteobacteria	Alphaproteobacteria sp.	Alphaproteobacteria sp.	Alphaproteobacteria sp.	Alphaproteobacteria sp.
C6537	Bacteria	Bacteroidota	Bacteroidia	Cytophagales	Spirosomataceae	Leadbetterella	uncultured bacterium
C6540	Bacteria	Pseudomonadota	Gammaproteobacteria	Pseudomonadales	Pseudomonadaceae	Pseudomonas	uncultured bacterium
C6546	Bacteria	Pseudomonadota	Gammaproteobacteria	Burkholderiales	Comamonadaceae	Comamonadaceae sp.	Comamonadaceae sp.
C6547	Bacteria	Pseudomonadota	Gammaproteobacteria	Gammaproteobacteria sp.	Gammaproteobacteria sp.	Gammaproteobacteria sp.	Gammaproteobacteria sp.
C6550	Bacteria	Bacillota	Clostridia	Lachnospirales	Lachnospiraceae	Lachnospiraceae sp.	Lachnospiraceae sp.
C6552	Bacteria	Actinomycetota	Actinobacteria	Micrococcales	Microbacteriaceae	Microbacterium	Microbacterium saccharophilum
C6554	Bacteria	Pseudomonadota	Gammaproteobacteria	Burkholderiales	Comamonadaceae	Comamonadaceae sp.	Comamonadaceae sp.
C6556	Bacteria	Pseudomonadota	Gammaproteobacteria	Lysobacterales	Lysobacteraceae	Stenotrophomonas	uncultured organism
C6557	Bacteria	Pseudomonadota	Gammaproteobacteria	Lysobacterales	Lysobacteraceae	Lysobacteraceae sp.	Lysobacteraceae sp.
C6559	Bacteria	Bacillota	Bacilli	Paenibacillales	Paenibacillaceae	Paenibacillus	Paenibacillus sp.
C6562	Bacteria	Pseudomonadota	Gammaproteobacteria	Lysobacterales	Lysobacteraceae	Lysobacteraceae sp.	Lysobacteraceae sp.
C6564	Unknown	Unknown	Unknown	Unknown	Unknown	Unknown	Unknown
C6565	Bacteria	Bacteroidota	Bacteroidia	Sphingobacteriales	Sphingobacteriaceae	Sphingobacteriaceae sp.	Sphingobacteriaceae sp.
C6571	Bacteria	Bacillota	Bacilli	Bacillales	Planococcaceae	Lysinibacillus	Lysinibacillus sp.
C6575	Bacteria	Bacillota	Bacilli	Erysipelotrichales	Erysipelotrichaceae	Erysipelothrix	Erysipelothrix sp.
C6577	Bacteria	Pseudomonadota	Alphaproteobacteria	Hyphomicrobiales	Xanthobacteraceae	Xanthobacteraceae sp.	Xanthobacteraceae sp.
C6579	Bacteria	Bacteroidota	Bacteroidia	Chitinophagales	Chitinophagaceae	Incertae Sedis	Incertae Sedis sp.
C6580	Bacteria	Bacillota	Bacilli	Erysipelotrichales	Erysipelotrichaceae	Erysipelothrix	Erysipelothrix rhusiopathiae
C6583	Unknown	Unknown	Unknown	Unknown	Unknown	Unknown	Unknown
C6584	Bacteria	Actinomycetota	Actinobacteria	Micrococcales	Microbacteriaceae	Microbacterium	Microbacterium sp.
C6590	Bacteria	Pseudomonadota	Gammaproteobacteria	Enterobacterales	Enterobacteriaceae	Enterobacter	Enterobacter sp.
C6592	Unknown	Unknown	Unknown	Unknown	Unknown	Unknown	Unknown
C6593	Bacteria	Bacteroidota	Bacteroidia	Chitinophagales	Chitinophagaceae	Gynurincola	Gynurincola sp.
C6597	NA	NA sp.	NA sp.	NA sp.	NA sp.	NA sp.	NA sp.
C6600	Bacteria	Pseudomonadota	Alphaproteobacteria	Hyphomicrobiales	Rhizobiaceae	Brucella	Brucella sp.
C6601	Bacteria	Pseudomonadota	Gammaproteobacteria	Burkholderiales	Comamonadaceae	Lampropedia	Lampropedia sp.
C6604	Bacteria	Pseudomonadota	Gammaproteobacteria	Pseudomonadales	Pseudomonadales sp.	Pseudomonadales sp.	Pseudomonadales sp.
C6605	Bacteria	Bacteroidota	Bacteroidia	Flavobacteriales	Weeksellaceae	Moheibacter	Moheibacter sp.
C6606	NA	Amorphea	Obazoa	Opisthokonta	Holozoa	Choanozoa	Metazoa
C6607	Bacteria	Pseudomonadota	Alphaproteobacteria	Hyphomicrobiales	Xanthobacteraceae	Xanthobacteraceae sp.	Xanthobacteraceae sp.
C6608	Bacteria	Bacteroidota	Bacteroidia	Cytophagales	Spirosomataceae	Persicitalea	Persicitalea sp.
C6610	Unknown	Unknown	Unknown	Unknown	Unknown	Unknown	Unknown
C6611	Bacteria	Pseudomonadota	Gammaproteobacteria	Enterobacterales	Morganellaceae	Providencia	Providencia sp.
C6612	Bacteria	Pseudomonadota	Gammaproteobacteria	Burkholderiales	Comamonadaceae	Comamonadaceae sp.	Comamonadaceae sp.
C6613	Bacteria	Pseudomonadota	Alphaproteobacteria	Sphingomonadales	Sphingomonadaceae	Sphingopyxis	Sphingopyxis sp.
C6614	Bacteria	Pseudomonadota	Alphaproteobacteria	Rhodobacterales	Paracoccaceae	Paracoccus	Paracoccus sp.
C6616	Bacteria	Bacteroidota	Bacteroidia	Chitinophagales	Chitinophagaceae	Incertae Sedis	uncultured bacterium
C6617	Bacteria	Pseudomonadota	Alphaproteobacteria	Rhodobacterales	Paracoccaceae	Paracoccaceae sp.	Paracoccaceae sp.
C6618	Bacteria	Pseudomonadota	Alphaproteobacteria	Hyphomicrobiales	Rhizobiaceae	Rhizobiaceae sp.	Rhizobiaceae sp.
C6624	Bacteria	Pseudomonadota	Gammaproteobacteria	Burkholderiales	Burkholderiaceae	Burkholderiaceae sp.	Burkholderiaceae sp.
C6625	Bacteria	Bacteroidota	Bacteroidia	Cytophagales	Spirosomataceae	Leadbetterella	Leadbetterella sp.
C6626	Bacteria	Pseudomonadota	Gammaproteobacteria	Pseudomonadales	Pseudomonadales sp.	Pseudomonadales sp.	Pseudomonadales sp.
C6627	Bacteria	Bacteroidota	Bacteroidia	Cytophagales	Spirosomataceae	Leadbetterella	uncultured bacterium
C6628	Bacteria	Pseudomonadota	Gammaproteobacteria	Enterobacterales	Enterobacteriaceae	Citrobacter	Citrobacter sp.
C6629	Bacteria	Pseudomonadota	Gammaproteobacteria	Burkholderiales	Comamonadaceae	Lampropedia	Lampropedia sp.
C6630	Bacteria	Pseudomonadota	Gammaproteobacteria	Lysobacterales	Lysobacteraceae	Lysobacteraceae sp.	Lysobacteraceae sp.
C6631	Bacteria	Bacteroidota	Bacteroidia	Sphingobacteriales	Sphingobacteriaceae	Sphingobacterium	Sphingobacterium sp.
C6634	Bacteria	Bacteroidota	Bacteroidia	Flavobacteriales	Weeksellaceae	Chryseobacterium	Chryseobacterium sp.
C6635	Bacteria	Pseudomonadota	Alphaproteobacteria	Rhodospirillales	Incertae Sedis	Incertae Sedis	Incertae Sedis sp.
C6637	Bacteria	Bacteroidota	Bacteroidia	Cytophagales	Spirosomataceae	Leadbetterella	uncultured bacterium
C6639	Bacteria	Bacteroidota	Bacteroidia	Sphingobacteriales	Sphingobacteriaceae	Sphingobacterium	Sphingobacterium sp.
C6641	Bacteria	Pseudomonadota	Alphaproteobacteria	Sphingomonadales	Sphingomonadaceae	Sphingopyxis	Sphingopyxis sp.
C6642	Bacteria	Pseudomonadota	Alphaproteobacteria	Hyphomicrobiales	Beijerinckiaceae	Bosea	Bosea sp.
C6645	Bacteria	Pseudomonadota	Alphaproteobacteria	Hyphomicrobiales	Rhizobiaceae	Shinella	uncultured Rhizobium sp.
C6647	Bacteria	Bacteroidota	Bacteroidia	Cytophagales	Spirosomataceae	Leadbetterella	Leadbetterella sp.
C6649	Bacteria	Pseudomonadota	Gammaproteobacteria	Burkholderiales	Burkholderiales sp.	Burkholderiales sp.	Burkholderiales sp.
C6651	Bacteria	Bacillota	Bacilli	Lactobacillales	Vagococcaceae	Vagococcus	Vagococcus fluvialis
C6652	Bacteria	Bacteroidota	Bacteroidia	Flavobacteriales	Flavobacteriaceae	Flavobacterium	Flavobacterium sp. enrichment culture clone SA_NR2_1
C6653	Bacteria	Bacteroidota	Bacteroidia	Flavobacteriales	Weeksellaceae	Moheibacter	Moheibacter stercoris
C6658	Bacteria	Pseudomonadota	Gammaproteobacteria	Burkholderiales	Comamonadaceae	Lampropedia	Lampropedia sp.
C6659	Bacteria	Pseudomonadota	Gammaproteobacteria	Burkholderiales	Comamonadaceae	Lampropedia	Lampropedia sp.
C6661	Unknown	Unknown	Unknown	Unknown	Unknown	Unknown	Unknown
C6662	Bacteria	Bacteroidota	Bacteroidia	Sphingobacteriales	Sphingobacteriaceae	Sphingobacterium	Sphingobacterium sp.
C6664	Bacteria	Pseudomonadota	Gammaproteobacteria	Pseudomonadales	Pseudomonadales sp.	Pseudomonadales sp.	Pseudomonadales sp.
C6665	Bacteria	Pseudomonadota	Alphaproteobacteria	Rhodobacterales	Paracoccaceae	Paracoccaceae sp.	Paracoccaceae sp.
C6666	Bacteria	Actinomycetota	Actinobacteria	Micrococcales	Microbacteriaceae	Microbacteriaceae sp.	Microbacteriaceae sp.
C6667	Unknown	Unknown	Unknown	Unknown	Unknown	Unknown	Unknown
C6668	Bacteria	Pseudomonadota	Gammaproteobacteria	Pseudomonadales	Cellvibrionaceae	Cellvibrio	uncultured bacterium
C6669	Bacteria	Pseudomonadota	Alphaproteobacteria	Rhodobacterales	Paracoccaceae	Ketogulonicigenium	Ketogulonicigenium sp.
C6670	Bacteria	Pseudomonadota	Gammaproteobacteria	Nitrosococcales	Methylophagaceae	Methylophaga	Methylophaga sp.
C6674	Bacteria	Pseudomonadota	Gammaproteobacteria	Burkholderiales	Comamonadaceae	Comamonas	Comamonas sp.
C6675	Bacteria	Pseudomonadota	Gammaproteobacteria	Nitrosococcales	Methylophagaceae	Methylophaga	Methylophaga sp.
C6677	Bacteria	Bacillota	Bacilli	Bacillales	Bacillaceae	Oceanobacillus	Oceanobacillus sp.
C6679	Bacteria	Pseudomonadota	Alphaproteobacteria	Acetobacterales	Acetobacteraceae	Acetobacteraceae sp.	Acetobacteraceae sp.
C6680	Bacteria	Pseudomonadota	Alphaproteobacteria	Acetobacterales	Acetobacteraceae	Komagataeibacter	Komagataeibacter sp.
C6683	Bacteria	Bacteroidota	Bacteroidia	Cytophagales	Spirosomataceae	Leadbetterella	uncultured bacterium
C6684	Bacteria	Bacillota	Bacilli	Lactobacillales	Vagococcaceae	Vagococcus	Vagococcus sp.
C6687	Bacteria	Pseudomonadota	Gammaproteobacteria	Burkholderiales	Alcaligenaceae	Corticimicrobacter	Corticimicrobacter sp.
C6694	Bacteria	Actinomycetota	Actinobacteria	Micrococcales	Microbacteriaceae	Microbacterium	Microbacterium sp.
C6696	NA	NA sp.	NA sp.	NA sp.	NA sp.	NA sp.	NA sp.
C6698	Bacteria	Pseudomonadota	Gammaproteobacteria	Lysobacterales	Lysobacteraceae	Lysobacteraceae sp.	Lysobacteraceae sp.
C6702	Bacteria	Bacillota	Bacilli	Bacillales	Bacillales sp.	Bacillales sp.	Bacillales sp.
C6703	Bacteria	Bacteroidota	Bacteroidia	Flavobacteriales	Weeksellaceae	Moheibacter	Moheibacter stercoris
C6704	Bacteria	Pseudomonadota	Alphaproteobacteria	Hyphomicrobiales	Devosiaceae	Devosia	Devosia sp.
C6706	Bacteria	Pseudomonadota	Alphaproteobacteria	Acetobacterales	Acetobacteraceae	Acetobacter	Acetobacter sp.
C6710	Bacteria	Pseudomonadota	Gammaproteobacteria	Enterobacterales	Enterobacteriaceae	Salmonella	Salmonella sp.
C6713	Unknown	Unknown	Unknown	Unknown	Unknown	Unknown	Unknown
C6714	Bacteria	Bacillota	Bacilli	Bacillales	Bacillaceae	Shouchella	Shouchella sp.
C6716	Bacteria	Pseudomonadota	Gammaproteobacteria	Pseudomonadales	Moraxellaceae	Acinetobacter	Acinetobacter sp.
C6718	Bacteria	Pseudomonadota	Gammaproteobacteria	Burkholderiales	Comamonadaceae	Comamonadaceae sp.	Comamonadaceae sp.
C6719	NA	Amorphea	Obazoa	Opisthokonta	Holozoa	Choanozoa	Metazoa
C6720	Bacteria	Pseudomonadota	Alphaproteobacteria	Acetobacterales	Acetobacteraceae	Acetobacter	Acetobacter sp.
C6721	Bacteria	Actinomycetota	Actinobacteria	Micrococcales	Promicromonosporaceae	Cellulosimicrobium	Cellulosimicrobium sp.
C6726	Bacteria	Pseudomonadota	Gammaproteobacteria	Burkholderiales	Neisseriaceae	Vitreoscilla	Vitreoscilla sp.
C6727	Bacteria	Bacillota	Bacilli	Bacillales	Bacillaceae	Oceanobacillus	Oceanobacillus sp.
C6732	Bacteria	Actinomycetota	Actinobacteria	Micrococcales	Microbacteriaceae	Leucobacter	Leucobacter sp.
C6734	Bacteria	Actinomycetota	Actinobacteria	Micrococcales	Microbacteriaceae	Microbacteriaceae sp.	Microbacteriaceae sp.
C6736	Bacteria	Pseudomonadota	Gammaproteobacteria	Pseudomonadales	Pseudomonadales sp.	Pseudomonadales sp.	Pseudomonadales sp.
C6737	NA	Amorphea	Obazoa	Opisthokonta	Holozoa	Choanozoa	Metazoa
C6738	Bacteria	Pseudomonadota	Gammaproteobacteria	Pseudomonadales	Moraxellaceae	Acinetobacter	Acinetobacter sp.
C6739	Bacteria	Pseudomonadota	Gammaproteobacteria	Gammaproteobacteria sp.	Gammaproteobacteria sp.	Gammaproteobacteria sp.	Gammaproteobacteria sp.
C6744	Bacteria	Bacillota	Clostridia	Clostridia vadinBB60 group	Incertae Sedis	Incertae Sedis	uncultured bacterium
C6748	Bacteria	Pseudomonadota	Gammaproteobacteria	Burkholderiales	Comamonadaceae	Lampropedia	Lampropedia sp.
C6754	Bacteria	Pseudomonadota	Alphaproteobacteria	Hyphomicrobiales	Devosiaceae	Devosia	uncultured bacterium
C6760	Bacteria	Bacillota	Bacilli	Lactobacillales	Vagococcaceae	Vagococcus	Vagococcus sp.
C6761	Bacteria	Pseudomonadota	Gammaproteobacteria	Burkholderiales	Comamonadaceae	Lampropedia	Lampropedia hyalina
C6765	Bacteria	Pseudomonadota	Gammaproteobacteria	Enterobacterales	Morganellaceae	Providencia	Providencia sp.
C6768	Bacteria	Bacillota	Clostridia	Oscillospirales	[Eubacterium] coprostanoligenes group	Incertae Sedis	uncultured bacterium
C6769	Bacteria	Pseudomonadota	Gammaproteobacteria	Lysobacterales	Lysobacteraceae	Lysobacteraceae sp.	Lysobacteraceae sp.
C6771	Bacteria	Bdellovibrionota	Bacteriovoracia	Bacteriovoracales	Bacteriovoracaceae	Bacteriovorax	Bacteriovorax sp.
C6772	Bacteria	Bdellovibrionota	Bacteriovoracia	Bacteriovoracales	Bacteriovoracaceae	Bacteriovorax	Bacteriovorax sp.
C6773	Bacteria	Bacillota	Clostridia	Oscillospirales	Oscillospirales sp.	Oscillospirales sp.	Oscillospirales sp.
C6775	Bacteria	Pseudomonadota	Gammaproteobacteria	Gammaproteobacteria sp.	Gammaproteobacteria sp.	Gammaproteobacteria sp.	Gammaproteobacteria sp.
C6777	Unknown	Unknown	Unknown	Unknown	Unknown	Unknown	Unknown
C6781	Bacteria	Pseudomonadota	Gammaproteobacteria	Pseudomonadales	Cellvibrionaceae	Cellvibrio	uncultured bacterium
C6782	Bacteria	Pseudomonadota	Gammaproteobacteria	Pseudomonadales	Moraxellaceae	Acinetobacter	Acinetobacter sp.
C6784	Bacteria	Bacteroidota	Bacteroidia	Sphingobacteriales	Sphingobacteriaceae	Sphingobacteriaceae sp.	Sphingobacteriaceae sp.
C6787	Bacteria	Bacteroidota	Bacteroidia	Sphingobacteriales	Sphingobacteriaceae	Sphingobacterium	uncultured bacterium
C6788	Bacteria	Bacillota	Clostridia	Oscillospirales	Ruminococcaceae	Ruminococcaceae sp.	Ruminococcaceae sp.
C6789	NA	Amorphea	Obazoa	Opisthokonta	Nucletmycea	Fungi	Dikarya
C6790	Bacteria	Bacillota	Bacilli	Lactobacillales	Lactobacillaceae	Leuconostoc	Leuconostoc sp.
C6791	Bacteria	Bacteroidota	Bacteroidia	Bacteroidales	Dysgonomonadaceae	Dysgonomonas	Dysgonomonas sp.
C6792	Bacteria	Pseudomonadota	Alphaproteobacteria	Rhodobacterales	Paracoccaceae	Paracoccaceae sp.	Paracoccaceae sp.
C6794	Bacteria	Pseudomonadota	Gammaproteobacteria	Burkholderiales	Comamonadaceae	Lampropedia	Lampropedia sp.
C6797	Bacteria	Pseudomonadota	Gammaproteobacteria	Gammaproteobacteria sp.	Gammaproteobacteria sp.	Gammaproteobacteria sp.	Gammaproteobacteria sp.
C6798	Bacteria	Pseudomonadota	Alphaproteobacteria	Rhodobacterales	Paracoccaceae	Paracoccus	Paracoccus sp.
C6799	Bacteria	Bacillota	Bacilli	Bacilli sp.	Bacilli sp.	Bacilli sp.	Bacilli sp.
C6803	Bacteria	Bacteroidota	Bacteroidia	Bacteroidales	Dysgonomonadaceae	Dysgonomonas	Dysgonomonas sp.
C6804	Bacteria	Bacteroidota	Bacteroidia	Bacteroidales	Bacteroidaceae	Bacteroides	Bacteroides sp.
C6806	Bacteria	Pseudomonadota	Gammaproteobacteria	Pseudomonadales	Pseudomonadales sp.	Pseudomonadales sp.	Pseudomonadales sp.
C6807	Bacteria	Actinomycetota	Actinobacteria	Micrococcales	Micrococcaceae	Glutamicibacter	uncultured bacterium
C6809	Bacteria	Bacteroidota	Bacteroidia	Bacteroidales	Bacteroidaceae	Bacteroides	Bacteroides sp.
C6822	Bacteria	Bacillota	Clostridia	Clostridia sp.	Clostridia sp.	Clostridia sp.	Clostridia sp.
C6824	Bacteria	Pseudomonadota	Gammaproteobacteria	Lysobacterales	Lysobacteraceae	Pseudoxanthomonas	Pseudoxanthomonas sp.
C6825	Unknown	Unknown	Unknown	Unknown	Unknown	Unknown	Unknown
C6826	Bacteria	Bacteroidota	Bacteroidia	Flavobacteriales	Crocinitomicaceae	Fluviicola	Fluviicola sp.
C6827	Bacteria	Pseudomonadota	Gammaproteobacteria	Lysobacterales	Lysobacteraceae	Lysobacteraceae sp.	Lysobacteraceae sp.
C6828	Bacteria	Actinomycetota	Actinobacteria	Micrococcales	Microbacteriaceae	Leucobacter	Leucobacter sp.
C6831	Bacteria	Pseudomonadota	Gammaproteobacteria	Lysobacterales	Lysobacteraceae	Lysobacter	uncultured bacterium
C6842	Bacteria	Bacteroidota	Bacteroidia	Flavobacteriales	Weeksellaceae	Chishuiella	Chishuiella changwenlii
C6843	Bacteria	Pseudomonadota	Alphaproteobacteria	Acetobacterales	Acetobacteraceae	Komagataeibacter	Komagataeibacter sp.
C6844	Bacteria	Pseudomonadota	Gammaproteobacteria	Legionellales	Legionellaceae	Legionella	uncultured bacterium
C6846	Bacteria	Bacteroidota	Bacteroidia	Bacteroidales	Dysgonomonadaceae	Dysgonomonas	Dysgonomonas sp.
C6850	Bacteria	Pseudomonadota	Gammaproteobacteria	Pseudomonadales	Cellvibrionaceae	Cellvibrio	uncultured bacterium
C6852	Bacteria	Actinomycetota	Actinobacteria	Micrococcales	Microbacteriaceae	Microbacteriaceae sp.	Microbacteriaceae sp.
C6857	Bacteria	Pseudomonadota	Alphaproteobacteria	Rhodospirillales	Incertae Sedis	Incertae Sedis	uncultured bacterium
C6858	Bacteria	Pseudomonadota	Gammaproteobacteria	Pseudomonadales	Pseudomonadaceae	Pseudomonas	Pseudomonas sp.
C6860	Bacteria	Bdellovibrionota	Bacteriovoracia	Bacteriovoracales	Bacteriovoracaceae	Bacteriovorax	Bacteriovorax sp.
C6861	Bacteria	Pseudomonadota	Alphaproteobacteria	Rhodobacterales	Paracoccaceae	Paracoccaceae sp.	Paracoccaceae sp.
C6867	Bacteria	Verrucomicrobiota	Verrucomicrobiia	Chthoniobacterales	Chthoniobacteraceae	LD29	LD29 sp.
C6869	Bacteria	Bacteroidota	Bacteroidia	Cytophagales	Spirosomataceae	Leadbetterella	uncultured bacterium
C6872	Bacteria	Pseudomonadota	Gammaproteobacteria	Burkholderiales	Oxalobacteraceae	Oxalobacteraceae sp.	Oxalobacteraceae sp.
C6877	Bacteria	Actinomycetota	Actinobacteria	Actinomycetales	Actinomycetaceae	Actinomyces	bacterium NLAE-zl-C91
C6880	Bacteria	Pseudomonadota	Gammaproteobacteria	Burkholderiales	Comamonadaceae	Lampropedia	Lampropedia sp.
C6882	Bacteria	Pseudomonadota	Gammaproteobacteria	Pseudomonadales	Cellvibrionaceae	Cellvibrio	uncultured bacterium
C6884	Bacteria	Pseudomonadota	Gammaproteobacteria	Pseudomonadales	Pseudomonadaceae	Pseudomonas	Pseudomonas sp.
C6886	Bacteria	Bacteroidota	Bacteroidia	Bacteroidales	Dysgonomonadaceae	Dysgonomonas	Dysgonomonas sp.
C6887	Bacteria	Bacillota	Clostridia	Clostridia vadinBB60 group	Incertae Sedis	Incertae Sedis	Incertae Sedis sp.
C6889	Bacteria	Pseudomonadota	Alphaproteobacteria	Rhodobacterales	Paracoccaceae	Paracoccaceae sp.	Paracoccaceae sp.
C6890	Bacteria	Pseudomonadota	Alphaproteobacteria	Alphaproteobacteria sp.	Alphaproteobacteria sp.	Alphaproteobacteria sp.	Alphaproteobacteria sp.
C6898	Bacteria	Bacteroidota	Bacteroidia	Sphingobacteriales	Sphingobacteriaceae	Pedobacter	Pedobacter sp.
C6902	Bacteria	Pseudomonadota	Gammaproteobacteria	Lysobacterales	Lysobacteraceae	Pseudoxanthomonas	Pseudoxanthomonas sp.
C6906	Bacteria	Pseudomonadota	Gammaproteobacteria	Lysobacterales	Lysobacteraceae	Pseudoxanthomonas	Pseudoxanthomonas sp.
C6907	Bacteria	Bacillota	Clostridia	Oscillospirales	Oscillospiraceae	NK4A214 group	uncultured bacterium
C6908	Bacteria	Bacteroidota	Bacteroidia	Sphingobacteriales	Sphingobacteriaceae	Sphingobacterium	uncultured bacterium
C6909	Bacteria	Pseudomonadota	Alphaproteobacteria	Hyphomicrobiales	Hyphomicrobiales sp.	Hyphomicrobiales sp.	Hyphomicrobiales sp.
C6913	Bacteria	Pseudomonadota	Gammaproteobacteria	Burkholderiales	Comamonadaceae	Comamonadaceae sp.	Comamonadaceae sp.
C6916	Bacteria	Pseudomonadota	Alphaproteobacteria	Rhodobacterales	Paracoccaceae	Paracoccus	Paracoccus sp.
C6917	Bacteria	Pseudomonadota	Alphaproteobacteria	Hyphomicrobiales	Rhizobiaceae	Shinella	Sinorhizobium sp. enrichment culture
C6919	Unknown	Unknown	Unknown	Unknown	Unknown	Unknown	Unknown
C6921	Bacteria	Pseudomonadota	Gammaproteobacteria	Pseudomonadales	Cellvibrionaceae	Cellvibrio	uncultured bacterium
C6922	Bacteria	Bacteroidota	Bacteroidia	Flavobacteriales	Weeksellaceae	Weeksellaceae sp.	Weeksellaceae sp.
C6929	Bacteria	Actinomycetota	Actinobacteria	Actinomycetales	Actinomycetaceae	Actinomycetaceae sp.	Actinomycetaceae sp.
C6930	Bacteria	Bacteroidota	Bacteroidia	Bacteroidales	Dysgonomonadaceae	Dysgonomonas	Dysgonomonas sp.
C6932	Bacteria	Pseudomonadota	Gammaproteobacteria	Burkholderiales	Comamonadaceae	Delftia	uncultured bacterium
C6938	Bacteria	Pseudomonadota	Alphaproteobacteria	Rhodobacterales	Paracoccaceae	Paracoccaceae sp.	Paracoccaceae sp.
C6939	Bacteria	Pseudomonadota	Gammaproteobacteria	Pseudomonadales	Cellvibrionaceae	Cellvibrio	uncultured bacterium
C6941	Bacteria	Pseudomonadota	Gammaproteobacteria	Enterobacterales	Morganellaceae	Providencia	Providencia sp.
C6942	Unknown	Unknown	Unknown	Unknown	Unknown	Unknown	Unknown
C6943	Bacteria	Bacteroidota	Bacteroidia	Chitinophagales	Chitinophagaceae	Chitinophagaceae sp.	Chitinophagaceae sp.
C6945	Bacteria	Pseudomonadota	Alphaproteobacteria	Rhodobacterales	Paracoccaceae	Gemmobacter	Gemmobacter sp.
C6949	Bacteria	Pseudomonadota	Gammaproteobacteria	Burkholderiales	Comamonadaceae	Lampropedia	Lampropedia sp.
C6953	Unknown	Unknown	Unknown	Unknown	Unknown	Unknown	Unknown
C6959	Bacteria	Bacillota	Bacilli	Mycoplasmatales	Mycoplasmataceae	Spiroplasma	Spiroplasma citri
C6960	Bacteria	Pseudomonadota	Gammaproteobacteria	Pseudomonadales	Moraxellaceae	Acinetobacter	Acinetobacter sp.
C6966	Bacteria	Pseudomonadota	Alphaproteobacteria	Rhodobacterales	Paracoccaceae	Paracoccaceae sp.	Paracoccaceae sp.
C6970	Bacteria	Bacteroidota	Bacteroidia	Flavobacteriales	Weeksellaceae	Chryseobacterium	Chryseobacterium sp.
C6975	Bacteria	Actinomycetota	Actinobacteria	Micrococcales	Microbacteriaceae	Microbacterium	Microbacterium sp.
C6978	Bacteria	Pseudomonadota	Gammaproteobacteria	Burkholderiales	Comamonadaceae	Lampropedia	Lampropedia sp.
C6979	Bacteria	Pseudomonadota	Alphaproteobacteria	Rhodobacterales	Paracoccaceae	Ketogulonicigenium	Ketogulonicigenium sp.
C6984	Bacteria	Pseudomonadota	Gammaproteobacteria	Gammaproteobacteria sp.	Gammaproteobacteria sp.	Gammaproteobacteria sp.	Gammaproteobacteria sp.
C6987	Bacteria	Pseudomonadota	Gammaproteobacteria	Gammaproteobacteria sp.	Gammaproteobacteria sp.	Gammaproteobacteria sp.	Gammaproteobacteria sp.
C6988	Bacteria	Bacteroidota	Bacteroidia	Bacteroidales	Dysgonomonadaceae	Dysgonomonas	uncultured bacterium
C6989	Bacteria	Pseudomonadota	Gammaproteobacteria	Enterobacterales	Enterobacteriaceae	Salmonella	Salmonella sp.
C6990	Bacteria	Pseudomonadota	Gammaproteobacteria	Lysobacterales	Lysobacteraceae	Stenotrophomonas	Stenotrophomonas sp.
C6991	Bacteria	Pseudomonadota	Alphaproteobacteria	Rhodobacterales	Paracoccaceae	Paracoccaceae sp.	Paracoccaceae sp.
C6993	Bacteria	Pseudomonadota	Alphaproteobacteria	Hyphomicrobiales	Rhizobiaceae	Mesorhizobium	Mesorhizobium sp. Hue-3
C6995	Bacteria	Bacillota	Bacilli	Mycoplasmatales	Mycoplasmataceae	Spiroplasma	Spiroplasma sp.
C6996	Bacteria	Pseudomonadota	Gammaproteobacteria	Burkholderiales	Comamonadaceae	Comamonadaceae sp.	Comamonadaceae sp.
C6997	Bacteria	Actinomycetota	Actinobacteria	Micrococcales	Micrococcales Incertae Sedis	Timonella	Timonella sp.
C7007	Bacteria	Bacteroidota	Bacteroidia	Bacteroidales	Dysgonomonadaceae	Dysgonomonas	uncultured bacterium
C7012	Bacteria	Actinomycetota	Actinobacteria	Micrococcales	Microbacteriaceae	Microbacterium	Microbacterium sp.
C7013	Bacteria	Pseudomonadota	Gammaproteobacteria	Burkholderiales	Rhodocyclaceae	Rhodocyclaceae sp.	Rhodocyclaceae sp.
C7014	Bacteria	Bacillota	Bacilli	Lactobacillales	Lactobacillaceae	Weissella	Weissella sp.
C7026	Bacteria	Bacteroidota	Bacteroidia	Bacteroidales	Dysgonomonadaceae	Dysgonomonas	Dysgonomonas sp.
C7028	Bacteria	Pseudomonadota	Gammaproteobacteria	Burkholderiales	Comamonadaceae	Lampropedia	Lampropedia hyalina
C7029	Bacteria	Pseudomonadota	Alphaproteobacteria	Acetobacterales	Acetobacteraceae	Acetobacter	Acetobacter sp.
C7031	Bacteria	Pseudomonadota	Alphaproteobacteria	Hyphomicrobiales	Xanthobacteraceae	Xanthobacter	Xanthobacter sp.
C7032	Bacteria	Bacteroidota	Bacteroidia	Sphingobacteriales	Sphingobacteriaceae	Pedobacter	Pedobacter sp.
C7037	Bacteria	Bacillota	Bacilli	Erysipelotrichales	Erysipelotrichaceae	Erysipelothrix	Erysipelothrix sp.
C7049	NA	NA sp.	NA sp.	NA sp.	NA sp.	NA sp.	NA sp.
C7057	Bacteria	Pseudomonadota	Gammaproteobacteria	Burkholderiales	Comamonadaceae	Comamonadaceae sp.	Comamonadaceae sp.
C7059	Bacteria	Pseudomonadota	Gammaproteobacteria	Gammaproteobacteria sp.	Gammaproteobacteria sp.	Gammaproteobacteria sp.	Gammaproteobacteria sp.
C7060	Bacteria	Pseudomonadota	Gammaproteobacteria	Burkholderiales	Comamonadaceae	Comamonadaceae sp.	Comamonadaceae sp.
C7061	Bacteria	Pseudomonadota	Gammaproteobacteria	Burkholderiales	Comamonadaceae	Comamonadaceae sp.	Comamonadaceae sp.
C7063	Bacteria	Actinomycetota	Actinobacteria	Micrococcales	Sanguibacteraceae	Flavimobilis	uncultured bacterium
C7068	Bacteria	Pseudomonadota	Gammaproteobacteria	Pseudomonadales	Pseudomonadaceae	Pseudomonas	uncultured bacterium
C7075	Bacteria	Pseudomonadota	Gammaproteobacteria	Burkholderiales	Comamonadaceae	Comamonadaceae sp.	Comamonadaceae sp.
C7083	Bacteria	Pseudomonadota	Gammaproteobacteria	Pseudomonadales	Moraxellaceae	Acinetobacter	Acinetobacter sp.
C7085	Bacteria	Pseudomonadota	Gammaproteobacteria	Enterobacterales	Enterobacteriaceae	Enterobacteriaceae sp.	Enterobacteriaceae sp.
C7086	Bacteria	Bacteroidota	Bacteroidia	Cytophagales	Spirosomataceae	Leadbetterella	uncultured bacterium
C7091	Bacteria	Pseudomonadota	Gammaproteobacteria	Pseudomonadales	Moraxellaceae	Acinetobacter	Acinetobacter sp.
C7093	Bacteria	Pseudomonadota	Alphaproteobacteria	Hyphomicrobiales	Rhizobiaceae	Chelativorans	uncultured Alphaproteobacteria bacterium
C7098	NA	NA sp.	NA sp.	NA sp.	NA sp.	NA sp.	NA sp.
C7100	Bacteria	Pseudomonadota	Gammaproteobacteria	Burkholderiales	Comamonadaceae	Lampropedia	Lampropedia sp.
C7101	Bacteria	Pseudomonadota	Gammaproteobacteria	Burkholderiales	Comamonadaceae	Comamonadaceae sp.	Comamonadaceae sp.
C7104	Bacteria	Pseudomonadota	Gammaproteobacteria	Burkholderiales	Comamonadaceae	Lampropedia	Lampropedia sp.
C7110	Bacteria	Bacillota	Bacilli	Lactobacillales	Streptococcaceae	Lactococcus	Lactococcus lactis
C7111	Bacteria	Bacteroidota	Bacteroidia	Sphingobacteriales	Sphingobacteriaceae	Sphingobacterium	Sphingobacterium sp.
C7119	Unknown	Unknown	Unknown	Unknown	Unknown	Unknown	Unknown
C7121	Bacteria	Pseudomonadota	Alphaproteobacteria	Hyphomicrobiales	Rhizobiaceae	Brucella	Brucella sp.
C7122	Bacteria	Pseudomonadota	Gammaproteobacteria	Burkholderiales	Comamonadaceae	Lampropedia	Lampropedia sp.
