OTU	SRR8447516	SRR8447517	SRR8447518	SRR8447519	SRR8447520	SRR8447521	SRR8447522	SRR8447523	SRR8447524	SRR8447525	SRR8447526	SRR8447527	SRR8447528	SRR8447529	SRR8447530	SRR8447531	SRR8447532	SRR8447533	SRR8447534	SRR8447535	SRR8447536	SRR8447537	SRR8447538	SRR8447539	SRR8447540	SRR8447541	SRR8447542	SRR8447543	SRR8447544	SRR8447545	SRR8447546	SRR8447547	SRR8447548	SRR8447549	SRR8447550	SRR8447551	SRR8447552	SRR8447553	SRR8447554	SRR8447555	SRR8447556	SRR8447557	SRR8447558	SRR8447559	SRR8447560	SRR8447561	SRR8447562	SRR8447563	SRR8447564	SRR8447565	SRR8447566	SRR8447567	SRR8447568	SRR8447569	SRR8447570	SRR8447571	SRR8447572	SRR8447573	SRR8447574	SRR8447575	SRR8447576	SRR8447577	SRR8447578	SRR8447579	SRR8447580	SRR8447581	SRR8447582	SRR8447583	SRR8447584	SRR8447585	SRR8447586	SRR8447587	SRR8447588	SRR8447589	SRR8447590	SRR8447591	SRR8447592	SRR8447593
C1	108457	221143	100592	364	387	0	267	219	75	168	202	67	343	34905	251	18328	62	226	203	123	326	358	90	382	244	311	250	240	0	0	0	223	249	199	160	0	451	224	276	107	129	8	137	237	210	245	99	108	181	280	0	51844	17	226	147	276	254	181	287	359	306	130	148	404	191	37100	234	224	331	7	0	412	4	6822	243	288	0	169
C2	20016	989	9873	1651	470	2	434	7	9	9	181	1	231	1433	648	6988	17	253	56	302	121	934	10	1091	5	200	224	776	0	18	951	1247	2243	85	66	0	7171	67	1907	289	1936	45	4	35	124	39	612	690	98	121	1148	1297	4	247	99	2	56	48	2539	80	960	173	258	0	1076	10915	334	5	44	2906	0	24	18	272	19	152	388	52
C3	313	0	0	1	7705	0	3	11	0	2196	1267	0	2755	0	289	0	0	10	0	0	9	2	14776	0	0	1693	105	3	0	0	0	1122	1466	4561	32	0	2	5744	2888	7	0	0	0	2808	0	213	7	1	12	123	0	0	0	3057	2	7211	0	1392	0	8700	27	647	0	0	4	0	9	2	3	0	0	0	0	0	2827	0	0	0
C4	2218	1	0	0	0	0	0	0	0	0	0	1	0	1	5	0	0	0	0	0	0	0	0	0	5	0	11	0	0	0	0	1	1	0	0	0	0	0	0	0	0	0	0	13	0	0	3	0	0	0	0	0	0	6	0	0	0	0	2	0	2	19	0	0	1	455	0	24	0	0	0	0	0	0	0	4	0	0
C5	161	2064	851	2060	16	0	13	217	6556	7	259	0	122	748	99	11	1	453	26	146	11	100	858	5	342	2951	2137	213	0	3	0	272	92	8	2275	1	46	1135	18	373	3813	0	5	121	98	67	216	159	666	109	1	4618	6	123	35	30	168	121	425	41	659	65	3	0	29	3420	0	51	819	2493	0	942	0	35	51	201	0	4
C6	273	0	426	77	7	0	1706	11	2	8	13956	0	4532	1801	6600	1210	2	164	14	60	270	747	12	56	82	192	189	1680	0	6	109	858	208	774	331	0	27	375	612	149	13	262	0	19	30	5	4591	1067	0	411	1259	95	10	3730	963	0	8	55395	3	191	518	28897	3939	10	227	137	49	12	1043	7302	1	201	20	44	505	258	18	3
C7	48	0	0	0	0	0	0	0	0	0	0	0	0	0	0	0	0	0	0	0	0	0	0	0	0	0	0	0	0	0	0	0	0	0	0	0	0	0	0	0	0	0	0	0	0	0	0	0	2	0	0	0	0	0	0	0	0	0	0	0	0	0	0	0	0	0	0	0	0	0	0	0	0	2	0	0	0	0
C8	88	23657	4665	32	14	6	33	15	332	0	152	48	1	372	5	17791	1	6	1	65	1	5	230	1	0	119	17	2	0	1	0	27	30	3	0	0	59	1460	7	38	6360	239	3	1	10	1	19	74	18	1	9	2272	2	8	7	23	0	0	21	173	359	0	0	0	4	3282	0	50	0	0	6918	2	3	58	26	272	0	12
C9	330	1542	719	1	1	0	0	32	2866	0	257	6	0	81	56	157	0	8	0	2	14	0	4	2	63	43	3	904	0	0	0	309	0	0	302	3	3	6	0	38	47	0	1	6	1	2	30	0	24	17	8	172	1	114	8	341	3	13	7	14	88	150	0	497	3	2152	0	0	429	1	5	44	0	32	10	55	2	2
C10	11	6	6	342	39	1	6	8	2	208	14	2	26	0	12	6	11	41	15	93	264	11	88	8	84	105	127	256	0	0	0	15	454	29	16	0	38	320	7	608	1	5	1	11	2	3	33	18	725	20	41	4	17	3	3	4	24	3	64	63	476	0	9	0	207	4	6	13	30	21	5	2	4	0	7	0	0	44
C11	155	1	12	0	0	0	0	0	0	0	0	0	0	0	0	0	0	0	0	0	0	0	0	0	0	0	0	0	0	0	0	0	0	0	0	0	0	0	0	0	0	0	0	0	0	0	0	0	0	0	0	0	0	0	0	0	0	0	0	0	0	0	0	0	0	0	0	0	0	0	0	0	0	0	0	0	0	0
C12	176	0	2	0	0	0	0	0	0	0	0	0	0	0	0	0	0	0	0	0	0	0	0	0	0	0	0	0	0	0	0	0	0	0	0	0	0	0	0	0	0	0	0	0	0	0	0	0	0	0	0	0	0	0	0	0	0	0	0	0	0	0	0	0	0	0	0	0	0	0	0	0	0	0	0	0	0	0
C13	115	2	471	1	0	0	0	0	0	1	2	0	1	0	0	25	0	0	0	0	1	2	2	0	1	7	2	1	0	0	0	2	0	0	0	0	0	3	0	17	2	0	0	0	0	0	29	0	29	0	0	668	0	0	2	0	0	0	6	1	10	0	0	0	1	18	0	0	1	0	0	4	0	6	0	1	0	0
C14	44	3	64	2	0	0	0	0	225	0	0	0	0	50	0	16	0	0	0	0	1	0	0	2	0	0	1	0	0	1	0	0	1	0	0	0	1	1	0	3	9	0	0	0	0	0	0	1	2	0	0	153	0	0	0	0	0	0	0	1	4	0	0	0	6	102	0	0	0	1	0	0	1	104	0	1	0	5
C15	10	3	0	0	0	0	0	0	0	0	0	0	0	0	0	0	0	0	0	0	0	0	0	0	0	0	0	0	0	0	0	0	0	0	0	0	0	0	0	0	0	0	0	0	0	0	0	0	0	0	0	1	0	0	0	0	0	0	0	0	0	0	0	0	0	1	0	0	0	0	0	0	0	0	0	0	0	0
C16	24	0	1	0	0	3	0	0	0	0	0	2	0	0	0	2	1	0	7	0	1	0	0	0	0	4	0	0	0	7	0	0	0	0	1	1	0	2	0	0	0	3	0	0	0	0	1	0	0	0	5	6	0	0	0	0	3	0	0	0	2	0	0	0	2	0	0	0	1	0	16	0	0	2	0	0	0	13
C17	6	0	2977	0	0	0	1	0	0	0	7	0	0	0	0	0	0	0	2	0	0	0	0	0	0	0	0	0	0	0	0	2	0	2	0	0	0	21	0	3	0	0	0	0	0	0	38	1	18	1	0	2	0	0	0	0	0	0	0	0	187	0	0	0	152	10	0	2	0	0	0	0	0	0	0	1	0	0
C18	14	3	6	0	1	0	0	0	39	0	0	3	0	0	0	32	1	1	5	0	0	0	0	1	0	0	0	0	0	0	1	0	0	0	0	0	0	0	0	0	0	4	0	0	0	0	0	0	2	0	19	6	0	1	0	0	1	0	0	0	1	0	0	0	0	24	0	0	0	3	2	0	1	13	0	0	0	5
C19	18	0	0	0	0	0	0	0	0	0	0	0	0	1	0	0	0	0	0	0	0	0	0	0	0	0	0	0	0	0	0	0	0	0	0	0	0	0	0	0	4	0	0	0	0	0	0	0	0	0	0	0	0	0	0	0	0	0	0	0	0	0	0	0	0	0	0	0	0	0	0	0	0	0	0	0	0	0
C20	8	1	196	0	2	0	1	0	0	0	0	0	0	8	2	204	0	2	1	0	2	2	0	1	0	5	3	0	0	1	0	0	30	2	1	0	8	1	1	3	951	328	0	0	0	0	1	2	0	0	0	27	1	1	0	0	0	0	33	13	15	0	3	0	2	1336	0	0	0	0	3	0	0	0	0	0	0	4
C21	2	65	6498	2	7	0	0	0	9	1	0	0	2	4	0	75	1	0	0	0	7	2	0	0	0	5	0	1	0	0	0	0	2	2	1	0	3	1	4	10	85	4	1	0	0	0	7	0	14	3	1	7079	0	0	0	0	0	0	5	0	192	0	0	0	16	308	0	0	2	12	0	3	0	31	0	1	1	0
C22	76	0	32	0	1	0	4	109	0	0	0	0	27	0	88	0	0	554	0	0	116	0	2	0	6	11	9	0	0	0	0	119	3	1915	0	0	0	207	536	3317	0	0	0	1	0	1	0	0	2	277	0	0	0	624	0	2	0	0	0	455	0	0	0	0	1	0	0	0	1010	0	0	0	0	28	0	0	0	0
C23	0	0	8	921	2	0	471	2	0	0	284	0	0	47	36	0	108	1185	29	2	14	602	3	4	4	223	5	0	0	791	34	532	2167	1117	4712	0	1485	55	5	40	0	174	7	461	1	3	480	10	0	22	38	2	532	24	1	4	1	113	24	3866	1333	1056	99	9	3438	0	103	0	61	17	4	3	57	0	99	8962	2	3
C24	6	28	622	1	0	0	0	0	0	0	0	0	0	0	0	24	0	0	0	1	4	0	0	0	1	1	0	0	0	0	0	1	0	0	0	0	0	0	0	5	0	0	0	0	0	0	0	0	8	0	0	9	0	0	0	0	0	0	0	0	6	0	0	0	1	289	0	0	0	0	0	0	0	12	0	0	0	0
C25	24	0	0	0	0	0	0	0	0	0	0	0	0	0	0	0	0	0	0	0	0	0	0	0	0	0	0	0	0	0	0	0	0	0	0	0	0	0	0	0	0	0	0	0	0	0	0	0	0	0	0	0	0	0	0	0	0	0	0	0	0	0	0	0	0	0	0	0	0	0	0	0	0	0	0	0	0	0
C26	6	5	0	0	0	0	0	0	0	0	0	0	0	0	0	0	0	0	0	0	0	0	0	0	0	0	0	0	0	0	0	0	0	0	0	0	0	0	0	0	0	0	0	0	0	0	0	0	0	0	0	2	0	0	0	0	0	0	0	0	0	0	0	0	0	2	0	0	0	0	0	0	0	0	0	0	0	0
C27	84	120	175	1	6	0	0	0	0	0	0	0	0	4	0	778	0	0	46	0	0	0	0	46	0	0	12	0	0	15	7	0	0	0	0	0	0	0	0	2	6	42	0	0	0	0	0	2	5	0	1	144	14	0	0	0	0	0	0	0	15	0	0	0	0	64	0	0	0	11	4	0	34	26	2	0	0	14
C28	2	1	239	0	1	0	0	0	0	3	0	0	0	0	0	2	0	0	0	0	0	0	1	0	0	2	1	0	0	0	0	0	1	0	0	0	0	1	0	3	1	0	0	0	0	0	0	0	3	0	0	7	0	0	0	0	0	0	0	0	6	0	0	0	0	2	0	0	0	0	0	0	0	4	0	0	0	0
C31	53	96	34	0	0	0	0	0	0	0	2	0	0	1	0	508	0	0	0	0	4	0	0	0	0	0	0	2	0	0	0	0	0	0	0	0	0	0	2	0	0	0	0	0	0	0	0	0	0	0	0	0	0	0	0	0	1	0	0	0	0	0	0	0	0	21	1	0	0	9	0	0	0	0	0	0	0	0
C32	34	0	2	0	0	0	0	0	0	2	0	0	0	0	0	0	0	0	0	0	1	0	0	0	0	0	0	0	0	0	0	0	0	0	0	0	0	0	0	0	0	0	0	0	0	0	0	0	2	0	0	0	0	0	0	0	0	0	0	0	0	0	0	0	0	0	0	0	0	0	0	0	0	0	0	0	0	0
C33	17	700	1362	112	5	0	0	0	3	1	13	0	7	1	4	26	17	95	0	13	13	1	7	0	19	211	23	18	0	2	2	146	2	1	2256	0	0	31	2	24	48	1	0	0	0	7	21	0	79	3	3	15	4	0	0	1	0	6	771	21	56	8	10	0	0	1428	0	0	6	3	4	1	1	2	1	4	0	1
C34	2	0	9	0	0	0	0	0	0	0	0	0	0	0	0	0	0	0	0	0	0	0	0	0	0	0	1	0	0	0	0	1	0	0	0	0	0	0	0	0	0	0	0	0	0	0	0	0	1	0	0	0	0	0	0	0	0	0	0	0	0	0	0	0	0	0	0	1	0	0	0	0	0	0	0	0	0	0
C35	45	0	0	0	0	0	0	0	0	0	0	0	0	0	0	0	0	0	0	0	0	0	0	0	0	0	0	0	0	0	0	0	0	0	0	0	0	0	0	0	0	0	0	0	0	0	0	0	0	0	0	0	0	0	0	0	0	0	0	0	0	0	0	0	0	0	0	0	0	0	0	0	0	0	0	0	0	0
C36	13789	2774	7714	0	783	0	22	0	3	1	6	0	683	5156	778	26214	27	424	1	247	2078	216	603	0	238	3498	1	675	0	0	0	135	119	304	14	0	132	30	190	658	17	0	0	309	131	70	3	0	6	160	0	1113	0	573	31	0	0	516	102	1433	9	1132	115	0	2	2574	1251	1	0	91	0	6	0	334	226	1	0	479
C37	7	0	0	0	0	0	0	0	0	0	0	0	0	0	0	1	0	0	0	0	1	0	0	0	0	0	0	0	0	0	0	0	0	0	3	0	0	1	0	0	1	0	0	0	0	0	0	0	6	0	0	0	0	0	0	0	0	0	2	0	1	0	0	0	0	0	0	0	0	0	0	0	0	9	0	0	0	0
C38	2	0	13	0	0	0	0	0	0	0	0	0	0	0	0	1	0	0	0	0	0	0	0	0	0	0	0	0	0	0	0	0	0	0	0	0	0	0	0	0	0	0	0	0	0	0	0	0	1	0	0	4	0	0	0	0	0	0	0	0	0	0	0	0	0	0	0	0	0	0	0	0	0	0	0	0	0	0
C39	6	0	6	0	0	0	0	0	0	0	0	0	0	0	0	4	0	1	1	0	0	0	0	0	0	0	0	0	0	0	0	0	0	0	0	0	0	0	0	0	5	0	0	0	0	0	0	0	0	0	0	0	0	1	0	0	0	0	0	0	0	0	0	0	0	0	0	0	0	0	0	0	0	0	0	0	0	0
C41	22	0	244	0	0	0	0	0	0	0	0	0	0	0	0	6	0	0	0	0	0	0	0	0	0	0	0	0	0	0	0	0	0	0	0	0	0	0	0	0	2	0	0	0	0	0	0	0	0	0	0	0	0	0	0	0	1	0	0	0	0	0	0	0	1	1	0	0	0	0	0	0	0	46	0	0	0	0
C42	12	1	82	0	0	2	0	0	0	0	0	0	2	0	0	4	0	0	0	0	8	1	0	0	0	0	0	0	0	3	0	0	1	0	0	1	0	0	0	1	2	0	0	0	0	0	2	0	0	0	1	4	1	0	0	0	0	0	0	0	4	0	0	0	20	1	0	0	0	0	3	0	0	3	0	1	0	3
C43	5	0	0	0	0	0	0	0	0	2	0	0	0	0	0	0	0	0	0	0	0	0	0	0	0	0	0	0	0	0	0	0	0	0	0	0	0	0	0	0	0	0	0	0	0	0	0	0	14	0	0	0	0	0	0	0	0	0	0	0	0	0	0	0	0	0	0	0	0	0	0	0	0	0	0	0	0	0
C44	110	0	254	11	150	1	2	1	0	7	1	7	9	0	1	12	3	251	13	83	22	13	3	4	0	50	9	0	0	4	3	23	14	47	0	0	30	51	18	36	101	0	1	0	3	0	0	2	1	0	30	117	6	3	1	0	18	1	2	20	26	0	1	0	0	47	0	0	1	3	0	1	1	12	29	1	1	2
C45	4	0	0	0	0	0	0	0	0	0	0	0	0	0	0	0	0	0	0	0	0	0	2	0	0	2	0	0	0	0	0	0	3	0	0	0	0	0	1	2	0	0	0	0	4	0	0	0	0	0	0	0	0	0	0	0	0	0	0	0	0	0	0	0	0	0	0	0	0	0	0	0	0	9	1	0	0	0
C47	34	12	52	5	113	340	123	1	10196	0	0	3	0	121	3	17081	57	0	1	7	3	5	2	4	9	8	53	0	662	6980	3586	22	1	0	1	2025	10	0	5	70	8879	401	2	0	36	0	9	2	24	4	812	330	11	5	0	0	2	0	10	15	0	0	15	0	0	1462	0	0	0	0	537	2	7	18906	2	3	1935	2
C48	29	0	0	1	0	0	0	0	0	152	0	0	4	0	0	0	0	0	0	0	4	0	0	0	5	0	13	0	0	0	0	6	0	0	0	0	0	0	0	0	0	0	0	0	0	0	0	0	13	0	0	0	0	0	0	0	0	0	0	2	14	0	0	0	4	0	0	4	1	0	0	0	0	0	0	0	0	0
C50	23	0	27	0	0	0	3	0	0	0	1	1	0	0	0	9	0	0	0	0	2	4	2	0	0	0	3	0	0	0	0	0	2	0	1	0	0	1	1	5	0	1	0	0	0	0	13	0	1	0	0	20	0	0	0	0	0	0	0	0	7	0	1	0	5	8	0	0	1	0	0	0	0	0	0	0	0	1
C51	14	9	32	0	1	0	0	0	0	0	0	0	0	0	0	2	0	0	0	0	0	1	0	0	0	0	0	0	0	0	0	0	0	0	0	0	0	1	0	1	0	0	0	0	0	0	0	0	7	0	0	4	0	0	0	0	0	0	0	0	1	0	0	0	0	1	0	0	0	0	0	0	0	0	0	0	0	0
C52	31	0	0	0	0	0	0	0	0	0	0	0	0	0	0	0	0	0	0	0	0	0	0	0	0	1	0	0	0	0	0	0	0	0	0	0	0	0	0	0	0	0	0	0	0	0	0	0	0	0	0	0	0	0	0	0	0	0	0	0	0	0	0	0	0	0	0	0	0	0	0	0	0	0	0	0	0	0
C53	5	1	321	0	0	0	0	0	1	0	0	0	0	0	0	2	0	0	0	1	0	0	0	0	0	0	0	0	0	0	0	0	0	0	0	0	0	0	0	2	0	0	0	0	0	0	0	0	0	0	0	0	0	0	0	0	0	0	0	0	0	0	0	0	0	7	0	0	0	0	0	0	0	0	0	1	0	0
C54	6363	951	53462	5917	1816	95	15127	65	54	7343	17330	209	3120	2839	6155	23870	1618	11607	368	4942	7151	424	3192	2033	773	4592	526	1555	2	7401	21175	1000	3691	4296	264	26	7331	22644	503	766	62614	5860	111	15022	252	50052	4421	2430	15714	19199	2892	21108	1797	5371	6109	12	164	1472	277	3271	7934	955	1829	9	494	34662	29162	20	1196	2286	558	134	1986	723	5239	874	1964	1045
C57	28	2	9	0	4	1	0	0	0	1	0	1	0	1	0	7	1	0	0	0	0	0	0	0	0	0	0	0	0	0	0	0	0	0	0	0	0	0	0	0	0	0	0	0	0	0	0	0	25	0	6	11	0	0	0	0	3	0	1	0	1	0	1	0	0	0	0	0	0	3	1	0	0	3	0	0	0	0
C59	4	0	0	0	0	0	0	0	2	0	0	0	0	0	0	3	0	0	0	0	0	0	0	0	0	0	0	0	0	0	0	0	0	0	0	0	0	0	0	0	0	0	2	0	0	0	0	0	0	0	0	0	0	0	0	0	0	0	0	0	0	0	0	0	0	0	0	0	0	0	0	0	0	0	0	0	0	0
C60	7	0	514	0	0	0	0	0	0	0	0	0	0	0	0	3	0	0	0	0	0	4	0	0	0	0	0	0	0	0	0	0	0	0	0	0	0	4	0	0	0	0	0	0	0	0	0	0	0	0	0	2	0	0	1	0	0	0	0	0	0	0	0	0	0	1	0	0	0	0	0	0	0	0	0	0	0	0
C61	5	0	0	4	1	0	64	0	0	0	32	0	0	2	7	0	6	67	3	0	0	0	0	2	0	31	0	0	0	59	0	13	13	24	41	0	63	7	0	7	0	10	0	12	0	0	124	0	2	0	2	0	6	0	0	0	0	15	6	33	87	0	8	0	305	0	3	0	2	0	3	0	2	0	12	52	0	2
C62	15	0	0	0	0	0	0	0	0	0	0	0	0	0	0	0	0	0	0	0	0	0	0	0	0	0	0	0	0	0	0	0	0	0	0	0	0	0	0	0	0	0	0	0	0	0	0	0	0	0	0	0	0	0	0	0	0	0	0	0	0	0	0	0	0	0	0	0	0	0	0	0	0	4	0	0	0	0
C63	3	3	528	0	0	0	0	0	0	0	0	0	0	0	0	0	0	0	0	0	0	0	0	0	0	0	0	0	0	0	0	0	0	0	1	0	0	0	0	1	1	0	0	0	0	0	1	0	0	0	0	0	0	0	0	0	0	0	0	0	5	0	0	0	9	0	0	0	0	0	1	0	0	0	0	0	0	0
C65	16	0	0	0	0	0	0	0	0	0	0	0	0	0	0	0	0	0	0	0	0	0	0	0	0	0	0	0	0	0	0	0	0	0	0	0	0	0	0	0	0	0	0	0	0	0	0	0	0	0	0	0	0	0	0	0	0	0	0	0	0	0	0	0	0	0	0	0	0	0	0	0	0	0	0	0	0	0
C66	6704	2674	8818	0	0	0	0	0	6	0	0	8	2	3983	1	25007	3	2	11	1	0	3	1	95	1	0	0	0	0	0	0	1	1	0	0	0	0	0	0	1	25	1	28	0	0	0	0	0	1	3	0	1398	1	2	2	0	7	1	0	4	0	0	0	0	0	2644	0	0	2	0	0	0	0	405	1	0	0	23
C67	15	0	2	0	0	0	0	0	0	0	0	0	0	0	0	3	0	0	0	0	0	0	0	0	0	0	0	0	0	0	0	0	0	0	0	1	0	0	0	0	2	0	0	0	0	0	0	0	0	0	0	6	0	0	0	0	0	0	0	0	0	0	0	0	0	2	0	0	0	0	0	0	0	4	0	0	0	0
C68	6	0	1	0	0	0	0	0	0	0	0	0	0	0	0	1	0	0	0	0	0	0	0	0	0	0	0	0	0	0	0	0	0	0	0	0	0	0	0	0	2	0	0	0	0	0	0	0	0	0	0	0	0	0	0	0	0	0	0	0	0	0	0	0	0	1	0	0	0	0	0	0	0	0	0	0	0	0
C69	17	702	1349	59	1	0	0	0	3	0	5	0	1	1	4	23	5	43	0	4	5	1	3	0	11	75	9	10	0	0	1	63	0	0	782	0	0	12	0	7	44	0	0	0	0	1	7	0	28	4	3	16	0	0	0	0	0	1	279	9	17	2	3	0	0	1385	0	0	3	1	0	0	1	2	0	2	0	0
C71	166	2066	869	2812	29	0	31	339	6588	7	288	1	177	742	135	14	5	649	50	274	26	149	1538	16	404	5074	3460	277	0	7	0	399	179	7	3958	1	69	1508	25	609	3828	0	7	143	169	107	362	241	1000	186	1	4619	89	167	52	52	337	183	694	68	1076	88	11	3	39	3452	2	66	1180	4682	0	1235	7	35	71	293	0	17
C72	8	0	0	0	0	0	0	0	2	0	0	0	0	0	0	16	0	0	0	0	0	1	0	0	0	0	0	0	0	0	0	0	0	0	0	0	0	0	0	0	0	0	0	0	0	0	0	0	0	0	1	0	0	0	1	0	0	2	0	0	0	0	0	0	0	0	0	0	0	0	0	0	0	0	0	0	0	0
C73	1	0	0	0	0	0	0	0	0	56	0	0	2	0	0	0	0	0	0	0	2	0	0	0	0	0	0	0	0	0	0	2	0	0	0	0	0	0	0	8	0	0	0	0	0	0	0	0	8	0	0	0	0	0	0	0	0	0	0	0	0	0	0	0	0	0	0	0	3	0	0	0	0	0	0	0	0	0
C74	14	7	7	1	0	0	0	0	11	1	0	0	0	1	1	59	0	2	0	0	0	0	0	2	0	0	0	0	0	0	0	0	0	1	0	0	0	0	0	0	0	0	0	0	0	0	0	0	0	1	1	0	0	1	0	0	0	1	1	0	0	0	0	0	0	0	2	1	0	1	0	0	0	0	2	0	0	0
C75	2	72	29	1	0	0	0	1	0	0	1	0	0	1	1	0	0	2	0	1	0	0	4	0	0	0	0	0	0	0	0	1	0	0	1	0	0	2	0	0	0	0	0	1	0	0	0	0	0	0	0	2	0	0	3	1	0	0	4	7	0	2	0	0	0	15	0	0	0	0	0	0	0	0	1	0	0	0
C76	2081	0	0	0	0	0	0	0	0	0	0	0	1	1	2	0	0	0	0	0	0	0	0	0	8	0	18	0	0	0	0	4	3	0	0	0	0	0	0	0	0	0	0	14	0	0	1	1	0	0	0	0	0	2	0	0	0	0	2	0	0	22	0	0	0	444	0	27	0	0	0	0	0	0	1	6	0	0
C77	6	0	1	0	0	0	0	0	0	2	3	0	0	0	0	0	0	0	0	0	2	0	0	0	0	0	0	0	0	0	0	0	0	0	0	0	0	0	0	0	2	0	0	0	0	0	0	0	2	0	0	0	0	0	0	0	0	0	0	0	2	0	0	0	0	0	0	2	5	0	0	0	0	0	0	0	0	0
C80	2	32	21	1	0	0	0	0	0	6	0	0	0	0	0	0	0	2	0	0	0	0	0	0	0	0	1	0	0	0	0	0	2	0	0	0	0	6	1	8	1	3	0	0	0	0	8	0	3	0	0	16	1	0	2	0	0	0	4	0	2	0	0	0	9	0	0	0	0	0	0	0	0	21	0	2	0	0
C81	6	0	0	0	0	0	0	0	0	0	2	0	0	0	0	8	0	0	0	0	0	0	0	0	0	0	0	0	0	0	0	0	0	0	0	0	0	0	0	0	0	0	0	0	0	0	0	0	5	0	0	0	0	0	0	0	0	0	0	0	0	0	0	0	0	0	0	0	0	0	0	0	0	0	0	0	0	0
C82	4	10	0	0	0	0	0	0	0	0	0	0	0	0	0	0	0	5	1	0	0	0	0	0	0	0	0	0	0	0	0	0	0	0	0	0	0	0	2	0	0	0	0	0	0	0	0	0	0	0	0	4	0	0	0	0	0	0	0	0	0	0	2	0	0	0	0	0	0	25	0	0	0	0	0	0	0	0
C83	17	0	0	0	0	0	0	0	0	0	0	0	0	0	0	0	0	0	0	0	0	0	0	0	0	0	0	0	0	0	0	0	0	0	0	0	0	0	0	0	0	0	0	0	0	0	0	0	0	0	0	0	0	0	0	0	0	0	0	0	0	0	0	0	0	0	0	0	0	0	0	0	0	0	0	0	0	0
C84	15	19	172	2	1	0	7	0	17	8	1	0	1	0	0	2	0	0	0	0	1	1	0	0	1	4	36	0	0	0	0	5	3	0	0	0	0	55	1	50	0	1	0	0	0	0	17	0	26	4	0	4	0	0	2	0	0	0	1	0	17	0	0	0	14	0	0	3	4	0	1	0	0	9	0	97	0	4
C85	452	0	132	6	0	0	20	0	223	0	10	0	0	268	0	353	4	10	7	0	0	1	0	0	0	49	0	0	0	2	0	1	127	38	72	0	45	7	52	1	5	19	0	19	0	0	124	0	0	2	6	28	0	7	0	0	0	4	0	5	51	0	2	0	61	146	3	0	0	0	1	0	0	30	4	22	0	6
C87	0	0	866	0	0	0	0	0	1	0	0	0	0	0	0	0	0	0	0	0	0	0	0	0	0	0	0	0	0	0	0	0	0	0	0	0	0	0	0	0	0	0	0	0	0	0	1	0	0	0	0	0	0	0	0	0	0	0	0	0	0	0	0	0	0	0	0	0	0	0	0	0	0	0	0	0	0	0
C88	0	11	0	0	0	0	0	0	0	0	0	0	0	0	0	0	0	0	0	0	0	0	0	0	0	0	0	0	0	0	0	0	0	0	0	0	0	0	0	0	0	0	0	0	0	0	0	0	0	0	0	0	0	0	0	0	0	0	0	0	0	0	0	0	0	0	0	0	0	0	0	0	0	0	0	0	0	0
C89	0	57	158	0	0	0	0	0	0	0	0	0	0	7	0	63	0	0	0	0	0	0	0	0	0	0	0	0	0	0	0	0	0	0	0	0	0	0	0	0	2	3	0	0	0	0	0	0	0	0	0	0	0	0	0	0	0	0	0	0	0	0	0	0	0	6	0	0	0	0	0	0	0	0	0	0	0	0
C90	11	32	111	2	0	4	0	0	9	1	0	0	0	0	0	23	0	1	1	0	2	0	2	0	0	0	1	0	0	0	0	0	1	0	6	1	0	3	2	2	7	0	0	0	0	0	12	0	8	0	0	503	0	0	0	0	0	0	0	5	14	0	0	0	13	7	0	2	2	0	34	1	0	29	0	0	0	1
C91	20	4	1	0	0	0	0	0	0	5	0	0	0	0	0	0	0	0	0	0	0	0	0	0	0	0	0	0	0	0	0	0	0	0	0	0	0	0	0	0	0	0	0	0	0	0	0	0	3	0	0	0	0	0	0	0	0	0	0	0	0	0	0	0	0	0	0	0	0	0	0	0	0	0	0	0	0	0
C92	6	10	477	0	2	0	0	0	0	1	0	0	0	7	0	189	0	0	0	0	1	3	0	1	0	0	1	2	0	0	1	0	0	0	0	0	0	0	2	2	903	36	0	0	0	0	0	0	0	0	0	26	0	0	0	0	0	0	2	0	2	0	0	0	0	1240	0	0	0	0	2	0	0	0	0	0	0	0
C94	0	72	2	0	2	0	0	0	0	0	0	0	0	0	0	0	0	0	0	0	0	0	0	0	0	0	0	0	0	0	0	0	0	0	0	0	0	0	0	0	0	0	0	0	0	0	0	0	0	0	0	0	0	0	0	0	0	0	2	0	8	0	0	0	0	0	0	31	0	0	0	0	0	0	0	0	0	0
C95	14	0	0	0	0	0	0	0	0	0	0	0	0	0	0	0	0	0	0	0	3	0	0	0	0	0	0	0	0	0	0	0	0	0	0	0	0	0	0	2	0	0	0	0	0	0	0	0	0	0	0	0	0	0	0	0	0	0	0	0	0	0	0	0	0	0	0	0	0	0	0	0	0	1	0	0	0	0
C98	11	0	0	8	0	0	0	0	2	0	3	0	2	1	4	0	0	8	0	4	1	5	6	0	47	2	8	9	0	0	0	6	5	0	2	0	2	8	5	14	0	0	0	1	2	2	3	20	11	0	0	0	0	1	6	1	0	7	2	12	2	3	1	0	4	2	0	0	10	0	0	11	0	3	7	1	0	6
C100	0	36	13	0	0	0	0	0	0	0	0	0	0	0	0	5	0	0	0	0	1	0	0	0	0	0	0	0	0	0	0	0	0	0	0	0	0	0	0	1	0	0	0	0	0	0	0	0	2	0	0	0	0	0	0	0	0	0	1	0	0	0	0	0	2	2	0	0	0	0	0	1	0	2	0	0	0	0
C103	2	0	0	1	2	0	1	0	0	0	0	0	0	0	0	0	1	0	9	0	10	2	1	5	0	0	0	0	0	0	0	0	0	0	0	0	5	0	1	0	0	2	0	0	0	0	0	1	1	0	0	15	0	0	0	0	0	0	0	0	0	0	0	0	0	0	2	0	0	25	0	0	0	0	1	0	0	0
C104	2	1	86	0	1	0	0	0	0	30	0	0	2	0	0	40	0	0	0	8	5	0	0	0	0	1	0	30	0	0	0	0	4	0	1	0	0	0	0	5	3	0	0	7	0	0	0	0	7	0	0	5	0	0	0	0	0	0	0	2	0	0	0	0	0	148	0	0	0	136	0	1	0	3	0	0	0	0
C106	5	0	12	9	4	28	2	0	0	2	4	16	3	0	0	5	0	0	90	0	134	31	25	2	0	1527	1	0	0	374	0	0	2	14	2	9	43	82	36	14	5	30	2	1	0	6	2	2	15	3	63	0	0	0	2	0	5	0	0	13	102	0	81	6	62	1	3	3	3	17	79	12	0	2	0	4	0	476
C107	111	0	253	2	4	0	0	0	0	0	0	1	0	0	0	12	0	17	0	5	0	0	0	1	0	2	0	0	0	0	0	0	0	2	0	0	3	2	2	1	103	0	0	0	0	0	0	0	0	0	2	118	0	0	0	0	2	0	0	0	0	0	0	0	0	46	0	0	0	0	0	0	0	12	0	1	0	0
C108	7	0	20	0	0	0	0	0	1	0	0	0	0	0	0	0	0	0	0	0	0	0	0	0	0	0	0	0	0	0	0	0	0	0	0	0	0	1	1	0	0	0	0	0	0	0	0	0	0	0	0	10	0	0	0	0	0	0	0	0	0	0	0	0	0	1	0	0	0	0	0	0	0	0	0	0	0	0
C109	1	6	3	0	0	0	0	0	0	0	0	0	0	0	0	3	0	0	0	0	0	0	0	0	0	0	0	0	0	0	0	0	0	0	0	0	0	0	0	0	3	0	0	0	0	0	0	0	0	0	0	0	0	0	0	0	0	0	0	1	0	0	0	0	0	4	0	0	0	0	0	0	0	0	0	0	0	0
C110	2	8	1	0	0	0	0	0	0	0	0	0	0	0	0	0	0	0	0	0	0	0	0	0	0	0	0	0	0	0	0	0	0	0	0	0	0	0	0	0	1	0	0	0	0	0	0	0	0	0	0	0	0	0	0	0	0	0	0	0	0	0	0	0	0	0	0	0	0	0	0	0	0	0	0	0	0	0
C111	11	20	10	0	0	0	0	0	0	0	0	0	0	4	0	2	0	0	0	0	0	0	0	0	0	0	0	0	0	0	0	0	0	0	0	0	0	0	0	0	0	0	0	0	0	0	0	0	0	0	0	5	0	0	0	0	0	0	0	0	0	0	0	0	0	4	0	0	0	0	0	0	0	0	0	0	0	0
C113	4	0	0	0	0	0	0	0	0	0	0	0	0	0	0	0	0	0	0	0	0	0	0	0	0	0	0	0	0	0	0	0	0	0	0	0	0	0	0	0	0	0	0	0	0	0	0	0	0	0	0	0	0	0	0	0	0	0	0	0	0	0	0	0	0	4	0	0	0	15	0	0	0	0	0	0	0	0
C114	41	20	9	0	0	0	0	0	0	1	0	0	0	0	0	23	1	1	0	0	1	0	1	1	0	0	0	0	0	0	0	0	0	1	0	0	0	7	0	1	4	0	0	0	0	0	0	1	5	0	0	2964	0	0	0	0	0	1	0	0	3	0	0	0	8	143	0	0	3	0	0	1	0	0	0	0	0	1
C115	2	1	82	0	0	0	0	0	0	13	0	0	4	0	0	5	0	0	0	47	4	0	0	0	0	0	0	2	0	0	0	0	6	4	2	0	0	0	2	15	0	0	0	2	1	0	0	1	16	0	0	0	0	0	0	0	0	0	0	5	2	2	0	0	0	157	0	0	0	137	0	0	0	5	0	2	0	0
C116	286	0	4	72	172	0	50	30	7	548	59	2	47	2	2340	13	10	558	6	3961	1559	75	2342	0	0	672	109	19467	0	102	2	718	380	588	10524	0	305	442	56	246	0	61	0	163	606	7	117	0	6	17	13	13	8	39	279	2296	1	4187	44	166	134	584	68	0	17452	370	1187	0	4	251	16	13	9	134	1883	336	0	6
C118	3	1	3	0	0	0	0	0	0	0	0	0	0	1	0	0	0	0	0	0	0	0	0	0	0	0	0	0	0	0	0	0	0	0	0	0	0	0	0	0	0	0	0	0	0	0	0	0	0	0	0	1	0	0	0	0	0	0	0	0	0	0	0	0	0	4	0	0	0	0	0	0	0	0	0	0	0	0
C119	4	2	2	0	0	0	0	0	0	0	0	0	0	0	0	0	0	0	0	0	0	0	0	0	0	0	0	0	0	0	0	0	0	0	0	0	0	0	0	0	0	0	0	0	0	0	0	0	0	0	0	4	0	0	0	0	0	0	0	0	0	0	0	0	0	0	0	0	0	0	0	0	0	0	0	0	0	0
C122	10	0	3	0	0	0	0	0	0	0	0	0	0	0	0	0	0	0	0	0	0	0	0	0	0	0	0	0	0	0	0	0	0	0	0	0	0	0	0	0	0	0	0	0	0	0	0	0	2	0	0	0	0	0	0	0	0	0	0	0	0	0	0	0	0	0	0	0	0	0	0	0	0	0	0	0	0	0
C123	2	0	3	0	0	1	0	0	0	0	0	0	0	0	1	0	0	0	0	0	0	1	0	3	0	0	0	0	0	0	0	2	0	0	0	0	0	0	0	2	0	0	0	0	0	0	0	0	105	0	3	0	0	0	0	0	0	0	0	0	2	0	0	0	0	0	0	0	0	0	0	0	0	0	0	0	1	0
C124	13	17	3	0	0	0	0	0	0	0	0	0	0	2	0	2	0	0	0	0	0	0	0	0	0	0	0	0	0	0	0	0	0	0	0	0	0	0	0	0	0	0	0	0	0	0	0	0	0	0	0	2	0	0	0	0	0	0	0	0	0	0	0	0	0	3	0	0	0	0	0	0	0	0	0	0	0	0
C125	9	2	6	0	0	0	0	0	23	0	0	0	0	0	0	27	0	0	0	0	2	0	0	1	2	0	0	0	0	0	0	0	2	2	0	0	0	0	9	3	0	0	0	0	0	0	2	0	16	0	0	9	0	0	0	0	0	0	1	0	10	0	0	0	2	17	0	0	0	0	0	0	0	23	23	0	0	0
C130	5	0	216	0	0	4	0	0	0	0	0	0	0	0	0	12	0	2	0	0	0	0	0	0	0	0	0	0	0	0	0	0	0	0	0	0	2	0	2	0	6	0	0	0	0	0	1	0	0	0	0	0	0	0	0	0	0	0	0	3	0	0	0	0	50	5	0	0	0	0	2	0	0	4	0	0	0	0
C134	9	0	5	0	0	0	0	0	0	0	0	0	0	1	0	0	0	1	0	0	0	0	1	0	0	0	0	4	0	0	0	0	0	0	6	0	0	0	0	0	0	0	0	1	0	0	0	0	0	0	0	0	0	0	0	0	0	1	0	0	0	0	0	0	5	8	0	0	0	0	0	0	0	1	0	0	0	0
C136	4	0	46	0	0	0	0	0	0	0	0	0	0	0	0	0	0	0	0	0	0	0	0	0	0	0	0	0	0	0	0	0	0	0	0	0	0	0	2	0	6	0	0	0	0	0	0	0	0	0	0	1	0	0	0	0	0	0	0	0	0	0	0	0	0	7	0	0	0	0	0	0	0	9	0	0	0	0
C138	2	0	0	5	0	0	0	0	0	0	0	0	0	0	0	0	0	6	1	0	0	0	0	0	0	0	0	0	0	0	3	0	0	0	4	0	0	2	0	2	0	0	0	0	0	0	14	0	0	0	2	0	0	0	0	0	0	0	2	0	4	0	0	0	18	0	0	0	0	0	0	0	0	0	0	0	0	0
C141	119	3	481	0	0	0	0	0	0	0	0	0	0	0	0	25	0	0	0	0	0	0	0	0	0	0	0	0	0	0	0	0	0	0	0	0	0	0	0	0	2	0	0	0	0	0	5	0	0	0	0	666	0	0	0	0	0	0	0	0	0	0	0	0	0	20	0	0	0	0	0	0	0	7	0	0	0	0
C143	0	7	11	0	0	0	0	0	0	0	0	0	0	0	0	0	1	0	0	0	0	0	0	0	0	0	0	0	0	0	0	0	0	0	0	0	0	0	0	0	1	0	0	0	0	0	0	0	0	0	0	1	0	0	0	0	0	0	1	0	0	0	0	0	0	9	0	0	0	0	0	0	0	0	0	0	0	0
C147	42	0	0	0	0	0	0	0	0	0	0	0	0	0	0	0	0	0	0	0	0	0	0	0	0	0	0	0	0	0	0	0	0	0	0	0	0	0	0	0	0	0	0	0	0	0	0	0	0	0	0	2	0	0	0	0	0	0	0	0	0	0	0	0	0	0	0	0	0	0	0	0	0	0	0	0	0	1
C148	4	0	1	0	0	0	0	0	0	0	0	0	0	0	0	0	0	0	0	0	0	0	0	0	0	0	0	0	0	0	0	0	0	0	0	0	0	0	0	0	1	0	0	0	0	0	0	0	0	0	0	3	0	0	0	0	0	0	0	0	0	0	0	0	0	0	0	0	0	0	0	0	0	4	0	0	0	0
C152	7	0	3	0	0	0	0	0	0	0	0	0	0	2	0	0	0	0	0	0	0	0	0	0	0	0	0	0	0	0	0	0	0	0	0	0	0	0	0	0	3	0	0	0	0	0	0	0	0	0	0	1	0	0	0	0	0	0	0	0	0	0	0	0	0	0	0	0	0	0	0	0	0	0	0	0	0	0
C153	6	1	2	0	0	0	0	0	0	0	0	0	0	0	0	2	0	0	0	0	0	0	0	0	0	0	0	0	0	0	0	0	0	0	0	0	0	0	0	0	3	0	0	0	0	0	0	0	0	0	0	3	0	0	0	0	0	0	0	0	0	0	0	0	0	2	0	0	0	0	0	0	0	0	0	0	0	0
C154	124	2711	7083	19	6	12	24	2735	456	1	5	1	0	350	1	17080	0	13	2	0	3	1	10	0	0	12	83	0	1	2	0	5	1	0	1	0	5	34	0	57	8008	62	0	0	0	0	17393	0	9	0	7	2277	0	0	3	19	0	0	4	25	48	0	0	0	5	5718	0	19	1	0	252	0	1	622	4	6	0	2
C156	0	0	0	3	7	4	17	0	0	16	2	0	5	0	0	9	2	7	0	1	14	4	0	2	4	11	6	0	0	0	0	10	17	5	7	0	0	33	13	62	0	6	0	0	0	0	47	2	53	11	7	0	0	0	0	0	1	0	19	7	146	0	2	0	121	0	2	2	14	0	116	7	0	0	3	1	0	6
C157	0	15	0	0	0	0	0	0	0	0	0	0	0	0	0	0	0	0	0	0	0	0	0	0	0	0	0	0	0	0	0	0	0	0	0	0	0	0	0	0	0	0	0	0	0	0	0	0	0	0	0	0	0	0	0	0	0	0	0	0	0	0	0	0	0	0	0	0	0	0	0	0	0	0	0	0	0	0
C158	0	0	0	0	0	0	3	0	0	0	0	0	0	0	0	0	0	0	0	0	0	0	0	0	0	0	1	0	0	0	0	0	0	0	0	0	0	0	0	0	0	0	0	0	0	0	0	0	6	0	0	0	0	2	0	0	0	0	0	0	0	1	2412	0	0	0	0	0	0	0	0	0	0	0	0	0	0	0
C160	4	4	2	0	0	0	0	0	0	0	0	0	0	0	0	2	0	0	0	0	0	0	0	0	0	0	0	0	0	0	0	0	0	0	0	0	0	0	0	0	1	0	0	0	0	0	0	0	0	0	0	0	0	0	0	0	0	0	0	0	0	0	0	0	0	1	0	0	0	0	0	0	0	0	0	0	0	0
C161	4	5	1	0	0	0	0	0	0	0	0	0	0	0	0	1	0	0	0	0	0	0	0	0	0	0	0	0	0	0	0	0	0	0	0	0	0	0	0	0	0	0	0	0	0	0	0	0	0	0	0	2	0	0	0	0	0	0	0	0	0	0	0	0	0	3	0	0	0	0	0	0	0	0	0	0	0	0
C167	3	0	0	0	0	0	0	0	50	0	0	0	0	2	0	0	0	2	0	0	0	0	0	0	0	0	0	0	0	0	0	0	0	0	0	0	0	0	0	0	1	0	0	0	0	0	0	0	4	0	0	0	0	0	0	0	0	0	0	0	0	0	0	0	0	34	0	0	0	0	0	0	0	0	0	0	0	0
C169	4	0	3	0	0	0	0	0	0	0	0	0	0	2	0	2	0	0	0	0	0	0	0	0	0	0	0	0	0	0	0	0	0	0	0	0	0	0	0	0	5	0	0	0	0	0	0	0	0	0	0	1	0	0	0	0	0	0	0	0	0	0	0	0	0	2	0	0	0	0	0	0	0	0	0	0	0	0
C173	0	7	4	5	0	0	0	0	0	33	0	0	8	0	0	0	0	0	0	1	4	0	0	0	0	0	0	0	0	0	0	0	0	0	0	0	0	2	0	0	0	0	0	0	0	0	4	0	6	0	0	0	0	0	0	0	0	0	0	0	7	0	0	0	8	0	0	0	0	0	0	0	0	0	0	0	0	0
C174	1	10	3	0	0	0	0	0	0	0	0	0	0	0	0	1	0	0	0	0	0	0	0	0	0	0	0	0	0	0	0	0	0	0	0	0	0	0	0	0	0	0	0	0	0	0	0	0	0	0	0	0	0	0	0	0	0	0	0	0	0	0	0	0	0	2	0	0	0	0	0	0	0	0	0	0	0	0
C185	3	20	10	0	0	0	0	1	9	0	1	0	0	0	51	0	1	0	2	0	4	0	0	0	9	23	2	46	0	0	0	49	1	2	498	0	0	54	2	2	73	0	0	0	0	2	4	0	134	0	0	38	1	48	0	0	3	2	1	4	5	21	0	0	0	22234	0	0	20	0	0	1	0	8	4	0	0	0
C187	3	0	7	0	0	0	0	0	0	0	0	0	0	0	0	3	0	0	0	0	0	0	0	0	0	0	0	0	0	0	0	0	0	0	0	0	0	0	0	0	9	0	0	0	0	0	0	0	0	0	0	1	0	0	0	0	0	0	0	0	0	0	0	0	0	6	0	0	0	0	0	0	0	0	0	0	0	0
C188	5	0	1	2	0	0	0	0	0	0	0	0	0	0	0	1	0	0	2	0	0	0	0	0	0	0	0	0	0	0	0	0	0	0	0	0	0	0	0	0	0	1	0	0	0	0	0	0	0	0	6	2	0	0	0	0	0	0	0	0	0	0	0	0	0	1	0	0	0	1	0	0	0	0	0	0	0	0
C190	3	2	3	0	0	0	0	0	0	0	0	0	0	1	0	6	0	0	0	0	0	0	0	0	0	0	0	0	0	0	0	0	0	0	0	0	0	0	0	0	1	0	0	0	0	0	0	0	0	0	0	2	0	0	0	0	0	0	0	0	0	0	0	0	0	0	0	0	0	0	0	0	0	0	0	0	0	0
C193	1	1	5	0	0	0	0	0	0	0	0	0	0	0	0	3	0	0	0	0	0	0	0	0	0	0	0	0	0	0	0	0	0	0	0	0	0	0	0	0	5	0	0	0	0	0	0	0	0	0	0	2	0	0	0	0	0	0	0	0	0	0	0	0	0	8	0	0	0	0	0	0	0	0	0	0	0	0
C194	3	0	0	0	0	0	0	2	0	6	0	0	0	0	0	0	0	0	0	0	0	0	0	0	0	0	19	0	0	0	0	0	0	0	0	0	0	12	0	2	0	0	0	0	0	0	7	0	2	0	0	0	0	0	0	0	0	0	0	0	0	0	0	0	0	0	0	0	13	0	0	0	0	0	0	0	0	0
C200	4	0	1	0	0	0	0	0	0	0	0	0	0	0	0	0	0	0	0	0	0	0	0	0	0	0	0	0	0	0	0	0	0	0	0	0	0	0	0	0	2	0	0	0	0	0	0	0	0	0	0	0	0	0	0	0	0	0	0	0	0	0	0	0	0	0	0	0	0	0	0	0	0	4	0	0	0	0
C204	3	0	2	0	0	0	0	0	0	0	0	0	0	0	0	3	0	0	0	0	0	0	0	0	0	0	0	0	0	0	0	0	0	0	0	0	0	0	0	0	1	0	0	0	0	0	0	0	0	0	0	0	0	0	0	0	0	0	0	0	0	0	0	0	0	4	0	0	0	0	0	0	0	0	0	0	0	0
C208	0	2	4	0	0	0	0	0	5	0	0	0	0	0	0	10	0	0	0	0	0	0	0	0	0	0	0	0	0	0	0	0	0	0	0	0	0	0	0	0	0	0	0	0	0	0	0	0	0	0	0	0	0	0	2	0	0	1	0	0	0	0	0	0	0	0	0	0	0	0	0	0	0	0	0	0	0	0
C211	1	0	4	0	0	0	0	0	0	0	0	0	0	0	0	2	0	0	0	0	0	0	0	0	0	0	0	0	0	0	0	0	0	0	0	0	0	0	0	0	1	0	0	0	0	0	0	0	0	0	0	2	0	0	0	0	0	0	0	0	0	0	0	0	0	1	0	0	0	0	0	0	0	4	0	0	0	0
C216	4	3	1	0	0	0	0	0	1	0	0	0	0	0	0	2	0	0	0	0	0	0	0	0	0	0	0	0	0	0	0	0	0	0	0	0	0	0	0	0	3	0	0	0	0	0	0	0	0	0	0	0	0	0	0	0	0	0	0	0	0	0	0	0	0	7	0	0	0	0	0	0	0	1	0	0	0	0
C221	2	0	3	0	0	0	0	0	0	0	0	0	0	0	0	3	0	0	0	0	0	0	0	0	0	0	0	0	0	0	0	0	0	0	0	0	0	0	0	0	1	0	0	0	0	0	0	0	0	0	0	2	0	0	0	0	0	0	0	0	0	0	0	0	0	3	0	0	0	0	0	0	0	0	0	0	0	0
C222	0	2	0	17	0	0	0	0	0	0	0	0	0	0	0	0	0	0	0	0	2	0	0	0	0	2	0	0	0	0	0	0	0	0	0	0	0	0	0	0	0	0	0	0	0	0	0	0	0	0	0	0	0	0	0	0	0	0	0	0	10	0	0	0	9	0	0	2	0	0	0	0	0	0	0	0	0	0
C223	2387	1279	53216	2895	4453	1957	3034	51	15	1143	1975	2530	230	4955	1747	22392	4862	5237	388	5469	1735	171	6485	750	509	5188	1625	71	1	6585	4976	587	3329	772	231	92	5161	6461	878	11368	55112	6436	506	1402	303	258	1066	840	12601	866	4380	39353	2832	1302	308	120	1702	891	1166	3953	2757	419	11457	2	50	31572	1731	44	218	1162	497	297	1010	335	1184	954	3048	666
C231	2	0	2	0	0	0	0	0	0	0	0	0	0	2	0	3	0	0	0	0	0	0	0	0	0	0	0	0	0	0	0	0	0	0	0	0	0	0	0	0	0	0	0	0	0	0	0	0	0	0	0	0	0	0	0	0	0	0	0	0	0	0	0	0	0	2	0	0	0	0	0	0	0	0	0	0	0	0
C237	5	0	6	0	0	0	0	0	0	0	0	0	0	0	0	0	0	0	0	0	0	0	0	0	0	0	0	0	0	0	0	0	0	0	0	0	0	0	0	0	0	0	0	0	0	0	0	0	0	0	0	0	0	0	0	0	0	0	0	0	0	0	0	0	0	0	0	0	0	0	0	0	0	0	2	0	0	0
C238	1	1	1	0	0	0	0	0	0	0	0	0	0	1	0	3	0	0	0	0	0	0	0	0	0	0	0	0	0	0	0	0	0	0	0	0	0	0	0	0	6	0	0	0	0	0	0	0	0	0	0	0	0	0	0	0	0	0	0	0	0	0	0	0	0	0	0	0	0	0	0	0	0	0	0	0	0	0
C242	0	0	933	3	0	0	0	0	0	0	0	0	0	6	0	19	0	1	0	1	5	1	0	0	0	0	0	0	0	0	0	0	2	0	0	0	0	0	0	1	0	0	0	0	0	0	1	0	4	0	0	0	0	0	0	0	0	0	0	7	12	0	0	0	1	0	0	0	0	0	0	0	0	0	0	0	0	0
C243	0	0	0	15	4	5	7	4	0	26	7	2	12	0	0	0	0	3	3	0	15	8	5	1	0	10	20	1	0	0	0	2	7	1	17	2	5	10	4	18	0	4	1	1	0	2	29	0	12	11	4	0	31	3	0	0	3	0	1	6	127	1	3	0	122	0	0	7	4	0	79	10	0	0	4	16	0	14
C244	0	0	153	0	0	1	0	0	0	0	0	0	0	0	0	2	0	0	0	0	0	0	0	0	0	0	0	0	0	0	0	0	0	0	0	0	0	0	0	0	0	0	0	0	0	0	0	0	0	0	0	0	0	0	0	0	0	0	0	0	0	0	0	0	10	0	0	0	0	0	0	0	0	2	0	0	0	0
C245	0	0	394	0	0	0	0	0	0	0	0	0	0	0	0	0	0	0	0	0	0	0	0	0	0	0	0	0	0	0	0	0	0	0	0	0	0	0	0	0	0	0	0	0	0	0	0	0	0	0	0	0	0	0	0	0	0	0	0	0	4	0	0	0	1	0	0	0	0	0	0	0	0	0	0	0	0	0
C246	0	0	80	0	0	0	0	0	0	0	0	0	0	0	0	0	0	0	0	0	0	0	0	0	0	0	0	0	0	0	0	0	0	0	0	0	0	0	0	0	0	0	0	0	0	0	0	0	0	0	0	0	0	0	0	0	0	0	0	0	0	0	0	0	0	0	0	0	0	0	0	0	0	0	1	0	0	0
C247	2	0	553	0	0	1	0	0	0	0	0	0	0	0	0	12	0	0	0	0	0	0	0	0	0	0	0	0	0	0	0	0	0	0	0	0	0	0	0	0	5	0	0	0	0	0	0	0	0	0	0	2	0	0	0	0	0	0	0	0	0	0	0	0	13	2	0	0	0	0	0	0	0	2	0	0	0	0
C248	0	1	283	0	0	0	0	0	0	0	0	0	0	0	0	0	0	0	0	0	0	0	0	0	0	0	0	0	0	0	0	0	0	0	0	0	0	1	0	0	0	0	0	0	0	0	0	0	0	0	0	0	0	0	0	0	0	0	0	0	0	0	0	0	0	0	0	0	0	0	0	0	0	0	0	0	0	0
C249	0	1	209	0	0	0	0	0	0	0	0	0	0	0	0	0	0	0	0	0	0	0	0	0	0	0	0	0	0	0	0	0	0	0	0	0	0	0	0	3	0	0	0	0	0	0	45	0	0	4	0	0	0	0	0	0	0	0	0	0	34	0	0	0	34	0	0	0	0	0	0	0	0	0	3	4	0	0
C251	0	0	120	0	1	0	0	0	0	0	0	0	0	0	0	0	0	0	0	0	0	0	0	0	0	0	0	0	0	0	0	0	0	0	1	0	0	1	0	7	0	0	0	0	0	0	7	0	0	3	0	0	0	0	0	0	0	0	0	1	0	0	0	0	0	0	0	0	0	0	0	0	0	0	0	5	0	0
C252	0	0	445	0	0	0	0	0	5	0	0	0	0	1	0	2	0	0	0	0	0	1	0	0	0	0	0	0	0	0	0	0	0	0	0	0	0	77	0	0	0	0	0	0	0	0	0	0	0	0	0	267	2	0	0	0	0	0	1	0	0	0	0	0	0	6	0	0	0	0	0	0	0	4	0	0	0	0
C255	0	0	232	20	5	0	30	0	0	9	11	2	1	0	0	0	0	13	0	3	25	4	2	1	0	4	38	1	0	0	0	3	13	2	0	0	2	2	2	70	0	0	3	1	0	0	2082	10	64	5	2	4	5	1	2	1	1	0	8	4	738	0	6	3	341	0	4	7	14	72	1	11	0	0	0	6	0	2
C256	6	14	593	0	0	0	0	0	0	0	0	0	0	0	0	24	0	0	0	0	0	0	0	0	0	0	0	0	0	0	0	0	0	0	0	0	0	0	0	0	1	0	0	0	0	0	0	0	0	0	0	4	0	0	0	0	0	0	0	0	0	0	0	0	0	281	0	0	0	0	0	0	0	9	0	0	0	0
C257	0	0	568	0	0	0	0	0	0	0	0	0	0	0	0	0	0	0	0	0	0	0	0	0	0	0	1	0	0	0	0	0	0	0	0	0	0	0	0	0	0	0	0	0	0	0	0	0	0	0	0	0	0	0	0	0	0	0	0	0	0	0	0	0	0	0	0	0	0	0	0	0	0	0	0	0	0	0
C258	5	14	8	0	0	0	0	0	0	0	0	0	0	6	0	14	0	0	0	0	0	0	0	0	0	0	0	0	0	0	0	0	0	0	0	0	0	0	0	0	0	0	0	0	0	0	0	0	0	0	0	1	0	0	0	0	0	0	0	0	0	0	0	0	0	3	0	0	0	0	0	0	0	1	0	0	0	0
C259	0	0	13	3	0	0	1	0	0	0	1	0	0	1	0	0	0	0	0	0	0	0	2	0	0	0	1	0	0	0	0	0	0	0	1	0	0	0	0	2	4	0	0	0	0	0	0	0	1	0	1	3	0	0	0	0	0	0	0	1	7	0	0	0	3	0	0	11	3	0	2	0	0	1	0	1	0	0
C261	0	2	1	0	0	0	0	0	1	0	0	0	0	0	0	1	0	0	0	0	0	0	0	0	0	0	0	0	0	0	0	0	0	0	0	0	0	0	0	0	5	0	0	0	0	0	0	0	0	0	0	0	0	0	0	0	0	0	0	0	0	0	0	0	0	2	0	0	0	0	0	0	0	0	0	0	0	0
C263	58	16	34	0	1	0	0	0	2	0	0	1	0	34	0	21	0	0	0	0	0	0	0	0	0	0	0	0	0	0	0	0	0	0	1	0	1	0	0	1	44	0	0	0	0	0	1	0	0	0	0	9	0	0	0	0	0	0	0	0	0	0	0	0	0	36	0	0	0	1	0	0	0	3	0	0	0	0
C265	0	0	97	0	0	0	0	0	0	0	0	0	0	0	0	0	0	0	0	0	0	0	0	0	0	0	0	0	0	0	0	0	0	0	0	0	0	0	0	0	0	0	0	0	0	0	0	0	0	0	0	1	0	0	0	0	0	0	0	0	0	0	0	0	0	0	0	0	0	0	0	0	0	0	0	0	0	0
C269	2	0	16	0	0	0	0	0	0	0	0	0	0	0	0	0	0	0	0	0	1	0	0	0	0	0	0	0	0	0	0	2	0	0	0	0	0	5	0	0	0	1	0	0	0	0	0	0	17	0	0	7	0	0	0	0	0	0	0	0	0	0	0	0	0	0	0	0	0	0	0	0	0	0	0	0	0	1
C270	2	0	617	0	0	1	0	0	0	0	0	0	0	0	0	48	0	0	0	0	1	0	0	0	0	0	0	0	0	0	0	0	0	0	0	0	0	1	0	0	0	1	0	0	0	0	0	0	0	0	0	0	0	0	0	0	0	0	0	0	0	0	0	0	1	22	0	0	0	0	0	0	0	0	0	0	0	0
C271	0	0	43	0	0	0	0	0	0	0	0	0	0	0	0	0	0	0	0	0	0	0	0	0	0	0	0	0	0	0	0	0	0	0	0	0	0	0	0	0	0	0	0	0	0	0	0	0	0	0	0	0	0	0	0	0	0	0	0	0	0	0	0	0	6	0	0	0	0	0	0	0	0	0	2	0	0	0
C273	0	0	61	0	4	0	0	0	0	0	0	0	0	0	0	4	5	0	0	0	0	0	0	1	0	2	0	0	0	6	0	0	0	0	0	0	0	0	0	6	3	0	0	0	0	0	2	0	4	0	23	6	0	2	0	0	0	0	0	59	13	0	6	0	1	0	0	0	0	0	8	0	0	16	0	0	26	0
C274	0	0	166	0	0	0	0	0	0	0	1	0	0	0	0	1	0	0	0	0	0	0	0	0	0	0	1	0	0	0	0	0	0	0	1	0	0	1	0	1	2	0	0	0	0	0	4	0	8	0	0	6	0	0	0	0	0	0	0	0	12	0	0	0	0	1	0	0	0	0	0	0	0	1	0	0	0	1
C275	0	0	54	1	2	0	2	0	0	0	0	0	3	0	0	4	0	0	2	2	1	0	0	0	0	2	0	0	0	0	0	0	0	0	0	0	0	0	0	6	0	6	0	0	0	0	6	0	3	0	0	1	0	0	0	0	0	0	0	0	3	0	0	0	57	0	0	0	1	0	0	3	0	0	0	0	0	2
C276	5	2	9	0	0	0	0	0	0	0	0	0	0	1	0	13	0	0	0	0	0	0	0	0	0	0	0	0	0	0	0	0	0	0	0	0	0	0	0	0	2	0	0	0	0	0	0	0	0	0	0	3	0	0	0	0	0	0	0	0	0	0	0	0	0	1	0	0	0	0	0	0	0	1	0	0	0	0
C277	1	0	1	1	0	0	0	0	6	0	0	0	0	0	0	6	0	0	0	0	0	0	0	0	0	0	0	0	0	0	0	0	0	0	0	0	0	0	0	1	0	0	0	0	0	0	0	0	0	0	0	51	0	0	0	0	0	0	0	0	0	0	0	0	0	0	0	0	0	0	0	0	0	44	0	0	0	0
C279	0	22	0	0	0	0	0	0	0	0	0	0	0	0	0	0	0	0	0	0	0	0	0	0	0	0	0	0	0	0	0	0	0	0	0	0	0	0	0	0	0	0	0	0	0	0	11	0	0	0	0	0	0	0	0	0	0	0	0	1	74	0	0	0	440	0	0	0	0	0	0	0	0	0	0	0	0	0
C280	0	0	12	0	0	0	0	0	0	0	0	0	0	0	0	0	0	0	0	0	0	0	0	0	0	0	0	0	0	0	0	0	0	0	0	0	0	0	0	0	0	0	0	0	0	0	0	0	0	0	0	0	0	0	0	0	0	0	0	0	2	0	0	0	0	0	0	0	0	0	0	0	0	0	0	0	0	0
C281	0	0	6	0	0	0	47	0	0	4	0	0	0	0	0	0	0	0	0	0	0	0	0	0	0	0	0	0	0	0	0	0	0	0	0	0	0	0	0	0	0	0	0	0	0	0	0	0	0	0	0	0	0	0	0	0	0	0	0	0	73	0	0	0	486	0	0	0	0	0	0	0	0	0	0	0	0	0
C282	0	0	18	0	0	0	0	0	0	0	0	0	0	0	0	0	2	0	0	0	2	5	0	0	0	0	0	0	0	0	0	0	56	0	0	0	0	2	1	0	0	0	0	0	0	0	0	0	0	0	0	0	0	0	0	0	0	0	0	0	0	0	0	0	0	20	0	0	0	0	0	0	0	0	0	0	0	0
C285	4	2	2	0	0	0	0	0	0	0	0	0	0	0	0	0	0	0	0	0	0	0	0	0	0	0	0	0	0	0	0	0	0	0	0	0	0	0	0	0	0	0	0	0	0	0	0	0	0	0	0	0	0	0	0	0	0	0	0	0	0	0	0	0	0	2	0	0	0	0	0	0	0	3	0	0	0	0
C287	7	3	0	0	0	0	0	0	0	0	0	0	0	0	0	0	0	0	0	0	0	0	0	0	0	0	0	0	0	0	0	0	0	0	0	0	0	1	0	0	0	0	0	0	0	0	0	0	0	0	0	0	0	0	0	0	0	0	0	0	0	0	0	0	0	0	0	0	0	0	0	0	0	0	0	0	0	0
C288	1	2	2	0	0	0	0	0	2	0	0	0	0	0	0	10	0	0	0	0	0	0	0	0	0	0	0	0	0	0	0	0	0	0	0	0	0	0	0	0	0	0	0	0	0	0	0	0	1	0	0	0	0	0	0	0	0	0	0	0	0	0	0	0	1	0	0	0	0	0	0	0	0	1	0	0	0	0
C289	0	0	8	0	0	0	0	0	0	0	0	0	0	0	0	0	0	0	0	0	0	0	0	0	0	0	0	0	0	0	0	0	0	0	0	0	0	0	0	0	0	0	0	0	0	0	11	0	0	0	0	0	0	0	0	0	0	0	0	0	2	0	0	0	0	0	0	0	0	0	0	0	0	0	0	0	0	0
C290	0	0	34	0	0	0	0	0	0	0	0	0	0	0	0	0	0	0	0	0	0	0	0	0	0	0	0	0	0	0	0	0	0	0	0	0	0	0	0	0	0	0	0	0	0	0	0	0	0	0	0	0	0	0	0	0	0	0	0	0	1	0	0	0	0	0	0	0	0	0	0	0	0	2	0	0	0	0
C293	0	3	19	0	0	0	0	0	0	0	0	0	0	0	0	0	0	0	0	0	0	0	0	0	0	0	0	0	0	0	0	0	0	0	0	0	0	0	0	0	1	0	0	0	0	0	0	0	1	0	0	4	0	0	0	0	0	0	0	0	0	0	0	0	0	2	0	0	0	0	0	0	0	8	0	0	0	0
C295	15	1	259	1	0	0	0	0	0	0	0	0	0	0	0	6	0	0	0	0	0	0	0	0	0	0	0	0	0	0	0	0	0	1	0	0	0	0	0	0	3	0	0	1	0	0	0	0	0	0	0	0	0	0	0	0	0	0	0	4	1	0	0	0	32	1	0	0	0	0	0	0	0	41	0	0	0	0
C297	0	15	1	0	0	0	0	0	0	0	0	0	0	0	0	0	0	0	0	0	0	0	1	0	0	0	0	0	0	0	0	0	0	0	0	0	0	0	0	0	2	0	0	0	0	0	0	0	0	0	0	0	0	0	0	0	0	0	0	0	0	0	0	0	0	2	0	0	0	0	0	0	0	0	0	1	0	0
C298	0	0	0	0	0	0	9	2	0	2	0	0	0	0	0	0	0	0	0	0	4	0	0	0	0	0	1	0	0	0	0	1	0	0	0	0	0	0	0	1	0	0	0	0	0	0	4	2	4	4	0	0	0	0	0	0	0	0	0	0	59	0	0	0	277	0	0	28	0	0	0	0	0	0	11	2	0	0
C299	0	0	22	7	0	0	0	0	0	0	0	0	0	0	0	0	0	0	0	0	0	0	0	0	0	0	3	0	0	0	0	0	0	0	0	0	0	0	0	333	0	0	0	0	0	0	0	0	2	0	0	0	0	0	0	0	0	0	0	0	64	0	0	0	9	0	0	0	0	0	0	0	0	0	0	2	0	0
C300	0	0	9	0	0	0	0	0	0	0	0	0	0	0	0	0	0	0	0	0	0	0	0	0	0	0	1	0	0	0	0	0	0	0	0	0	0	0	0	12	0	0	0	0	0	0	0	0	7	0	0	0	0	0	0	0	0	0	0	0	3	0	0	0	0	0	0	0	0	0	0	0	0	0	0	0	0	0
C301	0	0	8	16	2	1	4	1	0	4	1	0	2	0	0	0	0	17	3	2	10	0	3	0	1	4	0	2	0	0	0	0	6	12	5	4	2	4	0	11	8	5	0	0	0	2	377	8	79	2	0	319	0	0	1	0	2	0	2	0	257	1	2	0	168	4	0	0	6	0	96	14	0	0	1	16	0	8
C303	3	0	28	0	0	0	0	0	0	0	0	0	0	0	0	0	0	0	0	0	0	0	0	0	0	0	0	0	0	0	0	0	0	0	0	0	0	0	0	0	0	0	0	0	0	0	5	0	0	0	0	3	0	0	0	0	0	0	0	0	0	0	0	0	0	1	0	0	0	0	0	0	0	0	0	0	0	0
C306	0	0	7	0	0	0	0	0	0	0	0	0	0	0	0	0	0	0	0	0	0	0	0	0	0	0	0	2	0	0	0	0	0	0	0	0	0	0	0	0	0	0	0	0	0	0	0	0	0	0	0	0	0	0	0	0	0	0	0	0	0	0	0	0	0	0	0	0	0	0	0	3	0	2	0	0	0	0
C308	38	3	62	0	0	0	0	0	159	0	0	0	0	43	0	20	0	0	1	6	0	0	0	0	0	0	0	2	0	0	0	1	0	0	24	0	0	2	0	0	7	0	0	0	0	0	2	1	7	0	0	121	0	0	0	0	0	0	0	1	1	0	0	0	3	92	0	0	0	0	0	0	0	65	0	0	0	0
C311	4	1	5	0	0	0	0	0	0	0	0	0	0	0	0	7	0	0	0	0	0	0	0	0	0	0	0	0	0	0	0	0	0	0	0	0	0	0	0	0	0	0	0	0	0	0	0	0	0	0	0	0	0	0	0	0	0	0	0	0	0	0	0	0	0	1	0	0	0	0	0	0	0	0	0	0	0	0
C312	0	2	0	1	0	0	1	0	0	0	0	0	0	0	0	0	0	0	0	0	0	1	0	0	1	0	1	0	0	0	0	0	0	0	0	0	0	0	0	2	0	0	0	0	0	0	1	0	3	1	0	0	0	0	0	0	0	0	0	0	2	0	0	0	1	0	0	2	0	0	0	1	0	0	0	0	0	0
C314	0	3	12	0	0	0	0	0	0	0	0	0	0	0	0	0	0	0	0	0	0	0	0	0	0	0	0	0	0	0	0	0	0	0	0	0	0	0	0	0	0	0	0	0	0	0	0	0	0	0	0	0	0	0	0	0	0	0	0	0	0	0	0	0	0	0	0	0	0	0	0	0	0	0	0	0	0	0
C315	3	1	2	0	0	0	0	0	0	0	0	0	0	1	0	2	0	0	0	0	0	0	0	0	0	0	0	0	0	0	0	0	0	0	0	0	0	0	0	1	3	0	0	0	0	0	0	0	0	0	0	2	0	0	0	0	0	0	0	0	0	0	0	0	0	2	0	0	0	0	0	0	0	1	0	0	0	0
C318	33	14	190	23	2	1	8	4284	6	4	6233	3	0	23	842	3	4	15	0	5	58	1	26	18	619	218	47	5116	0	11	0	2025	9	2	3013	2	7	41	4	271	4	5	5	50	32	20	485	2	259	268	13	103	13	1164	27	818	3	570	220	94	3502	1331	0	5230	74	95	2	4	7317	57	7	160	21	6	273	288	2	13
C319	0	0	33	0	0	0	0	0	0	0	0	0	0	0	0	0	0	0	0	0	0	0	0	0	0	0	0	0	0	0	0	0	0	0	0	0	0	0	0	0	0	0	0	0	0	0	0	0	0	0	0	83	0	0	0	0	0	0	0	0	1	0	0	0	0	0	0	0	0	0	0	0	0	0	0	0	0	0
C320	0	0	59	0	0	0	0	0	0	0	0	0	0	0	0	0	0	0	0	0	0	0	0	0	0	0	0	0	0	0	0	0	0	0	0	0	0	0	0	0	0	0	0	0	0	0	0	0	0	0	0	0	0	0	0	0	0	0	0	0	0	0	0	0	0	0	0	0	0	0	0	0	0	0	0	0	0	0
C323	9	12	2	0	0	0	0	0	0	0	0	0	0	1	0	1	0	0	0	0	0	0	0	0	0	0	0	0	0	0	0	0	0	0	0	0	0	0	0	0	0	0	0	0	0	0	0	0	0	0	0	0	0	0	0	0	0	0	0	0	0	0	0	0	0	2	0	0	0	0	0	0	0	0	0	0	0	0
C325	3	0	27	0	0	0	0	0	0	0	0	0	0	0	0	0	0	0	0	0	0	0	0	0	0	0	0	0	0	0	0	0	0	0	0	0	0	0	0	0	0	0	0	0	0	0	0	0	0	0	0	0	0	0	0	0	0	0	0	0	0	0	0	0	0	0	0	0	0	0	0	0	0	0	0	0	0	0
C327	0	0	15	0	0	0	0	0	0	0	0	0	0	0	0	0	0	0	0	0	0	0	0	0	0	0	0	0	0	0	0	0	0	0	0	0	0	0	0	0	0	0	0	0	0	0	0	0	0	0	0	0	0	0	0	0	0	0	0	0	0	0	0	0	0	0	0	0	0	0	0	0	0	0	0	0	0	0
C329	13	7	10	0	0	0	0	0	12	0	0	0	0	1	0	61	0	0	0	0	0	0	0	0	0	0	0	0	0	0	0	0	0	0	0	0	0	0	0	0	0	0	0	0	0	0	0	0	0	0	0	0	0	0	0	0	0	0	0	0	0	0	0	0	0	2	0	0	0	0	0	0	0	0	0	0	0	0
C331	0	0	16	72	0	0	0	0	0	0	2	0	0	0	16	20	0	413	0	0	1	0	0	0	58	1193	88	0	0	0	0	0	0	0	126	0	32	0	4	0	2	0	0	0	7	0	0	0	2	2	0	0	0	56	0	0	0	0	0	0	0	0	0	0	0	1088	0	0	79	1	0	20	0	2	0	0	0	0
C333	11	1	137	3	6	0	18	0	0	0	1	1	0	0	0	18	0	0	0	1	17	16	0	1	0	2	16	1	0	0	0	1	25	0	1	0	0	4	2	47	3	0	0	0	0	0	8	7	14	12	1	15	0	0	14	0	0	0	11	0	214	0	0	0	214	1	0	12	5	4	0	0	0	3	0	15	0	0
C335	7	7	3	0	0	0	0	0	0	0	0	0	0	0	0	0	0	0	0	0	0	0	0	0	0	0	0	0	0	0	0	0	0	0	0	0	0	0	0	0	0	0	0	0	0	0	0	0	0	0	0	0	0	0	0	0	0	0	0	0	0	0	0	0	0	2	0	0	0	0	0	0	0	1	0	0	0	0
C337	7	2	5	0	0	0	0	0	0	0	0	0	0	4	1	5	0	0	0	0	0	0	0	0	0	0	0	0	0	0	0	0	0	0	0	0	3	0	2	0	0	0	0	0	0	0	1	0	0	1	0	0	0	0	0	0	0	0	0	0	0	2	1	0	0	1	0	0	1	2	0	0	0	0	0	0	0	0
C340	0	0	10	0	0	0	0	0	0	0	0	0	0	0	0	0	0	0	0	0	0	0	0	0	0	0	0	0	0	0	0	0	0	0	0	0	0	0	0	0	0	0	0	0	0	0	0	0	0	0	0	2	0	0	0	0	0	0	0	0	0	0	0	0	0	0	0	0	0	0	0	0	0	0	0	0	0	0
C341	0	0	10	0	0	0	0	0	0	1	0	0	0	0	0	0	0	0	0	0	0	0	0	0	0	0	0	0	0	0	0	0	0	0	0	0	1	0	0	1	0	0	0	0	0	0	0	0	0	0	0	2	0	0	0	0	0	0	0	0	1	0	0	0	0	1	0	0	0	0	0	0	0	0	0	0	0	0
C342	1	0	19	3	1	0	0	0	0	10	3	0	1	0	0	0	0	0	0	0	6	0	0	0	0	0	1	0	0	0	0	1	1	0	0	0	1	5	1	9	0	1	0	0	0	0	23	1	7	0	0	206	2	0	0	0	0	0	2	0	122	0	0	0	35	0	0	0	1	0	1	0	0	1	0	5	0	0
C343	0	2	0	0	0	0	0	0	0	12	0	0	2	0	0	0	0	0	0	0	0	0	0	0	2	0	2	0	0	0	0	0	0	1	0	0	0	0	0	0	0	0	0	0	0	0	0	0	0	2	0	0	0	0	0	0	0	0	0	0	0	0	0	0	0	0	0	0	0	0	0	0	0	0	0	0	0	0
C353	4	9	90	4	1	0	1	0	0	4	0	0	2	0	0	0	0	1	0	2	2	0	1	0	0	1	4	0	0	0	0	0	1	0	0	0	0	0	0	1	23	0	0	0	0	0	11	0	3	0	0	19	2	0	0	0	0	0	2	0	3	0	0	0	48	1	0	4	2	0	0	0	0	7	0	0	0	0
C354	0	4	0	0	0	0	0	0	0	0	0	0	0	0	0	0	0	0	0	0	0	0	0	0	0	0	0	0	0	0	0	0	0	0	0	0	0	0	0	0	0	0	0	0	0	0	55	0	6	2	0	1	0	0	0	0	0	0	0	0	2	0	0	0	1	0	0	0	0	0	0	0	0	0	0	2	0	0
C363	0	9	1	0	0	0	0	0	0	0	0	0	0	0	0	7	0	0	0	0	0	0	0	0	0	0	0	0	0	0	0	0	0	0	0	0	0	0	0	0	1	0	0	0	0	0	0	0	0	0	0	0	0	0	0	1	0	0	0	0	0	0	0	0	0	0	0	0	0	0	0	0	0	0	0	0	0	0
C365	1	0	585	0	0	0	0	0	0	0	0	0	0	0	0	0	0	0	0	0	0	1	0	0	0	0	0	0	0	0	0	0	0	0	0	0	0	0	0	0	0	0	0	0	0	0	0	0	0	0	0	0	0	0	0	0	0	0	0	0	0	0	0	0	0	0	0	0	0	0	0	0	0	0	0	0	0	0
C366	0	0	4	0	0	0	0	0	0	0	0	0	0	0	0	9	0	0	0	0	0	0	0	0	0	0	0	0	0	0	0	0	0	0	0	0	0	0	0	0	14	0	0	0	0	0	0	0	0	0	0	5	0	0	0	0	0	0	0	0	0	0	0	0	0	0	0	0	0	0	0	0	0	0	0	0	0	0
C368	0	0	14	0	0	0	0	0	0	0	0	20	0	0	0	0	13	0	43	0	0	0	0	8	0	0	0	0	0	10	0	0	0	0	0	8	0	0	0	0	0	11	8	0	0	0	0	0	0	0	154	0	9	0	2	0	30	0	0	0	2	0	0	0	0	0	0	0	0	0	13	0	12	0	0	0	6	30
C370	0	2	8	0	0	0	0	0	0	0	0	0	0	0	0	14	0	0	0	0	0	0	0	0	0	0	0	0	0	0	0	0	0	0	0	0	0	0	0	0	0	0	0	0	0	0	0	0	0	0	0	0	0	0	0	0	0	0	0	0	0	0	0	0	0	0	0	0	0	0	0	0	0	0	0	0	0	0
C372	0	1	14	0	0	0	0	0	0	0	0	0	0	1	0	2	0	0	0	0	0	0	0	0	0	0	0	0	0	0	0	0	0	0	0	0	0	0	0	0	17	0	0	0	0	0	0	0	0	0	0	4	0	0	0	0	0	0	0	0	0	0	0	0	0	10	0	0	0	0	0	0	0	0	0	0	0	0
C373	0	2	8	0	0	0	0	0	2	0	0	0	0	0	2	1	0	0	0	0	0	0	0	0	2	0	6	0	0	0	0	0	36	0	0	0	0	0	3	0	0	0	0	0	0	0	0	0	0	0	0	0	0	0	0	0	0	0	0	0	0	0	0	0	0	103	0	0	0	0	0	4	0	4	0	1	0	0
C374	0	3	0	0	0	0	0	0	0	0	0	0	0	0	0	0	0	0	0	0	6	0	0	0	0	0	0	0	0	0	0	0	0	0	0	0	0	0	0	41	0	0	0	0	0	0	0	0	0	0	0	0	0	0	0	0	0	0	0	0	0	0	0	0	0	0	0	0	0	0	0	0	0	0	0	0	0	0
C375	0	1	17	0	0	0	0	0	0	0	0	0	0	0	0	12	0	0	0	0	0	0	0	0	0	0	0	0	0	0	0	0	0	0	0	0	0	0	0	0	10	0	0	0	0	0	0	0	0	0	0	8	0	0	0	0	0	0	0	0	0	0	0	0	0	10	0	0	0	0	0	0	0	0	0	0	0	0
C376	0	0	10	53	69	6	56	0	0	14173	21	0	3	0	1	0	1	37	11	160	81	8	2	0	0	358	147	3	0	14	7	16	9	2	2	5	28	20	14	257	0	75	1	3	14	3	447	2	346	6	46	1	4	1	13	2	0	3	1718	44	2659	0	3	0	2927	0	1	11	12	24	1460	6	9	0	17	3116	0	3
C384	0	0	17	0	0	0	0	0	0	0	0	0	0	0	0	0	0	0	0	0	0	0	0	0	0	0	0	0	0	0	0	0	0	0	0	0	0	0	0	0	0	0	0	0	0	0	76	0	0	0	0	0	0	0	0	0	0	0	0	0	0	0	0	0	0	0	0	0	0	0	0	0	0	0	0	0	0	0
C385	4	0	2	0	0	0	0	0	0	0	0	0	0	0	0	0	0	0	0	1	1	0	0	0	0	0	0	0	0	0	0	0	0	0	0	0	0	0	0	0	3	0	0	0	0	1	0	0	0	0	0	0	0	0	0	0	0	0	0	0	0	0	0	0	0	2	0	0	0	0	0	0	0	0	0	0	0	0
C386	1	1	0	1	0	0	0	0	0	0	0	0	0	2	0	1	0	0	0	0	0	0	0	0	0	0	0	0	0	0	0	0	0	0	0	0	0	0	0	0	0	0	0	0	0	0	0	0	0	0	0	1	0	0	0	0	0	0	0	0	0	0	0	0	0	0	0	0	0	0	0	0	0	30	0	0	0	0
C388	0	0	13	0	0	0	0	0	0	0	0	0	0	0	0	0	0	1	0	0	8	0	0	0	0	0	0	0	0	0	0	0	0	0	0	0	0	0	0	2	0	0	0	0	0	0	3	0	0	0	2	0	0	0	0	0	0	0	0	0	29	0	0	0	168	0	0	0	0	0	0	0	0	4	0	0	0	0
C398	8	9	1	0	0	0	0	0	0	0	0	0	0	1	0	3	0	0	0	0	0	0	0	0	0	0	0	0	0	0	0	0	0	0	0	0	0	0	0	0	0	0	0	0	0	0	0	0	0	0	0	2	0	0	0	0	0	0	0	0	0	0	0	0	0	2	0	0	0	0	0	0	0	0	0	0	0	0
C399	0	3	5	0	0	0	0	0	2	0	0	0	0	0	0	2	0	0	0	0	0	0	0	0	0	0	0	0	0	0	0	0	0	0	0	0	0	0	0	0	1	0	0	0	0	0	0	0	0	0	0	1	0	0	0	0	0	0	0	0	0	0	0	0	0	4	0	0	0	0	0	0	0	1	0	0	0	0
C402	0	1	1	0	0	0	0	0	0	0	0	0	0	0	0	0	0	0	0	0	0	0	0	0	0	0	0	0	0	0	0	0	0	0	0	0	0	0	0	0	1	0	0	0	0	0	0	0	0	0	0	14	0	0	0	0	0	0	0	0	0	2	0	0	0	0	0	0	0	0	0	2	0	12	0	0	0	0
C403	5	7	10	0	0	0	1	0	0	0	0	0	0	1	0	37	0	0	0	0	0	0	1	1	0	0	0	1	0	0	0	0	0	0	0	0	0	0	0	0	0	0	0	0	0	0	1	0	0	0	0	1	0	0	0	0	0	0	0	2	0	0	0	0	2	6	0	0	0	0	0	0	0	0	0	0	0	0
C405	1	1	0	0	0	0	0	0	2	0	0	0	0	0	0	1	0	0	0	0	0	0	0	0	0	1	0	0	0	0	0	0	0	0	0	0	0	0	0	0	0	0	0	0	0	0	0	0	0	0	0	5	0	0	0	0	0	0	0	0	0	0	0	0	0	0	0	0	0	1	0	0	0	21	0	0	0	0
C415	6	3	1	0	0	0	0	0	0	0	0	0	0	1	0	1	0	0	0	0	0	0	0	0	0	0	0	0	0	0	0	0	0	0	0	0	0	0	0	0	2	0	0	0	0	0	0	0	0	0	0	0	0	0	0	0	0	0	0	0	0	0	0	0	0	3	0	0	0	0	0	0	0	0	0	0	0	0
C423	39	1739	4890	3066	272	92	2448	29228	7175	585	1475	11	2030	67	330	253	2039	1050	25	738	448	71	21788	14	133	1796	1427	39	13233	811	2068	10793	201	193	35414	0	586	24348	96	3976	16688	1965	930	3716	1167	16	1720	244	789	51	625	85	181	288	16339	11307	13	19	18949	61780	2005	14085	701	1	1347	33208	35	357	121	78	468	79	177	1125	49	6380	14	86
C429	2	1	5894	1	0	1	0	0	15	12	10	0	2	0	0	141	0	0	0	4	1	0	0	0	0	1	14	0	0	0	0	3	0	1	0	0	4	0	0	20	28	1	0	0	0	0	23	0	21	0	6	95	0	0	0	0	0	0	0	2	184	0	0	0	22	286	2	0	0	0	1	0	0	25	1	3	0	0
C430	6776	1207	6676	12077	64009	226	8870	36825	29	13055	20037	469	16329	381	28065	2848	1697	15765	2171	24792	23246	5435	10604	2067	12658	10248	4394	24547	0	2591	8267	14339	15032	7765	4254	70	20407	14240	7337	45120	1879	5514	179	14339	10113	22676	7410	10443	43993	7201	16030	569	1174	19701	11069	96308	692	19070	40200	7225	16611	19410	47473	88674	8960	10870	24845	611	11689	48402	328	3506	778	279	9191	27261	6509	1154
C431	139	20	456	104	16	0	267	1	2	98	206	0	59	97	104	67	6	166	1	41	82	6	52	13	24	55	16	16	0	0	0	28	59	64	6	0	84	233	14	8	134	0	0	234	0	396	40	20	82	148	0	146	16	109	59	0	0	44	2	59	93	19	17	0	8	193	244	0	22	1	0	1	6	2	133	12	0	9
C432	143	244	144	101766	94563	1	96799	49579	0	59550	55633	4532	56314	42	64805	21	4900	68122	15705	31407	88379	55861	32647	26996	80473	67224	73581	46321	0	14	13	56311	75225	52646	82477	3	62382	41188	40271	27563	0	179	11296	52658	61117	37739	18154	43511	35243	47756	5	64	33808	60533	58263	57765	20815	55522	67504	75931	89375	22454	25171	77962	47350	47	37338	74155	110058	1408	2	145644	12555	5	73667	79399	0	13019
C433	0	0	515	0	0	1	0	0	0	0	0	0	0	6	0	21	0	0	0	0	0	0	0	0	0	0	0	0	0	0	0	0	0	0	0	0	0	0	0	0	2	0	0	0	0	0	0	0	0	0	0	1	0	0	0	0	0	0	0	0	0	0	0	0	1	8	0	0	0	0	0	0	0	0	0	0	0	0
C434	17	27	12	0	0	0	1	0	0	0	2	0	0	0	0	3	0	0	0	0	0	0	1	0	0	0	0	3	0	0	0	0	1	0	1	0	1	1	0	0	0	0	0	1	0	0	0	1	0	0	0	7	1	0	0	0	0	0	0	1	0	0	1	0	0	2	2	0	2	0	0	0	0	0	0	0	0	0
C435	0	0	0	2	0	0	0	0	0	0	0	0	0	0	0	0	0	0	0	0	1	0	0	0	0	0	0	0	0	0	0	0	0	0	0	0	0	0	0	1	0	0	0	0	0	0	0	0	2	0	0	0	0	0	0	0	1	0	7	0	3	0	0	0	6	0	0	0	0	2	0	0	0	0	0	0	0	0
C436	0	4	752	0	0	0	0	0	0	0	0	0	0	0	0	0	0	0	0	0	0	0	0	0	0	0	0	0	0	0	0	0	0	0	0	0	0	0	0	0	0	0	0	0	0	0	0	0	0	0	0	0	0	0	0	0	0	0	0	0	0	0	0	0	0	0	0	0	0	0	0	0	0	0	0	0	0	0
C437	0	0	116	0	0	0	0	0	0	0	0	0	0	1	0	0	0	0	0	0	0	0	0	0	0	0	0	0	0	0	0	0	0	0	0	0	0	0	0	0	0	0	0	0	0	0	0	0	0	0	0	0	0	0	0	0	0	0	0	0	0	0	0	0	0	0	0	0	0	0	0	0	0	3	0	0	0	0
C438	112	200	57	0	0	0	1	0	0	1	1	0	1	14	0	20	0	0	1	0	0	0	0	0	0	0	0	1	0	0	0	1	0	2	1	0	1	1	0	0	6	0	0	2	0	1	0	0	0	0	0	21	0	3	2	1	1	1	1	1	0	1	0	0	0	30	0	0	0	0	0	1	0	4	0	0	0	0
C440	5	0	290	0	0	0	0	0	1	0	0	0	0	0	0	2	0	0	0	0	0	0	0	0	0	0	0	0	0	0	0	0	2	0	0	0	0	0	0	0	0	0	0	0	0	0	0	0	3	0	0	0	0	0	0	0	0	0	0	0	4	0	0	0	1	7	0	1	0	0	0	0	0	0	0	0	0	0
C441	0	0	0	0	0	0	0	0	0	0	0	0	0	0	0	0	0	0	0	0	0	0	0	0	0	2	0	0	0	0	0	0	2	0	0	0	0	17	0	14	0	0	0	0	0	0	6	0	98	0	0	1	0	0	0	0	0	0	0	0	20	0	0	0	0	0	0	0	0	0	0	0	0	0	0	0	0	0
C442	3	17	205	2	5	0	1	0	0	5	0	0	0	0	0	4	0	0	0	0	1	0	0	0	3	0	5	0	0	0	0	1	0	0	0	20	3	1	0	22	1	0	0	0	0	0	178	0	10	0	0	8	0	2	0	0	0	0	3	0	29	0	0	0	26	11	0	8	2	0	0	0	0	3	0	1	0	0
C443	0	0	0	164	0	0	14	0	0	0	0	0	0	0	0	0	0	0	0	28	0	65	0	1	0	10	0	0	0	0	0	13	1	45	2	0	1	4	27	0	0	0	0	9	0	0	0	162	2	8	0	0	24	3	0	0	0	0	0	0	0	0	23	0	0	0	0	0	0	2	0	0	0	0	0	0	0	0
C444	16	2	8	0	0	0	0	0	0	0	0	0	0	0	0	3	0	0	0	0	0	0	0	0	0	0	0	0	0	0	0	0	0	0	0	0	0	0	0	0	0	0	0	0	0	0	0	0	0	0	0	0	0	0	0	0	0	0	0	0	0	0	0	0	0	4	0	0	0	0	0	0	0	1	0	0	0	0
C446	0	0	391	0	0	0	0	0	0	0	0	0	0	0	0	0	0	0	0	0	0	0	0	0	0	0	0	0	0	0	0	0	0	0	0	0	0	0	0	0	0	0	0	0	0	0	0	0	0	0	0	0	0	0	0	0	0	0	0	0	1	0	0	0	0	0	0	0	0	0	0	0	0	0	0	0	0	0
C447	0	0	1	4	0	27	3	1	0	0	0	4	4	0	0	3	1	0	18	0	43	12	6	3	0	442	0	0	0	569	5	0	0	0	1	8	4	21	8	13	0	15	0	0	0	0	1	1	23	2	22	2	4	0	0	0	35	0	0	9	38	0	28	0	11	0	0	0	3	0	97	2	1	0	0	0	2	57
C449	0	0	0	403	2	0	584	1	2	4	513	0	0	0	52	0	173	1781	95	2	15	12	4	3	1	2266	2	1	0	2060	38	153	6637	2132	3705	0	1970	183	3668	65	0	351	2	629	15	1	9798	4	0	35	129	0	288	54	0	12	0	111	33	181	2563	0	79	0	3984	32	49	0	12	4	81	0	109	0	108	1196	2	95
C452	0	0	0	71	10	1	0	0	0	1	0	0	1	0	0	0	0	0	1	0	0	0	0	0	0	1	0	0	0	0	0	0	0	0	1	0	0	1	0	5	0	0	0	0	0	0	4	0	0	0	0	0	0	0	0	0	0	2	19	4	8	0	0	0	30	0	0	39	2	2	0	6	1	0	0	0	0	0
C455	0	3	3	4	0	0	4	0	0	2	2	2	0	0	0	0	0	0	0	0	2	0	0	0	0	0	0	0	0	0	0	0	0	0	7	0	0	0	0	18	0	0	0	0	0	0	27	0	0	1	0	0	0	0	0	0	0	0	4	3	74	0	0	0	91	0	0	0	3	0	4	7	0	0	4	3	0	0
C457	1	1	45	0	0	0	3	0	0	0	0	0	0	0	0	12	0	0	0	0	2	2	0	0	0	0	0	0	0	0	0	0	0	0	0	0	0	0	0	2	0	24	0	2	0	0	0	0	0	0	0	2	0	0	0	0	0	0	0	0	0	0	0	0	5	0	0	0	3	0	0	0	0	2	0	0	0	0
C458	9	25	5	0	0	0	0	0	0	0	0	0	0	2	0	0	0	0	0	0	0	0	0	0	0	0	0	0	0	0	0	0	0	0	0	0	0	0	0	0	0	0	0	0	0	0	0	0	0	0	0	2	0	0	0	0	0	0	0	0	0	0	0	0	0	6	0	0	0	0	0	0	0	1	0	0	0	0
C459	0	0	4	0	0	0	4	0	0	0	0	0	0	0	0	0	0	0	0	1	0	0	0	0	0	0	0	0	0	0	0	0	0	1	0	0	0	0	0	0	0	0	0	0	0	0	2	0	0	0	0	0	0	0	0	0	0	0	0	2	10	0	0	0	0	2	0	0	0	0	0	0	0	1	0	0	0	0
C460	0	0	15	0	0	0	0	0	0	0	0	0	0	0	0	0	0	0	0	0	0	0	0	0	0	0	0	0	0	0	0	0	0	0	0	0	0	0	0	0	0	0	0	0	0	0	0	0	0	0	0	0	0	0	0	0	0	0	0	0	0	0	0	0	0	0	0	0	0	0	0	0	0	0	0	0	0	0
C461	0	1	9	0	0	0	0	0	1	0	0	0	0	0	0	7	0	0	0	0	0	0	0	0	0	0	0	0	0	0	0	0	0	0	0	0	0	0	0	0	1	0	0	0	0	0	0	0	0	0	0	15	0	0	0	0	0	0	0	0	0	0	0	0	0	0	0	0	0	0	0	0	0	3	0	0	0	1
C462	0	0	34	0	0	0	0	0	0	0	0	0	0	0	0	0	0	0	0	0	0	0	0	0	0	0	0	0	0	0	0	0	0	0	0	0	0	0	0	2	0	0	0	0	0	0	0	0	1	0	0	0	0	0	0	0	0	0	0	0	0	0	0	0	0	0	0	0	0	0	0	0	0	0	0	0	0	0
C464	21	5	25	1	0	0	2	0	0	0	3	0	1	10	0	0	0	0	0	0	2	0	0	2	0	0	0	0	0	0	0	0	1	1	0	0	0	1	0	1	1	0	0	0	0	7	0	1	1	1	0	8	4	1	2	0	0	2	0	0	1	0	0	0	0	11	4	0	0	0	0	1	2	0	1	0	0	0
C466	0	0	0	27	0	0	2	0	0	2	0	0	0	0	0	1412	0	6	0	0	0	0	0	0	0	0	0	3	0	0	0	0	0	0	0	0	0	2	0	0	0	0	1	0	0	0	0	13	0	0	0	0	0	0	0	0	0	0	0	0	16	0	0	0	0	2	0	0	0	0	0	0	0	0	0	0	0	0
C469	0	0	2	1	4	21	10	0	0	0	10	0	2	0	0	0	0	1	0	0	11	0	2	0	0	4	4	0	0	6	0	0	0	0	0	0	2	2	1	19	0	0	0	14	0	2	32	18	9	0	0	0	0	0	0	0	0	0	0	18	68	0	0	0	1132	0	0	6	9	0	41	1	0	0	1	0	0	6
C470	1	0	6	0	0	0	0	0	0	0	0	0	0	0	0	0	0	0	0	0	0	0	0	0	0	0	0	0	0	0	0	0	0	0	0	0	0	0	0	0	4	0	0	0	0	0	0	0	0	0	0	0	0	0	0	0	0	0	0	0	0	0	0	0	2	2	0	0	0	0	0	0	0	1	0	0	0	0
C472	0	0	4	0	0	0	0	0	0	0	0	0	0	2	0	2	0	0	0	0	0	0	0	0	0	0	0	0	0	0	0	0	0	0	0	0	0	0	0	0	4	0	0	0	0	0	0	0	0	0	0	3	0	0	0	0	0	0	0	0	0	0	0	0	0	2	0	0	0	0	0	0	0	0	0	0	0	0
C473	0	0	15	0	0	0	0	0	0	0	0	0	0	4	0	9	0	0	0	0	3	0	0	0	0	0	0	0	0	0	0	0	0	0	0	0	0	1	0	0	6	0	0	0	0	0	0	0	0	0	0	10	0	0	0	0	0	0	0	0	0	0	0	0	0	5	0	0	0	0	0	0	0	3	0	0	0	0
C474	0	0	14	0	0	0	0	0	0	0	0	0	0	0	0	0	0	0	0	0	0	0	0	0	0	0	0	0	0	0	0	0	0	0	0	0	0	0	0	0	0	0	0	0	0	0	0	0	0	0	0	0	0	0	0	0	0	0	0	0	0	0	0	0	0	0	0	0	0	0	0	0	0	0	0	0	0	0
C475	0	0	9	0	0	0	0	0	0	0	0	0	0	0	0	18	0	0	0	0	0	0	0	0	0	0	0	0	0	0	0	0	0	0	0	0	0	0	0	0	0	0	0	0	0	0	0	0	0	0	0	0	0	0	0	0	0	0	0	0	0	0	0	0	0	0	0	0	0	0	0	0	0	0	0	0	0	0
C477	4	9	4	0	0	0	0	0	0	0	0	0	0	1	0	1	0	0	0	0	0	0	0	0	0	0	0	0	0	0	0	0	0	0	0	0	0	0	0	0	0	0	0	0	0	0	0	0	0	0	0	2	0	0	0	0	0	0	0	0	0	0	0	0	0	2	0	0	0	0	0	0	0	0	0	0	0	0
C479	3	8	84	0	0	0	0	0	0	0	0	0	0	0	0	0	0	0	0	0	0	0	0	0	0	0	0	0	0	0	0	0	0	0	0	0	0	0	0	0	22	0	0	0	0	0	0	0	0	0	0	12	0	0	0	0	0	0	0	0	0	0	0	0	0	1	0	0	0	0	0	0	0	0	0	0	0	0
C483	0	0	0	15	4	1	2	0	0	15	3	0	1	0	0	0	0	0	2	0	17	0	4	0	1	0	7	3	0	0	0	1	0	1	3	0	0	8	2	16	0	1	0	0	0	0	3	0	34	0	1	0	4	0	0	0	0	0	2	1	69	0	0	0	14	0	0	1	2	0	17	3	0	0	1	0	0	1
C484	0	0	0	8	2	4	0	0	0	2	0	0	0	0	0	0	0	0	0	0	2	0	0	0	0	1	0	0	0	2	0	0	1	2	0	1	1	3	1	4	0	2	0	1	0	0	0	0	0	0	22	3	0	0	2	0	2	0	0	0	1	0	0	0	0	0	0	0	0	0	5	4	0	0	0	0	11	0
C487	0	2	0	16	0	0	0	0	0	4	0	0	0	0	0	0	0	0	0	0	0	0	0	0	0	0	0	0	0	0	0	0	10	0	0	0	0	0	0	0	0	0	0	0	0	0	2	0	57	2	0	0	0	0	0	0	0	0	0	0	13	0	0	0	11	0	0	8	7	0	0	0	0	0	0	0	0	0
C489	0	0	10	0	0	2	0	0	0	0	0	0	0	0	0	0	0	0	0	0	0	0	0	0	0	0	0	0	0	0	0	0	0	0	0	0	0	0	0	0	0	0	0	0	0	0	0	0	0	0	0	2	0	0	0	0	0	0	0	0	0	0	0	0	0	0	0	0	0	0	0	0	0	0	0	0	0	0
C491	0	0	10	0	0	0	0	0	0	0	0	0	0	0	0	16	0	0	0	0	0	1	0	0	0	0	0	0	0	0	0	0	0	0	0	0	0	0	0	0	0	0	0	0	0	0	0	0	0	0	3	0	0	0	0	0	0	0	0	0	0	0	0	0	0	0	1	0	0	0	0	0	0	0	0	0	0	0
C497	0	0	0	11	2	0	2	0	0	2	0	0	0	0	0	0	0	0	0	8	4	10	2	0	0	1	2	0	0	2	0	0	4	2	5	0	1	0	7	1	0	0	0	0	2	0	2	6	8	8	1	0	0	0	4	4	0	0	6	1	12	0	2	4	36	0	0	0	10	47	2	3	0	0	1	2	0	0
C498	0	0	0	8	0	0	0	0	0	0	0	0	0	0	0	0	0	0	0	0	0	0	0	0	0	0	0	0	0	0	0	0	0	0	0	0	0	0	0	0	0	0	0	0	0	0	0	0	0	0	0	0	0	0	0	0	0	0	0	0	0	0	0	0	0	0	0	0	0	0	0	12	0	0	0	0	0	0
C499	0	0	3	33	6	25	16	0	0	8	2	2	11	0	1	0	0	11	6	326	62	30	0	2	0	3	4	1	0	3	0	13	19	1	6	3	4	8	7	14	0	1	0	19	0	0	40	11	56	9	4	0	0	2	33	0	1	2	54	75	1017	0	0	2	409	0	0	56	11	67	33	0	0	0	0	6	0	2
C500	3	2	2	0	0	0	0	0	0	0	0	0	0	1	0	4	0	0	0	0	0	0	0	0	0	0	0	0	0	0	0	0	0	0	0	0	0	0	0	0	3	0	0	0	0	0	0	0	0	0	0	0	0	0	0	0	0	0	0	0	0	0	0	0	0	16	0	0	0	0	0	0	0	1	0	0	0	0
C503	3	0	0	0	0	1	0	0	0	0	0	0	0	0	0	0	0	0	0	0	0	0	0	0	0	0	0	0	0	0	0	0	0	0	0	0	0	0	0	0	0	0	0	0	0	0	0	0	0	0	0	7	0	0	0	0	0	0	0	0	0	0	0	0	0	0	0	0	0	0	0	0	0	0	0	0	0	0
C509	2	1	9	0	0	0	0	0	0	0	0	0	0	0	0	3	0	0	0	0	0	0	0	0	0	0	0	0	0	0	0	0	0	0	0	0	0	0	0	0	2	0	0	0	0	0	0	0	0	0	0	6	0	0	0	0	0	0	0	0	0	0	0	0	0	5	0	0	0	0	0	0	0	0	0	0	0	0
C510	177	45	300	97	9214	5	32934	1263	1	2	16323	1564	15694	112	15052	603	204	11930	4850	4777	25535	24188	12511	7851	8041	33056	2939	13427	0	34	23	8404	21187	9786	646	0	28400	2577	16994	7762	0	79	1282	34313	2963	9890	6076	362	5270	18819	11	112	4102	15354	11652	28	656	19561	3996	17586	7061	10568	3427	9	34187	107	15471	12	13449	733	9	908	954	6	18747	154	1	2116
C511	0	1	6	0	0	0	0	0	0	0	0	0	0	0	0	0	0	0	0	0	1	0	0	0	0	0	0	0	0	0	0	0	0	0	0	0	0	0	0	0	0	0	0	0	0	0	0	0	0	0	0	1	0	0	0	0	0	0	1	0	1	0	0	0	0	0	0	0	0	0	0	0	0	0	0	0	0	0
C513	3	3	1	0	0	0	0	0	0	0	0	0	0	1	0	0	0	0	0	0	0	0	0	0	0	0	0	0	0	0	0	0	0	0	0	0	0	0	0	0	1	0	0	0	0	0	0	0	0	0	0	0	0	0	0	0	0	0	0	0	0	0	0	0	0	2	0	0	0	0	0	0	0	0	0	0	0	0
C514	5	4	0	0	0	0	0	0	0	0	0	0	0	1	0	1	0	0	0	0	0	0	0	0	0	0	0	0	0	0	0	0	0	0	0	0	0	0	0	0	0	0	0	0	0	0	0	0	0	0	0	1	0	0	0	0	0	0	0	0	0	0	0	0	0	1	0	0	0	0	0	0	0	1	0	0	0	0
C515	0	2	38	0	0	0	0	0	1	0	0	0	0	0	0	0	0	0	0	0	0	0	0	0	0	0	0	0	0	0	0	2	0	0	0	0	0	0	0	0	4	0	0	0	0	0	5	0	3	0	1	0	0	0	0	0	0	0	0	1	9	0	0	0	2	6	0	1	0	0	4	0	0	0	0	2	0	0
C519	0	8	2	0	0	0	0	0	1	0	0	0	0	0	0	0	0	0	0	0	0	0	0	0	0	0	0	0	0	0	0	0	0	0	0	0	0	0	0	0	1	0	0	0	0	0	0	0	0	0	0	0	0	0	0	0	0	0	0	0	0	0	0	0	0	4	0	0	0	0	0	0	0	0	0	0	0	0
C520	2	7	2	0	0	0	0	0	0	0	0	0	0	1	0	0	0	0	0	0	0	0	0	0	0	0	0	0	0	0	0	0	0	0	0	0	0	0	0	0	0	0	0	0	0	0	0	0	0	0	0	2	0	0	0	0	0	0	0	0	0	0	0	0	0	3	0	0	0	0	0	0	0	0	0	0	0	0
C523	0	0	5	0	0	0	0	0	0	0	28	0	0	0	0	0	0	0	0	0	0	0	0	0	0	0	0	0	0	0	0	0	0	0	0	0	0	2	0	0	0	0	0	0	0	0	3	0	0	0	0	0	0	0	0	0	0	0	0	2	0	0	0	0	0	0	0	0	0	0	0	0	0	0	0	0	0	0
C524	0	0	4	0	0	0	0	0	2	0	0	0	0	0	0	0	0	0	0	0	0	0	0	0	0	0	0	0	0	0	0	0	0	0	0	0	0	0	0	1	0	0	0	0	0	0	0	0	0	0	0	0	0	0	0	0	0	0	0	0	2	0	0	0	0	3	0	0	0	0	0	0	0	0	0	0	0	0
C525	0	0	6	0	0	0	0	0	0	0	0	0	0	12	0	0	0	2	0	0	0	0	0	0	0	0	0	0	0	0	0	0	0	0	0	0	0	1	0	0	8	0	0	0	0	0	0	0	1	0	0	324	0	0	0	0	0	0	0	0	0	0	0	0	0	0	0	0	0	0	19	0	0	0	0	0	0	1
C526	0	0	4	0	0	0	0	0	0	0	0	0	0	0	0	0	0	0	0	0	0	0	0	0	0	0	0	0	0	0	0	0	0	0	0	0	0	0	0	12	0	0	0	0	0	0	0	0	0	0	0	0	0	0	0	0	0	0	0	0	0	0	0	0	0	0	0	0	0	0	0	0	0	0	0	0	0	0
C527	3	8	2	0	0	0	0	0	0	0	0	0	0	0	0	1	0	0	0	0	0	0	0	0	0	0	0	0	0	0	0	0	0	0	0	0	0	0	0	0	0	0	0	0	0	0	0	0	0	0	0	2	0	0	0	0	0	0	0	0	0	0	0	0	0	1	0	0	0	0	0	0	0	0	0	0	0	0
C529	0	0	9	0	0	0	0	0	0	0	0	0	0	0	0	0	0	1	0	1	0	0	0	0	0	0	1	0	0	0	0	0	0	0	0	0	0	0	0	0	0	0	0	0	0	0	1	0	0	0	0	7	0	0	0	0	0	0	0	0	0	0	0	0	1	0	0	1	0	0	0	0	0	0	0	0	0	0
C530	0	62	2	0	0	0	0	0	0	0	0	0	0	0	0	5	0	0	0	0	0	0	0	0	0	0	0	0	0	0	0	0	0	0	0	0	0	0	0	0	1	0	0	0	0	0	0	0	0	0	0	1	0	0	0	0	0	0	0	0	0	0	0	0	0	4	0	0	0	0	0	0	0	0	0	0	0	0
C535	0	0	0	18	0	0	0	0	0	0	0	0	0	0	0	0	0	0	0	0	4	0	0	0	0	0	0	0	0	0	0	0	0	0	0	0	0	0	0	0	0	0	0	0	0	0	0	0	0	0	0	0	0	0	0	0	0	0	2	0	12	0	0	0	40	0	0	0	0	0	0	0	0	0	0	0	0	0
C540	0	2	0	7	0	0	0	0	0	0	1	0	0	0	0	0	0	1	0	0	0	0	2	0	2	1	9	0	0	0	0	0	0	0	1	0	0	1	0	0	0	0	0	0	1	0	0	0	0	0	0	1	0	0	0	0	0	0	0	0	3	0	0	0	0	0	0	0	5	0	0	6	0	0	0	0	0	0
C541	1	0	0	0	8	0	0	476	0	0	0	0	0	1	3	0	0	1	1	0	17	1	172	1	2	0	0	0	1	4	0	0	0	0	0	0	0	13	0	0	0	0	0	0	0	4	0	0	0	0	0	0	0	0	0	0	0	0	0	0	2	0	1	0	0	2	0	0	0	0	0	0	0	0	0	0	0	0
C542	1	1	1	2	0	9	0	0	10453	0	0	0	0	14	0	11174	0	0	0	0	0	0	0	0	0	0	1	0	1	1	2	0	0	0	0	41	0	0	0	0	2014	6	0	0	0	0	0	0	0	0	31	68	0	0	0	0	0	0	0	0	0	0	0	0	0	6	0	0	0	0	0	0	0	7334	0	1	77	0
C547	0	1	6	0	1	0	1	0	0	0	0	0	0	2	0	0	0	0	0	0	0	0	0	0	0	0	0	0	0	0	0	0	0	0	0	0	1	0	1	0	1	0	0	0	0	0	0	0	0	0	11	2	0	0	0	0	0	0	0	0	0	0	0	0	0	1	0	0	0	0	0	0	0	0	0	0	8	0
C548	0	0	0	5	0	0	0	0	0	0	0	0	0	0	0	0	0	0	0	0	0	0	0	0	0	0	0	0	0	0	0	0	0	0	0	0	0	0	0	2	0	0	0	0	0	0	2	0	0	2	0	1	0	0	0	0	0	0	0	0	4	0	0	0	0	0	0	0	0	0	0	0	0	0	0	0	0	0
C550	0	0	0	8	0	0	0	0	0	0	0	0	0	0	0	0	0	0	0	0	0	0	0	0	0	0	0	0	0	0	0	0	0	0	0	0	0	0	0	2	0	0	0	0	0	0	0	0	0	0	0	0	0	0	0	0	0	0	0	0	7	0	0	0	6	0	0	9	0	0	0	0	0	0	0	0	0	0
C552	1	0	1	0	0	0	0	0	0	0	0	0	0	1	0	5	0	0	0	0	0	0	0	0	0	0	0	0	0	0	0	0	0	0	0	0	0	0	0	0	4	0	0	0	0	0	0	0	0	0	0	0	0	0	0	0	0	0	0	0	0	0	0	0	0	4	0	0	0	0	0	0	0	0	0	0	0	0
C553	0	0	0	2	0	0	0	1	0	0	0	0	0	0	2	0	0	4	0	0	0	0	1	0	2	1	4	0	0	0	0	6	1	0	7	0	0	0	0	1	0	0	0	0	0	0	0	0	2	0	0	0	0	0	0	0	0	0	9	0	0	0	0	0	0	0	0	0	0	0	0	1	0	0	0	0	0	0
C560	1	9	0	0	0	0	0	0	0	0	0	0	0	1	0	2	0	0	0	0	0	0	0	0	0	0	0	0	0	0	0	0	0	0	0	0	0	0	0	0	0	0	0	0	0	0	0	0	0	0	0	1	0	0	0	0	0	0	0	0	0	0	0	0	0	0	0	0	0	0	0	0	0	0	0	0	0	0
C561	7	0	7	0	0	0	0	0	6	0	0	0	0	0	0	14	0	0	0	0	0	0	0	0	1	4	1	0	0	0	0	5	0	2	1	0	0	2	0	1	0	0	0	0	0	0	7	0	0	0	0	8	0	0	0	0	0	0	0	0	0	0	0	0	4	5	0	0	0	0	1	0	0	10	0	0	0	0
C566	6	1	11	0	0	0	0	0	0	0	0	0	0	2	0	11	0	0	0	0	0	0	0	0	0	0	0	0	0	0	0	0	0	0	0	0	0	0	0	0	15	0	0	0	0	0	0	0	0	0	0	1	0	1	0	0	0	0	0	0	0	0	0	0	0	6	0	0	0	0	0	0	0	0	0	0	0	0
C567	0	0	0	2	1	0	0	0	0	2	0	0	1	0	3	0	0	0	0	0	0	1	1	0	1	0	0	0	0	0	0	0	0	1	2	0	2	0	1	0	0	0	0	0	1	0	1	0	0	0	0	0	0	0	0	0	0	0	2	0	0	0	0	1	0	0	2	0	0	0	0	3	1	0	0	0	0	0
C569	1	2	1	3	2	0	0	0	0	0	0	0	1	1	1	0	0	0	0	0	0	0	0	0	1	1	0	0	0	0	0	0	1	0	0	0	2	0	0	1	0	0	0	0	1	0	0	0	0	0	0	0	0	0	0	1	0	1	0	2	0	0	0	2	0	1	0	0	0	0	0	2	0	0	1	2	0	0
C575	0	0	0	3	5	0	0	0	0	1	3	0	0	0	2	0	1	6	0	0	1	1	0	0	0	6	1	0	0	1	3	1	3	1	0	0	4	2	0	2	0	0	0	1	0	5	1	1	6	4	0	0	1	0	0	0	0	1	0	2	0	0	3	0	0	0	4	0	0	2	0	0	1	0	0	1	0	0
C578	0	0	0	2	0	0	0	0	0	0	0	0	5	0	0	0	0	0	0	0	0	0	1	0	0	0	0	0	0	0	2	0	0	0	5	0	0	3	0	0	0	0	0	0	0	0	7	2	6	2	0	8	0	0	0	0	0	0	0	2	3	0	0	0	79	0	0	0	0	0	0	3	0	0	0	8	0	0
C579	0	0	4	0	0	0	0	0	0	0	0	0	0	0	0	0	0	0	0	3	0	0	0	0	0	0	0	0	0	0	0	1	0	0	0	0	5	0	0	2	0	0	0	0	0	0	5	0	0	0	0	4	0	0	0	0	0	0	0	2	11	0	0	0	4	0	0	0	0	0	0	0	0	2	0	0	0	0
C580	0	58	158	0	2	0	0	0	0	10	0	0	0	7	0	59	0	0	0	0	0	0	0	0	0	0	4	0	0	0	0	0	2	0	2	0	0	0	4	0	2	1	0	0	0	0	0	0	0	1	0	0	0	1	0	0	0	0	0	0	12	0	0	0	13	6	0	6	0	0	0	0	0	0	0	0	0	0
C587	0	2	2	0	0	0	0	0	0	0	0	0	0	0	0	6	0	0	0	0	0	0	0	0	0	0	0	0	0	0	0	0	0	0	0	0	0	0	0	0	4	0	0	0	0	0	0	0	0	0	0	0	0	0	0	0	0	0	0	0	0	0	0	0	0	3	0	0	0	0	0	0	0	0	0	0	0	0
C593	0	3	3	0	0	0	0	0	0	0	0	0	0	0	0	1	0	0	0	0	0	0	0	0	0	0	0	0	0	0	0	0	0	0	0	0	0	0	0	0	0	0	0	0	0	0	0	0	0	0	0	0	0	0	0	0	0	0	0	0	0	0	0	0	0	5	0	0	0	0	0	0	0	0	0	0	0	0
C595	0	0	0	1	1	0	0	0	0	0	0	0	1	0	0	0	0	0	0	0	0	1	0	0	3	0	1	1	0	0	0	0	1	1	0	0	0	0	3	0	0	0	0	1	0	0	0	0	0	0	0	0	0	0	0	1	0	2	1	0	0	1	0	3	0	0	1	0	2	0	0	2	0	0	0	0	0	0
C600	6	3	2	0	0	0	0	0	0	0	0	0	0	3	0	3	0	0	0	0	0	0	0	0	0	0	0	0	0	0	0	0	0	0	0	0	0	0	0	0	0	0	0	0	0	0	0	0	0	0	0	1	0	0	0	0	0	0	0	0	0	0	0	0	0	1	0	0	0	0	0	0	0	0	0	0	0	0
C602	0	12	1	0	0	0	0	0	0	0	0	0	0	0	0	6	0	0	0	0	0	0	0	0	0	0	0	0	0	0	0	0	0	0	0	0	0	0	0	0	0	0	0	0	0	0	0	0	0	0	0	0	0	0	0	0	0	0	0	0	0	0	0	0	0	1	0	0	0	0	0	0	0	0	0	0	0	0
C605	0	0	2	6	5	0	13	0	0	6	17	0	7	0	11	0	0	11	1	7	8	0	2	1	5	15	4	2	0	20	57	2	5	3	0	0	10	16	0	4	1	0	0	19	0	45	4	1	28	14	0	0	11	11	1	1	0	1	1	8	11	2	4	0	1	0	23	0	3	0	1	1	7	0	7	1	0	0
C606	4	2	3	0	0	0	0	0	0	0	0	0	0	0	0	1	0	0	0	0	0	0	0	0	0	0	0	0	0	0	0	0	0	0	0	0	0	0	0	0	0	0	0	0	0	0	0	0	0	0	0	2	0	0	0	0	0	0	0	0	0	0	0	0	0	1	0	0	0	0	0	0	0	0	0	0	0	0
C611	0	2	100	0	0	0	0	0	0	0	0	0	0	0	0	0	0	0	0	0	0	0	0	0	0	0	0	0	0	0	0	0	0	0	0	0	0	0	0	0	0	0	0	0	0	0	5	0	2	0	0	0	0	0	0	0	0	0	0	0	0	0	0	0	0	4	0	0	0	0	0	0	0	0	0	0	0	0
C616	0	2	11	0	0	0	0	0	1	0	0	0	0	0	0	0	0	0	0	0	0	0	0	0	0	0	0	0	0	0	0	0	0	0	0	0	0	0	0	0	10	0	0	0	0	0	0	0	0	0	0	0	0	0	0	0	0	0	0	0	0	0	0	0	0	16	0	0	0	0	0	0	0	0	0	0	0	0
C617	0	0	0	1	0	0	2	0	0	0	0	0	0	0	0	0	0	0	1	0	1	0	1	0	1	1	2	0	0	0	0	2	0	0	0	0	1	0	0	0	0	0	0	1	0	1	0	0	0	1	0	0	0	0	0	0	0	0	1	1	0	0	0	0	0	0	0	1	0	0	0	0	0	0	1	1	0	0
C618	0	0	11	0	0	0	0	0	0	0	0	0	0	0	0	0	0	0	0	0	0	0	0	0	0	0	0	0	0	0	0	0	0	0	0	0	0	0	0	0	1	0	0	0	0	0	0	0	0	0	0	0	0	0	0	0	0	0	0	0	0	0	0	0	0	0	0	0	0	0	0	0	0	0	0	0	0	0
C622	5	6	2	0	0	0	0	0	0	0	0	0	0	0	0	0	0	0	0	0	0	0	0	0	0	0	0	0	0	0	0	0	0	0	0	0	0	0	0	0	0	0	0	0	0	0	0	0	0	0	0	0	0	0	0	0	0	0	0	0	0	0	0	0	0	1	0	0	0	0	0	0	0	0	0	0	0	0
C627	1	0	5	0	0	0	0	0	0	0	0	0	0	0	0	3	0	0	0	0	0	0	0	0	0	0	0	0	0	0	0	0	0	0	0	0	0	0	0	0	3	0	0	0	0	0	0	0	0	0	0	2	0	0	0	0	0	0	0	0	0	0	0	0	0	1	0	0	0	0	0	0	0	0	0	0	0	0
C629	0	0	1	0	0	0	0	0	0	0	0	0	0	0	0	22	0	0	0	0	0	0	0	0	0	0	0	0	0	0	0	0	0	0	0	0	0	0	0	0	0	0	0	0	0	0	0	0	0	0	0	4	0	0	0	0	0	0	0	0	0	0	0	0	0	0	0	0	0	0	0	0	0	0	0	0	0	0
C637	0	0	0	1	0	0	0	1	0	0	0	0	0	0	0	0	0	0	0	0	0	0	0	0	0	1	0	0	0	0	0	0	1	0	0	0	2	0	3	0	0	0	0	0	0	0	0	0	0	0	0	0	0	0	0	0	0	0	0	0	1	0	0	0	0	0	0	0	0	0	0	0	0	0	1	0	0	0
C639	0	0	0	453	9	1	41	3	0	3	176	0	196	0	66	0	68	424	17	351	66	162	361	0	2884	284	432	807	0	91	7	402	157	45	297	0	98	371	193	917	0	46	0	117	70	162	227	615	840	7	5	0	39	72	222	63	0	507	145	555	148	453	76	5	626	0	32	0	576	71	5	234	114	0	146	313	1	946
C641	0	0	0	0	1600	0	0	1314	0	0	2	0	385	0	404	0	0	2	0	2	622	0	5	0	0	0	2	0	0	0	0	530	0	796	0	0	4	1360	1	123	0	0	0	0	0	0	3	929	0	1077	0	0	0	24	0	0	0	0	0	4387	3	0	0	0	3	0	592	2	0	12	0	0	0	0	0	1502	0	0
C642	0	0	0	15	3	0	0	0	0	1	0	0	0	0	0	0	1	2	11	2	8	1	0	0	0	0	2	0	0	0	0	0	5	1	0	0	0	4	0	2	0	3	2	1	0	0	0	0	3	0	41	0	0	2	0	0	2	0	3	1	9	0	0	1	12	0	0	0	0	3	2	5	0	0	0	0	1	3
C644	16	29	13	0	0	0	0	0	0	0	0	0	0	0	0	3	0	0	0	0	0	0	0	0	0	0	0	0	0	0	0	0	0	0	0	0	0	0	0	0	0	0	0	0	0	0	0	0	0	0	0	4	0	0	0	0	0	0	0	0	0	0	0	0	0	5	0	0	0	0	0	0	0	1	0	0	0	0
C645	0	0	0	2	0	0	0	0	0	0	0	0	0	0	0	0	0	0	0	0	0	2	0	0	0	0	0	0	0	0	0	0	0	0	0	0	0	0	1	0	0	0	0	0	0	0	0	0	0	0	0	0	0	0	0	0	0	0	0	0	0	0	0	0	0	0	0	0	2	4	0	0	0	0	0	0	0	0
C646	0	0	0	2	27	0	0	0	0	0	0	0	2	0	0	0	0	0	0	0	0	0	0	0	0	0	0	0	0	0	0	0	0	0	0	0	0	0	0	0	0	0	0	0	0	0	0	0	4	0	0	0	0	0	0	0	0	0	0	0	0	0	0	0	0	0	0	7	0	0	0	0	0	0	0	0	0	0
C647	0	0	155	0	0	0	0	0	0	0	0	0	0	0	0	1	0	0	0	0	0	0	0	0	0	0	0	0	0	0	0	0	0	0	0	0	0	0	0	0	0	0	0	0	0	0	0	0	0	0	0	0	0	0	0	0	0	0	0	0	0	0	0	0	3	0	0	0	0	0	0	0	0	0	0	0	0	0
C648	0	0	0	0	4	0	0	0	0	0	0	0	0	0	0	0	0	0	0	0	0	0	0	0	0	2	0	0	0	0	0	0	0	0	0	0	0	0	2	0	0	0	0	0	0	0	0	0	6	2	8	0	0	0	0	0	0	0	0	0	0	0	0	0	0	0	0	0	0	0	0	0	0	0	0	0	0	0
C649	1	0	22	29	26	0	15	2	0	69	4	0	10	0	2	4	2	0	9	217	44	2	6	0	29	10	135	0	0	0	0	10	3	0	0	303	2	6	0	316	1	0	0	1	204	0	346	2	323	15	4	2	0	14	5	2	3	0	41	27	8156	0	2	4	190	7	2	88	32	19	0	0	6	0	2	8	2	0
C650	0	4	190	0	1	0	0	0	0	2	0	0	0	0	0	2	0	0	0	1	1	0	0	0	0	0	0	0	0	0	0	0	0	0	0	0	0	0	1	0	1	0	0	0	0	0	0	0	4	1	0	0	0	0	0	0	0	0	0	0	6	0	0	0	3	2	0	0	1	1	0	0	0	6	0	0	0	0
C651	4	0	5	0	0	0	0	0	0	0	0	0	0	1	0	1	0	0	0	0	0	0	0	0	0	0	0	0	0	0	0	0	0	0	0	0	0	0	0	0	6	0	0	0	0	0	0	0	0	0	0	4	0	0	0	0	0	0	0	0	0	0	0	0	0	3	0	0	0	0	0	0	0	0	0	0	0	0
C652	0	0	115	0	0	0	0	0	0	0	0	0	0	1	0	0	0	0	0	0	0	0	0	0	0	0	0	0	0	0	0	0	0	0	0	0	0	0	0	0	0	0	0	0	0	0	0	0	0	0	0	0	0	0	0	0	0	0	0	0	1	0	0	0	1	0	0	0	0	0	0	0	0	1	0	0	0	0
C656	0	0	0	0	4	0	0	0	0	0	0	0	0	0	1	0	0	1	0	0	0	0	0	0	0	0	0	0	0	0	0	0	1	0	0	0	0	0	0	1	0	0	0	0	0	1	0	0	0	0	0	0	0	1	0	0	0	0	0	0	0	2	0	1	0	0	0	0	0	0	0	0	0	0	1	0	0	0
C658	0	1	8	9	16	8	13	0	0	45	9	2	7	0	0	0	0	3	0	5	39	10	0	0	2	0	15	8	2	4	0	0	4	0	2	5	1	8	4	64	0	1	1	4	0	0	41	1	114	23	4	0	3	0	1	6	0	2	11	9	299	0	6	1	521	1	0	20	4	2	1	4	0	4	1	18	0	0
C660	0	10	0	0	0	0	0	0	0	0	0	0	0	0	0	1	0	0	0	0	0	0	0	0	0	0	0	0	0	0	0	0	0	0	0	0	0	0	0	0	0	0	0	0	0	0	0	0	0	0	0	1	0	0	0	0	0	0	0	0	0	0	0	0	0	0	0	0	0	0	0	0	0	0	0	0	0	0
C661	3	5	2	0	0	0	0	0	0	0	0	0	1	0	0	0	0	0	0	0	0	0	0	0	0	0	0	0	0	0	0	0	0	0	0	0	0	1	0	0	0	0	0	0	0	0	0	0	0	0	0	1	0	0	0	0	0	0	0	0	0	0	0	0	0	0	0	0	0	0	0	0	0	1	0	0	0	0
C662	2	0	8	0	0	0	0	0	0	0	0	0	0	2	0	3	0	0	0	0	0	0	0	0	0	0	0	0	0	0	0	0	0	0	0	0	0	0	0	0	13	0	0	0	0	0	0	0	0	0	0	4	0	0	0	0	0	0	0	0	0	0	0	0	0	3	0	0	0	0	0	0	0	0	0	0	0	0
C664	0	0	0	16	0	0	0	0	0	0	5	0	0	0	0	0	1	6	0	0	0	0	0	0	0	0	0	0	0	0	0	1	2	18	3	0	0	6	0	2	0	2	0	17	8	0	5	0	0	0	12	0	0	0	0	0	0	4	0	0	2	2	0	0	5	0	0	0	0	0	0	0	0	0	12	10	0	0
C665	0	11	4	0	0	0	0	0	1	0	0	0	0	0	0	0	0	0	0	0	0	0	0	0	0	0	0	0	0	0	0	0	0	0	0	0	0	0	0	0	2	0	0	0	0	0	0	0	0	0	0	0	0	0	0	0	0	0	0	0	0	0	0	0	0	2	0	0	0	0	0	0	0	2	0	0	0	0
C666	0	0	2	2	2	0	0	0	0	6	0	0	2	0	0	0	0	0	0	0	1	0	0	0	0	0	1	0	0	0	0	0	3	0	0	0	0	3	0	0	0	0	0	1	0	0	5	0	3	0	0	0	0	0	0	0	0	0	7	0	3	0	0	0	21	0	0	2	0	0	0	10	0	0	0	2	0	0
C667	0	0	7	0	0	0	0	0	3	0	0	0	0	0	0	6	0	0	0	0	0	0	0	0	0	0	0	0	0	0	0	0	0	0	0	0	0	0	0	0	0	0	0	0	0	0	0	0	0	0	0	17	0	0	0	0	0	0	0	0	0	0	0	0	0	0	0	0	0	0	0	0	0	2	0	0	0	0
C671	0	0	0	1	14	0	9	0	0	0	0	0	0	0	0	0	0	0	0	2	2	1	0	0	1	0	7	0	0	0	0	0	0	0	2	0	0	1	0	7	0	0	0	1	0	1	2	0	1	3	2	0	0	1	0	0	1	0	2	2	20	0	0	0	21	0	0	1	2	4	0	0	0	0	0	0	0	0
C672	0	0	0	0	2	0	0	0	0	0	0	0	0	0	0	0	0	0	0	0	0	0	0	0	0	0	0	0	0	0	0	0	0	0	0	0	0	0	0	0	0	0	0	0	0	0	0	0	0	0	0	0	0	0	0	0	0	0	1	0	4	0	0	0	14	0	0	0	0	0	0	0	0	0	0	0	0	0
C673	0	0	12	15	4	0	2	0	0	6	0	0	36	0	0	0	0	0	0	0	3	0	0	0	2	0	7	0	0	0	0	0	0	0	2	0	0	0	0	244	0	0	0	0	0	0	0	0	75	16	0	0	0	0	0	0	0	4	5	9	319	0	0	0	8	0	0	0	4	0	0	0	0	0	0	10	0	0
C675	0	0	0	0	43	0	0	0	0	0	0	0	0	0	0	0	0	0	0	22	4	0	0	0	1	0	0	0	0	0	0	0	0	0	0	0	0	0	0	0	0	0	0	0	0	0	0	0	4	0	0	0	0	0	0	0	0	0	0	0	0	0	0	0	2	0	0	0	10	4	0	0	0	0	0	0	0	0
C676	0	0	0	5	6	0	22	4	0	1915	4	1	5	0	0	0	0	3	4	5	41	9	3	0	7	6	12	57	0	0	0	7	18	6	3	1	0	7	5	44	0	4	0	0	0	0	97	0	41	5	5	0	4	0	4	0	4	2	1	10	49	0	1	0	34	0	0	7	3	10	1	6	2	0	0	21	0	7
C680	8	1	4	25	11	0	5	0	0	75	7	1	3	0	0	0	0	0	1	0	6	17	0	0	5	1	19	0	0	0	0	9	9	0	4	0	1	28	0	33	0	1	0	1	0	0	30	0	122	20	0	1	8	0	12	0	0	0	12	6	89	0	0	1	27	0	0	46	14	0	0	0	0	0	0	3	0	0
C681	6441	82	1300	1	0	0	0	0	3	0	0	0	0	93	0	360	0	0	1	1	0	0	0	3	0	0	0	0	0	0	2	1	0	0	0	0	1	0	1	0	22	0	0	1	0	0	0	0	0	0	2	146	0	0	0	0	0	0	0	0	0	0	0	0	2	490	0	0	0	0	0	0	0	17	0	0	2	0
C683	0	64	132	0	0	0	0	0	0	0	0	0	0	0	0	1	0	0	0	1	0	0	0	0	0	0	0	0	0	0	0	0	0	0	0	0	0	0	0	0	0	0	0	0	0	0	0	0	0	0	0	13	0	0	0	0	0	0	0	0	2	0	0	0	0	2	0	0	0	0	0	0	0	0	0	0	0	0
C684	0	0	0	0	5	0	1	1	0	0	0	0	4	0	0	0	0	0	0	0	1	1	4	0	0	1	0	0	1	8	3	0	3	1	5	0	2	4	3	2	0	0	0	0	0	0	2	0	4	0	0	0	7	0	0	1	0	0	0	0	3	0	0	0	3	0	0	0	7	0	0	1	20	0	0	0	0	0
C685	0	0	0	1	1	0	0	2	0	0	0	0	0	0	0	0	0	0	0	0	0	0	0	0	0	0	0	2	0	0	0	0	0	0	0	0	0	0	0	0	0	0	0	1	0	0	1	0	0	0	0	0	2	0	0	0	0	0	0	1	0	0	0	0	0	0	0	0	0	0	0	0	0	0	0	0	0	0
C686	0	0	0	2	0	0	0	0	0	1	0	0	0	0	0	0	0	0	1	0	0	0	0	0	0	0	0	0	0	0	0	0	0	0	1	0	0	0	0	0	0	0	0	0	0	0	0	0	1	0	6	0	0	0	0	0	0	0	0	0	0	0	0	0	0	0	0	0	0	9	0	0	0	0	1	0	0	1
C687	26	1	10	0	0	0	0	0	0	0	0	0	0	1	0	7	0	0	0	0	0	0	0	0	0	0	0	0	0	0	0	0	0	0	0	0	0	0	0	0	0	0	0	0	0	0	0	0	0	0	0	0	0	0	0	0	0	0	0	0	0	0	0	0	0	5	0	0	0	0	0	0	0	0	0	0	0	0
C690	0	0	0	0	6	6	33	1	0	70	18	0	8	0	6	0	0	9	0	55	26	0	10	0	2	6	6	25	0	1	0	12	13	4	4	0	3	6	8	69	0	9	0	5	0	0	18	1	260	0	0	0	2	0	5	1	0	0	17	43	408	0	3	0	33	0	0	1	0	138	9	21	0	0	5	3	0	7
C693	0	0	0	0	3	0	0	0	0	0	1	0	0	0	0	0	0	1	0	0	0	0	0	0	1	0	1	1	0	0	0	0	1	0	0	0	0	0	0	1	0	0	0	0	1	1	0	0	0	0	0	0	0	0	1	1	0	0	0	1	0	0	1	2	0	0	0	0	1	0	0	0	0	0	2	0	0	0
C695	4	4	2	0	0	0	0	0	0	0	0	0	0	0	0	0	0	0	0	0	0	0	0	1	0	0	0	0	0	0	0	0	0	0	0	0	0	0	0	0	0	0	0	0	0	0	0	0	0	0	0	1	0	0	0	0	0	0	0	0	0	0	0	0	0	0	0	0	0	0	0	0	0	0	0	0	0	0
C698	0	0	0	13	0	0	0	0	0	0	0	0	0	0	0	0	0	6	0	0	0	0	3	0	0	15	2	2	0	0	0	6	0	0	98	0	0	2	0	2	0	0	0	0	0	0	14	0	6	0	0	0	0	0	0	0	0	2	39	0	4	0	0	0	0	0	0	0	0	0	0	0	0	0	0	0	0	0
C699	0	0	0	0	19	0	0	0	0	0	0	0	0	0	0	0	0	0	0	0	8	0	0	0	0	1	0	0	0	1	1	0	0	0	0	0	1	12	0	13	0	0	0	0	0	0	6	0	0	1	0	0	0	0	0	0	0	0	0	11	20	0	0	4	9	0	0	0	0	0	0	0	24	0	0	0	0	0
C700	0	1	0	19	9	0	3	2	0	9	2	0	62	1	43	0	0	4	0	14	7	8	3	0	0	9	2	12	0	0	1	6	2	11	6	0	16	10	6	7	0	0	0	25	4	16	9	11	1	9	0	0	0	21	12	1	1	17	12	1	13	22	92	189	10	0	12	0	23	51	0	3	0	0	7	16	0	0
C702	0	0	0	2	0	0	0	0	0	0	1	0	0	0	0	0	0	1	0	0	1	0	0	0	0	0	0	0	0	0	0	1	0	0	0	0	0	1	0	0	0	0	0	1	0	1	1	0	0	0	0	0	0	0	0	1	0	0	0	0	0	1	1	2	0	0	0	0	0	1	0	0	0	0	0	0	0	0
C709	0	0	0	4	0	0	0	0	0	0	0	0	0	0	0	0	2	6	0	0	0	0	0	0	0	0	0	0	0	10	0	0	2	24	0	0	2	1	0	0	0	2	0	4	0	0	1	0	0	0	0	0	0	0	0	0	0	0	0	0	0	0	0	0	1	0	0	0	0	0	0	0	0	0	2	0	0	0
C711	0	0	0	8	0	0	1	0	0	0	0	0	0	0	0	0	0	0	0	0	0	0	0	0	0	0	0	0	0	0	0	0	0	0	0	0	0	6	0	0	0	0	0	0	0	0	0	0	0	0	0	0	0	0	0	0	0	0	254	0	0	0	0	0	0	0	0	1	4	0	0	0	0	0	0	0	0	0
C717	4	6	2	0	0	0	0	0	0	0	0	0	0	0	0	0	0	0	0	0	0	0	0	0	0	0	0	0	0	0	0	0	0	0	0	0	0	0	0	0	0	0	0	0	0	0	0	0	0	0	0	2	0	0	0	0	0	0	0	0	0	0	0	0	0	1	0	0	0	0	0	0	0	0	0	0	0	0
C718	0	0	0	3	1	0	2	3	0	3	1	0	1	0	3	0	0	2	0	2	0	3	1	0	2	3	1	5	0	0	0	2	4	0	1	0	1	0	6	1	0	0	0	2	2	0	1	1	2	1	0	0	0	2	0	2	0	1	1	2	5	0	1	3	0	0	1	0	2	0	0	6	0	0	4	1	0	0
C724	0	0	0	5	0	0	0	1	0	0	0	0	1	0	0	0	0	0	1	0	0	0	1	0	0	0	0	1	0	0	0	1	1	0	0	0	0	0	1	0	0	0	0	1	2	0	0	0	1	0	0	0	0	1	0	0	2	1	0	0	0	3	0	0	0	0	0	0	3	0	0	0	0	0	0	0	0	1
C725	0	0	0	1	4	0	0	0	0	1	2	0	0	0	0	0	0	0	0	1	0	2	1	0	0	4	1	0	0	0	0	0	3	0	0	0	0	1	1	0	0	0	0	1	2	1	0	0	0	1	0	0	0	1	1	1	0	0	0	1	0	0	1	0	0	0	1	1	1	0	0	4	0	0	0	0	0	0
C727	0	0	0	0	1	0	0	0	0	0	0	0	1	0	0	0	0	0	0	0	0	1	0	0	0	0	0	0	0	0	0	0	1	0	0	0	1	0	0	0	0	0	0	0	0	0	1	0	0	1	0	0	0	1	0	0	0	0	0	1	1	0	0	1	0	0	0	0	2	0	0	1	0	0	0	0	0	0
C728	0	0	0	6	4	0	5	0	0	5	0	0	0	0	0	0	1	4	2	0	34	1	0	2	0	1	2	0	0	5	2	0	0	0	5	0	0	1	1	2	0	1	0	0	0	0	6	8	4	0	1	0	0	0	0	0	2	0	0	0	11	0	0	0	38	0	0	0	1	0	1	11	0	0	0	5	0	2
C730	2	4	1	0	0	0	0	0	0	0	0	0	0	1	0	1	0	0	0	0	0	0	0	0	0	0	0	0	0	0	0	0	0	0	0	0	0	0	0	0	0	0	0	0	0	0	0	0	0	0	0	2	0	0	0	0	0	0	0	0	0	0	0	0	0	1	0	0	0	0	0	0	0	0	0	0	0	0
C731	0	0	0	1	1	0	1	1	0	0	1	0	0	0	1	0	0	0	0	0	4	0	1	1	0	0	0	0	0	0	0	0	2	1	0	0	0	0	0	0	0	0	0	1	1	2	1	0	0	0	0	0	0	0	0	2	0	1	1	0	2	0	1	2	2	0	0	0	2	0	0	1	0	0	0	1	0	0
C732	0	0	0	2	2	0	2	3	0	2	1	0	0	0	1	0	0	0	0	0	0	0	0	0	0	1	5	0	0	0	0	1	1	2	0	0	0	0	0	0	0	0	0	0	1	2	0	0	0	0	0	0	0	0	1	0	0	0	0	0	0	0	0	0	0	0	1	1	0	0	0	3	0	0	3	0	0	0
C735	0	0	0	0	1	0	0	3	0	0	2	0	1	0	0	0	0	0	0	1	1	0	0	0	0	0	1	1	0	0	0	0	0	0	0	0	0	0	1	0	0	0	0	0	0	0	0	0	0	1	0	0	0	0	0	2	0	0	3	0	0	0	0	0	0	0	1	0	0	0	0	0	0	0	1	0	0	0
C739	0	0	0	0	6	0	0	1	0	0	0	0	1	0	0	0	0	0	0	0	2	2	0	0	0	0	0	0	0	1	0	0	1	0	1	0	1	1	1	3	0	0	0	0	0	0	0	0	2	1	0	0	0	0	0	0	0	0	0	0	5	0	0	0	1	0	1	0	0	0	0	2	0	0	0	0	0	0
C742	0	0	0	6	0	0	0	0	0	0	0	0	0	0	0	0	0	0	0	0	0	0	0	0	0	0	0	0	0	0	0	0	0	0	0	0	0	0	0	0	0	0	0	0	0	0	1	0	2	0	0	0	0	0	0	0	0	0	0	0	3	0	0	0	12	0	0	0	0	0	0	0	0	0	0	0	0	0
C744	1	5	8	0	0	0	0	0	2	0	0	0	0	0	0	1	0	0	0	0	0	0	0	0	0	0	0	0	0	0	0	0	0	0	0	0	0	0	0	0	10	0	0	0	0	0	0	0	0	0	0	0	0	0	0	0	0	0	0	0	0	0	0	0	0	17	0	0	0	0	0	0	0	1	0	0	0	0
C745	0	0	3	0	0	0	0	0	0	0	0	0	0	0	0	1	2	0	0	0	0	0	0	0	0	0	0	0	0	0	0	0	0	0	0	0	0	0	0	0	8	0	0	0	0	0	0	0	0	0	0	5	0	0	0	0	0	0	0	0	0	0	0	0	0	4	0	0	0	0	0	0	0	0	0	0	0	1
C748	0	0	1	1	0	0	1	0	0	0	2	0	1	0	0	0	0	1	0	0	0	1	0	0	0	0	1	0	0	0	0	2	0	0	0	0	0	0	0	0	0	0	0	0	1	1	0	0	0	0	0	1	0	0	0	2	0	1	1	0	0	0	0	0	0	0	0	2	0	0	0	0	0	1	0	0	0	0
C755	0	0	0	0	3	0	0	0	0	0	1	0	0	0	0	0	0	0	0	1	0	2	2	0	0	1	0	0	0	0	0	2	0	1	2	0	1	0	1	0	0	0	0	0	0	0	0	0	0	0	0	0	1	0	0	0	0	0	0	0	0	0	0	0	2	0	1	0	0	0	0	1	7	0	0	0	0	0
C756	0	0	0	0	6	0	0	0	0	8	0	0	0	0	0	0	0	0	0	0	0	0	0	0	0	0	2	0	0	0	0	1	0	0	0	0	0	0	0	0	0	0	0	0	0	0	0	0	0	0	0	0	0	0	0	0	0	0	0	0	5	0	0	0	9	0	0	0	0	0	0	0	0	0	0	0	0	0
C757	0	0	15	0	0	1	0	0	0	0	0	0	0	0	0	0	0	0	0	0	0	0	0	0	0	0	0	0	0	0	0	0	0	0	0	0	0	0	1	0	0	0	0	0	0	0	0	0	0	0	0	0	0	0	0	0	0	0	0	0	0	0	0	0	0	0	0	0	0	0	0	0	0	0	0	0	0	0
C759	0	0	0	2	0	0	0	0	0	0	0	0	1	0	1	0	0	0	0	1	0	0	0	0	0	0	1	1	0	0	0	0	0	0	0	0	1	1	1	1	0	0	0	1	0	3	0	0	1	2	0	0	0	1	3	0	0	0	0	1	2	0	1	0	0	0	3	0	0	0	0	0	0	0	1	0	0	0
C760	0	0	0	2	0	0	0	0	1	0	0	0	0	0	0	0	0	0	0	0	0	0	1	0	0	0	0	0	0	0	0	0	0	0	1	0	0	2	0	0	0	0	0	0	0	0	0	0	0	0	0	0	0	0	1	0	0	0	2	7	0	1	0	0	1	0	0	0	0	0	0	0	0	0	0	1	0	0
C761	0	0	0	1	0	2	0	0	0	0	1	0	0	0	1	0	0	0	0	1	0	0	0	0	1	0	0	0	0	1	0	0	0	0	0	0	0	1	0	0	0	1	0	0	0	0	0	0	6	0	0	0	0	0	0	0	0	0	0	4	0	0	0	0	0	0	0	0	0	0	0	6	0	0	0	0	0	1
C762	0	0	0	3	0	0	0	0	0	0	0	0	1	0	0	0	0	2	0	2	0	2	0	0	2	1	2	0	0	0	0	1	0	0	1	0	0	0	0	2	0	0	0	0	0	1	0	0	2	0	0	0	0	0	0	0	0	0	0	0	0	0	0	0	1	0	0	0	1	0	0	2	0	0	0	0	0	1
C765	0	0	0	2	0	0	3	0	0	3	1	0	0	0	1	0	0	0	0	1	0	0	0	0	0	0	2	0	0	0	0	0	0	0	0	0	0	0	0	0	0	0	0	0	2	0	0	2	0	0	0	0	0	6	0	0	0	0	2	1	1	3	0	0	2	0	0	3	0	0	0	0	0	0	1	0	0	3
C766	0	0	0	2	0	0	0	0	0	1	0	0	0	0	0	1	0	1	0	0	4	0	0	0	0	2	0	0	0	2	0	0	4	0	0	0	1	0	0	2	0	0	0	0	2	0	2	0	1	0	1	1	0	0	0	0	0	0	2	0	2	0	1	0	3	0	0	0	2	3	0	1	0	2	0	0	0	0
C768	0	0	0	7	0	0	0	0	0	0	0	0	0	0	1	0	0	2	0	0	0	0	4	0	2	11	7	0	0	0	0	1	0	0	5	0	0	4	0	3	0	0	0	4	0	0	2	0	3	0	0	0	0	0	0	0	0	1	2	0	0	1	0	0	0	0	0	0	5	12	0	2	0	0	1	2	0	0
C770	0	0	3	5	3	0	14	1	1	9	3	0	0	0	0	0	0	1	0	0	1	2	0	0	5	3	61	1	0	0	0	6	0	0	3	0	1	49	2	86	0	0	0	0	0	0	38	0	97	6	0	0	0	0	0	0	0	1	3	1	38	0	0	0	24	0	0	5	4	0	0	0	0	0	0	128	0	0
C772	2	0	4	0	0	0	0	0	0	0	0	0	0	0	0	2	0	0	0	0	0	0	0	0	0	0	0	0	0	0	0	0	0	0	0	0	0	0	0	0	0	0	0	0	0	0	0	0	0	0	0	0	0	0	0	0	0	0	0	0	0	0	0	0	0	4	0	0	0	0	0	0	0	0	0	0	0	0
C773	0	0	0	1	1	0	0	0	0	0	0	0	0	0	0	0	0	0	0	0	1	0	0	0	0	0	0	0	0	0	0	2	2	0	0	0	10	0	2	1	0	1	0	0	0	0	0	1	1	0	1	0	0	0	0	0	0	0	0	0	1	0	0	0	1	0	0	0	0	1	0	0	0	0	0	0	0	0
C775	0	0	8	0	0	0	0	0	0	0	0	0	0	0	0	5	0	0	0	0	0	0	0	0	0	0	0	0	0	0	0	0	0	0	0	0	0	0	0	0	1	0	0	0	0	0	0	0	0	0	0	8	0	0	0	0	0	0	0	0	0	0	0	0	0	4	0	0	0	0	0	0	0	0	0	0	0	0
C779	0	0	0	0	2	0	0	2	0	0	2	0	1	0	2	0	0	0	0	2	0	0	1	0	0	2	0	2	0	0	3	1	0	0	0	0	3	2	2	3	0	0	0	0	2	1	2	1	0	2	1	0	0	3	0	3	0	0	0	1	0	0	4	3	0	0	1	0	2	3	0	0	0	0	2	3	0	0
C780	0	0	0	6	0	0	4	0	0	0	12	0	0	0	0	0	0	31	0	0	0	0	0	0	0	0	0	0	0	5	0	0	0	4	0	0	2	0	0	1	0	11	0	3	0	0	7	0	0	0	4	0	0	0	0	0	0	0	0	0	1	0	0	0	10	0	0	0	2	0	0	0	0	0	2	13	0	0
C783	0	0	0	1	0	0	0	1	0	0	0	0	0	0	0	0	0	0	0	0	0	0	1	0	0	0	0	0	0	0	0	0	0	0	0	0	0	4	0	1	0	0	0	0	0	0	0	0	0	0	0	0	0	0	2	0	0	0	1	4	0	0	0	0	0	0	0	0	0	0	0	0	0	0	0	0	0	0
C784	6	2	4	0	0	0	0	0	0	0	0	0	0	2	0	2	0	0	0	0	0	0	0	0	0	0	0	0	0	0	0	0	0	0	0	0	0	0	0	0	7	0	0	0	0	0	0	0	0	0	0	3	0	0	0	0	0	0	0	0	0	0	0	0	0	4	0	0	0	0	0	0	0	1	0	0	0	0
C785	0	0	0	3	4	1	11	0	0	187	13	0	2	0	0	0	0	3	2	3	6	1	1	0	2	0	27	2	0	0	0	2	12	9	1	1	0	45	0	34	0	1	0	0	0	0	28	0	116	2	0	0	0	0	0	0	0	0	1	10	147	0	2	0	28	0	0	0	2	98	1	0	0	0	2	2	1	1
C787	0	0	0	1	0	0	9	0	0	9	0	0	1	0	0	0	0	0	0	1	0	2	0	0	0	0	4	0	0	0	0	0	3	0	2	0	0	3	0	19	0	0	0	0	0	0	8	0	1	0	0	0	0	0	0	0	0	0	0	4	2	0	0	0	5	0	0	2	3	0	0	0	0	0	5	0	0	0
C788	6	0	45	0	0	1	2	0	0	6	27	0	2	0	0	0	0	4	0	0	9	0	0	0	2	2	0	0	0	0	0	5	4	4	0	0	0	95	0	15	0	0	0	0	0	0	84	1	63	16	0	0	0	0	4	0	0	0	0	0	561	0	0	0	423	0	0	3	4	0	0	0	0	0	10	2	0	0
C792	0	0	0	2	0	0	0	0	0	0	0	0	0	0	0	0	0	2	0	1	0	0	0	0	0	0	1	0	0	0	0	0	0	0	0	0	0	0	0	0	0	0	0	0	0	0	0	0	0	0	0	0	0	0	1	0	0	0	0	0	2	0	2	1	3	0	0	0	0	0	0	0	0	0	1	2	0	0
C797	0	0	0	4	0	0	10	0	0	0	11	0	6	0	1	0	1	6	0	5	2	1	36	0	46	6	12	3	0	0	0	13	1	0	23	0	0	28	2	25	0	0	0	2	13	0	16	4	26	0	1	0	0	1	11	17	0	30	13	69	3	31	5	0	46	0	0	5	11	3	0	1	0	0	0	11	0	1
C798	0	0	0	1	1	0	0	2	0	1	0	0	1	0	1	0	0	0	0	0	0	1	0	0	0	0	0	1	0	0	0	1	0	0	0	0	1	1	1	1	0	0	0	1	0	4	2	0	0	0	0	0	0	3	0	1	0	3	0	0	3	2	3	10	1	0	2	0	4	4	0	0	0	0	1	2	0	0
C799	0	0	0	2	1	0	0	1	0	0	1	0	0	0	0	0	0	0	0	2	4	2	0	0	1	0	0	0	0	0	0	0	2	0	0	0	0	3	0	4	0	0	0	0	0	0	1	0	1	0	0	0	0	0	2	0	0	0	1	0	17	0	1	0	12	0	0	2	11	2	0	0	0	0	0	1	0	0
C802	1	1	7	0	0	0	0	0	0	0	0	0	0	1	0	2	0	0	0	0	0	0	0	0	0	0	0	0	0	0	0	0	0	0	0	0	0	0	0	0	5	0	0	0	0	0	0	0	0	0	0	0	0	0	0	0	0	0	0	0	0	0	0	0	0	5	0	0	0	0	0	0	0	0	0	0	0	0
C806	6	0	46	0	0	0	0	0	0	0	0	0	0	0	0	0	0	0	0	0	0	0	0	0	0	0	0	0	0	0	0	0	0	0	0	0	0	0	0	0	5	0	0	0	0	0	0	0	0	0	0	1	0	0	0	0	0	0	0	0	0	0	0	0	0	9	0	0	0	0	0	0	0	2	0	0	0	0
C807	0	0	0	0	12	0	9	9	0	0	7	0	1	0	11	0	0	0	0	5	5	11	13	0	0	5	0	5	0	6	0	3	13	3	10	0	8	12	3	6	0	0	0	7	2	3	5	1	10	3	0	0	4	4	4	16	0	11	1	5	9	8	1	0	10	0	4	2	18	3	0	18	20	0	7	0	0	0
C809	0	0	0	1	6	0	0	0	0	0	0	0	2	0	0	0	0	0	0	0	0	0	0	2	0	2	0	0	0	0	1	0	2	0	0	0	2	0	4	2	0	0	0	0	0	1	0	0	2	0	12	0	0	0	0	0	0	0	0	3	0	0	2	0	0	0	0	0	0	1	0	0	0	0	0	0	10	0
C811	0	0	0	3	1	0	0	0	0	0	1	0	1	0	0	0	0	0	0	0	1	1	0	0	0	0	0	0	0	0	0	0	0	0	0	0	0	0	0	0	0	0	0	0	0	0	0	0	0	0	0	0	0	0	0	0	0	0	1	1	0	1	0	0	0	0	1	0	1	0	0	0	0	0	1	0	0	0
C813	1	6	1	0	0	0	0	0	0	0	0	0	0	0	0	1	0	0	0	0	0	0	0	0	0	0	0	0	0	0	0	0	0	0	0	0	0	0	0	0	0	0	0	0	0	0	0	0	0	0	0	4	0	0	0	0	0	0	0	0	0	0	0	0	0	1	0	0	0	0	0	0	0	0	0	0	0	0
C816	0	0	1	2	0	0	1	0	0	0	0	0	0	0	0	0	0	0	0	0	0	0	0	0	0	0	0	1	0	0	0	0	3	1	0	0	1	0	0	1	0	1	0	0	2	0	0	0	0	0	3	0	0	0	0	0	0	0	0	1	0	0	0	0	0	0	0	0	0	1	0	0	0	0	1	1	0	0
C817	0	0	0	1	1	0	1	1	0	0	5	1	0	0	0	0	0	0	0	2	2	2	3	0	0	0	0	3	0	0	0	0	1	8	0	0	1	1	0	4	0	0	0	1	0	4	1	0	3	0	0	0	0	0	3	3	1	5	0	2	1	4	0	0	4	0	4	2	3	0	0	2	0	0	0	0	0	1
C818	0	0	0	3	0	0	1	1	0	0	0	0	0	0	1	0	0	0	0	0	0	3	0	0	0	0	0	0	0	0	0	0	0	0	0	0	0	0	2	1	0	0	0	0	1	0	0	0	0	1	0	0	0	0	0	0	0	0	0	0	1	0	1	0	0	0	1	0	1	0	0	2	0	0	0	0	0	0
C820	7	0	8	0	0	0	0	0	0	0	0	0	0	0	0	4	0	0	0	0	0	0	0	0	0	0	0	0	0	0	0	0	0	0	0	0	0	0	0	0	2	0	0	0	0	0	0	0	0	0	0	2	0	0	0	0	0	0	0	0	0	0	0	0	0	15	0	0	0	0	0	0	0	0	0	0	0	0
C821	0	0	0	0	9	0	0	0	0	10	0	0	3	0	0	0	2	1	0	0	0	8	0	0	0	0	0	1	0	0	0	0	1	1	3	0	0	1	0	8	0	0	0	0	0	0	1	0	4	0	0	0	8	0	0	0	0	0	0	2	6	0	0	0	1	0	0	1	0	0	0	1	0	0	0	0	0	0
C822	1	1	1	0	0	0	0	0	0	0	0	0	0	0	0	0	0	0	0	0	0	0	0	0	0	0	0	0	0	0	0	0	0	0	0	0	0	0	0	0	6	0	0	0	0	0	0	0	0	0	0	1	0	0	0	0	0	0	0	0	0	0	0	0	0	6	0	0	0	0	0	0	0	0	0	0	0	0
C824	0	0	0	1	0	0	2	0	0	1	0	0	1	0	0	0	0	1	0	1	2	0	0	0	1	1	0	0	0	0	0	0	1	0	0	0	2	0	1	0	0	0	0	1	0	0	0	0	0	0	0	0	0	0	0	0	0	0	1	0	0	1	0	0	0	0	0	0	1	0	0	1	0	0	0	1	0	0
C830	12	0	1	0	0	0	0	0	0	0	0	0	0	3	0	4	0	0	0	0	0	0	0	0	0	0	0	0	0	0	0	0	0	0	0	0	0	0	0	0	4	0	0	0	0	0	0	0	0	0	0	3	0	0	0	0	0	0	0	0	0	0	0	0	0	4	0	0	0	0	0	0	0	0	0	0	0	0
C833	1	31	1	0	0	0	0	0	0	0	0	0	0	1	0	0	0	0	0	0	0	0	0	0	0	0	0	0	0	0	0	0	0	0	0	0	0	0	0	0	0	0	0	0	0	0	0	0	0	0	0	0	0	0	0	0	0	0	0	0	0	0	0	0	0	0	0	0	0	0	0	0	0	0	0	0	0	0
C838	0	0	0	0	1	0	0	1	0	1	0	0	2	0	1	0	0	1	0	1	1	1	0	2	0	0	0	0	0	0	0	0	0	0	0	0	0	0	0	0	0	0	0	1	0	0	0	0	0	0	0	0	0	1	1	0	1	0	0	1	0	1	0	0	0	0	0	0	0	0	0	0	0	0	0	0	0	0
C839	0	0	0	1	8	0	12	1	0	0	5	0	6	0	4	0	0	6	0	0	12	4	4	1	18	6	6	9	0	0	0	9	10	6	1	0	9	1	9	0	0	0	2	12	8	3	3	0	2	3	0	0	8	11	3	0	0	8	1	21	5	9	1	0	4	0	3	1	23	0	0	4	0	0	27	0	0	0
C840	2	1	7	0	0	0	0	0	0	0	0	0	0	0	0	1	0	0	0	0	0	0	0	0	0	0	0	0	0	0	0	0	0	0	0	0	0	0	0	0	0	0	0	0	0	0	0	0	0	0	0	0	0	0	0	0	0	0	0	0	0	0	0	0	0	0	0	0	0	0	0	0	0	0	0	0	0	0
C844	0	0	12	0	0	0	0	0	0	0	0	0	0	0	0	0	0	0	0	0	0	0	0	0	0	0	0	0	0	0	0	0	0	0	0	0	0	0	0	0	0	0	0	0	0	0	0	0	0	0	0	0	0	0	0	0	0	0	0	0	0	0	0	0	0	0	0	0	0	0	0	0	0	0	0	0	0	0
C847	0	0	0	2	0	0	0	2	0	0	0	0	0	0	0	0	0	0	0	0	0	0	1	0	0	0	0	0	0	0	0	0	1	0	0	0	0	0	0	0	0	0	0	0	0	0	0	0	2	0	0	0	0	0	0	1	0	0	0	0	2	0	2	0	2	0	0	0	0	0	0	0	0	0	0	0	0	0
C848	0	0	0	3	0	0	0	0	0	0	0	0	0	0	0	0	0	0	0	0	0	0	2	0	0	0	0	0	0	0	0	0	2	0	0	0	3	0	2	0	0	0	0	0	0	0	0	0	0	0	0	0	0	0	0	0	0	0	0	0	0	0	0	0	0	0	0	0	0	4	0	0	0	0	0	0	0	0
C849	0	0	0	2	1	0	2	0	0	1	1	0	0	0	1	0	0	1	0	0	1	2	0	0	0	1	0	1	0	0	0	0	0	1	1	0	0	0	1	0	0	0	0	0	0	0	1	0	0	0	0	0	0	0	0	0	0	2	1	2	0	1	1	2	0	0	0	0	2	0	0	2	0	0	1	0	0	0
C850	0	0	0	2	0	0	1	0	0	1	1	0	0	0	0	0	0	1	0	1	1	1	1	0	2	1	0	1	0	0	0	1	2	0	1	0	1	1	0	0	0	0	0	2	2	1	0	1	0	0	0	0	0	1	0	1	0	0	3	0	1	0	0	0	0	0	1	2	0	0	0	3	0	0	1	1	0	0
C852	0	0	1	1	0	0	2	0	0	0	1	0	0	0	0	0	0	1	0	0	0	0	0	0	0	1	0	0	0	0	0	0	0	0	0	0	0	5	0	0	0	0	0	0	0	0	0	0	1	0	0	1	0	0	0	0	0	0	1	0	0	0	0	0	0	1	0	0	0	0	0	0	0	0	0	0	0	0
C854	0	2	2	0	0	0	0	0	0	0	0	0	0	0	0	3	0	0	0	0	0	0	0	0	0	0	0	0	0	0	0	0	0	0	0	0	0	0	0	0	1	0	0	0	0	0	0	0	0	0	0	0	0	0	0	0	0	0	0	0	0	0	0	0	0	5	0	0	0	0	0	0	0	0	0	0	0	0
C855	0	0	0	0	2	0	0	0	0	0	0	0	0	0	0	0	0	0	0	1	0	0	0	0	0	1	0	0	0	0	0	0	0	0	0	0	2	2	1	0	0	0	0	0	4	1	1	0	0	0	0	0	0	0	0	2	0	1	0	0	2	0	3	0	0	0	0	0	1	1	0	0	0	0	0	0	0	0
C860	0	0	0	3	0	0	1	0	0	0	0	0	1	0	0	0	0	0	0	0	2	0	0	0	1	1	2	1	0	0	0	0	0	2	1	0	2	3	0	0	0	0	0	1	0	0	0	0	0	0	0	0	0	0	0	0	0	0	1	0	1	0	1	0	2	0	0	1	0	0	0	0	0	0	0	0	0	0
C862	0	0	0	1	2	0	1	0	0	0	0	0	0	0	0	0	0	0	2	0	0	0	0	0	0	0	0	0	0	0	0	0	0	0	0	0	0	0	0	0	0	0	0	0	0	0	0	0	0	1	0	0	0	0	0	0	1	0	0	2	1	0	0	0	0	0	0	1	0	0	0	0	0	0	0	0	0	0
C864	0	0	0	6	50	540	54	0	0	0	2	2	0	0	2	0	23	3	0	9	0	4	0	1	9	11	43	0	468	2737	1105	0	2	0	6	2870	2	0	1	12	0	527	0	0	2	0	0	1	5	0	127	0	4	0	0	0	0	0	7	0	2	0	22	0	0	0	0	0	0	0	43	27	4	0	0	2	430	0
C867	0	0	0	0	3	0	2	0	0	2	1	0	0	0	0	0	0	0	0	0	0	0	2	0	0	0	0	0	0	0	0	0	0	0	0	0	0	0	0	6	0	0	0	0	0	0	0	0	15	4	0	0	0	0	0	0	0	0	0	0	15	4	0	0	0	0	0	0	0	0	0	0	0	0	6	0	0	0
C869	0	0	0	1	2	2	0	0	0	0	0	0	0	0	0	0	0	0	0	0	0	0	0	3	0	0	0	0	0	0	0	0	0	0	0	0	0	4	0	0	0	0	0	0	0	0	0	0	0	4	1	0	1	0	0	0	0	0	0	0	1	0	0	0	0	0	0	0	2	0	19	0	0	1	0	0	0	0
C870	11	0	22	1	0	0	0	1	0	0	0	0	0	0	0	1	0	0	0	1	0	0	0	0	0	0	0	1	0	0	0	0	0	0	0	0	0	0	0	0	6	0	0	0	0	0	0	0	0	0	0	3	0	0	0	0	0	0	0	0	0	0	0	0	0	6	0	0	0	2	0	0	0	0	0	0	0	0
C873	0	0	0	9	0	0	0	0	0	0	0	0	0	0	0	0	0	0	0	0	0	0	0	0	0	0	0	0	0	0	0	0	0	2	0	0	4	0	0	0	0	0	0	2	0	0	0	0	0	0	0	0	0	0	0	0	0	0	0	0	2	0	0	0	0	0	0	0	0	0	0	0	0	0	4	2	0	0
C874	0	0	0	1	0	1	2	2	0	1	0	0	0	0	1	0	1	0	0	0	0	0	1	0	0	0	0	0	2	0	1	1	0	0	1	0	0	1	0	2	0	0	0	0	0	0	1	0	1	1	1	0	0	0	0	0	0	0	0	2	2	0	0	1	0	0	0	0	0	0	1	0	0	0	0	0	1	0
C875	0	0	0	0	0	31	0	0	0	0	0	0	0	0	0	0	0	0	0	0	0	0	0	0	0	0	0	0	36	0	0	0	0	0	0	199	0	0	0	0	0	52	0	0	0	0	0	0	0	0	8	0	0	0	0	0	0	0	0	0	0	0	0	0	0	0	0	0	0	0	0	0	0	0	0	0	24	0
C876	0	0	0	6	0	3	3	0	0	0	2	0	0	0	0	0	0	0	0	0	2	1	0	0	0	0	0	1	0	3	0	0	2	0	0	6	0	0	0	2	0	0	0	0	0	0	0	1	4	0	1	0	0	0	0	0	0	0	0	2	10	0	0	0	27	0	0	0	0	0	6	0	0	0	1	0	0	11
C877	1	8	3	0	0	0	0	0	3	0	0	0	0	0	0	0	0	0	0	0	0	0	0	0	0	0	0	0	0	0	0	0	0	0	0	0	0	0	0	0	20	0	0	0	0	0	0	0	0	0	0	0	0	0	0	0	0	0	0	0	0	0	0	0	0	20	0	0	0	0	0	0	0	1	0	0	0	0
C879	0	0	0	1	4	0	3	2	0	2	3	0	1	0	7	0	0	2	0	1	5	4	0	0	2	3	3	4	0	0	0	4	5	3	2	0	2	2	5	1	0	0	0	2	1	0	0	0	1	1	0	0	0	3	0	0	0	5	1	2	1	1	2	1	0	0	2	1	3	0	0	6	0	0	2	2	0	0
C881	0	0	1	13	5	0	0	0	0	14	0	0	0	0	0	0	0	3	3	2	3	0	0	1	0	0	0	53	0	0	0	0	0	0	2	0	0	3	0	2	0	1	0	0	0	0	0	0	23	0	13	0	31	1	0	0	1	2	0	0	79	0	0	0	35	0	0	0	12	11	0	3	0	0	0	0	1	1
C882	0	0	0	0	3	0	0	0	0	0	0	0	0	0	0	0	0	0	0	4	0	0	0	0	0	0	0	0	0	0	0	0	0	0	0	0	0	2	0	1	0	0	0	0	0	0	3	0	3	0	0	0	0	0	0	0	0	0	0	0	4	0	1	0	2	0	0	0	0	0	0	0	0	0	0	0	0	0
C883	0	0	0	0	2	0	0	0	0	0	1	0	1	0	2	0	0	0	0	1	4	5	1	0	0	0	0	0	0	0	0	0	0	1	0	0	0	0	1	2	0	0	0	0	0	0	1	0	0	0	0	0	1	0	1	0	0	0	0	4	0	0	0	0	2	0	1	0	0	0	0	0	0	0	1	0	0	0
C884	0	0	0	0	5	0	1	2	0	0	14	0	0	0	0	0	0	0	0	0	1	1	5	0	2	0	0	3	0	7	4	7	0	7	2	0	0	3	1	0	0	0	0	5	2	16	2	0	0	0	0	0	4	1	8	8	0	1	2	0	2	0	2	0	4	0	4	0	4	0	0	1	8	0	0	0	0	0
C885	0	0	0	0	1	37	0	0	0	0	0	0	0	0	0	0	0	0	0	0	0	1	0	0	0	0	0	0	0	4	0	0	0	0	0	1	0	1	0	2	0	0	0	0	0	0	0	0	19	0	2	3	0	0	0	0	0	0	0	0	0	0	0	0	0	0	0	0	0	0	0	0	0	0	0	0	0	0
C886	0	0	0	0	0	0	47	0	0	0	0	0	0	0	0	0	0	0	0	1	4	0	0	0	0	1	0	0	0	0	0	0	2	1	0	0	0	0	0	0	0	6	0	0	0	0	0	0	5	0	0	0	0	0	0	0	0	0	0	0	2	0	0	0	1	0	0	0	0	0	2	0	0	0	2	0	0	1
C887	0	0	0	0	0	12	0	0	0	0	0	0	0	0	0	0	0	0	0	0	3	1	0	0	0	0	0	2	0	0	0	0	0	0	0	2	0	0	1	0	0	4	0	0	0	0	2	0	1	0	3	0	0	0	0	0	0	0	0	2	0	0	0	0	2	0	0	0	0	0	1	1	0	0	0	0	0	1
C889	0	5	1	0	0	0	0	0	0	0	0	0	0	0	0	5	0	0	0	0	0	0	0	0	0	0	0	0	0	0	0	0	0	0	0	0	0	0	0	0	1	0	0	0	0	0	0	0	0	0	0	1	0	0	0	0	0	0	0	0	0	0	0	0	0	1	0	0	0	0	0	0	0	0	0	0	0	0
C891	5	0	9	0	0	0	0	0	0	0	0	0	0	1	0	12	0	0	0	0	0	0	0	0	0	0	0	0	0	0	0	0	0	0	0	0	0	0	0	0	36	0	0	0	0	0	0	0	0	0	0	3	0	0	0	0	0	0	0	0	0	0	0	0	0	12	0	0	0	0	0	0	0	0	0	0	0	0
C893	0	0	0	0	4	0	3	3	0	0	1	0	0	0	4	0	1	0	0	3	0	0	3	0	0	0	0	6	0	0	0	2	1	2	2	1	0	5	0	3	0	0	0	5	4	4	7	2	0	0	3	0	0	3	1	4	1	1	0	4	8	0	1	1	2	0	5	1	4	1	0	3	0	0	0	0	0	8
C895	0	0	43	0	0	0	0	0	0	0	0	0	0	0	0	0	0	0	0	0	0	0	0	0	0	0	0	0	0	0	0	0	0	0	0	0	0	0	0	0	0	0	0	0	0	0	0	0	0	0	0	0	0	0	0	0	0	0	0	0	0	0	0	0	9	0	0	0	0	0	0	0	0	0	0	0	0	0
C897	0	0	0	0	12	0	0	3	0	0	2	0	1	0	1	0	0	0	0	2	2	3	2	0	0	3	0	1	0	0	0	1	3	0	0	0	0	6	2	1	0	0	0	0	2	0	3	2	3	0	0	0	0	4	0	2	0	3	2	1	0	1	0	0	4	0	0	0	2	0	0	4	0	0	0	0	0	0
C899	3	2	1	0	0	0	0	0	0	0	0	0	0	1	0	0	0	0	0	0	0	0	0	0	0	0	0	0	0	0	0	0	0	0	0	0	0	0	0	0	6	0	0	0	0	0	0	0	0	0	0	1	0	0	0	0	0	0	0	0	0	0	0	0	0	0	0	0	0	0	0	0	0	0	0	0	0	0
C901	0	0	5	0	0	0	0	0	0	0	0	0	0	0	0	3	0	0	0	0	0	0	0	0	0	0	0	0	0	0	0	0	0	0	0	0	0	0	0	0	4	0	0	0	0	0	0	0	0	0	0	0	0	0	0	0	0	0	0	0	0	0	0	0	0	3	0	0	0	0	0	0	0	0	0	0	0	0
C902	0	0	0	0	8	0	17	12	0	8	12	0	7	0	16	0	0	0	0	2	4	18	16	0	1	6	0	10	0	0	0	3	14	1	13	0	14	17	10	9	0	0	0	4	10	13	15	2	6	7	0	0	0	9	7	15	0	13	6	9	10	16	12	0	16	0	2	12	11	5	0	12	0	0	9	0	0	0
C904	0	0	64	1	1	0	0	0	0	0	11	0	0	0	0	0	0	0	0	0	0	0	0	0	0	0	2	0	0	0	0	0	0	0	0	0	0	79	0	2	0	0	0	0	0	0	25	0	6	0	0	0	0	0	0	0	0	0	0	0	0	0	0	0	7	0	0	0	0	0	0	0	0	0	0	0	0	0
C906	0	0	0	0	2	0	0	0	0	0	1	0	0	0	0	0	0	0	0	0	0	0	1	0	0	0	0	1	0	2	0	1	0	1	0	0	0	0	0	0	0	0	0	2	0	0	0	0	0	0	0	0	0	0	0	0	0	0	0	0	1	0	0	0	0	0	0	0	0	0	0	0	0	0	0	0	0	0
C907	0	0	0	0	0	13	0	0	0	0	0	0	0	0	0	0	0	0	0	0	0	0	0	0	0	0	0	0	0	0	0	0	0	0	0	0	0	0	0	0	0	2	0	0	0	0	0	0	0	0	0	0	0	0	0	0	0	0	0	0	0	0	0	0	0	0	0	0	0	0	5	0	0	0	0	0	0	0
C908	0	0	0	1	9	0	2	14	0	3	3	1	6	0	0	0	0	1	1	4	0	1	1	0	0	3	0	5	0	0	0	1	1	0	2	0	0	2	6	0	0	0	0	1	1	2	0	1	1	1	0	0	0	1	1	34	0	0	15	1	1	3	2	3	2	0	4	0	1	4	0	1	0	0	3	1	0	0
C909	2	0	6	0	0	0	0	0	0	0	0	0	0	0	0	0	0	0	0	0	0	0	0	0	0	0	0	0	0	0	0	0	0	0	0	0	0	0	0	0	1	0	0	0	0	0	0	0	0	0	0	1	0	0	0	0	0	0	0	0	0	0	0	0	0	1	0	0	0	0	0	0	0	0	0	0	0	0
C911	0	0	0	0	0	2	0	0	0	0	0	0	0	0	0	0	0	0	0	0	0	0	0	0	0	0	0	0	0	0	0	0	0	0	0	0	0	0	0	0	0	0	0	0	0	0	0	0	0	0	0	0	0	0	0	0	0	0	0	0	0	0	0	0	0	0	0	0	0	0	0	15	0	0	0	0	0	0
C912	1	3	0	0	0	0	1	0	0	0	0	0	0	0	0	6	0	0	0	0	0	0	0	0	0	0	0	0	0	0	0	0	0	0	0	0	0	0	0	0	1	0	0	0	0	0	0	0	0	0	0	0	0	0	0	0	0	0	0	0	0	0	0	0	0	0	0	0	0	0	0	0	0	0	0	0	0	0
C913	0	0	0	0	5	0	0	1	0	0	0	0	0	0	1	0	0	0	0	0	0	1	1	0	0	0	0	0	0	0	0	0	1	0	0	0	5	0	0	0	0	0	0	0	0	0	0	0	0	0	0	0	0	0	0	2	0	0	0	0	0	0	0	0	0	0	0	0	0	0	0	0	0	0	0	1	0	0
C914	0	0	0	0	5	0	1	0	0	0	1	0	0	0	1	0	0	0	0	1	1	0	6	0	0	5	0	0	0	9	0	2	2	4	2	0	5	1	2	3	0	0	0	4	1	2	1	0	3	0	0	0	3	1	4	5	0	1	2	6	2	0	2	0	3	0	3	0	1	0	0	6	15	0	3	0	0	0
C915	0	0	4	0	2	0	1	0	0	9	0	0	0	0	0	0	0	1	0	0	3	0	0	0	0	0	7	0	0	0	0	1	3	0	0	0	0	3	0	3	0	0	0	0	0	0	0	0	5	0	0	0	0	0	0	0	0	0	0	3	4	0	0	0	14	0	0	0	4	0	1	0	0	0	0	0	0	1
C917	2	2	3	0	0	0	0	0	0	0	0	0	0	3	0	10	0	0	0	0	0	0	0	0	0	0	0	0	0	0	0	0	0	0	0	0	0	0	0	0	0	0	0	0	0	0	0	0	0	0	0	0	0	0	0	0	0	0	0	0	0	0	0	0	0	2	0	0	0	0	0	0	0	2	0	0	0	0
C920	0	0	0	10	112	1	9	0	0	0	2	0	2	0	15	0	0	29	0	85	34	0	17	0	45	9	9	0	0	3	6	13	2	0	3	0	7	19	0	6	0	1	0	1	8	1	0	3	443	3	0	0	1	13	0	1	0	12	5	10	2	10	3	0	0	0	3	1	2	1	0	4	0	0	3	0	0	0
C921	0	0	0	2	0	0	0	0	0	0	1	0	2	0	0	0	0	0	0	0	0	0	0	0	0	0	0	1	0	0	0	0	2	0	0	0	0	0	0	2	0	0	0	1	0	0	0	0	0	0	0	0	0	0	1	0	0	0	0	0	0	1	0	0	0	0	0	0	0	0	0	0	0	0	2	0	0	0
C922	13	2	29	0	0	0	0	0	0	0	0	0	0	0	0	4	0	0	0	0	0	0	0	0	0	0	0	0	0	0	0	0	0	0	0	0	0	0	0	0	1	0	0	0	0	0	0	0	0	0	0	1	0	0	0	0	0	0	0	0	0	0	0	0	0	8	0	0	0	0	0	0	0	0	0	0	0	0
C923	0	0	0	0	0	0	0	0	0	0	0	0	0	0	0	0	0	0	0	0	2	0	0	0	0	0	0	0	0	0	0	0	0	0	0	0	0	0	0	4	0	0	0	0	0	0	6	0	0	0	0	0	0	0	0	0	0	0	0	2	0	0	0	0	16	0	0	0	2	0	0	0	0	0	0	0	0	2
C926	0	0	0	0	2	0	0	0	0	0	0	0	0	0	0	0	0	1	0	0	3	2	0	0	0	0	0	0	0	0	0	0	0	0	0	0	0	2	2	1	0	0	0	0	1	0	0	0	0	1	0	0	0	0	0	0	0	0	0	0	2	0	0	0	0	0	0	0	0	0	0	0	2	0	0	0	0	0
C931	0	0	0	0	0	9	3	0	0	0	0	0	0	0	0	0	0	0	0	0	0	0	0	0	0	0	0	0	0	0	0	0	0	0	0	0	0	0	0	2	6	1	0	0	2	0	0	0	0	0	0	0	0	0	0	0	0	0	1	0	0	0	0	0	0	0	0	0	0	0	6	0	0	0	0	0	0	0
C934	0	0	0	1	1	0	0	0	0	0	0	0	0	0	0	0	0	0	0	0	0	0	0	0	0	1	0	1	0	0	0	0	0	0	0	0	0	0	0	0	0	0	0	1	0	0	0	0	1	0	0	0	0	0	1	0	0	2	0	0	0	0	0	0	0	0	0	0	3	0	0	0	0	0	1	0	0	0
C935	0	13	0	0	0	0	0	0	0	0	0	0	0	0	0	4	0	0	0	0	0	0	0	0	0	0	0	0	0	0	0	0	0	0	0	0	0	0	0	0	0	0	0	0	0	0	0	0	0	0	0	0	0	0	0	0	0	0	0	0	0	0	0	0	0	0	0	0	0	0	1	0	0	0	0	0	0	0
C937	0	0	0	0	2	0	0	0	0	0	0	0	1	0	0	0	0	0	0	0	5	0	0	0	0	1	0	1	0	0	0	0	2	0	0	0	1	0	0	1	0	0	0	0	0	1	0	0	0	0	0	0	0	0	0	0	0	0	0	2	0	1	0	0	0	0	0	0	0	0	0	0	0	0	0	0	0	0
C938	0	0	0	0	7	0	0	0	0	0	0	0	1	0	0	0	0	1	0	0	0	0	0	0	0	0	0	0	0	1	3	0	2	0	0	0	1	0	1	1	0	0	0	0	0	0	0	0	0	0	0	0	0	0	0	0	0	0	0	0	0	0	0	0	0	0	0	0	0	0	0	0	0	0	0	0	0	0
C939	0	0	0	0	0	2	0	0	0	0	0	0	0	0	0	0	0	0	0	0	0	0	0	0	0	0	0	0	0	0	0	0	0	0	0	1	0	0	0	0	0	0	0	0	0	0	0	0	0	0	0	0	0	0	0	0	0	0	0	0	1	0	0	0	6	0	0	0	1	0	9	0	0	0	0	0	0	1
C940	10	1	6	0	0	0	0	0	0	0	0	0	0	2	0	3	0	0	0	0	0	0	0	0	0	0	0	0	0	0	0	0	0	0	0	0	0	0	0	0	1	0	0	0	0	0	0	0	0	0	0	1	0	0	0	0	0	0	0	0	0	0	0	0	0	7	0	0	0	0	0	0	0	0	0	0	0	0
C941	0	0	0	7	2	2	0	0	0	1	0	0	0	0	0	0	0	0	0	0	2	0	0	0	0	1	0	0	0	3	0	0	1	2	0	0	0	2	1	3	0	1	0	1	0	0	0	0	0	0	13	0	1	0	0	0	1	0	0	0	1	0	0	0	0	0	1	0	0	0	1	2	2	0	0	0	7	0
C945	0	0	0	0	2	1	0	0	0	0	0	0	0	0	0	0	0	0	0	0	0	0	0	0	0	0	0	0	0	0	5	0	0	0	0	0	0	0	0	0	0	0	0	0	0	0	0	0	1	0	0	0	0	0	0	0	0	0	0	0	0	0	0	0	3	0	0	0	0	0	0	0	0	0	0	0	0	0
C946	0	0	0	0	2	0	0	0	0	0	0	0	0	0	0	0	0	0	0	0	2	0	0	0	0	0	0	0	0	0	0	0	0	0	0	0	0	0	0	0	0	0	0	0	0	0	0	0	20	0	0	0	0	0	0	0	0	0	0	0	0	0	0	0	0	0	0	0	0	0	0	0	0	0	0	0	0	0
C947	0	0	0	0	2	0	2	6	0	1	1	0	0	0	2	0	0	0	0	1	0	2	1	0	0	0	0	4	0	0	0	1	0	0	2	0	0	0	2	0	0	0	0	1	3	0	1	2	0	0	0	0	0	3	0	2	0	1	2	0	3	2	0	0	0	0	2	1	0	0	0	0	0	0	0	0	0	0
C948	0	0	0	1	2	0	4	0	0	1	4	0	2	0	1	0	0	3	0	1	0	0	0	0	1	2	0	0	0	0	3	1	1	2	0	0	0	9	2	0	0	0	0	4	0	13	2	1	7	6	0	0	0	3	0	2	0	0	1	2	4	2	0	0	0	0	7	0	0	1	0	0	0	0	3	1	0	0
C950	0	0	0	2	0	0	1	0	0	0	0	0	2	0	1	0	0	1	0	0	2	2	0	0	0	1	1	1	0	0	0	0	1	0	1	0	0	0	0	0	0	0	0	0	0	1	0	2	0	0	0	0	0	0	1	0	0	1	0	0	0	0	1	1	0	0	0	0	2	1	0	1	0	0	1	1	0	0
C951	0	0	0	0	2	0	0	0	0	17	0	0	0	0	0	0	0	0	0	0	0	0	0	0	0	0	0	0	0	0	0	0	0	0	0	0	0	0	0	4	0	0	0	0	0	0	0	0	7	0	0	0	0	0	0	0	0	0	0	0	6	0	0	0	0	0	0	8	3	0	0	0	0	0	0	0	0	0
C955	0	0	0	0	2	0	0	0	0	3	1	0	0	0	0	0	0	0	0	0	1	0	0	0	0	0	0	0	0	0	0	0	0	0	0	0	0	2	0	1	0	0	0	0	0	0	3	0	0	1	0	0	0	0	0	0	0	0	4	0	0	0	0	0	3	0	0	1	1	0	0	0	0	0	0	1	0	0
C956	0	0	0	0	0	0	2	0	0	0	0	0	3	0	0	0	2	1	2	5	0	2	0	0	0	0	4	0	0	266	9	0	1	1	0	0	0	0	3	2	0	1	2	0	0	0	0	0	0	7	5	2	0	0	2	0	0	0	0	5	0	0	24	0	0	0	1	0	0	0	9	3	0	0	0	8	1	57
C957	0	0	0	0	3	0	0	0	0	0	1	0	1	0	0	0	0	1	0	0	0	0	0	0	0	0	0	0	0	0	0	0	0	0	0	0	0	0	0	1	0	0	0	2	0	0	0	0	0	0	0	0	0	0	0	0	0	0	0	0	0	0	0	2	0	0	0	0	0	0	0	0	0	0	0	1	0	0
C958	0	0	0	0	0	5	0	0	0	0	0	2	0	0	0	0	10	1	0	0	0	0	2	1	0	0	0	0	0	2	2	0	0	0	0	0	1	0	0	5	0	18	2	0	0	0	0	0	3	0	5	0	0	0	0	0	1	1	0	0	1	1	1	0	0	0	0	0	0	0	2	0	1	0	0	0	3	0
C960	1	1	0	0	0	0	2	0	0	0	1	0	1	0	1	0	0	1	0	0	0	0	1	0	0	0	0	0	0	0	0	0	0	0	0	0	0	0	0	0	0	0	0	0	0	0	0	1	0	0	0	0	0	0	0	2	0	0	0	0	0	0	0	1	0	0	0	1	0	0	0	0	0	0	0	1	0	0
C964	0	0	0	0	3	0	0	1	0	1	1	0	0	0	0	0	0	0	0	0	0	2	0	0	0	0	0	0	0	0	0	0	0	0	0	0	1	1	0	2	0	0	0	0	0	0	0	0	0	1	0	0	0	0	0	0	0	0	0	1	0	0	0	0	0	0	0	1	1	0	0	0	0	0	0	0	0	0
C965	0	0	0	5	1	0	1	1	0	0	2	0	1	0	0	0	0	0	0	1	0	1	1	0	1	1	2	1	0	0	0	0	0	1	2	0	3	1	4	1	0	0	0	0	1	1	0	0	0	2	0	0	0	2	1	0	0	0	0	1	0	0	0	0	1	0	0	1	3	0	0	0	0	0	2	2	0	0
C966	0	0	0	0	4	0	0	1	0	1	4	0	1	0	0	0	0	0	0	1	2	3	2	0	0	2	0	0	0	0	0	0	0	3	0	0	0	4	0	0	0	0	0	0	1	0	1	1	5	0	0	0	2	1	0	5	0	0	0	2	3	1	0	0	5	0	1	0	0	0	0	1	7	0	0	0	0	0
C967	0	0	0	0	4	0	0	0	0	0	0	0	0	0	0	0	0	0	0	0	1	0	2	0	0	5	0	0	0	0	0	0	0	0	0	0	0	0	0	1	0	0	0	0	0	0	0	0	0	0	0	0	0	0	0	2	0	0	0	2	4	0	1	0	1	0	0	0	0	0	0	0	0	0	0	0	0	0
C968	0	0	0	1	1	0	0	1	0	0	0	0	0	0	0	0	0	0	0	0	0	0	0	0	0	0	0	0	0	0	0	0	0	0	0	0	1	0	0	0	0	0	0	0	7	0	1	0	0	0	0	0	0	0	0	1	0	0	2	0	0	0	0	0	0	0	0	0	0	0	1	0	0	0	0	0	0	0
C969	0	0	0	0	1	0	1	0	1	0	0	0	0	0	2	0	0	0	0	0	1	1	1	0	0	0	0	0	0	0	0	0	1	1	1	0	1	0	0	0	0	0	0	0	0	0	0	0	2	0	0	0	1	1	0	0	0	1	0	0	0	0	1	1	1	0	1	0	0	0	0	1	0	0	0	2	0	0
C971	0	0	0	0	0	5	0	0	0	0	0	0	0	0	0	0	0	0	0	0	0	0	0	0	0	0	0	0	0	0	0	0	0	0	0	0	0	0	0	1	0	3	0	0	0	0	0	1	1	0	4	0	0	0	0	0	0	0	0	0	1	0	0	0	3	0	0	0	0	0	20	0	1	0	0	0	1	1
C972	0	0	0	0	1	0	0	1	0	0	0	0	0	0	0	0	0	1	0	0	0	0	0	0	0	1	0	0	0	0	0	0	0	0	0	0	0	0	0	0	0	0	0	1	0	1	0	0	0	0	0	0	0	0	0	1	0	0	2	0	1	0	0	0	0	0	0	0	1	0	0	0	0	0	0	0	0	0
C974	26	62	21	0	0	0	0	0	0	0	0	0	0	6	0	5	0	0	0	0	0	0	0	0	0	0	0	0	0	0	0	0	0	0	0	0	0	0	0	0	2	0	0	0	0	0	0	0	0	0	0	9	0	0	0	0	0	0	0	0	0	0	0	0	0	3	0	0	0	0	0	0	0	0	0	0	0	0
C976	0	0	0	0	2	0	0	0	0	3	0	0	0	0	0	0	0	0	0	0	0	0	0	0	0	0	0	0	0	0	0	0	0	0	0	0	0	0	0	0	0	0	0	0	0	0	0	0	0	0	0	0	0	0	0	0	0	0	0	0	2	0	0	0	0	0	0	0	0	10	0	0	0	0	0	0	0	0
C978	0	0	0	3	5	0	1	4	0	0	4	0	4	0	7	0	0	1	0	2	8	1	1	1	0	0	0	4	0	0	0	0	0	4	0	0	4	5	2	4	0	0	1	6	1	4	2	3	2	0	0	0	0	4	2	2	0	3	2	0	2	2	2	4	0	0	6	0	0	7	0	0	0	0	3	4	0	0
C982	0	0	0	1	1	0	1	0	0	0	0	0	0	0	0	0	0	0	0	0	0	0	0	0	2	0	1	0	0	0	0	1	1	1	0	0	1	0	0	0	0	0	0	0	0	0	0	0	0	0	0	0	0	0	0	0	0	0	0	1	0	0	0	0	0	0	0	0	0	0	0	1	0	0	0	2	0	0
C984	0	0	0	0	4	0	0	0	0	0	0	0	0	0	0	0	0	0	0	0	7	0	0	0	0	0	0	0	0	0	0	0	0	0	0	2	0	0	0	0	0	0	0	0	0	0	0	0	0	0	1	0	0	0	0	0	0	0	0	0	0	0	0	0	0	0	0	0	0	0	1	1	0	0	0	0	0	0
C985	0	0	0	0	0	24	3	0	0	0	0	1	0	0	0	0	0	0	0	0	0	0	0	1	0	0	0	0	0	1	0	0	0	0	0	0	0	1	0	2	0	16	0	0	0	0	0	0	2	0	0	0	0	0	0	2	0	0	0	2	0	0	0	0	2	0	0	2	0	0	2	0	0	0	0	0	1	0
C987	0	0	0	2	2	0	0	0	0	0	0	0	0	0	0	0	0	0	0	0	2	0	0	0	0	0	0	0	0	0	0	0	0	0	2	0	0	0	0	0	0	0	0	0	0	0	0	0	2	0	0	0	2	0	0	0	0	0	0	0	0	0	0	0	2	0	0	0	0	0	0	0	0	0	0	0	0	0
C989	0	0	0	0	0	0	2	0	0	0	0	0	0	0	0	0	0	0	0	0	0	0	0	0	0	0	0	0	0	0	0	0	0	0	0	0	0	0	0	1	0	0	0	0	1	0	1	0	6	0	0	0	0	0	0	0	0	0	0	0	2	0	0	0	3	0	0	0	0	0	0	0	0	0	0	0	0	0
C990	2	10	5	0	0	0	0	0	0	0	0	0	0	0	0	4	0	0	0	0	0	0	0	0	0	0	0	0	0	0	0	0	0	0	0	0	0	0	0	0	0	0	0	0	0	0	0	0	0	0	0	1	0	0	0	0	0	0	0	0	0	0	0	0	0	0	0	0	0	0	0	0	0	0	0	0	0	0
C991	0	0	4	0	0	0	0	0	0	0	0	0	0	0	0	0	0	0	0	0	0	0	0	0	0	0	0	0	0	0	0	0	0	0	0	0	0	0	0	0	2	0	0	0	0	0	0	0	0	0	0	0	0	0	0	0	0	0	0	0	0	0	0	0	0	5	0	0	0	0	0	0	0	0	0	0	0	0
C992	0	0	0	1	1	0	1	0	0	0	0	0	0	0	0	0	0	0	0	0	3	3	2	0	1	0	2	1	0	0	0	0	0	1	1	0	0	0	0	0	0	0	0	1	0	1	0	0	0	0	0	0	0	1	0	1	0	0	0	1	3	0	1	1	1	0	0	1	1	0	0	4	0	0	1	0	0	0
C993	0	0	0	3	0	0	0	0	2	0	0	0	0	0	0	0	0	6	0	0	0	0	1	0	7	2	6	1	0	0	0	0	0	0	3	0	0	4	0	0	0	0	0	0	0	0	0	2	2	0	0	0	0	1	0	0	0	1	2	2	1	0	0	0	0	0	0	0	1	0	0	3	0	0	0	0	0	0
C996	0	0	0	0	1	0	1	0	0	0	0	0	2	0	1	0	0	0	0	0	2	0	0	0	0	0	1	0	0	0	0	0	0	0	0	0	0	0	0	0	0	0	0	0	0	0	0	0	0	0	0	0	0	0	0	0	1	0	0	0	0	0	0	0	0	0	0	1	0	0	0	1	0	0	0	0	0	0
C997	0	0	0	0	3	0	1	1	0	0	1	0	1	0	1	0	0	0	0	0	0	1	1	0	0	0	0	0	0	1	0	0	0	0	0	0	1	2	1	0	0	0	0	0	0	0	1	0	1	0	0	0	2	1	0	4	0	2	0	0	1	1	1	0	0	0	2	0	0	0	0	1	29	0	2	0	0	0
C998	0	0	0	0	2	0	0	0	0	0	0	0	0	0	0	0	0	0	0	0	0	0	0	0	0	0	0	0	0	2	0	0	0	0	0	0	0	1	0	1	0	0	0	0	0	0	0	0	0	0	0	0	2	0	0	0	0	1	0	2	0	0	0	0	0	0	0	0	0	0	0	0	6	0	1	0	0	0
C1000	0	0	18	0	0	0	0	0	0	0	0	0	0	0	0	0	0	0	0	0	0	7	2	0	0	0	0	0	0	0	0	0	0	0	0	0	0	96	0	2	0	0	0	0	0	1	1	0	2	0	0	0	0	0	0	0	0	0	0	17	0	0	0	0	3	0	0	0	0	0	0	0	0	0	0	6	0	0
C1002	0	0	0	0	1	0	0	1	0	1	0	0	1	0	2	0	0	0	0	0	0	0	0	0	3	4	0	0	0	0	0	2	1	0	0	0	1	0	3	1	0	0	0	0	0	1	0	0	0	1	0	0	0	0	0	0	0	1	0	2	0	0	0	0	0	0	0	0	0	0	0	0	0	0	1	0	0	0
C1004	0	0	0	0	1	0	1	0	0	0	0	0	0	0	0	0	0	0	0	0	0	0	0	0	1	0	2	0	0	0	0	0	0	0	0	0	0	1	0	1	0	0	0	0	0	0	0	0	4	1	0	0	0	0	0	0	0	0	0	0	0	0	0	0	0	0	0	4	0	0	0	1	0	0	0	0	0	0
C1005	0	0	0	6	3	1	8	0	0	0	7	0	2	0	4	0	1	0	0	4	6	0	1	0	0	8	1	0	0	0	1	0	6	1	0	0	8	18	3	5	0	0	0	9	1	26	4	1	12	10	0	0	0	5	1	0	0	0	0	1	2	1	6	1	0	0	10	0	1	5	0	0	0	0	4	2	0	1
C1007	0	0	0	2	5	0	0	0	0	0	1	0	1	0	1	0	0	0	0	1	1	1	2	0	0	0	0	3	0	0	0	2	2	0	0	0	1	1	2	1	0	0	0	0	0	2	0	0	0	0	0	0	0	0	0	1	0	0	3	0	2	0	2	4	1	0	0	0	0	5	0	0	0	0	1	0	0	0
C1011	0	59	2	0	0	0	0	0	0	0	0	0	0	0	0	5	0	0	0	0	0	0	0	0	0	0	0	0	0	0	0	0	0	0	0	0	0	0	0	0	1	0	0	0	0	0	0	0	0	0	0	0	0	0	0	0	0	0	0	0	0	0	0	0	0	2	0	0	0	0	0	0	0	0	0	0	0	0
C1013	0	0	0	0	3	0	0	0	0	0	0	0	0	0	0	0	0	0	0	0	3	0	0	0	0	1	0	0	0	0	0	0	0	1	0	0	2	1	0	0	0	0	0	0	0	0	1	0	0	1	1	0	0	0	0	0	0	0	0	0	0	0	0	0	2	0	0	0	0	0	0	0	0	0	0	0	1	0
C1014	7	68	16	0	0	0	0	0	5	0	0	0	0	8	0	29	0	0	0	0	0	0	0	0	0	0	0	0	0	0	0	0	0	0	0	0	0	0	0	0	4	0	0	0	0	0	0	0	0	0	0	3	0	0	0	0	0	0	0	0	0	0	0	0	0	17	0	0	0	4	0	1	0	0	0	0	0	0
C1015	0	0	0	1	2	0	0	0	0	0	0	0	9	0	11	0	0	0	0	0	5	3	1	0	2	1	0	8	0	0	0	2	1	4	0	0	4	2	2	11	0	0	0	7	2	2	0	4	0	0	0	0	0	8	2	0	0	4	0	3	3	1	0	0	0	0	4	0	5	0	0	0	0	0	14	2	0	0
C1017	0	0	0	8	0	0	1	0	0	0	0	0	0	0	0	0	0	0	0	1	0	5	0	0	0	1	0	0	0	0	0	0	0	6	0	0	0	0	0	0	0	0	0	0	0	0	0	14	0	0	0	0	0	1	0	0	0	0	0	0	0	0	3	0	0	0	0	0	0	0	0	0	0	0	0	0	0	0
C1018	0	0	2	2	8	0	0	0	0	3	0	0	0	0	0	0	0	0	0	9	5	1	1	0	1	0	4	0	0	0	0	1	0	0	0	0	0	0	0	30	0	0	0	0	1	0	4	0	62	3	0	0	0	2	0	0	0	1	2	0	90	0	0	0	13	0	0	0	0	2	0	0	0	0	0	1	0	0
C1019	0	0	0	0	2	0	0	0	0	0	0	0	0	0	1	0	0	1	0	0	1	0	1	0	0	4	1	1	0	0	0	0	0	0	0	0	0	0	0	2	0	0	0	0	0	1	0	1	0	0	0	0	0	0	1	0	0	0	1	2	0	1	0	1	1	0	0	0	1	0	0	0	0	0	0	4	0	0
C1021	0	0	0	0	2	0	0	0	0	2	2	2	0	0	0	0	0	0	0	0	3	0	2	0	0	1	0	0	0	0	0	0	5	2	0	0	0	0	0	2	0	2	0	0	0	0	2	0	2	0	0	0	0	0	0	0	0	0	0	0	13	0	0	0	11	0	0	0	0	0	1	0	0	0	0	0	0	0
C1027	0	0	0	0	5	0	0	2	0	0	3	0	1	0	3	0	0	1	0	2	2	0	1	0	0	1	0	1	0	0	0	0	1	0	0	0	3	1	2	2	0	0	0	1	2	2	0	0	2	1	0	0	0	2	0	5	0	3	4	0	4	0	1	8	0	0	1	0	0	1	0	1	0	0	0	0	0	0
C1028	0	0	0	1	0	1	0	0	0	0	0	0	0	0	0	0	2	0	0	1	0	1	0	0	0	0	0	0	0	0	0	0	0	0	0	0	0	1	0	1	0	0	0	0	0	0	0	0	2	0	0	0	0	1	0	0	0	0	0	0	1	0	2	0	0	0	0	0	0	0	0	0	0	0	0	0	0	0
C1030	0	0	0	0	2	0	0	0	0	1	0	0	0	0	0	0	0	2	0	0	0	0	0	0	0	0	0	0	0	0	0	0	0	0	0	0	0	0	0	8	0	1	0	0	0	0	6	0	0	2	1	0	0	0	0	0	0	0	0	1	12	0	0	0	35	0	0	0	0	0	0	0	0	0	0	0	0	1
C1031	0	0	0	2	1	0	0	0	0	1	0	0	1	0	0	0	0	0	0	0	2	1	1	0	0	0	0	0	0	0	0	0	0	0	0	0	0	0	2	0	0	0	0	1	0	0	0	0	1	1	0	0	0	0	0	0	0	0	0	0	0	0	0	0	0	0	0	1	1	0	0	0	0	0	0	1	0	0
C1034	0	0	0	0	2	0	0	1	0	0	2	0	0	0	1	0	0	0	0	0	0	0	1	0	0	0	0	0	0	0	0	0	0	0	0	0	1	2	0	1	0	0	0	2	0	0	1	2	2	1	0	0	0	0	0	3	0	0	0	1	4	0	0	0	1	0	0	0	0	0	0	7	0	0	0	0	0	0
C1035	0	0	0	0	0	2	0	0	0	0	0	0	0	0	0	0	0	0	0	0	0	0	0	0	0	0	0	0	8	0	0	0	0	0	0	21	0	0	0	0	0	1	0	0	0	0	0	0	0	0	4	0	0	0	0	0	0	0	0	0	0	0	0	0	0	0	0	0	0	0	3	0	0	0	0	0	4	0
C1036	0	0	0	1	1	0	0	0	0	0	0	1	1	1	1	1	0	0	1	0	0	1	0	0	0	0	0	0	0	0	0	0	0	0	0	0	2	0	0	1	0	0	1	0	0	1	0	0	1	0	0	0	0	1	0	0	0	0	0	0	1	1	0	1	0	0	0	0	1	0	0	0	0	0	0	0	0	1
C1037	0	0	0	1	2	0	0	1	0	1	1	0	2	0	3	0	0	1	0	1	1	0	0	0	0	0	0	2	0	0	0	1	2	1	0	0	2	2	1	0	0	0	0	2	0	1	0	1	0	1	0	0	0	1	1	2	0	0	1	0	4	0	3	17	1	0	2	0	2	3	0	0	0	0	0	1	0	0
C1039	0	0	0	0	0	0	3	0	0	1	0	0	1	0	0	0	0	0	0	0	2	0	0	0	0	0	0	1	0	0	1	0	0	0	0	0	0	1	1	1	0	1	0	0	1	0	0	0	1	0	0	0	0	0	0	0	0	0	0	1	1	0	0	0	2	0	0	0	0	0	2	0	0	0	1	0	0	0
C1041	0	0	0	0	1	1	2	0	0	0	1	0	0	0	2	0	0	6	0	5	0	0	11	0	1	6	1	0	0	0	0	3	7	1	0	0	9	0	1	13	0	0	0	5	0	0	0	0	3	0	1	0	3	3	0	0	0	3	4	8	1	4	7	0	0	0	4	0	1	1	0	0	0	0	1	0	0	0
C1044	0	0	0	1	1	0	0	0	0	0	2	0	0	0	3	0	0	2	0	1	0	4	0	1	0	0	0	1	0	0	1	2	5	2	1	0	19	0	6	1	0	0	0	0	1	1	1	1	2	0	2	0	0	2	1	0	0	0	1	0	1	1	1	0	2	0	4	1	0	6	0	0	0	0	0	0	1	0
C1045	0	0	0	2	2	0	0	1	0	0	0	0	2	0	2	0	0	1	0	0	1	2	0	0	0	1	4	0	0	0	0	2	0	0	0	0	0	0	2	0	0	0	1	1	0	0	0	2	0	0	0	1	0	0	1	1	2	2	0	0	1	0	1	2	0	0	0	1	0	0	0	2	0	0	0	2	0	0
C1048	0	8	0	0	0	0	0	0	0	0	0	0	0	0	0	1	0	0	0	0	0	0	0	0	0	0	0	0	0	0	0	0	0	0	0	0	0	0	0	0	1	0	0	0	0	0	0	0	0	0	0	0	0	0	0	0	0	0	0	0	0	0	0	0	0	2	0	0	0	0	0	0	0	0	0	0	0	0
C1049	0	0	0	0	0	2	0	0	0	0	8	0	0	0	0	0	1	12	0	1	0	0	0	0	0	0	0	0	1	0	0	0	0	0	0	1	0	4	0	2	0	0	0	0	0	1	0	0	0	0	0	0	0	0	0	0	0	0	2	0	0	0	0	0	0	0	0	3	0	1	0	0	0	1	0	0	1	1
C1051	0	0	0	0	1	0	1	0	0	0	0	0	2	0	0	0	0	0	0	0	0	1	0	0	0	0	0	1	0	0	0	0	0	0	0	0	0	0	1	0	0	0	0	0	2	1	0	0	0	2	0	0	0	1	1	0	0	0	1	0	0	0	0	0	0	0	1	2	1	0	0	3	0	0	0	0	0	0
C1054	0	0	0	0	0	5	0	0	0	0	0	0	0	0	0	0	0	0	0	0	0	0	0	2	0	0	0	0	0	0	0	0	0	0	0	0	0	0	0	0	0	0	1	0	1	0	0	0	0	0	0	0	0	0	2	0	2	0	0	0	0	0	0	0	1	0	0	0	0	0	0	0	0	0	0	0	1	0
C1055	0	0	0	0	1	0	0	2	0	0	0	0	0	0	0	0	0	0	0	1	0	0	0	0	0	0	0	1	0	0	0	0	0	0	0	0	0	0	0	0	0	0	0	1	0	0	0	0	0	0	0	0	0	0	0	2	0	1	3	0	0	0	1	1	0	0	0	0	0	0	0	0	0	0	0	0	0	0
C1056	0	0	0	0	0	16	0	0	0	0	0	37	0	0	0	0	79	0	13	0	0	0	0	39	0	0	0	0	0	0	0	0	0	0	0	0	0	0	0	0	0	150	11	0	0	0	0	0	0	0	91	0	0	0	0	0	20	0	0	0	0	0	0	0	0	1	0	0	0	0	11	0	0	0	0	0	69	36
C1057	0	0	0	2	1	0	1	0	0	0	2	1	2	0	1	0	0	2	0	0	2	0	1	0	0	2	1	1	0	0	0	0	0	0	1	0	1	0	1	0	0	0	0	2	1	0	1	0	0	0	0	0	0	1	0	0	2	1	1	1	0	0	0	1	0	0	0	2	0	0	0	1	0	0	1	1	0	0
C1059	18	36	20	0	0	0	0	0	0	0	0	0	0	2	0	6	0	0	0	0	0	0	0	0	0	0	0	0	0	0	0	0	0	0	0	0	0	0	0	0	0	0	0	0	0	0	0	0	0	0	0	8	0	0	0	0	0	0	0	0	0	0	0	0	0	2	0	0	0	0	0	0	0	2	0	0	0	0
C1062	0	0	15	0	0	0	2	0	0	54	0	0	0	0	8	0	0	4	0	26	0	0	14	0	0	0	5	11	0	0	0	1	0	2	0	0	0	2	0	1	1	1	0	0	0	0	7	0	4	0	0	8	0	0	0	0	0	9	0	1	11	2	0	0	0	2	4	0	0	0	3	0	0	0	5	8	0	0
C1064	0	0	0	0	2	0	0	0	0	0	0	0	0	0	0	0	0	0	0	0	0	0	0	0	0	0	0	0	0	0	0	0	0	0	0	0	1	1	0	0	0	0	0	0	0	0	0	0	0	1	0	0	0	0	0	0	0	0	0	1	3	0	0	1	2	0	0	0	0	0	0	0	0	0	0	0	0	0
C1066	0	0	0	0	4	0	0	0	0	0	0	0	0	0	1	0	0	0	0	0	2	1	1	0	0	6	0	2	0	0	0	1	0	0	0	0	0	0	1	1	0	0	0	1	0	2	0	0	1	8	0	0	0	1	0	1	0	3	1	5	0	2	1	0	0	0	2	0	0	0	0	0	0	0	0	0	0	0
C1067	0	0	0	0	3	0	1	0	0	0	0	0	2	0	1	0	0	1	0	0	1	1	0	0	0	1	1	0	0	0	0	0	2	1	0	0	0	1	0	0	0	0	0	1	1	0	0	0	1	0	0	0	0	3	2	0	0	0	1	0	0	0	0	1	0	0	2	2	1	0	0	0	0	0	1	0	0	0
C1068	3	7	3	1	0	0	0	0	0	0	0	0	0	0	0	1	0	0	0	0	0	0	0	0	0	0	0	0	0	0	0	0	0	0	0	0	0	0	0	0	0	0	0	0	0	0	0	0	0	0	0	0	0	0	0	0	0	0	0	0	0	0	0	0	0	3	0	0	0	0	0	0	0	0	0	0	0	0
C1069	2	0	5	0	1	0	0	0	0	0	0	0	0	5	0	2	0	0	0	0	0	0	0	0	0	0	0	0	0	0	0	0	0	0	0	0	0	0	0	0	1	0	0	0	0	0	0	0	0	0	0	0	0	0	0	0	0	0	0	0	0	0	0	0	0	4	0	0	0	0	0	0	0	0	0	0	0	0
C1075	0	0	0	2	6	0	1	0	0	0	1	0	1	0	0	0	0	1	2	2	0	0	0	0	0	2	0	0	0	0	0	0	0	0	0	0	1	0	2	2	0	1	0	0	0	0	0	0	4	0	7	0	0	0	0	1	0	1	0	0	1	0	2	1	0	0	0	0	0	1	0	0	1	0	0	0	5	0
C1076	5	0	3	0	0	0	0	0	0	0	0	0	0	0	0	3	0	0	0	0	0	0	0	0	0	0	0	0	0	0	0	0	0	0	0	0	0	0	0	0	1	0	0	0	0	0	0	0	0	0	0	1	0	0	0	0	0	0	0	0	0	0	0	0	0	2	0	0	0	0	0	0	0	0	0	0	0	0
C1079	0	0	0	1	6	0	0	1	0	0	0	0	0	0	0	0	0	0	0	0	0	0	0	0	0	0	1	0	0	0	0	0	0	1	0	0	0	0	0	0	0	0	0	0	0	3	1	0	0	0	0	0	0	0	1	0	0	0	2	0	0	0	0	1	0	0	2	0	0	0	0	0	0	0	0	0	0	0
C1082	0	0	0	1	3	0	1	1	0	0	2	0	0	0	0	0	0	0	0	0	1	0	0	0	0	0	0	0	0	0	0	0	0	0	0	0	0	0	0	0	0	0	1	0	0	0	0	0	0	0	0	0	0	0	0	0	1	1	1	0	1	0	0	0	1	0	2	0	0	0	0	0	0	0	1	0	0	0
C1084	1	1	2	0	0	0	0	0	0	0	0	0	0	0	0	1	0	0	0	0	0	0	0	0	0	0	0	0	0	0	0	0	0	0	0	0	0	0	0	0	4	0	0	0	0	0	0	0	0	0	0	0	0	0	0	0	0	0	0	0	0	0	0	0	0	3	0	0	0	0	0	0	0	0	0	0	0	0
C1087	0	0	0	1	1	0	6	2	0	3	1	0	5	0	6	0	0	2	0	1	2	3	0	0	3	4	5	1	0	0	0	0	2	0	1	0	1	1	1	0	0	0	0	1	2	0	0	1	2	0	0	0	1	1	1	3	0	0	5	3	2	0	0	1	1	0	1	0	4	0	0	6	0	0	2	3	0	0
C1088	0	0	0	1	1	0	0	0	0	0	0	0	0	0	0	0	0	0	0	0	0	1	0	0	1	1	1	1	0	0	0	1	0	0	0	0	0	0	0	0	0	0	0	0	0	0	0	0	0	0	0	0	0	1	0	0	0	0	0	0	1	0	0	1	0	0	0	0	0	0	0	0	0	0	0	0	0	0
C1089	0	0	0	1	2	0	2	1	0	0	0	0	0	0	0	0	0	0	0	0	0	1	0	0	0	1	0	1	0	0	0	1	1	0	0	0	0	1	0	0	0	0	0	0	0	1	1	0	0	1	0	0	0	1	0	1	0	1	0	1	0	1	0	0	1	0	2	0	3	0	0	0	0	0	0	0	0	0
C1091	0	0	0	0	0	0	0	0	0	2	0	0	0	0	0	0	0	0	0	0	1	1	0	0	0	2	1	0	2	0	0	0	1	0	1	0	0	3	0	0	0	0	0	0	2	0	0	0	1	0	0	0	1	1	0	0	0	0	0	1	0	0	0	0	0	0	1	0	0	0	0	2	0	0	0	2	0	0
C1092	0	0	0	0	4	0	0	0	0	0	1	0	2	0	1	0	0	1	0	1	1	0	0	0	1	0	0	0	0	0	0	0	0	0	0	0	1	1	0	1	0	0	0	0	1	0	0	0	0	2	0	0	0	0	0	5	0	1	3	0	0	2	0	6	0	0	2	0	2	3	0	0	0	0	1	0	0	0
C1093	0	23	0	0	0	0	0	0	0	0	0	0	0	0	0	2	0	0	0	0	0	0	0	0	0	0	0	0	0	0	0	0	0	0	0	0	0	0	0	0	0	0	0	0	0	0	0	0	0	0	0	0	0	0	0	0	0	0	0	0	0	0	0	0	0	2	0	0	0	0	0	0	0	0	0	0	0	0
C1095	0	0	0	1	1	0	0	1	0	0	0	0	0	0	1	0	0	0	0	1	2	0	0	0	0	0	2	0	0	0	0	0	0	0	0	0	0	0	0	0	0	0	0	0	0	0	1	0	0	1	0	0	0	1	0	0	0	0	1	1	0	0	0	0	0	0	0	1	0	0	0	0	0	0	0	0	0	0
C1097	0	0	0	1	2	0	0	0	0	0	0	1	0	0	1	0	0	0	0	0	1	0	0	0	1	1	0	0	0	0	1	0	1	0	0	0	1	1	0	0	0	1	0	0	1	1	0	0	5	0	0	0	0	0	0	0	0	0	0	0	0	0	0	0	0	0	1	0	0	0	0	0	0	0	0	0	0	0
C1098	0	0	0	0	0	5	0	0	0	0	0	0	0	0	0	0	3	0	0	0	0	0	0	2	0	0	0	0	0	0	0	0	0	0	0	0	0	1	0	0	0	1	0	0	0	0	0	0	0	0	3	0	0	0	0	0	1	0	0	1	2	0	0	0	0	0	0	0	0	0	0	0	0	0	0	0	5	0
C1099	0	0	0	0	2	0	0	0	0	0	0	0	1	0	0	0	0	0	0	0	1	0	0	0	0	1	0	0	0	0	0	0	0	1	0	0	1	0	2	2	0	0	0	0	0	0	0	0	0	0	0	0	0	0	0	0	0	0	0	0	0	0	0	0	0	0	1	0	0	0	0	0	0	0	0	1	0	0
C1102	0	0	0	2	1	0	3	1	0	0	7	0	4	0	0	0	0	4	0	3	0	1	0	0	0	0	0	2	0	0	1	0	3	2	0	0	4	9	0	0	0	0	0	3	0	12	1	3	6	6	0	0	0	4	0	0	0	0	0	0	1	0	1	1	1	0	4	0	0	2	0	0	0	0	1	0	0	0
C1103	0	0	0	2	1	0	0	0	0	0	1	1	1	0	0	0	0	2	0	0	0	0	1	0	0	2	2	0	0	0	0	1	0	0	0	0	2	0	0	0	0	1	0	2	0	0	0	0	4	1	1	0	0	1	0	0	0	1	1	2	0	2	1	0	0	0	0	0	0	0	0	0	0	0	0	1	0	0
C1106	0	0	0	0	0	7	0	0	0	0	0	3	0	0	0	0	0	0	0	0	1	0	1	0	0	0	0	0	0	0	0	1	0	0	0	0	0	0	0	0	0	2	0	0	0	0	0	0	1	0	0	0	0	0	0	0	0	0	0	0	0	0	0	0	0	0	0	0	0	0	0	0	0	0	0	0	0	0
C1107	0	0	0	1	1	0	0	0	0	0	1	0	1	0	0	0	2	1	0	3	0	0	0	0	0	2	0	0	0	0	0	0	0	0	0	0	1	0	0	6	0	0	0	0	0	0	0	0	2	0	1	0	0	1	2	1	0	0	0	0	1	0	2	0	0	0	1	0	0	0	1	0	0	0	0	0	0	0
C1111	0	0	0	3	2	9	2	1	0	1	0	0	2	0	0	0	0	0	6	0	1	1	0	0	0	4	0	0	0	0	0	0	0	1	3	1	0	1	2	5	2	2	0	0	0	0	20	2	82	9	25	4	0	0	0	0	2	0	0	4	34	0	0	0	13	0	0	7	0	3	86	2	1	0	0	2	1	5
C1112	0	0	0	0	0	2	0	0	0	0	0	0	0	0	0	0	0	0	0	0	0	0	0	0	0	0	0	0	0	0	0	0	0	0	0	0	0	0	0	0	1	0	0	0	0	0	0	0	0	0	3	5	0	0	0	0	0	0	0	0	0	0	0	0	0	0	0	0	0	0	2	0	0	0	0	0	0	7
C1113	0	0	0	1	3	0	0	1	0	0	0	0	2	0	0	0	0	1	0	0	0	0	0	0	1	0	0	0	0	0	0	1	0	1	0	0	0	0	1	0	0	0	0	0	0	0	0	0	0	0	0	0	1	0	0	0	0	1	0	0	0	0	0	0	0	0	0	0	1	0	0	1	0	0	0	1	0	0
C1115	0	0	0	0	0	0	17	0	0	0	87	0	0	0	3	0	0	36	0	0	0	0	0	0	0	0	8	0	0	9	0	2	7	8	69	0	3	0	0	0	0	11	0	7	0	0	14	0	0	0	2	0	2	0	0	0	0	4	0	0	17	0	0	0	163	0	0	0	0	4	0	0	0	0	5	26	0	0
C1116	0	0	0	7	0	0	28	2	0	0	12	0	3	0	1	0	2	9	0	0	0	0	3	0	0	44	1	0	0	10	2	16	8	1	249	0	19	18	22	5	0	2	0	24	0	0	1109	0	0	0	3	0	0	4	1	0	0	21	0	1493	56	14	1	0	246	0	1	0	0	0	19	0	0	0	0	39	0	0
C1117	2	4	7	0	0	0	0	0	0	0	0	0	0	0	0	1	0	0	0	0	1	0	0	0	0	0	0	0	0	0	0	0	0	0	0	0	0	0	0	0	0	0	0	0	0	0	0	0	0	0	0	1	0	0	0	1	0	0	0	0	0	0	0	0	0	0	0	0	0	0	0	0	0	0	0	0	0	0
C1120	0	0	0	1	1	0	82	2	0	0	0	0	0	0	0	0	1	1	1	0	0	0	1	0	0	2	0	0	1	1	0	2	1	1	12	0	0	1	0	5	0	0	0	3	0	0	16	0	1	0	0	0	0	0	0	68	0	0	1	4	1	0	0	0	3	0	0	78	2	1	8	0	0	0	1	7	0	0
C1122	4	9	2	0	0	0	0	0	0	0	0	0	0	0	0	1	0	0	0	0	0	0	0	0	0	0	0	0	0	0	0	0	0	0	0	0	0	0	0	0	0	0	0	0	0	0	0	0	0	0	0	0	0	0	0	0	0	0	0	0	0	0	0	0	0	2	0	0	0	0	0	0	0	0	0	0	0	0
C1124	0	0	0	0	0	0	3	4	0	0	0	0	0	1	0	0	0	0	0	22	4	0	0	0	0	0	0	0	0	0	0	0	0	0	0	0	0	0	0	4	0	1	0	3	0	0	1	0	0	0	0	0	0	0	0	0	0	0	0	0	1	0	0	0	9	0	2	2	2	0	0	0	0	0	0	0	0	0
C1126	30	60	27	0	0	0	0	0	0	0	0	0	0	14	0	4	0	0	0	0	0	0	0	0	0	0	0	0	0	0	0	0	0	0	0	0	0	0	0	0	0	0	0	0	0	0	0	0	0	0	0	9	0	0	0	0	0	0	0	0	0	0	0	0	0	5	0	0	0	0	0	0	0	2	0	0	0	0
C1127	0	0	0	5	9	0	14	0	0	0	7	4	9	0	5	0	1	13	7	3	15	5	5	11	8	12	7	5	0	0	0	5	10	3	1	0	11	5	7	1	0	0	1	10	5	5	6	2	1	5	0	0	0	8	7	2	4	26	5	8	2	6	1	6	8	0	9	1	8	0	0	1	0	0	25	1	0	5
C1129	0	0	0	0	0	0	11	1	0	0	1	0	0	0	0	0	0	1	0	0	0	0	0	0	0	0	0	0	0	0	0	0	0	0	0	0	0	0	0	1	0	0	0	1	0	0	1	0	0	0	0	0	0	0	0	4	0	0	0	0	4	0	2	0	1	0	0	4	1	0	0	0	0	0	0	1	0	0
C1130	1	0	5	0	0	0	0	0	0	0	0	0	0	1	0	1	0	0	0	0	0	0	0	0	0	0	0	0	0	0	0	0	0	0	0	0	0	0	0	0	5	0	0	0	0	0	0	0	0	0	0	1	0	0	0	0	0	0	0	0	0	0	0	0	0	1	0	0	0	0	0	0	0	0	0	0	0	0
C1132	0	0	0	0	0	0	199	1	0	0	0	0	0	0	0	0	0	0	0	0	0	0	2	0	0	0	0	0	1	0	1	0	0	0	2	0	0	3	2	6	0	0	0	0	12	0	0	0	0	0	1	0	0	0	0	109	0	0	1	11	2	0	0	0	1	0	0	161	2	11	1	0	0	0	1	25	0	0
C1134	2	0	0	48	235	0	53	2	0	2	8	2	6	0	35	1	1	91	1	157	119	6	36	1	79	35	24	1	0	2	9	10	23	9	3	0	46	64	5	20	0	12	0	9	25	1	4	12	1314	15	1	1	0	36	4	2	0	15	19	49	14	19	10	1	0	1	18	0	7	1	1	5	1	0	7	13	1	1
C1135	28	55	25	0	0	0	0	0	0	0	0	0	0	9	0	3	0	0	0	0	0	0	0	0	0	0	0	0	0	0	0	0	0	0	0	0	0	0	0	0	1	0	0	0	0	0	0	0	0	0	0	21	0	0	0	0	0	0	1	0	0	0	1	0	0	14	0	0	0	0	0	0	0	3	0	0	0	0
C1136	16	0	11	0	0	0	2	0	0	0	3	0	1	0	1	10	0	1	0	3	5	0	0	0	0	0	0	0	0	0	0	1	2	2	0	0	2	1	0	1	5	0	0	3	0	2	0	0	1	0	1	2	0	2	0	0	0	0	0	3	0	1	0	0	0	5	2	0	1	0	0	1	0	1	2	0	0	0
C1138	0	0	6	84	1283	4668	32280	212	0	21	562	869	18	9	36	0	17	89	39	36	621	19	288	99	756	289	238	7	0	224	62	381	166	16	646	5	356	400	58	1327	52	2129	15	282	35119	1	666	27	3013	3	64	6	73	28	12	18247	0	68	2322	1564	1526	631	31	1	9164	0	3	32983	362	992	4688	31	202	0	96	2219	1	15
C1139	0	0	0	1	0	0	1	1	0	0	0	0	0	0	0	0	0	0	0	0	0	0	0	0	0	0	1	0	0	0	0	0	0	0	0	0	1	1	1	0	0	0	0	2	3	0	0	0	0	0	0	0	0	0	0	0	0	0	1	0	0	1	0	0	1	0	0	0	1	0	0	1	0	0	0	0	0	0
C1140	0	0	0	0	0	0	2	0	0	0	1	0	1	0	0	0	0	0	0	0	0	1	0	0	0	0	0	0	0	0	0	0	2	0	2	0	0	0	3	1	0	0	0	0	1	0	0	0	0	0	0	0	1	0	0	0	0	0	1	1	0	0	0	0	0	0	0	1	0	0	0	1	0	0	0	2	0	0
C1141	48	41	78	0	0	0	3	1	0	0	6	0	2	40	2	7	0	4	0	1	1	0	3	1	3	1	0	0	0	0	0	3	0	2	0	0	3	0	0	4	0	0	1	7	0	2	0	0	1	0	0	31	0	4	1	0	0	2	0	3	0	2	3	0	0	24	3	0	1	0	0	0	0	2	2	0	0	0
C1144	2	0	23	0	0	0	0	0	0	0	0	0	0	0	0	11	0	0	0	0	0	0	0	0	0	0	0	0	0	0	0	0	0	0	0	0	0	0	0	0	14	0	0	0	0	0	0	0	0	0	0	5	0	0	0	0	0	0	0	0	0	0	0	0	0	6	0	0	0	0	0	0	0	1	0	0	0	0
C1146	9	2	5	0	0	0	0	0	0	0	0	0	0	0	0	2	0	0	0	0	0	0	0	0	0	0	0	0	0	0	0	0	0	0	0	0	0	0	0	0	0	0	0	0	0	0	0	0	0	0	0	1	0	0	0	0	0	0	0	0	0	0	0	0	0	4	0	0	0	0	0	0	0	1	0	0	0	0
C1148	0	0	0	0	57	0	1	0	0	0	1	0	11	0	1	0	0	0	0	2	2	0	7	1	0	4	1	0	0	1	2	3	26	1	0	0	24	3	29	11	0	0	0	1	3	0	1	0	4	0	17	0	0	9	0	0	0	1	0	3	0	0	4	0	0	0	1	0	0	0	0	0	0	0	1	0	17	1
C1151	0	0	0	40	0	2	3	0	0	0	0	0	0	0	0	0	0	0	0	0	0	0	0	0	0	0	0	0	0	0	0	0	0	0	0	0	0	0	0	15	0	0	0	5	0	0	0	0	0	2	0	0	0	0	0	0	0	0	0	15	6	0	0	0	181	0	0	0	0	0	0	0	0	0	0	0	0	0
C1152	0	0	0	0	5	0	0	1	0	1	0	0	1	0	3	0	0	0	0	3	0	0	0	0	0	0	0	0	0	0	0	3	0	0	2	0	0	0	0	3	0	0	0	0	1	0	0	0	0	0	0	0	0	0	0	2	0	3	0	0	0	0	5	7	0	0	0	0	0	3	0	0	0	0	0	0	0	0
C1153	0	0	0	4	2	0	0	3	0	1	2	0	3	0	2	0	0	4	0	2	5	3	0	0	3	0	1	1	0	0	0	2	2	4	0	0	2	2	3	1	0	0	0	2	1	1	0	2	2	2	0	0	0	2	1	0	0	0	3	4	5	0	0	0	1	0	0	2	2	0	0	6	0	0	1	1	0	0
C1156	0	0	0	0	0	0	4	0	0	0	1	0	1	0	0	0	0	0	0	0	0	0	0	0	0	0	2	0	0	0	0	2	3	0	0	0	0	1	0	15	0	0	0	0	0	0	4	0	15	0	2	0	0	0	0	0	0	1	12	0	16	0	0	0	11	0	0	0	1	1	0	0	0	0	0	0	0	0
C1157	0	0	0	0	26	0	42	4	0	0	34	0	79	0	34	0	0	33	0	12	43	102	14	2	32	63	12	32	0	0	0	30	43	50	0	0	115	3	79	10	0	0	0	86	7	31	6	0	4	89	0	0	1	34	24	0	0	50	10	43	7	34	4	0	27	0	37	0	33	1	0	0	0	0	38	0	0	0
C1158	7	10	4	0	0	0	0	0	0	0	0	0	0	2	0	1	0	0	0	0	0	0	0	0	0	0	0	0	0	0	0	0	0	0	0	0	0	0	0	0	1	0	0	0	0	0	0	0	0	0	0	1	0	0	0	0	0	0	0	0	0	0	0	0	0	5	0	0	0	0	0	0	0	0	0	0	0	0
C1159	7	10	2	0	0	0	0	0	0	0	1	0	0	0	0	0	0	0	0	0	0	0	0	0	0	0	0	0	0	0	0	0	0	0	0	0	0	0	0	0	0	0	0	0	0	0	0	0	0	0	0	2	0	0	0	0	1	0	0	0	0	0	0	0	0	2	0	0	0	0	0	0	0	1	0	0	0	0
C1160	0	0	0	1	0	0	2	1	0	1	1	0	1	0	1	0	0	0	1	0	0	0	0	1	0	2	0	0	0	0	0	2	0	0	0	0	3	0	1	1	0	1	0	0	2	2	1	0	1	0	1	0	0	0	0	0	1	0	3	0	0	3	0	0	0	0	0	0	1	0	0	0	0	0	0	1	1	0
C1161	0	0	0	0	0	0	6	1	0	0	0	0	0	0	0	0	0	0	0	0	0	0	0	0	0	0	0	0	0	0	0	0	0	0	0	0	0	0	0	0	0	0	0	0	0	0	0	0	0	0	0	0	1	0	0	4	0	0	0	0	0	0	0	0	0	0	0	4	0	0	7	0	0	0	0	0	0	0
C1162	0	0	0	0	0	0	9	0	0	0	1	0	0	0	0	0	0	0	0	0	1	1	0	0	0	0	0	0	0	0	0	0	0	0	0	0	1	1	0	3	0	0	0	0	1	0	12	0	2	0	0	0	1	0	2	0	0	0	0	0	15	0	0	0	21	0	0	0	1	1	0	0	0	0	0	2	0	0
C1164	2	9	1	0	0	0	0	0	0	0	0	0	0	2	0	2	0	0	0	0	0	0	0	0	0	0	0	0	0	0	0	0	0	0	0	0	0	0	0	0	0	0	0	0	0	0	0	0	0	0	0	0	0	0	0	0	0	0	0	0	0	0	0	0	0	1	0	0	0	0	0	0	0	0	0	0	0	0
C1166	0	0	0	1	0	0	1	3	0	0	1	0	0	0	0	0	0	1	0	0	0	0	0	0	0	0	2	0	0	0	0	1	0	0	2	0	0	17	1	0	0	0	0	0	0	0	0	0	0	0	0	0	0	0	23	0	0	0	1	39	0	0	0	0	0	0	0	0	0	0	0	0	0	0	0	11	0	0
C1168	0	0	0	0	1	0	3	0	0	0	1	0	0	0	1	0	0	0	0	0	2	0	0	0	0	0	0	0	0	0	0	0	0	0	0	0	0	0	0	0	0	0	0	1	0	0	0	0	0	0	0	0	0	0	0	0	0	0	0	0	1	1	0	0	0	0	0	5	3	0	0	3	0	0	1	0	0	2
C1169	2	11	2	0	0	0	0	0	0	0	0	0	0	0	0	0	0	0	0	0	0	0	0	0	0	0	0	0	0	0	0	0	0	0	0	0	0	0	0	0	1	0	0	0	0	0	0	0	0	0	0	1	0	0	0	0	0	0	0	0	0	0	0	0	0	1	0	0	0	0	0	0	0	0	0	0	0	0
C1170	0	0	6	0	0	0	0	0	0	0	0	0	0	0	0	2	0	0	0	0	0	0	0	0	0	0	0	0	0	0	0	0	0	0	0	0	0	0	0	0	6	0	0	0	0	0	0	0	0	0	0	4	0	0	0	0	0	0	0	0	0	0	0	0	0	5	0	0	0	0	0	0	0	0	0	0	0	0
C1173	0	0	0	0	0	0	6	0	2	0	4	0	0	0	2	0	0	9	0	0	0	0	0	0	0	2	0	0	0	2	0	7	2	44	0	0	14	0	1	0	0	1	0	2	0	0	2	0	0	0	0	0	0	2	0	0	0	4	0	0	14	0	0	0	83	0	0	0	0	0	0	0	0	0	4	2	0	0
C1175	0	0	0	0	1	0	8	0	0	0	0	0	0	0	0	0	0	0	0	0	0	0	0	0	0	0	0	0	0	0	0	0	0	0	0	0	0	0	0	0	0	0	0	0	0	0	0	0	0	0	0	0	0	0	0	3	0	0	1	0	0	0	0	0	0	0	0	4	0	0	1	0	0	0	0	0	0	0
C1176	0	0	0	0	0	0	2	4	0	2	1	0	0	0	4	0	0	0	0	5	0	2	4	0	0	1	0	0	0	0	0	1	0	0	0	0	1	2	3	1	0	0	0	3	2	1	3	0	1	0	0	0	0	5	1	0	0	4	1	3	1	2	2	0	2	0	0	4	3	3	0	0	0	0	2	0	0	0
C1179	0	0	0	0	0	2	4	1	0	0	0	1	0	0	0	0	2	0	2	0	63	6	4	2	0	271	0	0	0	24	0	0	0	0	0	2	12	13	20	29	0	1	0	0	0	2	4	0	8	0	15	1	0	0	0	0	5	0	0	8	28	0	109	0	8	0	2	0	0	0	24	2	0	1	0	0	0	3
C1181	0	0	0	1	0	0	0	1	0	0	0	0	0	0	1	0	0	0	0	0	1	0	0	0	0	0	0	0	0	0	0	1	1	0	0	0	1	0	0	0	0	0	0	0	0	0	0	0	0	0	0	0	0	2	0	1	2	0	0	0	0	0	0	0	1	0	1	0	0	0	0	0	0	0	0	1	0	0
C1187	4	6	1	0	0	0	0	0	0	0	0	0	0	4	0	1	0	0	0	0	0	0	0	0	0	0	0	0	0	0	0	0	0	0	0	0	0	0	0	0	0	0	0	0	0	0	0	0	0	0	0	0	0	0	0	0	0	0	0	0	0	0	0	0	0	2	0	0	0	0	0	0	0	0	0	0	0	0
C1189	0	0	0	0	0	0	3	0	0	0	0	0	0	0	0	0	0	0	0	0	0	0	0	0	0	0	0	0	0	0	0	0	0	0	0	0	0	0	0	0	0	0	0	0	0	0	0	0	0	0	0	0	0	0	0	0	0	0	0	0	0	0	0	0	10	0	0	0	0	0	0	0	0	0	0	0	0	2
C1192	0	0	0	0	0	0	5	0	0	0	0	0	0	0	0	0	0	0	0	0	0	0	0	0	0	0	0	0	0	0	0	0	0	0	0	0	0	0	0	0	0	0	0	2	0	0	0	0	0	0	0	0	0	0	0	0	0	0	0	0	0	1	0	0	0	0	0	3	0	0	0	0	0	0	0	0	0	0
C1193	0	0	0	0	0	0	0	12	0	0	0	0	0	0	0	0	0	0	0	0	0	0	0	0	0	0	1	0	0	0	0	0	0	0	3	0	0	0	0	1	0	0	0	0	0	0	0	0	0	0	0	0	0	0	0	0	0	0	1	0	0	0	0	0	0	0	0	0	0	0	0	0	0	0	0	0	0	0
C1194	0	0	0	0	2	0	3	10	0	0	3	0	5	0	0	0	0	0	0	2	0	0	3	0	0	0	1	1	0	0	0	3	0	0	4	0	0	2	0	6	0	1	0	4	0	0	4	0	1	1	0	0	0	0	1	0	0	0	2	5	0	14	1	0	0	0	0	0	0	0	0	0	0	0	0	2	0	0
C1196	0	0	0	0	0	0	8	0	0	0	0	0	0	0	0	0	0	0	0	0	0	0	0	0	0	0	0	0	0	0	0	0	1	0	0	0	0	0	0	0	0	0	0	0	0	0	2	0	0	1	0	0	0	1	0	0	0	0	0	0	6	0	0	0	15	0	0	4	0	0	0	0	0	0	0	0	0	0
C1198	0	0	0	0	0	0	4	0	0	0	0	0	0	0	4	3	0	0	0	0	0	0	0	0	0	0	0	0	0	0	0	0	0	0	0	0	0	0	0	0	0	0	0	0	0	0	0	0	0	0	0	0	0	0	0	0	0	0	0	0	0	0	0	0	0	0	0	0	0	0	0	0	0	0	0	3	0	0
C1199	0	0	0	0	0	0	0	2	0	0	2	0	0	0	0	0	0	0	0	0	0	0	0	0	0	1	0	0	0	0	0	0	0	0	0	0	0	0	0	0	0	0	0	0	0	0	0	0	0	0	0	0	0	0	0	1	0	0	0	0	0	0	0	4	0	0	0	0	2	0	0	0	0	0	0	0	0	0
C1203	0	0	0	0	2	0	0	1	0	1	0	0	1	0	0	0	0	0	0	0	0	0	0	0	0	2	0	0	0	0	0	0	0	0	0	0	0	0	0	1	0	0	0	0	0	0	0	0	0	0	0	0	0	0	0	1	0	0	3	0	0	0	0	1	0	0	0	0	0	1	0	0	0	0	1	0	0	0
C1208	0	0	0	0	1	0	1	0	0	0	0	0	1	0	0	0	0	0	0	0	1	0	0	0	0	0	0	0	0	0	0	2	0	0	0	0	2	0	2	0	0	0	0	0	0	1	0	0	0	0	0	0	0	0	0	0	0	0	0	0	0	0	0	0	0	0	0	0	0	0	0	0	0	0	0	0	0	0
C1209	0	0	0	0	0	0	0	1	0	0	0	0	0	0	0	0	0	0	0	0	1	0	0	0	0	0	0	1	0	0	0	0	1	0	0	0	1	0	0	0	0	0	0	0	1	0	0	0	0	1	0	0	0	0	0	0	0	0	0	0	0	0	0	1	0	0	0	1	0	0	0	0	0	0	1	1	0	0
C1210	0	0	0	0	3	0	0	0	0	0	0	0	0	0	1	0	0	1	0	0	0	0	2	0	0	0	1	1	0	0	0	0	1	0	0	0	0	0	1	0	0	0	0	0	0	0	0	0	0	1	0	0	0	2	0	1	0	0	0	0	0	0	1	3	0	0	0	0	0	1	0	0	0	0	0	0	0	0
C1213	0	0	0	0	0	0	2	0	0	0	1	0	0	0	0	0	0	0	0	0	0	0	0	0	0	0	0	0	0	4	0	0	1	0	1	0	1	0	0	0	0	0	0	0	0	2	2	0	1	0	0	0	0	0	0	0	0	0	0	0	0	0	0	0	0	0	0	0	0	0	0	0	0	0	1	0	0	0
C1214	0	0	0	0	0	0	0	4	0	0	6	0	0	0	0	0	0	0	0	0	0	0	0	0	1	0	0	2	0	0	0	1	0	0	2	0	0	0	0	0	0	0	0	0	0	0	0	0	2	0	0	0	0	0	0	0	0	0	0	0	2	4	0	1	0	0	0	0	2	0	0	0	0	0	0	0	0	0
C1216	0	0	0	0	1	0	1	0	0	0	0	0	2	0	0	0	0	0	0	0	0	1	0	0	1	0	0	0	0	0	0	1	0	1	0	0	0	0	0	0	0	0	0	1	0	0	0	0	0	1	0	0	0	0	1	0	0	0	0	1	1	0	0	1	1	0	0	0	1	0	0	0	0	0	1	1	0	0
C1218	0	0	0	0	0	0	0	4	0	0	0	0	0	0	0	0	0	0	0	0	0	0	0	0	0	0	0	0	0	0	0	0	0	0	0	0	0	0	0	0	0	0	0	0	0	0	0	0	0	1	0	0	0	0	0	2	0	0	3	0	0	0	0	0	0	0	0	0	0	0	0	0	0	0	1	0	0	0
C1220	0	0	0	6	6	0	2	0	0	0	4	0	7	0	9	0	0	3	0	7	21	1	3	0	0	3	2	5	0	0	1	5	5	0	1	0	10	11	4	12	0	2	0	4	1	1	18	7	19	3	0	2	0	8	1	0	0	4	4	0	13	6	3	0	2	0	10	0	2	17	0	1	0	0	1	1	0	0
C1222	0	0	0	0	0	0	12	0	0	0	0	0	0	0	0	0	0	0	0	0	0	0	0	0	0	0	0	0	0	0	0	0	0	0	0	0	0	0	0	0	0	0	0	0	2	0	0	1	0	0	0	0	0	0	0	7	0	0	0	0	0	0	0	0	0	0	0	6	0	0	0	0	0	0	0	0	0	0
C1223	0	0	0	0	0	0	2	0	0	0	0	0	0	0	1	0	0	1	0	0	1	2	1	0	0	1	0	0	0	0	0	0	1	0	0	0	0	0	1	0	0	0	0	0	1	0	0	0	0	2	0	0	0	1	0	0	0	1	0	1	0	0	0	0	0	0	0	0	2	0	0	0	0	0	0	0	0	0
C1224	2	0	0	0	0	0	0	0	0	0	0	0	0	0	0	0	0	0	0	0	6	0	0	1	0	0	0	0	0	78	0	0	0	0	0	0	2	6	2	0	2	0	0	0	0	0	0	0	4	0	0	474	0	0	0	2	0	0	2	0	0	0	0	0	0	0	0	0	0	1	0	0	0	35	0	1	0	6
C1225	0	0	0	0	0	0	6	0	0	0	0	0	0	0	0	0	0	0	0	0	0	0	0	0	0	0	0	0	0	0	0	0	0	0	0	0	0	0	0	1	0	0	0	0	0	0	0	0	0	0	0	0	0	0	0	3	0	0	0	0	0	0	0	0	0	0	0	4	0	0	0	0	0	0	0	0	0	0
C1228	0	0	0	0	0	0	0	2	0	0	0	0	0	0	0	0	0	0	0	0	0	0	1	0	0	0	0	2	0	0	0	0	0	0	0	0	0	0	0	0	0	0	0	2	0	0	0	0	0	0	0	0	0	0	1	0	0	0	0	0	2	2	2	0	0	0	3	0	0	0	0	0	0	0	1	0	0	2
C1229	0	0	0	2	0	0	1	0	0	0	0	0	0	0	0	14	0	0	0	0	4	0	1	0	0	0	0	0	0	0	0	0	2	0	0	0	3	0	0	0	0	2	0	0	0	0	0	0	1	0	0	8	0	0	0	0	2	0	0	0	2	0	0	0	2	2	0	0	0	0	0	0	0	0	0	2	0	6
C1233	0	0	0	0	0	1	0	1	0	0	0	0	0	0	0	0	0	0	0	0	0	0	0	0	0	0	0	0	1	0	0	0	0	0	0	0	0	0	0	0	0	0	0	1	1	1	0	0	0	0	0	0	0	1	1	1	0	0	0	4	1	0	0	0	0	0	0	0	0	0	0	0	0	0	0	0	0	0
C1235	1	1	6	0	0	0	0	0	0	0	0	0	0	0	0	2	0	0	0	0	0	0	0	0	0	0	0	0	0	0	0	0	0	0	0	0	0	0	0	0	5	0	0	0	0	0	0	0	0	0	0	0	0	0	0	0	0	0	0	0	0	0	0	0	0	2	0	0	0	0	0	0	0	0	0	0	0	0
C1236	0	0	0	4	1	0	1	1	0	0	1	0	1	0	0	0	0	0	1	2	2	3	0	0	0	2	2	2	0	0	0	0	0	0	0	0	0	0	0	0	0	0	0	3	1	1	0	1	0	0	0	0	0	1	2	0	1	7	1	0	1	1	0	3	1	0	1	0	1	0	0	3	0	0	3	1	0	0
C1237	0	0	0	0	0	0	3	0	0	0	0	0	0	0	0	0	0	0	0	0	0	0	0	0	0	0	0	0	0	0	0	1	0	0	0	0	0	2	0	2	0	0	0	0	0	0	1	0	1	0	0	0	0	0	0	0	0	0	2	0	13	0	0	0	4	0	0	3	0	0	0	0	0	0	0	0	0	0
C1238	8	7	0	0	0	0	0	0	0	0	0	0	0	0	0	4	0	0	0	0	0	0	0	0	0	0	0	0	0	0	0	0	0	0	0	0	0	0	0	0	3	0	0	0	0	0	0	0	0	0	0	1	0	0	0	0	0	0	0	0	0	0	0	0	0	0	0	0	0	0	0	0	0	0	0	0	0	0
C1241	0	0	1	0	8	0	1	0	0	27	0	0	2	0	0	0	0	0	0	0	4	0	0	0	0	0	0	0	0	0	0	0	0	0	0	0	0	0	0	18	0	0	0	0	0	0	0	0	8	0	0	0	0	0	0	0	0	0	0	0	14	0	0	0	33	0	0	0	0	0	0	0	0	0	0	0	0	1
C1242	0	0	0	0	0	0	3	0	0	0	2	0	0	0	1	0	0	0	0	0	0	1	0	0	1	1	0	0	0	0	0	0	1	1	0	0	3	0	1	2	0	0	0	1	1	0	1	0	0	1	0	0	1	1	1	0	0	0	0	2	1	0	0	0	0	0	0	0	0	0	0	0	0	0	1	0	0	0
C1243	0	0	0	0	3	0	0	1	0	0	1	0	2	0	0	0	0	0	1	0	0	0	0	1	0	0	0	1	0	0	0	0	1	0	0	0	0	0	0	0	0	0	0	0	0	0	0	0	0	1	0	0	0	0	0	0	0	0	1	0	0	0	1	1	0	0	0	0	0	0	0	0	0	0	1	0	0	0
C1244	0	0	0	3	0	0	0	0	0	0	0	0	0	0	0	0	0	0	0	1	0	0	0	0	0	3	5	0	0	0	0	1	0	0	1	0	0	1	0	2	0	0	0	0	0	0	0	0	0	0	0	0	0	0	0	0	0	0	2	0	0	0	0	0	0	0	0	0	0	1	0	1	0	0	0	1	0	0
C1247	3	7	0	0	0	0	0	0	0	0	0	0	0	0	0	0	0	0	0	0	0	0	0	0	0	0	0	0	0	0	0	0	0	0	0	0	0	0	0	0	0	0	0	0	0	0	0	0	0	0	0	0	0	0	0	0	0	0	0	0	0	0	0	0	0	2	0	0	0	0	0	0	0	0	0	0	0	0
C1248	0	0	0	1	4	0	0	2	0	1	0	0	2	0	0	0	0	0	1	0	2	0	0	0	0	0	1	0	0	0	0	0	1	0	0	0	2	0	0	0	0	0	0	0	2	0	0	1	0	0	0	1	0	2	0	0	1	0	0	0	0	0	0	1	0	0	0	0	1	0	0	0	0	0	0	0	0	0
C1249	0	0	0	0	0	0	2	0	0	0	0	0	0	0	0	0	0	0	0	0	0	0	0	0	0	0	0	0	0	0	0	0	0	0	0	0	0	0	0	0	0	0	0	0	0	0	0	2	0	0	0	0	0	0	0	0	0	0	0	0	0	0	0	0	34	0	0	0	0	0	0	0	0	0	0	0	0	0
C1251	13	28	6	0	0	0	0	0	0	0	0	0	0	1	0	1	0	0	0	0	0	0	0	0	0	0	0	0	0	0	0	0	0	0	0	0	0	0	0	0	0	0	0	0	0	0	0	0	0	0	0	2	0	0	0	0	0	0	0	0	0	0	0	0	0	2	0	0	0	0	0	0	0	0	0	0	0	0
C1252	0	0	0	0	0	0	8	0	0	0	0	0	0	0	0	0	0	0	0	0	0	0	0	0	0	0	0	0	0	0	0	0	0	0	0	0	0	0	0	0	0	0	0	0	0	0	0	0	0	0	0	0	0	0	0	0	0	0	0	0	0	0	0	0	0	0	0	4	0	0	0	0	0	0	0	0	0	0
C1254	0	0	0	0	0	0	0	2	0	0	1	0	2	0	0	0	0	0	0	0	0	1	3	0	0	0	0	3	0	5	1	0	0	0	0	0	2	0	4	1	0	0	0	2	2	1	1	0	1	2	0	0	2	0	0	0	0	2	0	0	0	2	0	0	3	0	3	0	0	4	0	0	6	0	1	2	0	0
C1255	0	0	0	2	2	0	10	0	0	10	9	0	3	0	2	0	0	4	0	3	5	0	0	0	0	1	0	0	0	0	0	1	3	4	0	0	5	22	0	0	0	1	0	9	0	37	3	1	5	26	0	0	0	8	4	0	0	2	0	3	5	0	1	0	0	0	24	0	1	4	0	0	0	0	6	0	0	0
C1256	0	0	0	1	0	0	2	1	0	0	0	0	1	0	1	0	0	0	0	0	2	1	0	0	1	0	0	0	0	0	0	0	0	0	0	0	0	0	0	0	0	0	0	1	0	0	1	0	0	0	0	0	0	0	1	0	0	0	2	1	1	1	0	0	0	0	0	0	1	0	0	0	0	0	1	0	0	0
C1263	0	20	0	0	0	0	0	42	0	0	263	0	0	5	5	0	0	0	0	0	0	0	0	0	15	12	0	21	0	0	0	15	0	0	1	0	0	0	0	4	5	0	0	1	0	0	6	0	2	1	0	0	0	2	0	0	0	3	2	3	9	5	0	27	2	0	0	0	9	0	0	0	0	0	1	9	0	0
C1264	0	1	0	1	2	0	2135	10	0	0	9	0	2	0	2	19	0	2	0	2	3	1	3	0	2	18	10	1	0	0	0	1	3	0	28	0	5	22	2	57	0	0	0	8	21	0	67	2	6	0	1	0	0	0	0	1334	0	1	2	14	35	2	1	0	4	0	0	1877	22	1	72	2	0	0	3	198	0	0
C1265	0	0	0	0	0	0	6	0	0	0	0	0	0	0	0	0	0	0	0	0	0	0	0	0	0	0	0	0	0	0	0	0	0	0	0	0	0	0	0	0	0	0	0	0	0	0	0	0	1	0	0	0	0	0	0	4	0	0	0	0	0	0	0	0	0	0	0	3	0	0	0	0	0	0	0	0	0	0
C1266	0	0	0	0	1	0	0	0	0	0	0	0	0	0	1	0	1	0	3	0	0	0	0	1	0	1	0	0	0	0	0	0	0	0	0	0	0	0	0	0	0	0	0	0	0	0	0	0	2	1	0	0	0	0	0	0	4	0	0	0	0	0	0	0	0	0	1	0	0	0	0	0	0	0	0	0	0	0
C1269	0	0	1	0	0	0	1	0	0	0	1	0	0	0	2	0	0	0	0	0	0	0	0	0	1	0	1	0	0	0	1	0	0	0	0	0	1	0	0	0	0	0	0	0	0	0	2	0	1	0	0	0	0	0	0	0	0	0	0	0	1	0	1	0	0	0	1	0	0	0	0	0	0	0	0	0	0	0
C1270	0	0	0	0	1	0	2	0	0	0	0	0	1	0	2	0	0	0	0	0	1	1	0	0	2	1	0	0	0	0	0	0	1	0	0	0	2	0	0	0	0	0	0	0	0	0	0	0	0	0	0	0	0	1	0	0	0	0	1	0	0	0	0	1	0	0	0	0	0	0	0	1	0	0	0	3	0	0
C1271	0	0	0	8	1	0	10	0	0	21	0	0	13	0	0	0	0	5	1	0	0	0	1	0	0	0	22	0	0	0	0	0	1	0	6	0	0	2	0	7	0	0	0	0	0	0	46	0	43	4	0	0	0	0	0	0	0	0	12	4	44	0	0	0	209	0	0	24	2	2	0	5	1	0	2	3	0	0
C1273	0	0	0	0	0	0	7	0	0	0	0	0	0	0	0	0	0	0	0	0	0	0	0	0	0	0	0	0	0	0	0	0	0	0	0	0	0	0	0	0	0	0	0	1	0	0	1	0	0	0	0	0	0	0	0	4	0	0	0	0	2	0	0	0	10	0	0	11	0	0	1	0	0	0	0	1	0	0
C1275	0	0	4	0	0	0	0	0	0	0	0	0	0	0	0	0	0	0	0	0	0	0	0	0	0	0	0	0	0	0	0	0	0	0	0	0	0	0	0	0	3	1	0	0	0	0	0	0	0	0	1	2	0	0	0	0	0	0	0	0	0	0	0	0	0	1	0	0	0	0	0	0	0	0	0	0	0	0
C1276	1	0	8	0	0	0	0	0	0	0	0	0	0	0	0	3	0	0	0	0	0	0	0	0	0	0	0	0	0	0	0	0	0	0	0	0	0	0	0	0	5	0	0	0	0	0	0	0	0	0	0	0	0	0	0	0	0	0	0	0	0	0	0	0	0	2	0	0	0	0	0	0	0	0	0	0	0	0
C1278	0	0	0	0	0	0	4	0	0	0	0	0	0	0	0	0	0	0	0	0	0	0	0	0	0	0	0	0	0	0	0	0	0	0	0	0	0	0	0	0	0	0	0	0	0	0	0	0	0	0	7	0	0	0	0	0	0	0	0	0	0	0	0	0	0	0	0	0	0	0	0	0	0	0	0	0	0	1
C1279	0	0	0	1	1	0	1	0	0	0	0	0	0	0	0	0	0	0	0	0	1	0	0	0	0	0	0	0	0	0	0	0	1	1	0	0	0	0	1	0	0	0	0	0	0	0	1	0	0	0	0	0	0	0	1	0	0	0	0	0	1	0	0	0	0	0	0	0	0	0	0	0	0	0	0	1	0	0
C1282	0	0	0	0	0	0	2	0	0	0	0	0	0	0	0	0	0	1	1	0	1	1	0	0	0	0	0	0	0	0	0	0	0	0	0	0	0	0	0	0	0	0	0	0	0	0	0	0	0	1	0	0	0	0	0	0	0	1	1	0	0	0	1	0	0	0	0	0	0	0	0	1	0	0	1	0	0	2
C1283	0	0	0	0	1	0	5	0	0	0	0	0	1	0	0	0	0	0	0	1	0	0	0	0	0	0	0	0	0	0	1	0	0	0	0	0	0	0	0	0	0	0	0	2	0	1	0	1	2	0	0	0	0	1	0	0	0	0	0	0	0	0	1	0	0	0	1	0	0	0	0	0	0	0	0	0	0	0
C1285	0	0	0	9	53	1	16	0	0	1	5	1	1	0	6	0	1	34	0	42	22	1	7	3	21	9	4	0	0	1	3	0	14	5	0	0	5	9	4	2	0	28	2	2	5	0	1	6	229	0	14	0	0	4	0	0	0	0	2	8	5	1	0	0	0	0	1	0	0	2	0	1	0	0	2	1	2	5
C1286	0	0	0	2	4	0	3	1	0	3	1	0	2	0	1	0	0	3	0	1	7	2	0	0	3	1	4	1	0	0	0	2	1	0	0	0	2	3	1	0	0	0	0	5	4	3	1	2	1	3	0	0	0	2	1	5	1	1	2	4	2	1	0	1	1	0	0	7	4	0	0	4	0	0	1	2	0	2
C1287	0	0	0	0	0	0	0	2	0	1	1	0	0	0	1	0	0	0	0	1	0	0	0	0	0	0	0	1	0	0	1	0	0	0	1	0	1	0	0	1	0	0	1	0	0	1	0	1	1	0	0	0	0	0	0	3	0	0	0	0	0	0	0	0	0	0	0	0	1	0	0	0	1	0	0	0	0	0
C1293	0	0	0	2	5	0	0	1	0	0	2	0	0	0	1	0	0	0	0	0	1	0	0	0	0	2	0	2	0	0	0	0	1	0	0	0	4	1	2	1	0	0	0	0	0	0	0	1	0	0	0	0	0	0	1	4	0	1	0	1	1	2	4	13	0	0	1	0	0	4	0	0	0	0	1	5	0	0
C1296	0	0	0	1	0	0	0	2	0	0	0	0	0	0	0	0	0	4	0	5	6	0	2	0	2	0	2	0	0	0	0	0	0	0	0	0	0	2	0	4	0	0	0	0	0	0	2	0	6	0	0	1	0	0	0	0	0	0	2	0	2	0	0	0	0	0	0	0	4	37	2	6	1	0	0	0	0	1
C1297	0	0	0	0	4	0	3	0	0	0	0	0	0	0	0	0	0	1	0	0	0	0	0	0	2	0	0	0	0	0	0	1	0	0	0	0	2	0	0	1	0	0	0	0	17	0	2	0	7	0	0	0	0	0	0	5	0	0	6	7	3	0	0	0	14	0	0	9	0	0	2	0	0	0	0	1	0	0
C1298	0	0	0	5	0	0	1	0	0	0	0	0	0	0	0	0	0	0	0	0	0	1	0	0	0	0	0	0	0	0	0	1	0	1	0	0	0	0	1	0	0	0	0	1	0	0	0	3	0	0	0	0	0	0	0	0	0	0	0	0	0	0	2	0	0	0	0	0	0	0	0	0	0	0	0	0	0	0
C1299	0	0	0	7	2	0	6	0	0	6	7	0	1	0	4	0	0	13	0	4	0	0	1	1	0	4	4	1	0	0	1	2	2	1	0	0	5	6	0	0	0	0	0	13	0	13	0	2	3	3	0	0	2	0	0	0	0	2	0	1	3	0	3	0	0	0	16	0	1	0	0	0	3	0	8	0	0	2
C1300	0	0	0	0	0	0	3	0	0	4	0	0	0	0	0	0	0	0	0	0	2	0	0	0	0	0	2	0	0	0	0	0	0	0	0	0	0	0	0	0	0	0	0	0	0	0	0	0	0	0	0	0	0	0	0	0	0	0	0	0	0	0	0	0	0	0	0	0	0	0	0	0	0	0	2	2	0	0
C1301	0	0	0	0	0	0	1	0	0	0	0	0	0	0	0	6	0	0	0	0	4	0	0	0	0	0	0	0	0	0	0	0	0	0	0	0	0	3	0	5	9	0	0	0	0	0	2	0	0	0	0	0	0	0	0	0	0	0	0	0	4	0	0	0	10	0	0	0	1	0	0	0	0	1	0	0	0	0
C1302	0	0	0	10	2	0	5	3	0	3	9	1	1	0	7	0	1	2	0	1	1	1	1	0	0	0	2	0	0	0	3	6	1	4	3	0	3	15	1	3	0	0	0	9	0	5	4	1	0	0	0	0	1	7	1	4	0	0	10	13	8	2	2	0	0	0	9	0	3	0	0	0	0	0	5	1	0	0
C1305	0	0	0	1	3	0	0	2	0	1	0	0	0	0	0	0	0	1	0	0	1	0	0	0	0	0	2	1	0	0	0	1	0	1	2	0	4	0	0	0	0	0	0	1	1	0	0	0	1	2	0	0	0	2	0	1	0	0	1	2	1	1	0	0	1	0	0	0	1	0	0	2	0	0	1	1	0	0
C1306	0	0	0	0	1	0	2	0	0	0	0	0	0	0	0	0	0	0	0	0	0	0	1	0	0	0	0	0	0	0	0	0	0	0	0	0	1	1	1	0	0	0	0	0	0	0	0	0	0	0	0	0	0	0	0	0	0	1	2	0	0	0	0	0	0	0	0	0	0	0	0	2	0	0	0	0	0	0
C1308	0	0	0	0	1	0	6	3	0	0	6	0	2	0	1	0	0	1	0	0	0	3	4	0	1	3	0	3	0	0	0	0	0	0	0	0	1	2	0	1	0	0	0	2	0	3	2	0	1	0	0	0	0	2	0	8	0	1	6	1	2	0	0	0	0	0	2	0	0	0	0	0	0	0	0	0	0	0
C1309	0	0	0	0	0	0	16	0	0	0	0	0	0	0	0	0	0	0	0	0	0	0	0	0	0	0	0	0	0	0	0	0	0	0	1	0	0	0	0	0	0	0	0	0	0	0	0	0	0	0	0	0	0	0	0	8	0	0	0	0	0	0	0	0	0	0	0	10	0	0	0	0	0	0	0	0	0	0
C1311	0	0	0	0	0	0	0	1	0	0	2	0	0	0	0	0	1	0	0	3	1	0	2	0	0	0	0	1	0	0	0	0	0	0	0	0	0	0	0	0	0	0	0	0	1	0	0	0	1	0	2	0	2	1	0	0	1	0	0	0	0	3	0	0	0	0	1	0	2	2	0	1	0	0	0	1	0	5
C1313	0	0	0	1	1	0	1	0	0	0	1	0	0	0	1	0	0	0	0	0	1	0	0	0	1	0	0	0	0	0	0	1	0	1	0	0	0	1	0	0	0	0	0	0	1	0	0	0	0	0	0	0	0	1	0	0	0	0	0	1	0	0	0	1	1	0	0	0	1	0	0	1	0	0	0	0	0	0
C1315	0	0	0	0	0	0	5	0	0	0	0	0	0	0	0	0	0	0	0	0	0	0	0	0	0	0	0	0	0	0	0	0	0	0	0	0	0	0	0	0	0	0	1	2	0	0	0	0	0	0	0	0	0	0	0	1	0	0	0	0	0	0	0	0	1	0	0	1	0	0	1	0	0	0	0	0	0	0
C1316	0	0	0	0	0	0	4	0	0	0	1	0	1	0	1	0	0	2	0	0	1	4	1	0	0	1	0	0	0	0	0	0	3	0	0	0	1	1	0	1	0	0	0	4	0	2	0	0	0	1	0	0	0	0	0	0	0	2	0	1	0	0	2	0	0	0	1	0	0	0	0	0	0	0	0	0	0	0
C1318	0	0	1	0	0	3	0	0	0	0	0	0	0	0	0	0	4	0	0	0	0	0	0	1	0	0	0	0	0	0	1	0	0	0	0	0	0	0	0	0	0	2	0	0	0	0	0	0	1	0	2	1	0	0	0	0	0	0	0	0	0	0	0	0	0	0	0	0	0	0	0	0	0	0	0	0	3	0
C1319	0	0	0	0	0	0	0	6	0	0	0	0	0	0	0	0	0	0	0	0	0	0	1	0	0	0	0	0	0	0	0	1	0	0	2	0	0	5	0	0	0	0	0	0	1	0	0	1	0	0	0	0	0	0	1	0	0	0	1	6	0	1	0	0	0	0	0	0	0	0	0	0	0	0	0	0	0	0
C1320	0	0	0	0	1	0	27	1	0	0	0	0	0	0	0	0	0	0	0	0	0	0	0	0	0	0	1	0	0	0	0	0	1	0	0	0	2	0	0	0	0	0	0	0	0	0	0	1	0	0	0	0	0	1	0	0	0	0	0	0	0	0	0	0	0	0	0	0	0	0	0	0	0	0	0	1	0	0
C1321	0	0	0	0	7	0	0	2	0	1	1	0	0	0	1	0	0	1	0	0	0	0	0	0	0	1	0	0	0	0	0	1	0	1	0	0	0	0	0	0	0	0	0	2	0	1	0	0	0	1	0	0	0	1	0	8	0	1	1	1	0	0	0	0	0	0	0	0	0	0	0	1	0	0	0	0	0	0
C1324	0	0	0	0	0	0	20	0	0	0	0	0	0	0	0	0	0	0	0	0	0	0	0	0	0	0	0	0	3	3	0	0	0	0	1	0	0	0	0	1	0	0	0	0	1	0	0	0	0	0	0	0	0	0	0	15	0	0	1	0	1	0	0	0	0	0	0	10	0	0	0	0	0	0	1	5	0	0
C1326	0	0	0	1	0	0	0	1	0	0	0	1	0	0	1	0	0	0	0	1	0	1	0	0	1	4	1	1	0	0	0	1	1	0	0	0	0	1	0	0	0	0	0	1	0	1	0	0	0	0	0	0	0	0	0	0	0	0	0	0	0	0	0	1	0	0	0	0	1	0	0	3	0	0	1	0	0	0
C1330	0	0	0	1	3	0	5	0	0	0	0	0	1	0	1	0	0	3	0	2	4	1	2	0	4	2	1	1	0	0	0	0	0	0	0	0	1	2	0	1	0	0	0	1	1	1	0	0	7	1	0	0	0	0	1	0	0	2	0	1	1	0	0	0	0	0	1	0	1	0	0	0	0	0	2	0	0	0
C1331	0	0	0	0	0	0	1	1	0	1	1	0	0	0	0	0	0	0	0	0	0	0	0	0	1	1	0	0	0	0	0	0	0	0	0	0	0	0	0	0	0	0	0	0	0	0	5	0	0	0	0	0	0	0	0	2	0	0	0	1	0	0	0	0	1	0	0	0	0	1	0	0	0	0	0	0	0	0
C1332	0	0	0	0	0	0	4	0	0	0	0	0	0	0	0	0	0	0	0	0	0	0	0	0	0	0	0	0	0	0	0	0	0	0	0	0	1	0	0	0	0	0	0	0	0	0	1	0	0	0	0	0	0	0	0	1	0	0	0	0	0	0	0	0	0	0	0	4	0	0	0	0	0	0	0	0	0	0
C1333	0	0	0	0	0	0	0	0	0	0	4	0	0	0	1	0	0	34	0	0	0	0	0	0	0	0	0	0	0	0	0	0	2	0	0	0	4	6	0	0	0	0	0	0	0	0	11	0	0	0	0	0	0	0	0	0	0	1	0	0	5	0	0	0	7	0	0	0	0	0	0	0	0	0	3	4	0	0
C1334	0	0	0	0	0	0	1	1	0	0	1	0	3	0	3	0	0	1	0	0	1	1	0	0	1	2	0	2	0	0	0	0	0	2	0	0	0	0	0	2	0	0	0	5	0	0	0	0	1	3	0	0	0	1	1	0	0	2	0	1	0	0	0	1	3	0	0	0	2	0	0	0	0	0	2	0	0	0
C1341	0	0	0	0	0	0	2	0	0	1	0	0	1	0	0	0	0	1	0	0	0	0	0	0	0	1	0	0	0	0	0	0	0	0	0	0	0	4	0	0	0	0	0	1	0	1	0	0	0	1	0	0	0	0	0	0	0	0	0	2	0	0	0	0	0	0	3	0	0	1	0	0	0	0	0	0	0	0
C1343	0	0	0	9	12	1	8	0	0	2	3	2	2	0	3	0	0	8	0	10	12	1	4	0	2	4	1	2	0	3	7	1	2	7	0	0	7	4	2	3	0	5	0	8	2	13	2	2	43	4	2	0	2	2	2	0	2	2	3	2	5	2	11	2	1	0	15	0	1	5	0	0	2	0	5	1	1	0
C1347	0	0	0	0	1	0	1	0	0	0	0	0	0	0	0	0	0	0	0	0	0	0	0	0	0	2	0	0	0	0	0	0	1	1	0	0	0	1	0	0	0	0	0	1	0	0	0	0	0	1	0	0	0	0	0	0	0	0	0	1	0	0	0	0	1	0	0	1	1	0	0	0	0	0	1	0	0	0
C1349	0	0	0	1	0	0	0	0	0	2	0	0	1	0	0	0	0	1	0	0	1	0	0	0	0	0	0	0	0	0	0	0	1	0	0	0	1	0	1	0	0	0	0	0	0	0	0	2	0	0	0	0	0	0	0	1	0	1	0	1	1	0	0	0	1	0	0	0	1	0	0	1	0	0	0	1	0	0
C1351	0	0	0	3	4	0	5	1	0	3	2	0	3	0	1	0	0	2	0	0	3	3	0	0	3	4	2	1	0	0	0	4	3	2	2	0	2	1	1	0	0	0	0	1	0	0	0	2	1	4	0	0	2	0	2	3	0	0	1	2	1	2	0	2	1	0	3	2	1	0	0	8	0	0	1	3	0	0
C1352	0	0	0	1	0	1	0	0	0	1	0	0	0	0	1	0	0	1	0	1	0	0	2	1	0	1	0	0	0	0	0	0	1	1	0	0	1	1	1	3	0	1	0	2	0	0	0	0	5	0	0	0	0	1	0	0	0	0	0	0	1	0	3	0	0	0	0	0	1	1	0	0	0	0	0	0	0	0
C1353	6	12	5	0	0	0	0	0	0	0	0	0	0	0	0	0	0	0	0	0	0	0	0	0	0	0	0	0	0	0	0	0	0	0	0	0	0	0	0	0	1	0	0	0	0	0	0	0	0	0	0	2	0	0	0	0	0	0	0	0	0	0	0	0	0	2	0	0	0	0	0	0	0	0	0	0	0	0
C1354	0	0	0	0	3	0	1	0	0	0	0	0	4	0	2	0	0	1	0	3	3	0	2	0	1	1	2	0	0	0	0	0	0	0	1	0	3	5	0	4	0	2	0	3	0	0	0	1	27	1	0	0	0	1	0	0	0	0	1	3	2	0	5	0	0	0	1	0	0	1	0	0	0	0	1	0	0	0
C1357	0	0	0	0	0	0	0	3	0	0	0	0	0	0	0	0	0	0	0	0	0	0	0	0	0	0	0	2	0	0	0	0	0	0	0	0	0	0	1	2	0	0	0	0	0	1	1	0	0	1	0	0	0	1	0	1	0	0	1	0	0	1	0	1	0	0	0	0	0	3	0	0	0	0	0	0	0	0
C1359	0	0	0	2	0	0	1	0	0	0	0	0	2	0	0	0	0	0	0	0	0	1	0	0	0	1	2	1	0	0	0	0	0	0	0	0	3	0	0	0	0	0	0	0	0	0	0	1	0	0	0	0	0	0	0	0	0	0	1	1	1	0	0	0	1	0	0	1	1	0	0	1	0	0	0	1	0	0
C1360	1	0	1	0	14	22	0	0	10108	0	0	0	0	14	0	11051	1	0	0	0	0	0	0	0	0	0	7	0	1	22	11	0	0	0	0	113	0	0	0	0	2401	15	0	2	1	0	0	1	1	0	7	66	0	0	0	0	0	0	0	0	0	0	0	0	0	3	0	0	0	0	0	6	0	7247	0	0	17	0
C1364	0	0	0	0	0	0	0	0	0	57	0	0	2	0	0	0	0	0	0	0	0	0	0	0	0	0	2	0	0	0	0	0	0	0	0	0	0	0	0	0	0	0	0	0	0	0	0	0	0	0	0	0	0	0	0	0	0	0	2	0	0	0	0	0	3	0	0	3	0	0	0	0	0	0	0	0	0	0
C1365	0	0	0	3	0	0	0	0	0	23	1	0	0	0	0	0	0	0	0	0	0	0	1	0	0	0	2	0	0	0	0	0	0	2	0	0	0	0	0	3	0	0	0	0	0	0	3	0	1	0	0	0	0	0	0	0	0	0	0	0	3	0	0	0	2	0	0	1	0	0	0	0	0	0	0	0	0	0
C1366	1	0	0	8	2	0	0	0	0	37	1	0	0	0	1	0	4	2	3	5	13	1	1	0	9	21	7	14	0	0	0	2	18	0	2	0	3	27	0	48	0	0	0	0	0	0	5	0	59	3	3	0	0	0	0	0	1	0	5	7	34	0	1	0	4	0	0	2	0	1	0	0	0	0	1	0	0	3
C1367	1	0	0	0	0	1	0	0	75	0	0	0	0	1	0	67	0	0	0	0	0	0	0	0	0	0	0	0	0	0	0	0	0	0	0	0	0	0	0	0	33	0	0	0	0	0	0	0	0	0	0	1	0	0	0	0	0	0	0	0	0	0	0	0	0	5	0	0	0	0	1	0	0	157	0	0	0	0
C1368	0	0	0	0	0	0	0	0	0	52	0	0	0	0	0	0	0	0	0	0	0	0	0	0	0	0	4	0	0	0	0	0	0	0	0	0	0	0	0	0	0	0	0	0	0	0	0	0	0	0	0	0	0	0	0	0	0	0	0	0	0	0	0	0	0	0	0	0	2	0	0	0	0	0	2	4	0	0
C1370	0	0	5	0	0	0	0	0	0	12	0	0	0	0	0	0	0	0	0	0	0	0	0	0	0	0	2	0	0	0	0	0	0	0	0	0	0	1	0	0	0	0	0	0	0	0	2	0	2	0	0	0	0	0	0	0	0	0	0	0	13	0	0	0	4	0	0	0	0	0	0	0	0	0	0	0	0	0
C1371	0	0	0	13	4	0	0	277	0	11	15	0	12	0	1	0	3	19	0	15	8	0	68	1	2	5	3	0	1	3	14	51	2	2	26	0	6	346	0	32	0	17	0	2	2	1	5	2	19	0	1	0	0	4	79	211	0	3	203	278	23	103	3	0	3	0	0	0	1	0	1	0	0	0	0	20	0	0
C1373	0	0	0	0	5	1	7	0	5	0	0	0	0	0	0	1	0	0	0	1	0	0	0	0	1	1	2	0	0	6	5	1	0	0	0	2	1	0	0	3	4	0	0	0	1	0	1	0	0	0	0	0	0	0	0	0	0	0	1	0	0	0	1	0	1	0	0	0	0	0	0	0	0	6	0	0	1	0
C1374	0	0	6	0	0	0	0	1	0	173	0	0	0	0	1	0	0	3	0	7	0	0	0	0	0	6	2	22	0	0	0	0	0	0	3	0	2	0	0	2	0	2	0	1	1	0	10	0	11	0	4	2	0	0	0	9	0	5	19	0	36	1	0	0	34	0	0	0	0	0	1	0	0	0	0	44	0	0
C1375	0	0	0	0	0	0	0	0	0	58	0	0	0	0	0	0	0	0	0	0	0	0	0	0	0	0	0	0	0	0	0	0	0	0	0	0	0	0	0	0	0	0	0	0	1	0	0	0	0	0	0	0	0	0	0	0	0	0	0	0	8	0	0	0	13	0	0	0	2	0	0	0	0	0	0	0	0	0
C1376	0	0	1	0	0	0	2	0	0	35	0	0	1	0	1	0	0	1	0	0	0	0	0	0	0	0	3	2	0	0	0	0	0	0	1	0	0	0	0	1	0	0	0	0	0	0	0	0	21	0	0	0	0	0	0	0	0	0	5	0	4	0	0	0	11	0	0	1	0	0	0	5	0	0	0	0	0	0
C1378	0	0	0	0	0	0	0	0	0	45	0	0	0	0	0	0	0	0	0	0	0	0	0	0	0	0	0	0	0	0	0	0	0	0	0	0	0	0	0	0	0	0	0	0	0	0	0	0	0	0	0	0	0	0	0	0	0	0	0	0	0	0	0	0	0	0	0	0	0	0	0	0	0	0	0	0	0	0
C1379	0	0	0	2	38	1	40	182	0	2	14	0	4	1	0	0	1	2	0	5	10	0	31	0	258	11	1	0	0	0	0	50	1	0	11	0	1	40	0	15	2	12	0	16	22	0	37	1	30	0	2	0	0	6	7	815	0	2	97	30	12	193	7	0	211	3	0	675	4	3	3	2	0	0	1	60	0	0
C1380	0	0	2	2	10	0	3	0	0	27	0	0	0	0	1	0	0	0	0	0	3	7	0	0	8	47	8	0	0	0	0	26	0	6	6	0	0	79	0	21	0	85	0	26	0	0	0	0	16	1	0	0	0	0	5	0	0	0	55	2	16	0	0	0	25	0	8	27	0	0	0	0	0	0	0	0	0	0
C1381	0	0	0	0	5	0	2	0	0	0	0	0	1	0	0	0	0	0	0	0	0	0	1	0	0	0	0	0	0	0	0	0	1	0	0	0	1	0	3	5	0	0	0	0	0	0	0	0	1	0	0	0	0	2	0	0	1	1	0	0	0	0	0	0	1	0	0	0	0	0	0	0	0	0	0	0	0	0
C1382	0	0	0	1	2	0	2	3	0	2	0	0	3	0	1	0	0	0	0	2	4	2	1	0	3	0	3	2	0	0	0	1	0	0	1	0	3	0	1	0	0	0	0	0	1	2	0	0	0	1	0	0	0	5	1	0	1	1	3	3	1	1	0	1	0	0	0	1	4	0	0	2	0	0	3	2	0	0
C1383	0	0	0	1	10	0	2	0	0	0	0	0	2	0	1	0	0	0	0	3	0	0	0	0	0	1	1	0	0	0	1	1	2	0	0	0	8	1	0	1	0	1	0	0	1	1	0	0	4	0	2	0	0	0	0	0	0	0	1	0	1	0	0	0	0	0	0	0	0	1	0	0	0	0	0	0	1	0
C1385	0	0	0	0	0	0	0	0	12	0	0	0	0	0	0	0	0	0	0	0	0	0	0	0	0	0	0	0	0	0	0	0	0	0	0	0	0	0	0	0	0	0	0	0	0	0	0	0	0	0	0	0	0	0	0	0	0	0	0	0	0	0	0	0	0	0	0	0	0	0	0	0	0	0	0	0	0	0
C1386	5	3	9	0	0	0	0	0	0	0	0	0	0	1	0	16	0	0	0	0	0	0	0	0	0	0	0	0	0	0	0	0	0	0	0	0	0	0	0	0	29	0	0	0	0	0	0	0	0	0	0	6	0	0	0	0	0	0	0	0	0	0	0	0	0	8	0	0	0	0	0	0	0	0	0	0	0	0
C1389	6	4	0	0	0	0	0	0	0	0	0	0	0	0	0	0	0	0	0	0	0	0	0	0	0	0	0	0	0	0	0	0	0	0	0	0	0	0	0	0	1	0	0	0	0	0	0	0	0	0	0	1	0	0	0	0	0	0	0	1	0	0	0	0	0	0	0	0	0	0	0	0	0	0	0	0	0	0
C1390	0	0	0	0	0	0	0	0	0	29	0	0	0	0	0	0	0	0	0	1	0	0	0	0	0	0	0	0	0	1	0	0	0	2	0	0	1	0	0	2	0	0	0	0	0	0	0	0	2	1	0	0	0	0	0	0	0	0	0	1	0	0	0	0	0	0	0	0	0	0	0	0	2	0	0	0	0	0
C1391	0	0	0	0	0	0	0	0	0	0	0	0	0	0	0	0	10	0	0	0	0	0	0	0	0	0	0	0	95	0	0	0	0	0	0	0	0	0	0	0	0	7	3	0	0	0	0	0	0	0	6	0	0	0	0	0	0	0	0	0	0	0	0	0	0	0	0	0	0	0	0	0	0	0	0	0	0	0
C1392	0	0	0	0	0	9	0	0	0	0	0	1	0	0	0	0	0	0	0	0	0	0	0	0	0	0	0	0	0	0	0	0	0	0	0	0	0	0	0	0	0	4	0	0	0	0	0	0	0	0	0	0	0	0	0	0	0	0	0	0	0	0	0	0	0	0	0	0	0	0	1	0	0	0	0	0	0	0
C1394	0	0	0	1	0	0	0	0	0	3	2	0	0	0	0	0	0	0	0	0	0	2	0	0	1	0	1	0	0	0	0	0	0	0	0	0	0	1	0	3	0	0	0	0	0	0	0	0	2	1	0	0	0	0	0	0	0	0	0	1	2	0	0	0	2	0	0	1	1	0	0	0	0	0	0	0	0	0
C1397	0	0	0	1	0	0	4	0	0	0	0	0	0	0	0	0	0	0	0	0	1	0	0	0	1	0	1	2	0	0	0	0	2	0	1	0	0	0	0	0	0	0	0	1	1	0	0	0	0	0	0	0	0	0	0	0	0	0	0	0	0	0	0	0	2	0	0	0	0	0	0	0	0	0	0	0	0	0
C1398	0	0	0	0	1	0	0	0	0	11	0	0	0	0	0	0	0	0	0	0	0	0	0	0	5	0	0	0	0	0	0	0	0	0	0	0	0	0	0	4	0	0	0	0	0	0	12	0	0	1	0	0	0	0	0	0	0	0	0	0	43	0	0	0	125	0	0	7	2	0	0	0	0	0	0	0	0	0
C1405	0	0	0	0	0	0	2	0	0	4	0	0	0	0	0	0	0	0	0	0	1	1	0	0	0	0	2	0	0	0	0	0	0	0	0	0	2	0	0	5	0	0	0	0	0	0	7	0	7	1	0	0	0	0	0	0	0	0	0	14	44	0	0	0	204	0	0	0	1	0	0	2	0	0	0	1	0	4
C1406	0	0	0	0	0	1	3	0	0	23	15	0	0	0	0	0	0	3	0	1	8	1	0	0	0	0	14	2	0	0	0	6	5	0	2	1	0	10	2	21	0	0	0	0	0	0	22	2	12	10	0	0	2	0	0	0	0	2	0	5	11	1	0	0	43	0	0	3	1	0	7	20	0	0	2	1	0	3
C1409	0	0	0	0	0	0	0	0	0	2	0	0	0	0	0	0	0	0	0	0	0	0	0	0	0	0	0	0	0	0	0	0	0	0	0	0	0	0	0	0	0	0	0	0	0	0	0	0	77	0	0	0	0	0	0	0	0	0	0	0	0	0	0	0	0	0	0	0	2	0	0	0	0	0	0	2	0	0
C1410	0	0	2	0	0	0	0	0	0	2	0	0	0	0	2	0	0	0	0	0	0	0	0	0	3	0	1	0	0	0	0	0	0	0	0	0	0	0	0	0	0	0	0	0	0	0	0	2	3	2	0	0	0	0	0	0	0	0	0	0	0	0	0	0	0	0	0	0	0	0	0	0	0	3	0	0	0	0
C1412	0	0	0	1	1	1	0	0	0	1	1	1	1	0	1	0	0	4	1	1	1	0	0	2	1	3	0	2	0	0	0	0	0	1	0	0	0	0	0	1	0	0	0	0	0	2	2	1	0	1	0	0	0	1	0	0	1	0	0	0	0	0	0	2	1	0	1	1	0	1	0	0	0	0	0	0	0	1
C1414	0	0	0	0	0	8	0	0	0	0	0	1	0	0	0	0	0	0	0	0	0	0	0	0	0	0	0	0	0	0	0	0	0	0	0	0	0	0	0	0	0	3	0	0	0	0	0	0	0	0	0	0	0	0	0	0	0	0	0	0	0	0	0	0	3	0	0	0	0	0	0	0	0	0	0	0	0	0
C1416	0	0	0	0	0	0	0	0	0	11	0	0	0	0	0	0	0	0	0	0	0	0	0	0	0	0	0	0	0	0	0	0	0	0	0	1	0	0	0	0	0	0	0	0	0	0	0	0	2	0	0	0	0	0	0	0	0	0	0	0	1	0	0	0	4	0	0	0	0	0	18	0	0	0	0	0	0	4
C1417	0	0	0	0	0	0	0	4	0	0	0	0	0	0	0	0	0	0	0	0	0	0	1	0	0	0	0	0	0	0	0	0	3	0	1	0	0	0	0	0	0	0	0	0	0	0	0	0	0	1	0	0	0	0	4	3	0	0	0	1	0	0	0	0	0	0	0	0	2	0	0	2	0	0	0	0	0	0
C1420	5	6	1	0	0	0	0	0	0	0	0	0	0	0	0	1	0	0	0	0	0	0	0	0	0	0	0	0	0	0	0	0	0	0	0	0	0	0	0	0	0	0	0	0	0	0	0	0	0	0	0	2	0	0	0	0	0	0	0	0	0	0	0	0	0	1	0	0	0	0	0	0	0	0	0	0	0	0
C1422	0	33	1	0	1	0	0	0	0	11	0	0	0	0	0	0	1	0	0	0	3	0	0	0	0	0	4	0	0	0	0	0	1	0	0	0	0	0	0	2	0	0	0	0	0	0	0	0	8	0	0	0	0	0	0	0	0	0	0	0	7	0	0	0	298	0	0	0	0	0	0	0	0	0	0	0	0	0
C1426	0	0	0	0	0	0	0	0	22	0	0	0	0	0	0	14	0	0	0	0	0	0	0	0	0	0	0	0	0	0	0	0	0	0	0	0	0	0	0	0	0	0	0	0	0	0	0	0	0	0	0	0	0	0	0	0	0	0	0	0	0	0	0	0	0	14	0	0	0	0	0	0	0	0	0	0	0	0
C1427	0	0	0	0	0	0	0	0	17	0	0	0	0	0	0	0	0	0	0	0	0	0	0	0	0	0	0	0	0	0	0	0	0	0	0	0	0	0	0	0	0	0	0	0	0	0	0	0	0	0	0	0	0	0	0	0	0	0	0	0	0	0	0	0	0	0	0	0	0	0	0	0	0	0	0	0	0	0
C1428	3	0	5	0	0	0	0	0	0	0	0	0	0	0	0	6	0	0	0	0	0	0	0	0	0	0	0	0	0	0	0	0	0	0	0	0	0	0	0	0	3	0	0	0	0	0	0	0	0	0	0	3	0	0	0	0	0	0	0	0	0	0	0	0	0	2	0	0	0	0	0	0	0	0	0	0	0	0
C1430	0	0	0	0	2	0	10	0	0	31	1	0	1	0	3	0	0	0	0	4	3	0	19	0	2	6	1	2	0	0	0	15	10	4	67	0	1	16	3	3	0	4	1	21	32	0	33	0	12	0	0	0	0	2	3	21	0	0	47	14	16	23	1	0	43	0	0	2	0	83	17	0	0	0	0	136	0	0
C1432	1	19	3	0	0	0	0	0	14	0	0	0	0	0	0	0	0	0	0	0	0	0	0	0	0	0	0	0	0	0	0	0	0	0	0	0	0	0	0	0	0	0	0	0	0	0	0	0	0	0	0	1	0	0	0	0	0	0	0	0	0	0	0	0	0	17	0	0	0	0	0	0	0	0	0	0	0	0
C1433	0	0	0	0	2	0	2	1	0	0	3	0	2	0	2	0	0	3	0	1	3	5	0	0	1	5	0	1	0	0	0	0	2	1	0	0	0	0	2	0	0	0	0	3	0	1	1	1	0	2	0	0	0	2	1	0	0	3	1	2	0	1	1	0	1	0	0	0	0	1	0	0	0	0	1	0	0	0
C1435	0	0	221	0	0	0	0	0	0	0	0	0	0	0	0	1	0	0	0	0	0	0	0	0	0	0	0	0	0	0	0	0	0	0	0	0	0	0	0	0	2	1	0	0	0	0	0	0	1	0	0	1	0	0	0	0	0	0	0	0	2	0	0	0	1	7	0	0	0	0	0	0	0	0	0	0	0	0
C1436	0	0	0	0	0	0	0	0	0	14	0	0	0	0	0	0	0	0	0	0	0	0	0	0	0	0	0	0	0	0	0	0	0	0	0	0	0	0	0	0	0	0	0	0	0	0	0	0	0	0	0	0	0	0	0	0	0	0	0	0	0	0	0	0	0	0	0	0	0	0	0	0	0	0	0	0	0	0
C1441	0	0	1	0	0	0	0	0	0	30	0	0	0	0	0	0	0	1	0	0	1	0	0	0	0	1	1	0	0	0	0	0	0	1	0	0	1	0	0	0	0	0	0	0	0	0	4	0	2	0	0	0	0	0	0	0	0	0	0	1	6	0	0	0	5	0	1	0	0	0	1	0	0	0	0	9	0	0
C1442	0	0	0	0	0	0	0	0	4	0	0	0	0	0	0	0	0	0	0	0	0	0	0	0	0	0	0	0	0	0	0	0	0	0	0	0	0	0	0	0	0	0	0	0	0	0	0	0	0	0	0	3	0	0	0	0	0	0	0	0	0	0	0	0	0	0	0	0	0	0	0	0	0	17	0	0	0	0
C1445	0	0	0	0	1	0	0	0	0	11	0	0	0	0	0	0	0	0	0	0	1	0	0	0	1	0	0	0	0	0	0	1	0	0	0	0	0	2	0	35	0	0	0	0	0	0	9	0	4	1	0	0	0	0	0	0	0	0	0	0	68	0	0	0	24	0	0	5	3	0	0	0	0	0	0	0	0	0
C1446	0	0	0	2	2	0	0	0	0	0	1	0	1	0	0	0	0	1	0	0	1	0	0	0	0	0	0	0	0	0	0	0	0	0	1	0	2	0	0	0	0	0	0	0	1	0	0	0	0	1	0	0	0	3	1	0	0	0	1	0	1	0	0	1	1	0	0	0	0	0	0	0	0	0	0	0	0	0
C1451	0	0	0	2	0	0	0	0	2	2	4	0	0	0	3	0	2	39	0	0	0	0	0	0	0	0	0	0	0	1	0	1	0	4	0	0	34	2	0	0	0	2	0	6	0	0	12	0	0	0	0	0	0	10	0	0	0	4	0	0	0	0	2	2	82	0	0	0	0	0	0	0	4	0	6	13	0	0
C1453	0	0	0	9	1	0	6	0	0	40	1	0	0	0	0	0	0	1	0	0	1	0	0	0	0	3	3	0	0	0	0	2	1	0	0	0	0	43	3	19	0	0	0	0	0	0	29	0	13	0	0	0	0	0	3	0	0	0	25	4	12	0	0	0	36	0	0	5	0	0	0	1	0	0	2	6	0	0
C1455	0	0	0	0	0	0	0	0	0	2	0	0	0	0	0	0	0	0	0	2	0	0	0	0	0	0	1	0	0	0	0	8	0	0	0	0	0	2	0	22	0	0	0	0	19	0	89	0	14	0	0	0	0	0	0	0	0	0	8	2	15	0	0	0	5	0	0	14	0	0	0	0	0	0	0	0	0	0
C1458	0	0	0	0	0	20	3	0	0	0	1	1	0	0	0	0	2	0	0	0	0	0	1	0	0	0	0	0	0	1	0	0	0	0	0	0	0	4	0	0	0	32	0	0	0	0	1	0	0	0	28	0	0	0	0	0	0	0	0	1	0	0	1	0	0	0	0	0	0	0	18	0	0	0	0	0	10	0
C1459	40	14	53	0	4	4	3	0	10164	0	0	0	0	120	0	17734	0	0	0	0	0	0	0	0	0	0	0	0	9	37	33	0	0	0	0	26	0	0	2	0	8595	11	0	0	0	0	0	0	2	0	7	330	0	0	0	0	0	0	0	0	0	0	2	0	0	1475	0	0	0	0	4	0	0	19353	0	0	12	0
C1460	0	0	0	1	0	0	1	0	0	0	0	0	1	0	1	0	0	0	0	0	0	4	0	0	0	1	0	0	0	0	0	2	0	1	0	0	1	1	0	0	0	0	0	0	1	0	0	0	0	1	0	0	0	0	0	0	0	2	0	1	0	2	1	0	1	0	0	0	1	0	0	1	0	0	0	1	0	0
C1461	0	0	0	1	16	0	0	0	0	0	1	0	1	0	1	0	0	5	0	5	3	0	3	0	3	0	0	0	0	0	0	1	1	0	0	0	2	3	0	1	0	0	0	1	1	1	0	0	36	0	0	0	0	2	0	0	0	1	0	1	1	2	0	0	0	0	1	0	0	0	0	1	0	0	1	0	0	0
C1463	0	0	0	0	0	1	3	2	0	2	1	0	0	0	2	0	4	0	0	4	0	0	3	0	0	0	0	0	3	0	0	0	0	0	0	0	0	1	0	0	0	0	0	2	0	0	0	0	0	0	4	0	0	2	1	0	0	1	1	2	0	3	2	0	2	0	0	0	0	1	0	0	1	0	0	0	0	1
C1464	0	0	0	1	1	0	0	2	0	0	1	0	0	0	0	0	0	0	0	0	2	1	0	0	0	0	0	1	0	0	0	0	0	0	0	0	0	0	0	2	0	0	0	0	0	0	0	0	0	0	0	0	0	0	0	1	0	0	2	0	0	0	0	1	0	0	0	0	0	2	0	0	0	0	1	1	0	0
C1465	0	0	0	0	1	0	3	0	0	0	2	0	2	0	1	0	0	1	0	0	0	0	0	0	0	1	0	1	0	0	0	0	0	0	0	0	0	0	0	1	0	0	0	0	1	0	0	0	2	4	0	0	0	0	0	0	0	0	1	0	0	0	1	1	1	0	0	1	1	0	0	1	0	0	0	1	0	0
C1466	0	0	0	3	7	0	2	2	0	2	3	0	1	0	1	0	0	1	0	1	2	2	1	0	0	2	0	1	0	0	0	2	1	0	0	0	8	3	3	0	0	0	0	6	1	1	1	0	1	0	1	0	0	1	0	1	1	0	2	1	2	0	8	2	1	0	1	0	1	0	1	2	0	0	0	1	2	0
C1467	0	0	0	0	0	0	2	0	0	13	0	0	2	0	0	0	0	0	0	0	17	0	0	0	0	0	0	0	0	0	0	0	0	0	0	0	0	0	0	3	0	0	0	0	0	0	3	0	0	0	0	0	0	0	0	0	0	0	0	2	78	0	0	0	125	0	0	0	0	0	0	0	0	0	8	2	0	0
C1469	0	0	0	0	2	0	6	1	0	0	1	0	0	0	0	0	0	1	0	0	0	0	0	0	0	1	0	0	0	0	0	0	0	0	0	0	0	1	0	0	0	0	0	1	0	0	1	0	0	0	0	0	0	1	0	8	0	0	3	1	0	2	0	0	1	0	0	0	0	0	0	0	0	0	0	0	0	0
C1474	0	0	1	19	1	0	4	0	0	44	4	0	1	0	0	0	0	1	0	0	2	0	0	0	0	4	3	6	0	0	0	3	2	0	0	0	0	62	3	24	0	24	0	0	0	0	37	0	21	2	0	0	6	0	3	0	0	0	27	5	14	0	0	0	36	0	0	8	2	0	0	0	0	0	2	3	0	0
C1475	0	0	0	3	2	0	1	0	0	9	0	0	0	0	0	0	0	0	0	0	0	1	0	0	0	0	1	0	0	0	0	1	1	0	0	0	1	1	0	1	0	0	0	0	0	0	2	0	9	1	0	0	0	0	3	0	0	0	3	0	11	0	0	0	3	0	0	3	1	0	0	0	0	0	0	1	0	0
C1478	5	8	2	0	0	0	0	1	0	0	1	0	0	0	0	1	0	0	0	0	0	0	0	0	0	0	0	0	0	0	0	0	0	0	0	0	0	0	0	0	0	0	0	0	0	0	0	0	0	0	0	1	0	0	0	0	0	0	0	0	0	0	0	1	0	1	0	0	0	0	0	0	0	0	0	0	0	0
C1482	0	0	0	0	1	0	3	0	0	0	0	1	0	0	1	0	0	0	0	0	0	0	0	2	0	0	0	1	0	0	0	1	0	1	1	0	0	0	1	0	0	0	0	1	0	0	0	0	0	0	0	0	0	1	0	0	1	0	0	0	3	1	0	1	0	0	0	0	1	0	0	0	0	0	1	0	0	1
C1484	0	0	0	4	0	0	1	0	0	0	4	0	0	0	1	0	0	2	0	1	2	0	0	0	2	0	0	1	0	0	1	0	1	3	0	0	1	2	0	1	0	0	0	4	0	6	3	0	6	2	1	0	1	1	0	0	0	0	0	0	1	1	0	0	1	0	4	0	0	1	0	0	0	0	1	0	0	0
C1485	3	5	4	0	0	0	0	0	0	0	0	0	0	1	1	1	1	0	0	0	0	1	0	0	0	0	0	0	0	0	0	0	0	0	0	0	0	0	0	0	0	0	0	0	0	0	0	0	0	0	0	1	0	0	1	0	0	0	0	0	1	0	0	0	0	3	0	0	0	0	0	0	0	1	0	0	0	0
C1486	0	0	0	1	0	0	41	16	0	0	0	0	12	0	0	0	0	0	0	0	0	0	0	0	0	4	1	0	0	1	0	19	0	0	16	0	0	2	0	4	0	0	23	134	0	0	10	0	0	0	0	0	0	1	1	8	0	0	3	0	0	45	0	0	0	0	0	0	0	0	0	0	0	0	0	0	0	0
C1488	0	0	0	0	0	0	0	2	0	0	0	0	0	0	0	0	0	0	0	0	0	0	1	0	0	0	0	1	0	0	0	0	1	1	1	0	0	0	0	2	0	0	0	0	0	0	0	0	1	0	0	0	0	1	0	0	0	0	0	0	0	0	0	0	0	0	0	0	0	0	0	2	0	0	0	0	0	0
C1490	0	0	0	0	0	0	0	8	0	0	1	0	1	0	0	0	0	0	0	0	1	0	0	0	0	0	0	0	0	0	0	1	0	0	5	0	0	2	0	0	0	0	0	0	0	0	0	0	0	0	0	0	0	0	0	3	0	0	2	3	0	3	0	0	0	0	0	0	0	0	0	0	0	0	0	0	0	0
C1491	0	0	0	1	1	0	0	0	0	1	0	0	0	0	0	0	0	0	0	0	0	0	0	0	0	0	0	0	0	0	0	0	0	1	0	0	2	0	0	1	0	0	0	0	0	0	0	0	0	0	0	0	0	0	0	5	0	0	2	1	1	1	1	0	0	0	0	0	1	0	0	0	0	0	0	0	0	0
C1493	5	9	6	0	0	0	0	0	0	0	0	0	0	2	0	0	0	0	0	0	0	0	0	0	0	0	0	0	0	0	0	0	0	0	0	0	0	0	0	0	0	0	0	0	0	0	0	0	0	0	0	0	0	0	0	0	0	0	0	0	0	0	0	0	0	1	0	0	0	0	0	0	0	0	0	0	0	0
C1496	0	0	0	0	4	0	0	1	0	1	1	0	2	0	1	0	0	0	0	0	1	1	0	0	1	1	0	0	0	0	0	1	2	0	0	0	4	1	4	3	0	0	0	0	0	1	2	0	0	0	0	0	0	3	0	2	0	0	0	0	1	0	3	6	0	0	0	0	0	2	0	0	0	0	1	0	0	0
C1499	0	0	0	1	0	0	3	1	0	1	0	0	1	0	0	0	0	0	0	0	0	0	0	0	0	1	0	0	0	0	0	1	0	1	0	0	0	0	0	0	0	0	0	2	1	0	0	0	0	1	0	0	0	0	0	0	0	0	3	1	0	1	2	0	0	0	0	0	2	0	0	0	0	0	1	0	0	0
C1500	0	0	0	0	0	0	0	0	0	9	18	0	0	0	0	0	0	0	0	0	2	0	0	0	0	0	6	0	0	0	0	0	0	0	0	0	0	2	0	4	0	0	0	0	0	0	6	0	12	0	0	0	0	0	0	0	0	0	0	2	10	0	0	0	10	0	0	1	11	0	0	0	0	0	1	0	0	0
C1502	0	0	0	0	0	0	45	3	0	0	1	0	0	0	0	0	0	0	0	0	1	0	0	0	0	0	0	0	0	0	1	0	0	0	4	0	1	8	0	1	0	0	0	3	1	0	1	0	1	0	0	0	0	0	2	22	0	0	0	9	1	1	0	0	1	0	0	46	1	5	0	0	0	0	0	7	0	0
C1503	0	0	0	0	0	0	18	0	0	0	0	0	0	0	0	0	0	0	0	0	0	0	0	0	0	0	0	0	0	0	0	0	0	0	0	0	1	0	0	0	0	0	0	0	2	0	2	0	0	0	0	0	0	0	0	9	0	0	1	1	0	0	0	0	1	0	0	28	0	0	0	0	0	0	0	2	0	0
C1506	0	2	0	0	0	0	0	0	0	7	0	0	1	0	0	0	1	2	2	0	92	0	3	1	0	3	5	0	0	0	0	0	0	2	1	0	0	27	0	14	0	0	0	0	0	2	10	10	54	0	0	12	6	0	0	1	0	0	7	0	69	3	1	0	109	0	0	19	4	11	0	1	2	4	0	1	0	2
C1507	0	0	0	0	0	0	2	1	0	0	0	0	1	0	1	0	0	1	0	0	0	0	1	0	1	2	1	0	0	0	0	0	0	0	1	0	1	0	0	0	0	0	0	0	1	0	0	0	1	0	0	0	0	0	0	1	0	0	0	0	0	0	0	0	2	0	0	0	0	0	0	0	0	0	0	1	0	0
C1509	0	0	0	0	0	0	0	0	0	8	0	0	0	0	0	0	0	0	0	0	0	0	0	0	0	1	0	1	0	0	0	0	0	0	0	0	0	0	0	3	0	0	0	0	0	0	0	0	0	0	0	0	0	0	0	0	0	0	0	0	0	0	0	0	1	0	0	0	0	0	0	0	0	0	0	1	0	0
C1510	0	0	0	0	0	0	0	2	0	0	0	0	0	0	0	0	0	0	0	0	67	0	0	0	0	0	1	0	0	0	0	0	2	0	3	0	0	0	2	1	0	5	0	0	0	0	0	0	7	0	0	0	0	0	0	0	0	0	0	0	2	2	0	0	27	0	0	10	0	0	0	0	0	0	4	0	1	0
C1511	0	0	0	0	0	0	0	3	0	0	0	0	0	0	0	0	0	4	0	1	0	0	0	0	1	0	1	0	0	0	0	0	0	0	0	0	0	0	0	0	0	0	0	0	0	0	0	0	0	0	0	0	0	0	0	0	0	0	0	0	0	0	0	5	0	0	0	0	0	0	0	0	0	0	1	0	0	0
C1512	0	0	0	6	146	0	1	266	0	49	14	0	6	0	12	0	0	21	0	18	12	7	27	0	18	21	4	21	0	0	0	15	4	1	1	0	9	12	14	16	0	1	0	25	3	21	3	0	25	8	0	0	0	14	5	566	0	10	287	8	15	13	14	42	3	0	34	3	9	22	0	15	0	0	2	19	0	0
C1514	0	2	10	0	0	0	0	0	0	12	0	0	4	0	0	0	0	0	0	0	2	0	0	0	0	0	0	0	0	0	0	0	4	0	0	0	0	0	0	0	0	0	0	0	0	0	1	0	0	2	0	0	0	0	0	0	0	0	0	0	14	0	0	0	29	0	0	2	12	0	0	0	0	0	0	0	0	0
C1518	4	0	2	0	0	0	0	0	1	0	0	0	0	0	0	0	0	0	0	0	0	0	0	0	0	0	0	0	0	0	0	0	0	0	0	0	0	0	0	0	3	0	0	0	0	0	0	0	0	0	0	1	0	0	0	0	0	0	0	0	0	0	0	0	0	2	0	0	0	0	0	0	0	0	0	0	0	0
C1519	0	0	0	0	0	0	0	5	0	0	4	0	0	0	0	0	0	0	0	0	0	0	0	0	1	1	0	3	0	0	0	1	0	0	2	0	0	0	0	0	0	0	0	0	0	0	0	0	0	0	0	0	0	2	0	1	0	0	0	0	3	2	0	4	0	0	0	0	4	0	0	0	0	0	1	2	0	0
C1520	0	0	0	0	0	0	0	0	0	2	0	0	0	0	0	0	0	0	0	0	0	0	0	0	0	0	6	0	0	0	0	0	0	0	0	0	0	0	0	0	0	0	0	0	0	0	0	0	0	0	0	0	0	0	0	0	0	0	0	0	4	0	0	0	0	0	0	2	0	0	0	0	0	0	0	0	0	0
C1522	0	0	0	0	0	0	0	0	0	3	0	0	0	0	0	0	0	0	0	0	0	0	0	0	0	0	0	0	0	0	0	1	0	2	0	0	0	0	0	0	0	0	0	0	0	0	0	0	0	0	0	0	0	0	0	0	0	0	0	0	4	0	0	0	3	0	0	0	0	0	0	0	0	0	0	0	0	0
C1523	0	0	0	0	1	0	1	0	0	0	0	0	0	0	0	0	1	0	9	0	9	1	1	1	0	0	0	0	0	0	0	0	0	0	0	0	2	0	1	0	0	1	0	0	0	0	0	1	1	0	0	0	0	0	0	0	0	0	0	0	0	0	0	0	0	0	2	0	0	2	0	0	0	0	1	0	0	0
C1526	0	0	0	2	1	0	2	2	0	1	0	0	6	0	0	0	0	1	1	0	1	1	1	0	1	0	0	1	0	0	0	1	1	1	3	0	3	2	1	0	0	0	0	0	0	0	1	0	1	1	0	0	0	0	1	0	0	0	0	3	2	1	1	0	2	0	0	0	0	0	0	2	1	0	1	0	0	0
C1531	0	0	0	0	0	0	0	3	0	0	0	0	0	0	0	0	0	0	0	0	0	0	0	0	0	0	0	0	0	0	0	4	0	0	2	0	0	2	0	0	0	0	0	0	0	0	0	0	0	0	0	0	0	0	0	2	0	0	0	1	0	0	0	0	0	0	0	0	0	0	0	0	0	0	0	0	0	0
C1532	0	0	1	0	0	0	1	0	0	0	1	0	0	0	0	0	0	0	0	0	5	0	1	0	0	0	0	0	0	0	0	1	0	0	0	0	3	0	0	0	0	0	0	0	0	0	1	0	4	0	0	0	0	0	0	0	0	0	0	2	3	2	0	0	10	0	0	0	0	0	0	0	0	0	0	0	0	0
C1533	0	0	0	0	4	0	1	1	0	0	2	0	0	0	0	0	0	7	0	0	1	0	1	0	3	0	0	0	0	0	0	0	0	0	0	0	1	0	0	0	0	0	0	2	1	0	0	0	2	1	0	0	0	0	0	0	0	2	1	2	0	0	1	0	0	0	0	0	0	1	0	0	0	0	0	0	0	0
C1534	0	0	2	0	0	0	0	0	0	2	0	0	0	0	0	0	0	0	0	2	0	0	0	0	0	0	0	0	0	0	0	0	0	0	0	0	0	2	0	0	0	0	0	0	0	0	0	0	0	0	0	0	0	0	0	0	0	0	0	0	0	0	0	0	15	0	0	0	0	0	0	0	0	0	0	2	0	0
C1535	0	0	0	0	0	0	38	0	0	1	0	0	0	0	0	0	0	0	0	0	0	0	0	0	0	0	0	0	0	0	0	0	0	0	0	0	0	0	0	2	0	0	0	0	0	0	0	0	0	0	0	0	0	0	0	17	0	0	0	0	0	0	0	0	0	0	0	35	0	0	0	0	0	0	0	4	0	0
C1536	0	0	0	0	0	0	1	15	0	0	0	0	5	0	0	0	0	0	0	0	0	0	0	0	0	0	0	0	0	0	0	0	0	0	12	0	0	1	0	0	0	0	0	0	0	0	1	0	0	0	0	0	0	0	1	4	0	0	0	1	0	10	0	0	0	0	0	0	1	0	0	0	0	0	0	1	0	0
C1538	0	0	0	0	0	0	0	0	0	7	0	0	0	0	0	0	0	0	0	0	0	0	0	2	0	0	0	0	0	0	0	0	0	0	0	0	0	0	0	0	0	0	0	0	0	0	0	0	0	0	0	0	0	0	0	0	14	0	0	0	0	0	0	0	0	0	0	0	0	0	2	13	0	0	0	2	0	0
C1539	0	0	0	2	0	0	0	0	0	1	0	0	0	0	0	0	0	0	0	0	0	0	0	0	0	0	0	0	0	0	1	0	1	0	0	0	3	0	1	4	0	0	0	0	0	0	0	1	0	0	5	0	0	1	0	0	1	0	0	0	0	1	0	0	0	0	0	0	0	1	0	0	0	0	0	0	1	0
C1541	0	0	0	0	0	0	0	1	0	0	2	0	0	0	0	0	0	0	0	0	0	0	0	0	0	1	0	0	0	0	0	2	0	0	1	0	0	0	0	0	0	0	0	0	0	0	2	0	0	0	0	0	0	0	0	0	0	0	0	0	0	0	0	1	0	0	0	1	2	0	0	2	0	0	1	0	0	1
C1542	0	0	0	0	0	0	1	0	0	0	1	0	1	0	0	0	0	1	0	1	1	1	0	0	1	1	1	0	0	0	0	0	0	0	0	0	0	0	2	0	0	0	0	2	0	1	0	0	0	0	0	0	0	1	0	0	0	0	1	1	0	0	0	0	0	0	0	0	0	0	0	0	0	0	2	0	0	0
C1544	2	7	0	0	0	0	0	0	0	0	0	0	0	0	0	1	0	0	0	0	0	0	0	0	0	0	0	0	0	0	0	0	0	0	0	0	0	0	0	0	0	0	0	0	0	0	0	0	0	0	0	2	0	0	0	0	0	0	0	0	0	0	0	0	0	1	0	0	0	0	0	0	0	0	0	0	0	0
C1546	0	0	0	2	2	0	1	1	0	0	0	0	2	0	0	0	0	1	1	0	0	0	0	0	0	1	2	0	0	0	0	2	0	1	0	0	0	1	2	0	0	0	0	0	1	0	0	0	0	0	0	0	0	2	1	1	0	1	2	2	1	0	0	0	0	0	0	1	1	0	0	2	0	0	1	1	0	0
C1548	0	1	0	8	0	0	16	59	0	0	4	0	7	0	0	0	1	2	0	1	2	0	16	0	0	10	2	0	0	0	0	41	0	2	68	0	0	49	0	0	0	0	12	21	26	0	6	0	0	0	1	0	0	0	37	27	0	0	23	72	2	30	2	0	1	0	0	2	0	0	0	0	2	0	0	10	0	2
C1552	0	0	0	0	1	0	0	0	0	6	0	0	0	0	0	0	0	0	0	0	0	0	0	0	0	0	0	0	0	0	0	0	0	0	0	0	0	0	0	0	0	0	0	0	0	0	13	0	0	0	0	0	0	0	0	0	0	0	0	0	1	0	1	0	0	0	0	0	0	0	0	0	0	0	0	0	0	0
C1553	0	0	0	0	0	0	1	30	0	0	1	0	3	0	0	0	0	0	0	0	0	0	1	0	0	1	0	0	0	0	0	13	0	0	36	0	0	3	0	1	0	0	2	6	0	0	0	0	0	0	0	0	0	0	1	12	0	0	0	4	0	7	0	0	0	0	0	2	0	0	0	0	0	0	0	3	0	0
C1554	0	0	0	0	0	0	2	0	0	2	2	0	0	0	0	0	0	0	0	0	0	0	0	0	0	0	0	0	0	0	0	0	0	0	0	0	0	0	0	2	0	0	0	0	0	0	0	0	0	0	0	0	0	1	0	0	0	0	1	0	0	0	0	0	1	0	1	0	0	0	0	0	0	0	2	0	0	0
C1556	0	0	0	0	3	0	4	0	0	0	1	0	1	0	1	0	0	3	0	2	1	0	2	0	0	0	0	0	0	0	0	0	1	0	1	0	3	2	1	3	0	1	0	1	1	3	0	0	9	6	0	0	0	0	0	0	0	0	0	1	0	0	3	0	0	0	4	0	0	1	1	0	0	0	1	0	0	0
C1559	0	0	0	1	3	0	0	0	0	1	0	0	0	0	0	0	0	0	0	0	0	0	0	0	0	0	0	0	0	0	0	0	1	0	0	0	0	1	1	0	0	0	0	0	0	0	0	0	0	0	0	0	0	0	0	0	0	0	1	0	0	1	2	1	0	0	1	0	1	0	0	1	0	0	0	2	0	0
C1563	0	0	0	0	0	0	0	28	0	1	2	0	0	0	0	0	0	1	0	0	0	0	0	0	0	0	0	0	0	1	0	3	0	0	3	0	0	2	0	0	0	0	0	0	0	0	1	0	0	0	0	0	0	1	0	15	0	0	4	4	0	8	0	0	1	0	0	0	0	0	0	0	0	0	0	1	0	0
C1565	0	0	0	1	0	0	0	1	0	1	1	0	4	0	0	0	0	0	0	0	1	1	0	0	1	1	1	0	0	0	0	0	0	0	0	0	3	0	1	1	0	0	0	1	3	0	0	0	0	2	0	0	0	0	0	0	0	0	0	0	1	2	1	0	0	0	0	0	0	0	0	0	0	0	0	3	0	0
C1566	0	1	0	0	0	0	0	0	0	4	2	0	0	0	0	0	0	0	0	0	6	0	2	0	0	0	0	0	0	0	0	0	0	0	1	0	0	9	0	0	0	0	0	0	0	0	0	0	13	0	0	0	0	0	0	2	0	0	0	1	3	0	0	0	83	0	0	0	0	0	0	0	0	0	0	0	0	0
C1567	0	0	0	0	0	0	0	2	0	0	0	0	0	0	3	0	0	0	0	2	0	0	3	1	0	6	3	9	0	0	0	0	1	0	14	0	0	0	0	4	0	0	0	0	2	0	3	0	2	0	0	6	0	1	0	0	0	3	16	0	7	0	0	0	0	0	0	0	1	2	0	3	0	0	0	4	0	0
C1568	0	0	0	0	4	0	1	0	0	0	2	0	3	0	3	0	0	0	0	1	0	2	0	0	1	0	0	1	0	0	0	2	1	0	0	0	4	1	2	4	0	0	0	0	2	1	2	1	1	2	1	0	0	2	0	0	0	2	1	1	3	2	1	2	0	0	1	0	0	5	0	0	0	0	0	1	0	0
C1569	0	0	0	0	3	0	5	0	0	1	2	0	0	0	1	0	0	2	0	0	1	0	3	0	1	0	0	1	0	0	1	0	0	0	0	0	0	3	0	3	0	0	0	4	0	5	1	3	3	3	0	0	0	3	0	1	0	0	0	1	2	0	0	0	0	0	5	0	1	0	0	0	0	0	2	0	0	0
C1570	0	0	0	0	0	1	1	0	0	0	0	0	0	0	0	0	0	1	0	2	0	0	0	0	0	1	0	0	0	0	0	0	0	0	0	0	1	2	0	1	0	1	0	1	0	0	0	0	2	1	1	0	0	0	0	0	0	0	2	0	1	0	2	0	0	0	2	0	0	0	0	0	0	0	0	0	0	0
C1574	0	0	0	0	0	0	0	1	0	1	1	0	0	0	1	0	0	1	0	0	0	1	0	0	1	0	0	0	0	0	0	0	0	0	1	0	0	0	0	0	0	0	0	1	0	0	0	0	0	0	0	0	0	0	2	0	0	0	1	1	0	0	0	0	0	0	0	1	2	0	0	0	0	0	0	0	0	0
C1576	0	0	0	0	0	0	0	0	0	2	0	0	0	0	0	0	0	0	0	0	0	0	0	0	0	0	0	0	0	0	0	0	0	0	0	0	0	0	0	0	0	0	0	0	0	0	0	0	4	0	0	0	0	0	0	0	0	0	4	0	0	0	0	0	4	0	0	0	0	0	0	0	0	0	0	0	0	0
C1577	0	0	0	0	6	0	0	0	0	0	0	0	1	0	1	0	0	0	0	0	1	0	0	0	0	2	0	0	0	0	0	0	1	0	0	0	0	0	0	0	0	0	0	1	0	0	0	0	0	0	0	0	0	2	0	0	0	0	0	2	0	1	1	0	1	0	2	0	0	0	0	0	0	0	0	0	0	0
C1578	0	0	0	0	0	0	8	1	0	0	0	0	0	0	0	0	0	0	0	0	0	0	0	0	0	0	0	0	0	0	0	1	0	1	1	0	0	1	0	0	0	0	0	1	1	0	0	0	1	0	0	0	0	0	0	3	0	0	1	1	0	0	0	0	0	0	0	6	0	0	1	0	0	0	0	0	0	0
C1579	3	0	0	0	0	0	0	0	2	4	0	0	0	0	0	3	0	0	0	0	0	0	0	0	0	0	0	0	0	0	0	0	0	0	0	0	0	0	0	0	0	0	0	0	0	0	0	0	1	0	0	0	0	0	0	0	0	0	0	0	0	0	0	0	0	0	0	0	0	0	0	0	0	0	0	0	0	0
C1580	0	0	0	0	0	0	1	2	0	0	0	0	0	0	0	0	0	0	0	0	0	0	0	0	0	0	0	0	1	0	0	0	1	0	0	0	0	0	0	0	0	0	0	0	2	1	0	0	0	0	0	0	0	0	0	0	3	0	0	0	0	0	0	0	0	0	0	0	0	0	0	0	0	0	0	0	0	6
C1582	0	0	0	2	4	0	1	2	0	0	0	0	6	0	10	0	0	3	0	1	1	1	0	0	1	3	0	4	0	0	0	1	1	0	1	0	4	1	0	8	0	0	0	2	1	3	0	1	0	1	0	0	0	5	4	1	0	2	0	0	2	0	8	22	1	0	8	0	3	1	0	0	0	0	1	3	0	0
C1583	0	0	0	0	0	0	0	0	0	2	0	0	0	0	0	0	0	0	0	0	0	0	0	0	0	0	0	0	0	0	0	0	0	0	0	0	0	0	0	20	0	0	0	0	0	0	0	0	0	0	0	0	0	0	0	0	0	0	0	0	0	0	0	0	0	0	0	0	0	0	0	0	0	0	0	0	0	0
C1587	0	0	0	1	1	0	0	0	0	1	0	0	1	0	0	0	0	1	0	0	0	0	0	0	0	0	1	0	0	0	0	2	0	0	0	0	0	0	0	0	0	0	0	1	1	0	0	0	0	0	0	0	0	0	0	0	0	0	0	1	0	0	0	0	1	0	0	0	0	0	0	0	0	0	0	1	0	0
C1589	0	0	12	0	0	0	0	0	0	0	0	0	0	1	0	2	0	0	0	0	0	0	0	0	0	0	0	0	0	0	0	0	0	0	0	0	0	0	0	0	9	0	0	0	0	0	0	0	0	0	0	0	0	0	0	0	0	0	0	0	0	0	0	0	0	1	0	0	0	0	0	0	0	0	0	0	0	0
C1591	7	16	6	0	0	0	0	0	0	0	0	0	0	0	0	1	0	0	0	0	0	0	0	0	0	0	0	0	0	0	0	0	0	0	0	0	0	0	0	0	0	0	0	0	0	0	0	0	0	0	0	1	0	0	0	0	0	0	0	0	0	0	0	0	0	1	0	0	0	0	0	0	0	0	0	0	0	0
C1592	0	0	0	0	1	0	0	1	0	0	2	0	0	0	0	0	0	0	0	0	0	2	0	0	0	0	0	3	0	0	0	2	1	0	1	0	0	1	0	0	0	0	0	0	0	1	0	0	1	0	0	0	0	0	0	1	0	1	0	0	0	0	0	0	1	0	1	1	2	0	0	0	2	0	0	0	0	0
C1594	0	0	0	0	0	0	1	1	0	3	0	0	0	0	0	0	0	0	0	0	0	0	1	0	0	1	1	0	0	0	0	0	1	0	0	0	0	1	2	1	0	0	0	1	0	0	0	0	0	0	0	0	0	0	0	0	0	0	0	1	1	0	1	0	0	0	0	0	1	0	0	0	0	0	1	0	0	0
C1596	0	0	0	1	3	0	0	7	0	2	1	0	0	0	0	0	0	0	0	0	0	0	1	0	1	0	0	0	0	0	1	0	1	0	0	0	0	1	0	0	0	0	0	1	0	0	0	0	0	0	0	0	0	0	0	6	0	0	4	0	0	0	0	0	1	0	2	0	0	0	0	0	0	0	0	0	0	0
C1598	0	1	0	1	0	0	0	0	0	0	0	0	0	0	1	0	0	1	0	0	0	1	1	0	2	3	1	3	0	0	0	1	1	2	0	0	1	0	0	1	0	0	0	1	3	0	0	1	0	2	0	0	0	0	0	0	0	1	1	1	2	0	1	0	0	0	1	0	0	0	0	1	0	0	0	1	0	0
C1601	0	0	0	0	2	0	0	1	0	1	0	0	0	0	1	0	0	0	0	0	0	1	0	0	0	2	0	3	0	0	0	1	0	0	0	0	0	0	1	1	0	0	0	0	0	1	0	0	0	0	0	0	0	1	0	4	0	0	2	1	0	0	0	2	0	0	0	0	0	0	0	0	0	0	0	1	0	0
C1604	0	0	0	0	0	0	0	0	0	2	0	0	0	0	0	0	0	0	0	0	0	0	0	0	0	0	0	0	0	0	0	0	0	0	0	0	0	0	0	0	0	0	0	0	0	0	4	0	0	0	0	0	0	0	0	0	0	0	1	0	1	0	0	0	18	0	0	0	0	0	0	0	0	0	0	0	0	0
C1606	0	0	0	3	1	0	2	1	0	2	1	0	3	0	0	0	0	3	2	0	1	1	0	1	2	2	0	2	0	0	0	1	2	1	1	0	1	1	0	3	0	0	0	0	1	0	0	0	0	1	0	0	0	1	1	0	1	0	3	0	1	0	1	0	0	0	2	2	1	0	0	2	0	0	0	1	0	0
C1609	0	0	0	3	40	0	12	0	0	1	2	0	1	0	7	0	0	28	0	25	24	0	8	0	26	6	3	1	0	0	1	3	12	7	0	0	8	5	1	2	0	0	0	2	9	2	1	1	166	1	0	0	0	11	0	1	0	2	5	12	3	6	0	0	1	0	6	0	1	2	0	2	0	0	1	4	0	0
C1615	0	0	0	0	0	0	5	0	0	0	0	0	0	0	0	0	0	0	0	0	0	0	0	0	0	0	0	0	0	0	0	0	0	0	0	0	0	0	0	0	0	3	0	0	0	0	0	0	2	0	0	0	2	0	0	0	0	0	0	0	1	0	0	0	0	0	0	0	0	0	0	0	0	0	0	0	0	0
C1616	0	0	0	0	7	0	0	5	0	0	0	0	1	0	2	0	0	0	0	2	1	1	1	0	1	2	0	1	0	0	0	0	0	0	0	0	0	0	1	0	0	0	0	0	0	1	0	0	0	0	0	0	0	0	0	15	0	2	10	0	0	0	1	1	0	0	0	0	1	1	0	0	0	0	0	2	0	0
C1617	1	3	3	0	0	0	0	0	0	0	0	0	0	0	0	0	0	0	0	0	0	0	0	0	0	0	0	0	0	0	0	0	0	0	0	0	0	0	0	0	0	0	0	0	0	0	0	0	0	0	0	3	0	0	0	0	0	0	0	0	0	0	0	0	0	3	0	0	0	0	0	0	0	0	0	0	0	0
C1618	1	0	10	0	0	0	0	0	0	0	0	0	0	0	0	3	0	0	0	0	0	0	0	0	0	0	0	0	0	0	0	0	0	0	0	0	0	0	0	0	3	0	0	0	0	0	0	0	0	0	0	2	0	0	0	0	0	0	0	0	0	0	0	0	0	3	0	0	0	0	0	0	0	0	0	0	0	0
C1619	0	0	0	0	1	0	0	1	0	0	4	0	0	0	0	0	0	0	0	0	3	7	0	0	0	0	0	3	0	0	0	0	0	1	1	0	1	1	0	2	0	0	0	5	0	1	1	0	0	1	0	0	0	0	0	1	0	0	0	3	1	0	0	0	2	0	3	0	1	0	0	0	0	0	0	0	0	0
C1621	0	0	0	0	0	0	0	0	0	17	0	0	0	0	0	0	0	0	0	1	0	1	0	0	0	0	0	0	0	0	0	0	0	0	0	0	0	0	0	0	0	0	0	0	0	0	0	0	0	0	0	0	0	0	0	0	0	0	0	0	0	0	0	0	4	0	0	0	0	0	0	0	0	0	0	3	0	0
C1623	0	0	0	0	0	0	1	8	0	0	0	0	0	0	0	0	0	0	0	0	0	0	0	0	0	2	0	0	0	0	0	1	0	0	2	0	0	0	0	0	0	0	0	11	0	0	1	0	0	0	0	0	0	0	0	3	0	0	0	0	0	0	0	0	1	0	0	0	0	0	0	0	0	0	0	0	0	0
C1625	0	0	1	0	0	0	1	0	0	4	1	0	0	0	0	0	0	0	0	0	0	0	0	0	0	0	2	0	0	0	0	0	0	0	0	0	0	0	0	0	0	0	0	0	0	0	11	0	1	0	0	0	3	0	0	0	0	0	0	0	1	0	0	0	0	0	0	0	0	0	0	0	0	0	0	1	0	0
C1631	0	0	0	8	3	0	0	2	0	0	1	0	1	0	2	0	0	3	0	1	0	1	0	0	0	2	0	2	0	1	0	2	4	0	0	0	14	0	8	0	0	0	0	0	0	1	0	1	0	0	0	0	0	1	1	0	0	1	3	2	4	0	1	0	3	0	0	0	0	2	0	1	0	0	0	0	0	0
C1633	0	0	0	0	0	0	0	0	0	0	2	0	0	0	0	0	0	0	0	0	0	1	0	0	0	0	0	0	0	0	0	1	0	2	0	0	0	0	0	1	0	0	0	2	0	0	0	0	0	0	0	0	0	0	0	0	0	1	0	1	0	0	0	0	0	0	1	0	1	0	0	0	0	0	0	0	0	0
C1634	0	0	0	0	2	0	2	3	0	1	1	0	4	0	1	0	0	0	0	0	2	1	0	0	0	5	4	3	0	0	0	1	2	1	1	0	0	2	2	1	0	0	1	1	1	0	0	0	0	3	0	0	0	0	0	3	0	0	1	6	0	1	0	2	0	0	1	0	1	0	0	3	0	0	1	1	0	1
C1636	3	5	3	0	0	0	0	0	0	0	0	0	0	2	0	0	0	0	0	0	0	0	0	0	0	0	0	0	0	0	0	0	0	0	0	0	0	0	0	0	0	0	0	0	0	0	0	0	0	0	0	0	0	0	0	0	0	0	0	0	0	0	0	0	0	0	0	0	0	0	0	0	0	0	0	0	0	0
C1637	0	0	0	4	2	0	3	5	0	1	3	0	3	0	7	0	0	3	0	2	1	2	3	0	4	1	0	3	0	0	0	0	3	0	1	0	3	0	1	8	0	0	0	6	2	2	2	0	1	1	0	0	0	7	2	2	0	5	4	1	6	3	1	1	0	0	4	0	8	2	0	3	0	0	4	1	0	0
C1638	0	0	0	0	2	0	0	2	0	1	1	0	0	0	0	0	0	0	0	0	0	0	1	0	0	0	0	0	0	0	0	0	0	1	0	0	0	0	0	0	0	0	0	0	0	1	0	0	0	0	0	0	0	0	0	6	0	1	2	0	0	0	0	0	0	0	1	0	0	1	0	0	0	0	0	0	0	0
C1645	0	0	0	0	3	0	1	1	0	1	1	0	0	0	1	0	0	0	0	0	0	0	0	0	2	0	3	3	0	0	0	0	2	0	2	0	2	1	1	1	0	0	0	1	2	0	0	1	0	1	0	0	0	1	0	1	1	0	1	0	0	0	1	2	0	0	0	1	2	0	0	0	0	0	1	2	0	0
C1646	0	0	0	1	0	0	1	7	0	0	0	0	3	0	1	0	0	0	0	0	0	1	0	0	2	0	1	0	0	0	0	0	2	0	0	0	2	0	1	4	0	0	0	4	0	1	0	0	0	1	0	0	0	1	0	2	0	1	1	0	0	2	1	0	0	0	1	0	1	2	0	0	0	0	0	0	0	0
C1647	0	0	0	0	3	0	0	0	0	0	0	0	2	0	0	0	0	0	0	0	0	0	0	0	1	0	0	0	0	0	0	0	0	1	0	0	2	0	1	0	0	0	0	0	0	0	0	0	0	1	0	0	0	1	0	0	0	0	0	0	0	0	0	1	0	0	0	0	0	0	0	0	0	0	1	0	0	0
C1648	1	8	2	0	1	0	1	1	0	0	0	0	0	1	2	2	1	0	0	0	1	0	0	1	0	0	0	1	0	0	0	1	0	1	0	0	0	0	0	0	0	0	0	0	0	0	0	1	0	0	0	0	0	1	0	0	0	0	2	1	1	0	0	0	0	1	0	0	1	0	0	1	0	0	0	0	0	0
C1650	0	0	0	2	0	1	0	0	0	2	0	0	0	0	0	0	0	0	0	0	4	0	0	0	0	0	0	0	0	0	0	0	0	0	0	0	0	0	0	0	0	0	0	0	0	0	0	0	10	0	0	0	0	0	0	0	0	0	0	0	2	0	0	0	2	0	0	2	0	0	0	0	0	0	0	0	0	0
C1651	0	0	0	0	0	0	0	0	0	1	0	0	1	0	1	0	0	1	0	1	2	0	0	0	0	1	0	0	0	0	0	0	0	1	0	0	2	5	0	0	0	0	0	2	0	2	0	1	1	3	0	0	0	2	0	0	0	0	0	0	0	0	0	1	0	0	2	0	0	1	0	0	0	0	0	0	0	0
C1652	0	1	0	4	1	0	108	6	0	5	9	0	1	0	1	0	2	4	0	5	1	0	13	0	1	9	20	1	0	4	0	4	13	9	40	0	4	150	2	7	0	5	1	52	41	0	159	6	4	0	2	0	0	0	1	57	0	0	23	29	19	9	0	0	14	0	0	74	1	34	36	0	0	0	2	126	0	0
C1653	0	0	0	3	1	0	1	2	0	3	0	0	2	0	1	0	1	2	1	1	0	3	0	2	2	1	1	0	0	0	0	1	1	0	1	0	1	1	2	2	0	0	2	1	1	1	0	0	0	4	0	0	1	2	1	1	0	1	2	0	2	1	0	3	0	0	0	2	1	0	0	4	0	0	2	0	0	0
C1654	0	0	0	1	2	0	3	1	0	1	1	0	1	0	2	0	0	0	0	0	0	2	0	0	1	0	1	1	0	0	0	1	1	0	3	0	3	0	0	0	0	0	0	0	1	0	1	3	0	0	0	0	1	1	1	0	0	1	0	4	1	1	1	0	1	0	0	0	1	0	0	3	0	0	2	0	0	0
C1655	0	0	0	1	2	0	1	0	0	0	2	0	0	0	0	0	0	1	1	1	0	0	0	0	2	1	0	0	0	0	0	0	0	0	0	0	1	0	0	0	0	0	0	0	2	0	1	0	0	0	0	0	0	0	0	0	0	0	0	1	2	0	0	1	0	0	0	0	1	0	0	2	0	0	0	0	0	0
C1658	0	0	0	10	0	0	2	0	0	4	0	0	1	0	0	0	0	0	1	0	0	0	2	0	0	0	1	0	0	0	0	0	0	0	0	0	0	4	0	0	0	0	0	0	0	0	0	0	0	0	0	0	0	0	0	0	0	0	1	0	7	0	0	0	5	0	0	2	0	0	0	0	0	0	0	0	0	0
C1659	0	0	0	0	0	0	0	1	0	0	1	0	0	0	0	0	0	0	0	0	0	0	0	0	1	0	0	2	0	0	0	2	0	0	1	0	0	0	0	0	0	0	0	0	0	0	0	0	0	0	0	0	0	0	0	0	0	0	0	0	1	0	0	0	0	0	0	0	3	0	0	0	0	0	0	0	0	0
C1660	0	0	0	0	1	0	1	1	0	0	0	0	2	0	0	0	0	0	0	0	2	1	0	0	0	0	0	1	0	0	0	1	0	1	1	0	2	1	3	1	0	0	0	0	0	0	0	0	1	2	0	0	0	1	0	0	0	0	3	0	0	0	1	1	1	0	0	0	0	0	0	2	0	0	0	0	0	0
C1661	0	0	0	1	0	0	3	0	0	1	1	0	2	0	0	0	0	1	0	2	0	3	0	0	0	0	1	0	0	0	0	1	2	2	1	0	1	2	1	0	0	0	0	2	2	0	0	0	1	2	0	0	0	2	0	1	1	0	0	3	1	0	0	2	0	0	1	2	0	0	0	0	0	0	0	1	0	0
C1663	0	0	0	0	0	0	2	0	0	0	0	0	0	0	1	0	0	0	0	0	0	0	0	1	1	0	0	0	0	0	0	1	0	0	0	0	0	0	0	0	0	0	1	0	0	0	0	0	0	2	0	0	0	0	1	0	0	0	1	0	0	0	0	1	0	0	0	0	1	0	0	0	0	0	0	0	0	0
C1666	0	1	10	0	0	0	0	0	0	0	0	0	0	1	0	8	0	0	0	0	0	0	0	0	0	0	0	0	0	0	0	0	0	0	0	0	0	0	0	0	1	0	0	0	0	0	0	0	0	0	0	5	0	0	0	0	0	0	0	0	0	0	0	0	0	3	0	0	0	0	0	0	0	0	0	0	0	0
C1669	0	0	0	4	1	0	0	0	0	0	0	0	0	0	0	0	0	2	0	1	2	0	0	0	3	1	0	0	0	1	2	0	1	0	0	0	1	1	0	0	0	0	0	1	1	2	0	0	4	0	1	0	0	0	0	0	0	0	0	1	1	0	2	0	0	0	0	0	0	0	0	0	0	0	0	0	0	0
C1670	0	0	7	0	0	0	0	0	0	3	0	0	0	0	0	0	0	0	0	0	0	0	0	0	0	0	0	0	0	0	0	0	0	0	0	0	0	0	0	1	0	0	0	0	0	0	0	0	3	0	0	0	0	0	0	0	0	0	0	0	0	0	0	0	0	0	0	0	0	0	0	0	0	0	0	0	0	0
C1675	0	0	0	2	0	0	2	1	0	0	1	0	2	0	3	0	0	0	0	0	2	1	0	0	1	2	0	1	0	0	0	0	0	0	0	0	2	0	0	1	0	0	0	0	0	0	0	0	0	0	0	0	0	1	0	1	0	0	2	0	1	0	3	1	0	0	0	0	0	2	0	0	0	0	0	1	0	0
C1678	0	0	0	0	0	0	1	1	0	0	0	0	0	0	0	0	0	0	0	0	1	0	0	0	0	0	1	1	0	0	0	0	0	1	0	0	0	0	0	0	0	0	0	0	0	0	0	0	0	1	0	0	0	0	0	0	0	0	0	0	0	0	0	0	0	0	0	0	3	0	0	0	0	0	1	0	0	0
C1681	0	0	0	0	0	0	0	2	0	0	1	0	0	0	0	0	0	0	0	0	0	0	0	0	0	0	0	3	0	0	0	1	0	0	2	0	0	0	0	0	0	0	0	0	0	0	0	0	0	1	0	0	0	0	0	0	0	0	0	0	0	0	0	1	0	0	0	0	0	0	0	2	0	0	0	0	0	0
C1682	0	0	0	5	0	0	1	0	0	5	0	0	0	0	0	0	1	0	0	0	0	0	0	0	0	0	8	0	0	0	0	1	0	0	0	0	0	1	0	0	0	0	0	0	0	0	1	0	0	0	0	0	0	0	0	0	0	0	0	1	1	0	0	0	0	0	0	2	0	0	0	0	0	0	0	0	0	0
C1683	0	0	4	0	0	0	0	0	0	0	0	0	0	0	0	1	0	0	0	0	0	0	0	0	0	0	0	0	0	0	0	0	0	0	0	0	0	0	0	0	6	0	0	0	0	0	0	0	0	0	0	8	0	0	0	0	0	0	0	0	0	0	0	0	0	3	0	0	0	0	0	0	0	0	0	0	0	0
C1684	0	0	0	0	0	0	0	0	0	0	2	0	1	0	0	0	0	0	0	0	0	0	0	0	0	0	1	0	0	0	0	0	1	0	0	0	0	1	0	1	0	0	0	1	0	0	0	0	0	1	0	0	0	2	0	0	0	0	0	1	0	0	0	0	0	0	1	0	0	0	0	0	0	0	1	0	0	0
C1685	0	0	0	0	0	0	0	6	0	0	0	0	0	0	0	0	0	0	0	0	0	0	1	0	0	0	0	0	0	0	0	1	0	0	4	0	0	0	0	0	0	0	0	0	0	0	0	0	0	0	0	0	0	0	3	1	0	0	0	4	0	1	1	0	0	0	0	0	0	0	0	0	0	0	0	1	0	0
C1690	0	0	0	37	0	0	0	62	0	0	100	0	2	0	18	0	0	16	0	4	0	3	14	0	28	96	40	51	0	0	0	39	2	1	152	0	0	28	1	32	0	0	1	2	1	1	19	4	25	4	0	0	0	17	0	2	3	9	18	2	136	14	0	0	1	0	0	1	137	55	0	14	0	0	16	10	0	0
C1691	0	0	0	0	1	0	0	0	0	1	4	0	0	0	3	0	0	4	1	4	3	0	0	0	0	2	1	3	0	1	3	0	0	4	0	0	2	2	2	0	0	1	0	5	1	2	0	0	2	3	0	0	0	2	0	0	0	2	2	1	2	0	1	0	0	0	4	0	0	1	0	0	0	0	2	0	0	1
C1692	0	0	1	0	6	24	29	0	0	0	1	5	0	0	0	0	0	0	1	0	2	0	4	0	0	1	1	0	0	1	0	2	0	0	4	0	1	1	0	3	0	8	0	1	19	0	13	0	13	0	0	0	0	0	0	21	0	0	13	8	5	0	1	0	11	0	0	27	0	1	18	0	0	0	0	4	0	0
C1694	0	0	0	0	0	0	0	0	0	0	0	34	0	0	0	0	33	0	138	0	0	0	0	248	0	0	0	0	0	0	0	0	0	0	0	0	0	0	0	0	0	1	96	0	0	0	0	0	0	0	0	0	0	0	0	0	184	0	0	0	0	0	0	0	0	0	0	0	0	0	0	0	0	0	0	0	0	117
C1695	0	0	0	66	0	0	0	1	16	1	162	0	46	2	28	0	1	70	0	70	18	38	89	0	698	73	122	372	0	0	0	186	56	5	44	0	7	66	55	205	0	0	0	2	10	36	60	153	242	3	0	0	0	24	63	23	0	192	64	133	35	177	22	0	81	0	5	0	268	17	0	66	1	0	53	13	0	41
C1696	0	0	0	0	0	0	0	0	0	0	4	0	0	0	0	0	0	2	0	0	0	0	0	0	0	0	0	0	0	0	0	0	0	0	3	0	0	0	0	0	0	0	0	0	0	0	1	0	0	0	0	0	0	0	0	0	0	0	0	0	1	0	0	0	6	0	0	0	0	0	0	0	0	0	0	1	0	0
C1697	0	0	0	0	0	0	1	0	0	0	2	0	0	0	0	0	0	1	0	0	0	0	0	0	0	0	0	0	0	0	0	0	0	0	0	0	1	0	0	0	0	0	0	0	0	0	0	0	11	0	0	0	0	0	0	0	0	0	0	0	0	0	0	0	0	0	0	0	0	0	0	0	0	0	0	0	0	0
C1698	0	0	16	3	2	0	2	0	0	355	3	0	1	0	12	0	0	7	0	26	12	4	9	0	0	16	6	22	0	0	0	12	1	11	7	0	6	0	0	16	0	0	0	1	2	0	7	0	7	0	0	0	0	2	2	2	0	15	30	8	48	2	3	0	101	0	18	2	0	0	1	0	0	0	51	67	0	0
C1699	0	0	0	0	0	25	0	0	0	0	0	5	0	0	0	0	0	0	0	0	0	0	0	0	0	0	0	0	0	0	0	0	0	0	0	0	0	0	0	0	0	8	0	0	0	0	0	0	0	0	1	0	0	0	0	0	0	0	0	0	0	0	0	0	0	0	0	0	0	0	3	0	0	0	0	0	0	0
C1700	0	0	0	0	0	0	0	0	0	1	2	0	4	0	0	0	1	0	1	1	2	5	0	1	0	7	0	1	0	9	5	7	0	0	1	0	4	0	5	4	0	0	0	1	2	0	17	0	0	2	0	0	17	0	1	0	2	0	0	0	8	0	1	0	18	0	0	1	0	0	0	0	71	0	0	0	0	0
C1701	0	0	0	0	0	0	0	0	0	0	0	0	0	0	0	0	0	0	0	0	0	0	0	0	0	0	0	0	0	0	0	1	0	0	0	0	0	0	0	11	0	0	0	0	0	0	9	0	0	0	0	0	0	0	0	0	0	0	1	0	5	0	0	0	9	0	0	0	0	0	0	0	0	0	0	0	0	0
C1702	0	0	0	0	0	14	2	0	0	0	0	1	0	0	0	0	0	0	0	0	0	0	0	0	0	1	0	0	0	0	0	0	0	0	0	0	0	0	1	1	1	7	0	0	0	0	0	0	2	0	0	0	0	0	0	0	0	0	2	1	3	0	0	0	2	0	0	2	0	0	15	0	0	0	0	0	0	0
C1703	0	0	0	0	0	0	0	35	1	0	46	0	0	1	6	0	0	1	0	0	0	0	0	0	8	11	1	29	0	0	0	22	0	0	74	0	0	1	0	12	2	0	0	0	2	0	13	0	9	4	0	4	0	16	0	0	0	3	1	0	73	7	0	6	0	7	0	0	66	0	0	0	0	0	0	2	0	0
C1704	0	0	0	0	75	0	242	14	0	0	39	2	23	0	30	15	0	40	0	27	35	18	46	2	26	15	3	37	0	0	0	31	58	4	2	0	53	13	22	60	0	0	2	55	32	31	49	0	12	18	0	0	0	37	17	12	0	70	32	101	12	32	16	0	81	0	49	1	14	1	0	3	0	0	41	2	0	1
C1707	0	0	0	0	0	0	0	0	0	0	0	5	0	0	0	0	0	0	42	0	0	0	0	68	0	0	0	0	0	0	0	0	0	0	0	0	0	0	0	0	0	0	8	0	0	0	0	0	0	0	7	0	0	0	0	0	5	0	0	0	0	0	0	0	0	0	0	0	0	0	0	0	0	0	0	0	2	21
C1708	3	0	17	0	0	0	0	0	0	0	0	0	0	0	0	9	0	0	0	0	0	0	0	0	0	0	0	0	0	0	0	0	0	0	0	0	0	0	0	0	18	0	0	0	0	0	0	0	0	0	0	9	0	0	0	0	0	0	0	0	0	0	0	0	0	20	0	0	0	0	0	0	0	0	0	0	0	0
C1709	0	0	0	12	5	0	14	0	0	4	8	0	6	0	11	0	0	8	0	9	8	3	4	2	3	6	3	2	0	3	4	1	5	3	0	0	10	28	2	5	0	2	0	28	1	52	7	3	50	26	1	0	1	9	3	0	0	1	1	3	7	1	2	0	0	0	28	0	0	4	0	1	0	0	3	0	1	0
C1710	2	0	10	0	0	0	0	0	0	0	0	0	0	0	0	3	0	0	0	0	0	0	0	0	0	0	0	0	0	0	0	0	0	0	0	0	0	0	0	0	4	0	0	0	0	0	0	0	0	0	1	3	0	0	0	0	0	0	0	0	0	0	0	0	0	6	0	0	0	0	0	0	0	0	0	0	0	0
C1711	0	0	0	0	2	0	0	0	0	0	0	0	1	0	0	0	0	0	0	0	1	0	0	0	0	0	0	0	0	1	1	0	3	0	0	0	1	3	0	2	0	0	0	1	0	1	0	1	2	0	0	0	0	0	0	1	0	1	0	1	0	0	0	0	0	0	0	0	0	0	0	0	0	0	0	0	0	0
C1712	0	0	0	0	0	0	0	0	17	0	0	0	0	0	0	0	0	0	0	0	0	0	2	0	0	0	0	0	12	0	11	0	0	0	0	0	0	2	0	0	44	2	0	0	0	0	0	0	0	0	0	0	0	0	0	0	0	0	0	0	0	0	0	0	0	15	0	0	0	0	0	0	0	1	0	0	0	0
C1713	0	0	0	0	0	0	0	15	0	0	113	0	0	0	1	0	0	0	0	0	0	0	0	0	5	5	0	5	0	0	0	8	0	0	1	0	0	0	0	3	0	0	0	0	0	0	0	0	2	0	0	0	0	0	0	0	0	0	0	0	2	3	0	0	1	0	0	0	0	0	0	0	0	0	0	10	0	0
C1714	0	0	0	0	0	0	2	0	0	0	0	7	0	0	1	0	1	0	5	0	1	2	0	15	0	0	1	0	0	0	0	0	1	1	0	0	0	1	1	0	0	0	3	0	0	0	0	0	0	1	0	0	0	1	1	0	24	2	0	1	1	0	0	0	0	0	0	1	0	0	0	1	0	0	0	1	0	8
C1715	0	0	0	3	77	43	208	2	0	1	169	81	19	0	62	0	149	165	39	52	60	7	114	78	17	70	9	29	0	1	1	21	56	29	0	1	82	48	21	89	0	262	19	159	8	162	57	1	99	88	210	0	9	82	27	2	36	68	8	126	36	23	65	0	24	0	195	0	6	4	27	3	0	0	86	0	99	40
C1716	0	0	0	0	1	0	2	0	0	1	0	0	1	0	0	0	0	0	0	0	0	0	0	0	1	0	0	1	0	0	0	0	0	0	0	0	0	0	0	0	0	0	0	0	0	0	0	0	0	0	0	0	0	0	0	0	0	0	0	2	0	0	0	0	0	0	2	0	2	0	0	0	0	0	1	0	0	0
C1717	0	0	0	1	0	0	0	0	0	0	0	3	0	0	0	0	1	0	6	0	0	0	0	3	0	1	0	0	0	0	0	0	0	0	0	0	0	2	0	1	0	1	0	0	0	0	0	2	10	0	13	0	0	0	0	0	5	0	1	6	5	0	0	0	2	0	0	0	0	1	0	1	0	0	0	0	1	1
C1719	0	0	0	0	0	0	0	0	0	13	0	0	0	0	0	0	0	0	0	0	4	0	0	0	0	0	0	0	0	0	0	0	0	0	0	0	0	0	0	0	0	0	0	0	0	0	0	0	3	0	0	0	0	0	0	0	0	0	0	0	10	0	0	0	123	0	0	0	0	0	0	0	0	0	0	0	0	0
C1720	0	0	5	0	0	2	2	0	0	0	8	0	0	0	0	0	0	2	0	0	0	0	2	0	0	0	7	0	0	0	0	0	0	0	0	0	0	0	0	17	0	2	0	0	0	0	6	0	4	0	0	0	0	0	0	0	0	0	0	0	21	0	0	0	31	0	0	2	2	0	1	0	0	0	2	1	0	0
C1721	0	0	0	0	0	0	12	0	0	0	0	0	0	0	0	0	0	0	0	0	0	0	0	0	0	0	0	0	0	0	0	0	0	0	0	0	0	0	0	0	0	0	0	0	0	0	1	0	0	0	0	0	0	0	0	2	0	0	0	0	0	0	0	0	0	0	0	11	0	0	0	0	0	0	0	0	0	0
C1722	0	0	0	1	0	0	3	25	0	0	1	0	0	0	2	0	0	0	0	0	0	0	4	0	0	0	0	0	0	1	5	5	0	0	0	0	0	7	0	5	1	1	0	5	2	0	2	0	2	0	2	0	0	0	0	83	0	0	19	2	0	8	2	0	0	0	1	0	0	0	0	0	0	0	0	3	0	0
C1725	0	0	0	0	2	1	0	0	0	24	0	0	0	0	0	0	0	0	0	0	0	0	0	0	0	0	1	0	0	0	0	0	0	0	0	0	0	1	0	4	0	2	0	0	2	0	6	0	4	0	0	0	0	0	0	0	0	0	1	1	20	0	0	0	58	0	0	0	0	0	3	0	0	0	0	26	0	0
C1727	0	0	0	0	2	0	0	0	0	0	3	0	0	0	0	0	0	0	0	1	0	0	0	0	0	0	0	0	0	0	0	0	1	0	0	0	0	1	3	2	0	0	0	0	1	0	0	0	0	0	0	0	0	1	0	0	0	1	0	0	0	0	4	4	0	0	1	0	0	0	0	0	0	0	1	2	0	0
C1729	0	0	0	4	11	0	7	0	0	1	4	0	1	0	0	0	0	0	0	1	1	1	1	0	0	2	1	0	0	0	0	2	0	2	1	0	4	5	3	0	0	4	0	3	0	10	2	2	11	4	1	0	0	4	0	1	0	0	0	1	3	1	1	0	11	0	6	0	1	2	0	0	0	0	0	1	0	0
C1732	0	0	0	3	1	0	1	1	0	3	0	0	1	0	0	0	0	0	0	0	1	2	1	0	1	1	0	0	0	0	0	1	0	1	1	0	4	0	1	0	0	0	0	1	1	0	0	1	0	0	0	0	0	1	1	0	0	0	1	0	3	0	0	2	1	0	1	1	2	0	0	4	0	0	4	0	0	0
C1733	0	0	0	0	0	0	3	0	0	1	0	0	0	0	0	0	0	0	0	0	0	0	0	0	0	0	0	0	0	0	0	0	0	0	1	0	0	0	0	0	0	0	0	1	0	0	1	0	0	0	0	0	0	0	0	4	0	0	0	0	0	1	0	0	0	0	0	4	0	0	0	0	0	0	0	1	0	0
C1734	0	0	0	0	0	0	0	0	0	0	0	6	0	0	0	0	9	0	19	0	0	0	0	21	0	0	0	1	0	0	0	0	0	0	0	0	0	0	0	0	0	0	13	0	0	0	0	0	0	0	0	0	0	0	0	0	9	0	0	0	0	0	0	0	0	0	0	0	0	0	0	0	0	0	0	0	0	17
C1739	0	0	0	1	0	0	0	0	0	0	0	4	0	0	0	0	4	0	18	0	2	10	0	4	0	0	1	0	0	0	0	0	0	2	0	1	0	2	0	0	0	3	0	0	0	0	0	6	2	0	21	0	4	0	0	0	0	0	0	0	0	1	0	2	0	0	0	0	0	9	0	0	0	0	0	0	0	8
C1741	0	0	0	0	0	0	0	0	0	14	0	0	0	0	0	0	0	0	0	0	0	0	0	0	0	0	2	0	0	0	0	0	0	0	0	0	0	1	0	0	0	0	0	0	0	0	1	0	0	0	0	0	0	0	0	0	0	0	0	0	0	0	0	0	2	0	0	0	0	0	0	0	0	0	2	0	0	0
C1742	0	0	0	0	0	0	0	0	0	0	2	0	0	0	0	0	0	2	0	0	0	0	0	0	0	0	0	5	0	0	0	15	0	0	33	0	0	0	0	0	0	0	0	0	0	0	0	0	2	0	0	0	0	0	0	0	0	0	9	0	2	0	0	0	0	0	0	0	0	0	0	0	0	0	0	0	0	0
C1744	0	0	1	0	2	0	1	3	0	0	3	0	6	0	4	1	0	1	0	1	5	2	0	0	0	1	0	16	0	0	0	2	1	0	0	0	8	1	0	12	0	0	0	2	1	3	3	2	0	0	0	0	0	2	2	2	0	2	1	3	4	5	1	3	1	1	10	0	0	11	0	0	0	0	1	0	0	0
C1745	0	0	0	0	0	0	0	0	0	0	1	0	1	0	0	1	0	0	0	0	1	0	0	0	0	1	0	2	0	0	0	0	0	0	0	0	1	0	0	1	0	0	0	0	0	1	0	0	0	0	0	0	0	1	0	0	0	0	0	0	0	1	0	0	0	0	0	0	0	0	0	0	0	0	1	0	0	0
C1746	0	0	0	1	1	0	1	0	0	1	3	0	0	0	0	0	0	0	0	0	3	0	1	0	0	0	0	0	0	0	0	1	0	3	0	0	2	2	0	1	0	0	0	2	0	3	2	0	0	2	0	0	0	0	0	0	0	0	0	0	1	0	0	0	0	0	1	0	0	0	0	0	0	0	0	0	0	0
C1748	0	0	0	2	2	0	0	0	0	0	0	0	2	0	0	0	0	0	0	0	0	0	0	0	1	0	0	0	0	0	0	0	1	0	1	0	0	1	0	0	0	0	0	0	0	0	0	0	0	0	0	0	0	0	0	1	0	0	1	0	0	0	0	1	0	0	1	1	0	0	0	0	0	0	0	0	0	0
C1749	0	0	0	0	1	0	0	1	0	0	2	0	0	0	0	0	0	1	0	0	1	0	0	0	0	1	0	1	0	0	0	0	0	0	0	0	0	1	0	0	0	0	0	0	0	0	0	0	0	0	0	0	0	0	0	0	0	0	0	0	0	0	2	2	0	0	0	0	0	0	0	0	0	0	0	0	0	0
C1751	0	0	0	1	0	0	0	1	0	0	1	0	1	0	0	0	0	0	0	0	2	1	1	0	1	1	1	1	0	0	0	1	0	0	0	0	0	0	1	0	0	0	0	0	0	1	1	0	1	0	0	0	0	0	1	0	0	1	1	0	0	0	0	2	0	0	1	0	0	0	0	1	0	0	0	2	0	0
C1753	0	0	0	0	1	0	0	0	0	3	2	0	0	0	0	0	0	0	0	0	0	0	0	0	0	0	0	0	0	0	0	1	0	1	0	0	0	1	0	2	0	0	0	0	0	0	0	0	4	2	0	0	0	0	0	0	0	0	0	1	6	0	0	0	0	0	0	0	0	1	0	0	0	0	0	0	0	0
C1754	0	0	0	0	0	0	0	0	0	0	0	3	0	0	0	0	0	0	0	0	0	0	0	0	0	0	0	0	0	0	0	0	0	0	0	0	0	0	0	0	0	0	0	0	0	0	0	0	0	13	0	0	0	0	0	0	0	0	0	0	0	0	0	0	0	0	0	0	0	0	0	0	0	1	0	0	0	0
C1757	0	0	0	1	0	0	0	0	0	1	1	0	1	0	0	0	0	0	0	0	1	1	0	1	1	0	0	1	0	0	0	0	1	0	0	0	2	1	0	0	0	0	0	0	1	0	0	1	0	0	0	0	2	1	0	0	0	2	0	0	2	0	0	0	2	0	0	0	2	0	0	0	0	0	0	1	0	0
C1758	0	0	0	4	10	0	2	125	0	10	1	1	15	0	5	0	2	7	0	12	7	7	8	0	2	0	4	38	0	0	0	4	5	1	2	0	9	5	3	28	0	1	0	9	9	12	110	3	1	0	0	0	0	11	3	79	0	31	21	5	17	5	3	3	2	0	16	0	1	28	0	2	0	0	6	8	0	0
C1759	0	0	0	4	18	0	24	0	0	0	1	0	12	0	1	0	0	5	0	3	2	0	0	0	0	0	0	0	0	0	3	1	7	0	2	0	15	3	4	6	0	0	0	4	15	0	9	1	11	0	30	0	0	2	1	3	0	5	0	2	1	7	3	3	7	0	0	3	1	4	0	0	0	0	0	1	4	0
C1760	0	0	0	0	0	0	5	0	0	0	3	0	1	0	1	0	0	0	0	0	2	3	0	0	1	1	0	1	0	0	0	1	0	3	0	0	2	0	1	0	0	0	0	1	0	0	1	0	0	3	0	0	0	2	0	0	0	1	0	1	1	1	0	0	2	0	0	0	1	0	0	0	0	0	5	0	0	0
C1761	0	0	0	1	1	0	2	0	0	0	0	0	0	0	0	0	0	0	1	0	0	0	0	1	0	0	0	0	0	0	0	0	0	0	1	0	0	2	0	0	0	0	0	2	0	0	0	0	0	0	0	0	0	0	0	0	1	0	0	0	0	1	0	0	0	0	0	0	0	0	0	1	0	0	1	0	0	0
C1762	0	0	0	2	0	0	0	0	0	1	1	0	1	0	0	0	1	0	0	0	1	0	0	0	0	1	0	1	0	0	0	0	0	0	0	0	0	0	0	0	0	0	0	0	0	0	0	0	0	0	0	0	0	0	0	0	0	0	0	0	0	0	0	0	1	0	0	0	0	0	0	0	0	0	0	1	0	0
C1763	0	0	0	0	2	0	0	1	0	1	1	0	1	0	0	0	0	0	0	0	0	0	0	0	3	1	1	0	0	0	0	0	1	0	1	0	1	3	0	0	0	0	0	0	0	1	0	0	0	0	0	0	0	0	1	0	0	0	0	0	0	0	0	0	1	0	1	0	2	0	0	0	0	0	0	1	0	0
C1765	0	0	0	0	0	0	0	0	0	0	0	0	1	0	0	0	0	1	0	2	0	0	1	0	0	2	0	0	0	0	1	0	0	0	0	0	1	2	1	1	0	0	0	0	0	4	0	0	1	1	0	0	0	0	0	0	0	0	0	0	0	0	0	0	0	0	0	0	0	0	0	0	0	0	1	0	0	0
C1766	0	0	0	0	0	0	0	0	0	0	1	0	1	0	0	0	0	1	0	0	0	1	0	0	0	1	1	0	0	0	0	0	0	0	0	0	1	0	0	0	0	0	0	0	0	2	0	0	0	2	0	0	0	0	0	1	0	0	0	0	1	0	0	0	0	0	0	0	0	0	0	0	0	0	0	0	0	0
C1767	0	0	0	0	5	0	0	3	0	1	0	0	1	0	0	0	0	1	0	1	1	0	1	0	1	2	0	0	0	0	0	1	0	0	0	0	1	0	1	0	0	0	0	2	0	2	0	0	1	0	0	0	0	2	1	8	0	2	5	0	1	1	0	0	0	0	0	0	1	0	0	0	0	0	3	2	0	0
C1768	0	0	0	0	0	0	0	1	0	0	1	0	1	0	1	0	0	0	0	0	0	0	0	0	1	0	2	1	0	0	0	0	0	0	0	0	2	1	0	0	0	0	0	2	2	0	0	0	0	0	0	0	1	0	2	0	0	0	0	0	0	0	0	1	1	0	0	0	0	0	0	1	0	0	3	2	0	0
C1770	0	0	0	1	0	0	3	0	0	4	9	0	0	0	1	0	0	5	0	1	4	0	2	0	1	2	0	3	0	2	0	0	0	3	0	0	9	10	1	0	0	1	0	3	0	27	4	2	5	17	0	0	0	5	1	0	0	0	0	0	2	1	0	0	0	0	13	0	0	2	0	0	0	0	1	1	0	0
C1772	0	0	0	0	0	0	1	1	0	0	1	0	1	0	0	0	2	1	0	0	0	0	0	0	0	0	1	0	0	0	0	0	0	0	0	0	0	0	0	1	0	0	0	0	0	0	0	0	0	0	0	0	0	0	0	1	0	0	0	0	0	0	0	0	0	0	0	0	0	0	0	0	0	0	0	1	0	0
C1774	0	0	0	0	0	1	0	1	0	0	2	0	0	0	0	0	0	0	0	0	0	0	0	0	0	0	0	0	0	0	0	0	0	0	0	0	0	0	0	0	0	1	0	0	0	2	0	0	0	0	1	0	0	0	0	0	0	0	2	0	0	0	0	1	0	0	0	0	0	0	0	0	0	0	0	0	0	0
C1775	0	0	0	1	1	0	2	1	0	1	3	0	2	0	0	0	3	1	0	1	0	0	0	0	2	0	0	0	0	0	1	0	1	1	0	0	0	4	0	0	0	4	0	5	0	8	2	0	2	1	2	0	0	0	2	1	0	0	0	0	0	1	0	0	0	0	4	0	0	0	1	0	0	0	0	1	0	0
C1777	0	0	0	1	2	0	15	1	0	0	20	0	6	0	4	0	0	13	0	5	4	0	5	0	0	8	0	1	0	0	0	1	4	6	0	0	17	5	1	1	0	0	0	36	0	22	6	0	5	16	0	0	0	15	2	0	0	3	0	9	6	2	1	0	1	0	31	0	1	0	0	0	0	0	15	1	0	0
C1778	0	0	0	0	0	0	0	0	0	0	0	3	0	0	0	0	2	0	0	0	0	0	0	0	0	0	0	0	0	0	0	0	0	0	0	0	0	0	0	0	0	1	0	0	0	0	0	0	0	0	3	0	0	0	0	0	0	0	0	0	0	0	0	0	0	0	0	0	0	0	1	0	0	0	0	0	3	0
C1780	0	0	0	0	0	0	0	8	0	0	10	0	0	0	2	0	0	0	0	0	0	0	0	0	1	0	0	0	0	0	0	2	0	0	3	0	0	0	0	0	0	0	0	1	0	0	1	0	0	2	0	0	0	1	0	2	0	2	1	0	8	4	0	24	0	0	0	0	8	0	0	0	0	0	1	0	0	0
C1781	0	0	0	0	0	0	1	3	0	0	0	0	2	0	0	0	0	0	0	0	0	0	0	0	0	0	0	0	0	0	0	3	0	0	1	0	0	2	0	0	0	0	0	0	1	0	1	0	0	0	0	0	0	0	0	4	0	0	0	1	0	2	1	0	2	0	0	1	0	0	0	0	0	0	0	0	0	0
C1782	0	0	0	0	4	0	0	0	0	1	1	0	1	0	4	0	0	1	0	0	4	0	0	0	1	1	0	2	0	0	0	1	2	1	0	0	1	3	0	1	1	0	0	2	0	9	0	2	0	2	0	0	0	1	1	0	0	0	1	1	1	1	4	3	0	0	8	0	0	0	0	0	0	0	1	0	0	0
C1784	0	0	0	0	22	2	29	0	0	0	0	0	0	0	0	0	0	1	0	0	1	0	0	0	0	2	3	0	0	0	0	0	0	0	0	0	4	3	2	8	0	1	0	0	0	0	3	0	26	0	0	0	0	0	0	35	0	0	5	14	10	0	0	0	30	0	0	39	1	0	0	0	0	0	0	4	0	0
C1786	0	0	0	0	3	0	0	0	0	1	0	0	0	0	2	0	0	0	0	0	0	0	0	0	0	0	1	0	0	0	0	0	0	0	0	0	1	0	1	0	0	0	0	1	0	0	0	0	1	1	1	0	0	0	0	0	0	0	0	1	0	1	0	2	1	0	0	0	0	0	0	0	0	0	0	1	0	0
C1787	0	0	0	0	0	0	0	0	0	1	1	0	1	0	0	0	0	0	0	0	1	0	0	0	0	1	0	0	0	0	0	0	0	1	1	0	0	0	0	0	0	0	0	1	1	1	1	0	1	0	0	0	0	0	0	1	0	0	0	0	0	0	1	0	0	0	0	0	0	0	0	0	0	0	0	0	0	0
C1790	0	0	0	30	3	0	2	1	0	0	1	0	3	0	3	0	2	3	9	1	3	0	1	0	1	3	0	1	0	0	0	2	0	3	3	0	3	1	1	1	0	0	0	0	2	0	0	7	0	8	0	0	0	0	1	0	0	8	0	4	0	3	1	12	5	0	1	0	5	0	0	0	0	0	4	40	0	0
C1793	0	0	0	0	0	0	0	0	0	0	2	0	0	0	1	0	0	0	0	0	0	0	0	0	0	0	0	5	0	0	0	1	0	0	0	0	0	0	0	0	0	0	0	0	0	0	2	0	0	0	0	0	0	0	0	2	0	0	0	0	0	0	0	1	0	0	0	0	3	0	0	1	0	0	0	0	0	0
C1795	0	0	0	0	1	0	0	0	0	0	1	0	1	0	1	0	0	0	0	0	0	0	1	0	0	0	0	0	0	13	2	1	1	0	0	0	1	1	0	0	0	0	0	1	0	0	0	0	0	0	0	0	20	3	1	1	0	0	1	0	0	3	0	0	1	0	0	0	2	0	0	2	51	0	0	0	0	0
C1796	0	0	0	1	1	0	1	0	0	2	2	0	1	0	1	0	0	1	0	0	2	0	0	1	0	1	0	0	0	0	3	0	2	0	0	0	1	5	0	0	0	0	0	4	0	16	0	2	2	1	0	0	0	2	0	0	0	0	0	1	3	0	1	0	0	0	3	0	0	0	0	0	0	0	0	0	0	0
C1797	0	0	0	0	0	0	0	0	0	0	4	0	0	0	0	0	0	0	0	0	0	0	0	0	0	0	0	0	0	0	0	2	0	0	7	0	0	0	0	0	0	0	0	0	0	0	4	0	1	0	0	0	0	0	0	0	0	0	0	0	4	0	0	0	1	0	0	0	0	0	0	0	0	0	0	0	0	0
C1800	0	0	0	1	6	0	0	8	0	4	0	0	0	0	0	0	0	2	0	0	1	0	0	0	0	2	0	2	0	0	0	0	0	0	0	0	0	2	2	4	0	0	0	2	0	2	1	0	2	0	0	0	0	0	0	8	0	2	5	2	1	1	2	0	0	0	3	0	0	0	0	3	0	0	1	0	0	0
C1802	0	0	0	0	0	0	1	0	0	0	3	0	1	0	2	0	0	1	0	1	1	0	1	0	0	0	0	1	0	0	0	0	3	1	0	0	0	1	2	0	0	0	0	6	0	0	1	0	0	0	0	0	0	3	1	0	0	2	1	3	1	0	0	0	1	0	3	0	1	0	0	0	0	0	2	1	0	0
C1803	1	0	10	0	0	0	0	0	0	0	0	0	0	0	0	6	0	0	0	0	0	0	0	0	0	0	0	0	0	0	0	0	0	0	0	0	0	0	0	0	5	0	0	0	0	0	0	0	0	0	0	3	0	0	0	0	0	0	0	0	0	0	0	0	0	5	0	0	0	0	0	0	0	0	0	0	0	0
C1805	0	0	0	1	1	0	0	0	0	0	0	0	3	0	0	0	0	0	0	1	2	2	0	0	0	1	0	0	0	0	0	1	0	0	0	0	0	0	0	0	0	0	0	0	0	0	0	0	1	0	0	0	0	1	0	2	0	0	0	0	0	0	0	0	0	0	0	1	1	0	0	1	0	0	0	0	0	0
C1807	0	0	0	0	0	0	2	1	0	0	0	0	0	0	0	0	0	0	0	0	0	0	0	0	0	0	0	0	0	0	0	1	0	0	1	0	0	0	0	1	0	0	0	0	0	0	4	0	1	0	0	0	0	0	0	0	0	0	0	1	0	2	0	0	2	0	0	1	0	0	0	0	0	0	0	0	0	0
C1808	0	0	0	2	1	0	2	1	0	0	2	0	2	0	4	0	0	1	0	1	1	0	0	0	0	0	0	0	0	0	1	1	0	1	0	0	2	1	0	1	0	0	0	3	0	3	0	1	1	0	0	0	0	4	0	3	0	2	0	3	1	2	9	0	0	0	6	0	0	0	0	0	0	0	1	1	0	0
C1810	0	0	0	4	0	0	0	0	0	1	1	0	3	0	1	0	0	2	1	0	0	2	1	0	0	2	1	0	0	0	0	0	2	0	0	0	2	1	2	0	0	0	1	0	1	1	1	0	0	1	0	0	2	0	0	0	0	2	0	2	0	0	0	3	2	0	1	1	2	0	0	2	0	0	1	0	0	1
C1811	0	0	0	0	0	0	5	0	0	0	1	0	0	0	0	0	0	0	0	0	0	1	1	0	0	1	0	1	0	0	0	2	0	0	0	0	0	1	1	0	0	0	0	3	0	0	0	0	0	1	0	0	0	0	0	0	0	1	0	0	1	0	0	0	3	0	0	0	0	0	0	0	0	0	0	0	0	0
C1813	0	0	0	0	1	0	1	1	0	0	2	0	0	0	0	0	0	0	0	0	1	1	1	0	0	1	0	0	0	0	0	0	0	1	0	0	0	0	0	0	0	0	0	0	0	0	0	0	0	0	0	0	0	0	1	0	0	1	0	0	0	0	0	0	0	0	0	0	0	0	0	0	0	0	1	0	0	0
C1816	0	0	0	1	0	0	0	0	0	1	0	0	0	0	0	0	0	0	0	0	0	1	0	0	0	0	0	0	0	0	0	1	0	1	0	0	1	0	1	0	0	0	0	1	0	0	0	0	0	0	0	0	0	0	0	0	0	0	0	1	0	0	0	0	0	0	0	0	0	0	0	2	0	0	1	0	0	0
C1818	0	0	0	0	0	0	0	0	0	0	0	0	1	0	1	0	0	0	0	0	1	0	0	0	0	1	1	0	0	0	0	0	3	0	0	0	2	1	0	0	0	1	0	3	0	0	1	0	1	1	0	0	0	0	1	0	0	0	0	1	0	0	0	0	0	0	1	0	0	0	0	0	1	0	1	1	0	0
C1822	0	0	0	0	0	0	3	0	0	2	1	0	0	0	0	0	0	0	0	0	2	0	0	0	1	0	1	1	0	0	0	0	0	2	0	0	3	0	0	0	0	0	0	0	1	0	0	1	0	0	0	0	1	0	0	2	0	0	1	1	1	0	0	1	0	0	0	1	1	0	0	1	0	0	0	0	0	0
C1823	0	0	0	0	0	0	0	0	0	0	3	0	0	0	0	0	0	1	0	0	0	0	0	0	0	1	0	0	0	0	1	0	1	0	0	0	0	0	0	0	0	0	0	0	0	0	0	0	2	0	0	0	0	0	0	0	0	0	2	1	0	0	0	0	0	0	0	0	0	0	0	0	0	0	0	0	0	0
C1825	0	0	0	0	7	0	0	13	0	2	1	0	0	0	0	0	0	0	0	0	0	0	1	0	3	1	0	0	0	0	0	0	0	0	0	0	1	1	1	0	0	0	0	0	0	0	0	0	0	0	0	0	0	0	0	21	0	0	13	0	1	0	0	0	0	0	1	0	0	1	0	1	0	0	0	1	0	0
C1826	0	0	0	0	0	0	7	0	0	0	0	0	0	0	0	0	0	0	0	0	0	0	0	0	0	0	0	0	0	0	0	0	0	0	0	0	0	0	0	1	0	0	0	0	0	0	0	0	0	0	0	0	0	0	0	5	0	0	0	0	0	0	0	0	1	0	0	9	1	0	0	0	0	0	0	1	0	0
C1827	0	0	0	0	7	0	1	17	0	0	2	0	0	0	1	0	0	2	0	0	0	0	1	0	1	1	0	0	0	0	0	0	0	1	0	0	0	0	0	1	0	0	0	0	0	0	0	0	0	0	0	0	0	0	0	32	0	1	14	0	1	0	0	0	0	0	2	0	0	1	0	0	0	0	1	1	0	0
C1829	0	0	0	0	0	0	0	2	0	0	2	0	0	0	1	0	0	0	0	0	0	0	0	0	0	0	0	1	0	0	0	2	0	0	4	0	0	0	0	0	0	0	0	0	0	0	1	0	0	0	0	0	0	1	0	0	0	0	0	0	3	0	0	0	0	0	0	0	5	0	0	0	0	0	0	0	0	0
C1832	1	0	0	4	10	0	2	2	0	2	5	0	1	0	4	0	0	0	0	0	1	1	1	0	0	1	5	9	0	0	0	9	4	3	1	0	16	3	7	6	0	0	0	5	0	5	6	2	2	1	0	0	0	13	2	5	0	2	5	2	5	7	8	8	2	0	1	0	0	8	0	0	0	0	2	13	0	0
C1833	0	0	0	0	6	0	0	9	0	5	1	0	0	0	0	0	0	0	0	0	0	0	3	0	1	1	0	0	0	0	0	1	0	0	0	0	0	2	0	1	0	0	0	0	0	1	0	0	3	0	0	0	0	1	0	11	0	0	14	0	0	0	1	1	0	0	2	0	0	0	0	2	0	0	0	2	0	0
C1834	0	0	0	1	1	0	4	0	0	2	2	0	2	0	2	0	0	4	0	0	3	0	1	0	0	2	0	0	0	0	1	0	0	0	0	0	3	11	0	0	0	1	0	5	0	19	3	0	2	6	0	0	0	2	2	0	0	0	0	2	4	0	0	0	0	0	13	0	0	0	0	0	0	0	0	1	0	0
C1835	0	0	0	0	3	0	0	0	0	0	1	0	0	0	0	0	0	0	0	0	2	0	0	0	0	1	0	0	0	0	0	0	0	0	0	0	2	0	1	3	0	0	0	0	1	0	0	0	0	0	0	0	0	0	0	1	0	0	1	0	0	1	0	0	0	0	0	0	0	0	0	0	0	0	0	0	0	0
C1837	0	0	0	1	2	0	1	0	0	2	3	0	2	0	2	0	0	2	0	0	2	2	0	0	3	3	2	2	0	0	0	1	6	0	0	0	1	0	2	0	0	0	0	2	1	1	0	1	0	2	0	0	0	2	1	0	0	0	0	0	1	0	1	0	0	0	0	1	1	0	0	1	0	0	2	2	0	0
C1838	0	0	0	0	3	0	2	0	0	1	0	0	0	0	1	0	0	0	0	1	0	0	0	1	0	0	2	1	0	0	0	0	0	0	0	0	1	1	2	0	0	1	0	0	0	0	0	0	1	0	4	0	0	0	1	3	0	0	0	0	0	1	0	2	0	0	0	0	0	0	0	0	0	0	0	1	0	0
C1839	0	0	0	0	0	0	0	0	0	8	0	0	0	0	0	0	0	0	0	0	0	0	0	0	0	0	0	0	0	0	0	0	0	0	0	0	0	0	0	0	0	0	0	0	0	0	0	0	0	0	0	0	0	0	0	0	0	0	0	0	0	0	0	0	9	0	0	0	0	0	0	0	0	0	0	3	0	0
C1842	0	0	0	0	0	0	1	2	0	0	0	0	0	0	0	0	0	0	0	0	0	0	0	0	0	0	0	0	0	0	0	0	0	0	1	0	0	3	0	0	0	0	0	0	5	0	0	0	0	0	0	0	0	0	1	0	0	0	1	1	0	1	0	0	0	0	0	1	0	0	0	0	0	0	0	2	0	0
C1843	0	0	0	0	0	0	0	2	0	0	4	0	0	0	0	0	0	0	0	0	0	0	0	0	0	0	0	1	0	0	0	0	0	0	0	0	0	0	0	0	0	0	0	1	2	0	0	0	1	0	0	0	0	0	0	0	0	0	1	0	0	0	0	0	0	0	0	2	0	0	0	0	0	0	0	0	0	6
C1844	1	10	4	0	0	0	0	0	0	0	0	0	0	0	0	0	0	0	0	0	0	0	0	0	0	0	0	0	0	0	0	0	0	0	0	0	0	0	0	0	0	0	0	0	0	0	0	0	0	0	0	2	0	0	0	0	0	0	0	0	0	0	0	0	0	1	0	0	0	0	0	0	0	0	0	0	0	0
C1847	0	0	0	0	0	3	38	0	0	0	0	0	0	0	0	0	0	0	0	0	0	0	0	0	1	0	0	0	0	0	0	0	0	0	3	0	1	0	0	0	0	0	0	0	1	0	1	0	1	0	0	0	0	0	0	17	0	0	0	0	0	0	0	0	3	0	0	67	1	0	0	0	0	0	1	5	0	0
C1849	0	0	0	1	0	0	0	0	0	0	1	1	0	0	0	0	3	0	8	0	0	1	0	4	0	0	0	0	0	0	0	0	1	1	0	0	1	1	1	0	0	0	0	1	0	0	1	0	0	0	0	0	0	2	1	1	2	0	0	0	0	0	0	0	0	0	0	0	1	0	0	0	0	0	0	2	0	3
C1851	0	0	0	1	1	0	1	1	0	0	2	0	0	0	0	0	0	0	1	0	0	4	0	0	0	0	0	0	0	0	0	0	0	0	0	0	0	0	1	0	0	0	0	2	0	0	0	0	0	0	0	0	0	0	0	0	0	0	1	0	0	0	1	0	0	0	0	0	0	0	0	0	0	0	0	0	0	0
C1853	0	0	0	1	1	0	0	0	0	0	0	0	2	0	0	0	0	1	0	0	0	0	1	0	1	0	0	0	0	0	0	0	2	0	2	0	1	0	1	0	0	0	0	0	0	0	0	0	0	2	0	0	0	0	0	0	0	1	0	1	3	0	0	0	0	0	0	0	1	0	0	3	0	0	1	0	0	0
C1856	0	0	0	0	1	0	0	0	0	1	1	0	1	0	0	0	0	0	0	0	1	1	0	1	0	0	1	1	0	0	0	1	1	0	0	0	0	0	0	0	0	0	0	0	2	1	0	0	0	0	0	0	0	0	0	1	0	0	0	0	2	0	0	0	0	0	0	0	0	0	0	3	0	0	0	0	0	0
C1857	0	0	0	0	0	0	0	0	0	19	0	0	0	0	0	0	0	0	0	0	0	0	0	0	0	2	0	0	0	0	0	0	0	0	0	0	0	0	0	0	0	1	0	0	0	0	1	0	0	0	0	0	0	0	0	0	0	0	0	0	0	0	0	0	3	0	0	0	0	0	0	0	0	0	0	5	0	0
C1858	0	0	2	0	0	3	0	0	0	2	0	4	0	0	0	3	0	0	0	0	2	0	0	0	0	0	0	3	0	0	0	0	0	0	0	2	2	0	0	0	0	0	0	0	0	0	0	0	0	0	15	0	0	0	0	0	0	0	0	0	0	0	0	0	0	0	0	0	0	0	6	0	0	2	0	0	1	0
C1859	0	0	0	0	1	0	0	6	0	1	2	0	0	0	0	0	0	0	0	1	0	0	4	0	0	0	0	0	0	0	0	5	0	0	6	0	0	21	0	0	0	0	0	0	0	0	1	0	0	0	0	0	0	0	8	1	0	0	5	48	2	1	0	0	0	0	0	0	0	0	0	0	0	0	0	5	0	0
C1860	0	0	0	0	0	0	1	0	0	0	1	0	2	0	2	0	0	1	0	0	1	0	0	0	1	0	0	0	0	0	0	1	1	0	0	0	0	2	0	0	0	0	0	0	1	0	0	1	0	1	0	0	0	0	0	0	1	0	0	0	0	0	0	0	1	0	0	0	0	0	0	0	0	0	0	0	0	0
C1863	0	0	0	1	0	0	1	0	0	0	0	0	2	0	0	0	0	0	0	1	1	2	0	0	0	0	0	2	0	0	0	0	0	0	1	0	0	0	0	0	0	0	0	0	0	1	0	0	1	0	0	0	0	1	0	0	0	1	2	1	1	0	0	0	0	0	0	1	0	0	0	1	1	0	1	0	0	0
C1868	0	0	0	3	0	0	2	0	0	0	0	0	0	0	0	0	0	1	0	0	0	0	0	0	1	0	0	0	0	0	0	0	0	0	0	0	0	1	0	0	0	0	0	1	0	1	0	0	0	0	0	0	0	0	0	0	0	0	0	0	1	0	0	0	1	0	0	0	0	0	0	0	0	0	0	0	0	0
C1869	0	0	1	0	0	0	0	0	13	0	0	0	0	0	0	0	0	0	0	0	0	0	0	0	0	0	0	0	0	0	0	0	0	0	0	0	0	0	0	0	13	0	0	0	0	0	0	0	0	0	0	0	0	0	0	0	0	0	1	0	0	0	0	0	0	27	0	0	0	0	0	0	0	0	0	0	0	0
C1870	0	0	0	1	0	0	0	0	0	0	0	0	1	0	1	0	0	0	0	0	0	0	0	0	1	0	0	0	0	0	0	0	0	1	0	0	0	2	0	0	0	0	0	0	1	0	0	0	0	1	0	0	0	0	0	0	1	0	0	1	0	0	0	0	0	0	0	0	0	0	0	0	0	0	0	0	0	0
C1872	0	0	0	4	3	0	2	1	0	0	1	0	1	0	1	0	0	1	0	1	2	2	0	0	1	2	3	0	0	0	0	3	2	3	0	0	1	2	3	0	0	0	0	0	2	2	0	0	1	0	0	0	3	4	0	0	0	1	1	2	1	0	0	0	1	0	0	0	2	0	0	6	0	0	2	6	0	0
C1873	0	0	0	0	0	0	12	0	0	0	0	0	0	0	0	0	0	0	0	0	0	0	0	0	0	0	0	0	0	0	0	0	0	0	0	0	0	0	0	0	0	0	0	0	0	0	0	0	0	0	0	0	0	0	0	4	0	0	0	0	0	0	0	0	0	0	0	7	0	0	0	0	0	0	0	0	0	0
C1874	0	0	0	0	0	0	0	0	0	0	2	2	0	0	0	0	0	4	0	1	1	0	8	1	0	1	2	0	0	0	0	0	2	0	0	0	2	0	1	2	0	2	0	1	0	0	1	0	1	1	1	0	0	0	0	0	1	1	1	2	0	1	1	0	0	0	0	0	0	0	0	0	0	0	3	0	0	1
C1877	0	0	0	0	0	0	1	6	0	0	0	0	0	0	0	0	0	0	0	0	0	0	1	0	0	0	0	0	0	0	0	0	0	0	8	0	0	1	0	0	0	0	0	0	0	0	0	0	0	0	0	0	0	0	1	1	0	1	0	5	0	4	0	0	0	0	0	0	0	0	0	0	0	0	0	0	0	0
C1878	0	0	0	1	0	0	7	0	0	3	8	0	3	0	1	0	0	6	0	1	2	3	0	0	0	3	0	0	0	0	1	0	1	3	0	0	5	16	1	0	0	0	0	14	0	30	4	0	6	17	0	0	0	4	3	0	0	2	0	2	5	2	0	0	0	0	28	0	0	2	0	0	0	0	2	0	0	0
C1880	0	0	0	0	4	0	2	0	0	0	2	0	0	0	0	0	0	1	1	3	0	2	0	0	0	1	0	0	0	0	0	1	2	1	1	0	1	0	2	0	0	0	0	0	0	0	1	0	2	2	0	0	0	1	1	2	0	1	1	0	0	0	0	1	2	0	0	0	1	0	0	3	0	0	1	1	0	0
C1881	0	0	0	0	0	0	0	0	0	0	2	0	0	0	0	0	0	0	0	0	2	0	0	0	0	0	0	2	0	0	0	0	2	0	0	0	0	2	0	0	0	0	0	0	0	2	2	0	0	0	0	0	0	2	0	0	0	0	0	0	0	1	0	0	2	0	0	0	0	0	0	0	2	0	1	0	0	0
C1882	0	0	0	0	5	0	0	0	0	0	2	0	1	0	3	0	0	0	0	0	5	1	1	0	2	0	0	0	0	0	0	3	2	0	1	0	0	1	2	0	0	0	0	4	0	1	0	0	0	2	0	0	0	5	1	2	0	5	2	4	0	1	0	3	2	0	1	0	6	0	0	0	0	0	1	0	0	0
C1883	0	0	0	0	0	0	9	0	0	0	5	0	0	0	0	0	0	0	0	0	0	0	0	0	0	0	0	0	0	0	0	2	0	0	0	0	0	4	0	0	0	0	0	0	1	0	44	1	0	0	0	0	0	0	0	0	0	0	0	2	0	11	3	0	7	0	0	1	0	0	0	0	0	0	0	0	0	0
C1884	2	4	1	0	2	0	0	1	0	1	0	2	0	1	1	0	2	1	2	0	1	0	0	5	0	0	0	0	0	0	0	0	0	0	0	0	2	0	0	0	0	0	4	0	0	0	0	1	0	0	0	2	0	0	0	0	6	0	1	1	3	0	0	1	0	2	0	1	1	0	0	0	0	0	0	0	0	3
C1885	0	0	0	0	0	0	1	2	0	0	0	0	0	0	0	0	0	1	0	0	0	0	0	0	1	0	0	0	0	0	0	0	0	0	0	0	0	0	0	0	0	0	0	0	1	0	0	0	0	1	0	0	0	0	0	0	0	0	4	0	0	0	0	0	0	0	0	0	0	1	0	0	0	0	0	2	0	0
C1886	0	0	0	1	2	0	1	3	0	2	1	0	2	0	2	0	0	0	0	1	1	1	1	0	0	2	0	3	0	0	0	0	0	0	1	0	1	1	0	0	0	0	0	1	2	0	0	0	4	0	0	0	0	1	0	1	0	0	1	1	1	1	0	1	3	0	0	1	1	0	0	0	0	0	1	1	0	0
C1891	0	0	0	0	0	0	0	0	0	0	42	0	1	0	0	0	0	0	0	0	1	0	0	0	0	0	0	0	0	0	0	0	0	0	0	0	0	0	0	1	0	0	0	0	0	0	0	0	2	0	0	0	0	0	0	0	0	0	0	0	0	0	0	0	0	0	0	0	8	0	0	0	0	0	0	0	0	0
C1895	0	0	0	0	0	0	0	0	0	0	1	0	2	0	1	0	0	0	0	0	0	0	0	0	0	2	0	0	0	0	0	0	0	0	0	0	0	0	1	0	0	0	0	0	1	0	0	0	0	0	0	0	0	0	0	0	0	0	0	1	0	0	0	1	0	0	0	1	0	0	0	0	0	0	0	0	0	0
C1896	0	0	0	1	3	0	0	0	0	0	0	0	0	0	1	0	0	2	0	0	1	1	0	0	0	3	2	1	0	0	0	1	0	2	0	0	2	1	1	1	0	0	0	1	0	3	0	1	0	1	0	0	0	0	2	1	0	1	1	1	0	2	0	1	0	0	2	1	3	0	0	1	0	0	1	1	0	0
C1897	0	0	0	0	0	0	0	0	0	0	6	0	0	0	0	0	0	0	0	0	0	0	0	0	1	0	0	1	0	0	0	0	0	0	0	0	0	0	0	0	0	0	0	1	0	0	0	0	0	0	0	0	0	1	0	1	0	0	0	0	1	0	0	0	0	0	0	0	0	0	0	0	0	0	1	0	0	0
C1902	0	0	0	0	0	0	2	2	0	0	0	0	0	0	0	0	0	0	0	0	0	0	1	0	0	0	0	0	0	0	0	0	0	0	0	0	1	6	0	0	0	0	0	0	0	0	2	0	0	0	0	0	0	0	2	1	0	0	1	4	0	0	0	0	0	0	0	1	0	0	0	0	0	0	0	0	0	0
C1904	0	0	0	0	1	0	0	4	0	0	8	0	0	0	2	0	0	1	0	3	0	0	7	0	0	0	0	0	0	0	3	11	0	0	4	0	1	53	0	1	4	1	1	2	1	0	1	0	2	0	1	0	0	0	17	3	0	0	12	46	1	0	1	0	0	0	0	0	0	0	0	0	0	0	0	4	0	0
C1906	0	0	0	0	1	0	3	0	0	0	3	0	2	0	3	0	0	8	0	2	3	0	1	0	0	2	0	0	0	0	0	1	1	0	0	0	5	0	1	1	0	0	0	4	0	0	0	0	0	3	0	0	0	0	0	0	0	0	0	4	0	0	0	0	0	0	6	0	0	0	0	0	0	0	0	0	0	0
C1907	0	0	0	0	0	0	0	2	0	0	10	0	0	0	0	0	0	0	0	0	0	0	0	0	0	0	0	4	0	0	0	2	0	0	0	0	0	0	0	0	0	0	0	0	0	0	0	0	0	0	0	0	0	0	0	0	0	0	0	0	0	0	0	0	0	0	0	0	0	0	0	0	0	0	0	1	0	0
C1909	8	16	4	0	0	0	0	0	0	0	0	0	0	1	0	5	0	0	0	0	0	0	0	0	0	0	0	0	0	0	0	0	0	0	0	0	0	0	0	0	1	0	0	0	0	1	0	0	0	0	0	1	0	0	0	0	0	0	0	0	0	0	0	0	0	2	0	0	0	0	0	0	0	0	0	0	0	0
C1910	0	0	0	0	24	0	5	0	0	0	0	0	3	0	10	0	1	19	0	4	37	0	21	0	4	39	0	6	0	0	0	0	6	5	0	0	4	6	0	18	0	0	0	10	5	6	0	0	4	6	0	0	0	10	1	0	0	10	2	15	0	16	14	0	1	0	44	0	0	0	0	0	0	0	5	0	0	1
C1912	0	0	0	1	1	0	2	0	0	1	0	0	0	0	0	0	0	0	0	0	0	2	0	0	1	2	0	0	0	0	0	0	2	0	0	0	0	0	2	0	0	0	0	0	0	0	0	0	0	0	0	0	0	0	0	1	0	0	0	0	0	0	0	1	1	0	0	1	0	0	0	0	0	0	0	0	0	0
C1913	0	0	0	1	1	0	1	0	0	0	1	0	0	0	2	0	0	0	0	0	0	0	0	0	0	1	0	4	0	0	0	1	0	1	0	0	0	3	0	0	0	0	0	0	0	1	1	1	0	0	0	0	0	1	0	0	0	0	0	0	3	0	1	0	0	0	2	0	0	0	0	0	0	0	1	0	0	0
C1914	0	0	0	0	0	0	2	0	0	2	0	0	0	0	0	0	0	2	0	0	14	0	0	0	0	0	5	0	0	0	0	0	0	0	0	0	0	3	0	4	0	0	0	0	0	0	24	0	0	2	0	9	19	0	0	0	0	0	0	0	56	0	0	0	40	0	0	0	2	0	0	0	0	0	0	3	0	0
C1917	0	0	0	0	0	0	0	0	0	0	5	0	0	0	0	0	0	0	0	0	0	0	0	0	0	0	0	6	0	0	0	4	0	2	0	0	0	0	0	0	0	0	0	4	0	9	0	0	0	0	0	0	0	0	3	0	0	0	0	0	0	0	0	0	0	0	5	0	0	0	0	0	0	0	0	0	0	0
C1918	0	0	0	0	1	0	0	0	0	0	2	0	1	0	2	0	0	1	0	0	1	0	0	0	0	1	0	0	0	0	0	1	0	0	1	0	0	2	1	0	0	0	0	1	0	5	1	1	0	1	0	0	0	0	2	0	0	0	0	0	0	0	0	0	0	0	4	0	0	0	0	0	0	0	0	1	0	0
C1919	0	0	0	0	0	0	0	0	0	0	0	0	2	0	0	0	0	0	0	0	2	0	0	0	0	0	0	0	0	0	0	0	0	0	0	0	0	0	0	3	0	0	0	0	0	0	0	0	4	0	0	0	0	0	0	0	0	0	0	0	0	0	0	0	0	0	0	0	0	0	0	0	0	0	0	0	0	0
C1921	0	0	0	1	1	0	0	0	0	2	3	0	1	0	0	0	0	0	0	0	1	0	0	0	2	1	0	0	0	0	0	0	0	0	0	0	0	0	1	0	0	0	0	0	1	1	0	0	0	0	0	0	0	0	1	0	0	0	0	0	0	0	0	0	0	0	0	0	0	0	0	2	0	0	1	0	0	0
C1923	5	40	0	0	0	0	0	0	4	0	0	0	0	0	0	0	0	0	0	0	0	0	0	0	0	0	0	0	0	0	0	0	0	0	0	0	0	0	0	0	1	0	0	0	0	0	0	0	0	0	0	0	0	0	0	0	0	0	0	0	0	0	0	0	0	0	0	0	0	0	0	0	0	1	0	0	0	0
C1924	0	0	0	0	0	0	0	0	0	0	2	0	2	0	1	0	0	2	0	0	1	1	0	0	1	1	0	0	0	0	0	0	2	1	0	0	1	1	1	0	0	0	0	2	0	0	0	0	0	1	0	0	0	2	0	1	0	0	2	0	2	1	1	0	0	0	0	0	4	0	0	0	0	0	3	3	0	0
C1926	0	0	1	0	1	0	1	0	0	0	5	0	0	0	0	0	0	1	0	0	0	0	0	0	1	0	0	0	0	0	1	0	0	0	0	0	0	1	0	0	0	0	0	1	0	3	0	0	1	0	0	0	0	0	0	0	0	0	0	0	0	0	0	0	0	0	2	0	0	0	0	0	0	0	0	0	0	0
C1934	0	0	0	0	0	0	0	7	0	0	4	0	0	0	1	0	0	0	0	0	0	0	0	0	0	0	0	2	0	0	0	0	0	0	1	0	0	0	0	0	0	0	0	0	0	0	1	0	0	0	0	0	0	0	0	0	0	0	0	0	1	1	0	2	0	0	0	0	5	0	0	0	0	0	1	0	0	0
C1938	0	0	0	0	0	0	0	0	0	33	0	0	0	0	0	0	0	0	0	0	0	0	0	0	0	2	0	0	0	0	0	0	0	0	0	0	0	0	0	1	0	0	0	0	0	0	1	0	1	0	0	0	0	0	0	0	0	0	6	0	3	0	0	0	11	0	0	0	0	0	0	0	0	0	0	6	0	0
C1940	0	0	0	0	0	0	2	1	0	1	1	0	0	0	0	0	0	0	0	0	0	2	0	0	1	0	0	1	0	0	0	0	0	0	1	0	1	0	1	1	0	0	0	0	0	0	0	0	0	0	0	0	0	0	0	1	0	0	0	0	0	0	0	1	0	0	0	0	0	0	0	1	0	0	0	0	0	0
C1941	0	0	0	0	1	0	0	0	0	0	1	0	1	0	0	0	0	1	0	0	0	1	0	0	0	0	0	1	0	0	0	0	0	0	0	0	0	0	0	0	0	0	0	0	1	0	0	0	0	1	0	0	0	1	0	1	0	0	0	1	0	0	0	0	0	0	0	0	0	0	0	0	0	0	0	0	0	0
C1942	0	0	0	0	0	0	2	0	0	1	0	0	0	0	0	0	0	0	0	0	0	0	0	0	0	0	0	0	0	0	0	0	0	0	0	0	0	0	0	1	0	0	0	0	0	0	0	0	1	0	0	0	0	0	0	2	0	0	0	0	1	0	0	0	0	0	0	1	0	0	0	0	0	0	0	2	0	0
C1943	0	0	0	0	0	0	2	0	0	0	2	0	0	0	0	0	0	0	0	0	0	0	0	0	0	1	0	0	0	0	0	0	0	0	0	0	1	1	0	0	0	0	0	0	0	0	1	0	1	1	0	0	0	0	0	0	0	0	0	1	0	0	1	0	0	0	3	0	0	1	0	0	0	0	1	0	0	0
C1944	0	0	0	0	2	0	2	0	0	0	0	0	3	0	2	0	0	0	1	0	0	1	0	0	0	0	1	0	0	0	0	0	0	0	0	0	1	0	1	0	0	0	0	1	1	0	1	0	0	1	0	0	0	2	0	0	0	0	0	0	0	0	0	1	1	0	0	0	0	0	0	2	0	0	0	1	0	0
C1945	0	0	0	0	0	0	0	0	0	3	0	0	0	0	0	0	0	0	0	0	3	0	0	0	2	0	6	0	0	0	0	0	0	0	0	0	0	0	0	6	0	0	0	0	0	0	0	0	0	0	0	0	0	0	0	0	0	0	0	0	0	0	0	0	4	0	0	3	0	0	0	0	0	0	0	0	0	0
C1946	0	0	0	0	0	0	2	0	0	0	0	0	2	0	5	0	0	0	0	0	0	0	0	0	1	2	0	0	0	0	0	1	2	0	0	0	7	0	3	0	0	0	0	1	0	0	0	0	0	0	0	0	0	1	0	0	0	1	0	2	0	0	0	0	1	0	2	0	1	0	0	0	0	0	0	0	0	0
C1947	0	0	0	1	3	0	2	2	0	1	1	0	0	0	0	0	0	0	0	0	0	0	0	0	0	0	0	0	0	0	2	0	0	0	0	0	0	0	0	0	0	0	0	1	0	0	0	0	0	0	0	0	0	0	0	7	1	0	5	1	0	0	0	0	0	0	3	0	0	0	0	0	0	0	0	0	0	0
C1948	0	0	0	0	4	0	4	0	0	0	4	0	0	0	0	0	0	1	0	0	0	0	0	0	0	1	1	0	0	0	0	1	0	1	0	0	2	0	1	0	0	0	0	4	0	10	2	0	2	0	0	0	0	2	1	0	0	1	0	3	0	1	0	0	0	0	5	0	0	0	0	0	0	0	0	0	0	0
C1951	0	0	0	0	2	0	2	0	0	0	1	0	1	0	1	0	0	3	0	0	0	0	1	0	1	2	1	0	0	0	0	1	0	0	0	0	1	1	0	0	0	0	0	1	0	0	0	0	3	2	1	0	0	1	0	0	0	0	1	0	0	1	0	0	0	0	3	0	0	0	0	0	0	0	0	0	0	0
C1952	0	0	0	0	2	0	296	1	0	0	0	0	0	0	0	7	0	1	0	0	0	0	1	0	0	1	3	0	0	0	0	1	2	0	7	0	0	3	0	23	0	2	1	6	0	0	11	0	1	0	0	0	0	1	0	118	0	0	1	1	3	0	1	0	0	0	0	161	2	1	1	0	0	0	0	32	0	0
C1953	0	0	0	0	0	0	2	1	0	1	1	0	0	0	0	0	0	0	0	0	0	1	0	0	0	1	1	0	0	0	0	2	0	0	0	0	1	1	0	0	0	0	0	1	1	0	1	0	0	0	0	0	0	1	1	1	0	0	1	1	0	1	0	1	0	0	0	3	1	0	0	3	0	0	2	1	0	0
C1955	0	0	0	0	1	0	0	0	0	0	1	0	0	0	0	0	0	0	0	0	1	0	0	1	0	1	1	0	0	0	0	1	0	1	0	0	1	0	1	0	0	0	0	0	0	0	0	0	0	0	0	0	0	1	0	1	1	0	0	0	0	2	0	2	0	0	0	1	0	0	0	1	0	0	0	0	0	0
C1957	0	0	0	1	0	0	1	0	0	0	0	0	1	0	0	0	0	0	0	0	1	2	0	0	0	1	1	0	0	0	0	0	0	1	0	0	1	0	0	0	0	0	0	0	0	0	0	0	0	0	0	0	0	0	0	0	0	0	0	0	0	0	0	0	1	0	0	1	1	0	0	0	0	0	1	0	0	0
C1958	0	0	0	0	0	0	0	0	0	0	4	0	0	0	1	0	0	0	0	0	0	0	0	0	0	0	0	0	0	0	0	1	0	0	0	0	0	0	0	1	0	0	0	0	0	0	0	0	0	0	0	0	0	1	0	3	0	1	0	0	0	1	0	1	0	0	0	0	0	0	0	0	0	0	0	0	0	0
C1965	0	0	0	0	0	0	0	2	0	0	0	0	0	0	0	0	0	1	0	0	0	0	0	0	0	1	0	0	0	0	0	0	0	0	0	0	0	1	0	0	0	0	0	1	0	0	0	0	1	1	0	0	0	0	0	4	0	0	8	0	0	0	0	0	0	0	0	0	0	1	0	0	0	0	0	0	0	0
C1968	0	0	0	1	3	0	3	0	0	1	2	0	0	0	3	0	0	2	0	2	3	0	1	0	0	1	0	2	0	0	0	0	1	1	0	0	3	2	1	1	0	0	0	8	1	5	1	0	4	2	0	0	0	1	0	0	0	1	1	4	0	0	1	0	0	0	5	0	0	0	0	0	0	0	1	0	0	0
C1970	0	0	0	4	0	0	8	0	0	0	2	0	1	0	2	0	0	3	0	0	4	0	1	0	2	3	0	2	0	0	0	0	0	0	0	0	3	10	1	1	0	0	0	7	0	19	4	1	3	10	0	0	0	2	0	0	0	0	0	0	1	1	0	0	0	0	10	0	0	1	0	0	0	0	2	1	0	0
C1972	1	2	1	0	0	0	0	0	6	0	0	0	0	0	0	0	0	0	0	0	0	0	0	0	0	0	0	0	0	0	0	0	0	0	0	0	0	0	0	0	0	0	0	0	0	0	0	0	0	0	0	0	0	0	0	0	0	0	0	0	0	0	0	0	0	3	0	0	0	0	0	0	0	0	0	0	0	0
C1974	0	0	0	0	0	0	1	0	0	0	3	1	0	0	0	0	0	0	0	0	0	2	0	0	0	0	0	0	0	0	0	0	0	0	0	0	2	1	2	0	0	0	0	3	0	1	0	0	0	0	0	0	0	1	0	0	0	0	0	1	0	0	0	0	1	0	0	0	0	0	0	0	0	0	1	0	0	0
C1976	4	8	3	0	0	0	0	0	0	0	0	73	0	3	0	0	73	0	244	0	0	0	0	413	0	0	0	0	0	0	0	0	0	0	0	0	0	0	0	0	0	2	192	0	0	0	0	0	0	0	0	2	0	0	0	0	376	0	0	0	0	0	0	0	0	1	0	0	0	0	0	0	0	0	0	0	0	214
C1977	0	0	0	2	1	0	0	0	0	0	0	0	2	0	0	0	0	0	0	0	1	1	0	1	0	0	0	0	0	0	0	0	4	0	1	0	4	0	1	0	0	0	0	0	0	0	1	0	0	0	0	0	0	1	1	0	1	0	1	0	1	0	0	3	0	0	1	0	1	0	0	1	0	0	0	0	0	1
C1979	0	0	0	0	0	0	2	0	0	0	25	0	26	0	16	0	0	0	0	0	0	5	0	0	0	0	0	6	0	0	0	3	1	3	0	0	0	0	3	0	0	0	0	0	0	0	7	2	0	1	0	0	0	7	0	0	0	85	0	0	1	65	7	0	0	0	0	0	1	18	0	3	0	0	0	0	0	0
C1981	0	0	0	0	3	0	0	0	0	0	0	1	1	0	1	0	0	1	0	0	0	0	0	0	1	0	0	0	0	1	0	0	0	0	0	0	0	1	0	0	0	0	0	1	0	0	0	0	7	0	0	0	0	0	0	0	0	2	1	0	0	0	0	0	0	0	0	0	0	0	0	0	0	0	0	3	0	0
C1982	0	0	0	1	0	0	0	1	0	0	0	0	0	0	0	0	0	0	0	0	0	0	0	0	0	1	0	0	0	0	0	1	0	0	0	0	0	1	1	0	0	0	0	1	0	0	0	0	1	0	0	0	0	0	0	3	0	0	4	1	0	0	0	0	0	0	0	0	0	0	0	0	0	0	0	0	0	0
C1985	0	0	0	0	0	0	3	0	0	0	1	0	0	0	1	0	0	1	0	0	0	0	1	0	0	0	0	0	0	0	0	1	1	0	0	0	2	1	0	0	0	0	0	4	0	2	0	0	0	0	0	0	0	0	0	0	0	0	1	3	1	0	1	0	1	0	2	0	0	0	0	0	0	0	0	0	0	0
C1986	0	0	0	0	9	0	0	3	0	1	0	0	0	0	1	0	0	2	0	1	1	0	0	0	2	0	0	0	0	0	1	1	0	0	0	0	0	0	0	0	0	0	0	1	0	0	0	0	2	0	0	0	1	2	1	18	0	0	3	0	0	2	0	0	0	1	1	0	2	1	0	0	0	0	0	0	0	0
C1987	5	12	7	0	0	0	0	0	0	0	0	0	0	1	0	1	0	0	0	0	0	0	0	0	0	0	0	0	0	0	0	0	0	0	0	0	0	0	0	0	0	0	0	0	0	0	0	0	0	0	0	3	0	0	0	0	0	0	0	0	0	0	0	0	0	2	0	0	0	0	0	0	0	0	0	0	0	0
C1990	0	0	0	1	1	0	4	65	0	0	6	0	5	0	0	0	0	1	0	0	1	0	7	0	0	4	0	0	0	0	0	21	0	0	21	0	0	48	0	4	0	0	0	9	0	0	4	0	0	0	0	0	0	0	8	46	0	0	15	57	3	32	1	0	1	0	0	1	0	0	0	0	0	0	0	11	0	0
C1991	0	0	0	0	0	0	1	0	0	0	6	0	2	0	3	0	0	0	0	0	1	0	0	0	0	0	0	0	0	0	0	0	0	0	0	0	0	0	0	0	0	0	0	0	0	0	1	0	0	0	0	0	0	1	0	0	0	39	0	0	0	8	0	0	0	0	0	0	0	3	0	0	0	0	0	0	0	0
C1992	0	0	0	0	0	0	0	1	0	0	0	0	1	0	1	0	0	0	0	0	0	0	0	0	0	0	0	0	0	0	0	1	1	0	0	0	0	0	1	0	0	0	0	2	0	0	0	0	0	0	0	0	0	1	0	0	0	1	0	0	0	0	2	1	0	0	0	0	0	0	0	0	0	0	0	0	0	0
C1995	0	0	0	2	5	0	0	5	0	2	5	0	2	0	5	0	0	1	0	3	4	1	3	0	5	6	1	12	0	0	0	1	0	2	0	0	4	2	3	7	0	0	0	0	4	2	0	1	2	2	0	0	0	2	2	5	0	3	8	0	2	5	0	12	1	0	0	0	0	4	0	0	0	0	0	9	0	0
C1996	0	0	0	0	1	0	5	0	0	1	2	0	2	0	3	0	1	0	0	1	0	0	1	0	0	0	0	1	0	1	1	1	2	0	0	0	4	5	1	1	0	0	0	2	0	6	3	2	6	1	1	0	0	0	0	0	0	0	0	2	2	0	1	0	0	0	4	0	0	0	0	0	0	0	0	2	0	0
C1997	0	0	0	0	0	0	1	1	0	3	2	0	1	0	2	0	0	2	0	1	1	1	0	0	0	0	0	0	0	1	0	2	0	1	0	0	4	1	0	1	0	1	0	0	0	2	1	1	0	0	0	0	1	1	1	0	0	0	0	2	1	0	0	1	0	0	3	0	0	1	0	0	0	0	1	1	0	0
C1998	0	0	0	0	0	0	0	0	0	0	0	0	0	0	0	14	0	0	0	0	0	0	0	0	0	0	0	0	0	0	0	0	0	0	0	0	0	0	0	0	0	0	0	0	0	0	0	0	0	0	0	0	0	0	0	0	0	0	0	0	0	0	0	0	0	0	0	0	0	0	0	0	0	0	0	0	0	0
C1999	0	0	0	0	2	0	0	3	0	0	0	0	5	0	0	0	0	1	0	0	1	0	0	0	0	0	0	0	0	0	0	0	0	0	0	0	3	0	0	1	0	0	0	0	1	4	0	0	1	0	0	0	0	1	0	0	0	0	1	0	0	0	0	3	0	0	3	0	1	0	0	0	0	0	1	1	0	0
C2000	0	0	0	0	0	0	2	0	0	0	8	1	0	0	0	0	0	0	1	0	0	0	0	0	0	0	0	0	0	0	0	0	0	0	0	0	0	1	0	2	0	0	0	0	7	0	0	0	2	0	1	0	0	0	2	3	0	0	6	0	1	2	0	0	1	0	0	1	0	1	5	0	1	0	0	0	0	0
C2003	0	0	0	0	0	0	0	1	0	0	0	0	0	0	2	0	0	0	0	0	0	0	0	0	0	0	0	2	0	0	0	0	0	0	0	0	2	0	0	0	0	0	0	0	0	1	0	0	1	0	0	0	0	0	0	1	0	0	0	1	1	1	0	1	0	0	3	0	0	0	0	0	0	0	0	0	0	0
C2004	0	0	0	2	3	0	4	3	0	1	1	0	4	0	1	0	0	2	0	0	3	4	0	0	1	0	2	2	0	0	0	2	2	0	0	0	4	2	3	1	0	0	0	0	1	3	0	4	0	2	0	0	0	0	0	1	0	1	3	4	1	1	1	1	2	0	0	1	4	0	0	4	0	0	1	1	0	0
C2006	0	1	0	0	0	0	0	0	1	0	0	0	0	12	0	0	0	0	0	0	0	0	0	0	0	0	0	0	0	0	0	0	0	0	0	0	0	0	0	0	6	0	0	0	0	0	0	0	0	0	0	2	0	0	0	0	0	0	0	0	0	0	0	0	0	0	0	0	0	0	0	0	0	0	0	0	0	0
C2009	0	1	0	0	0	0	0	5	0	0	0	0	1	0	0	0	0	0	0	0	0	0	0	0	0	0	0	0	0	0	0	0	0	0	1	0	0	0	0	0	0	0	0	0	0	0	0	0	0	0	0	0	0	0	0	2	0	0	0	4	0	2	0	0	0	1	0	0	0	0	0	0	0	1	0	0	0	0
C2012	0	0	0	11	2	0	2	7	0	3	3	0	5	0	15	0	0	3	0	1	7	0	4	1	3	1	3	5	0	0	0	3	0	5	5	0	2	8	0	5	0	0	0	7	11	3	1	5	2	2	0	0	0	14	3	2	0	7	4	2	4	3	5	16	6	0	14	0	28	0	0	6	0	0	11	8	0	1
C2016	0	0	0	0	2	0	6	0	0	41	7	0	4	0	0	0	0	0	0	2	2	0	2	0	0	0	0	0	0	0	0	0	0	0	4	0	0	4	0	2	0	0	0	0	0	0	21	0	1	0	0	0	4	0	2	0	0	0	0	2	72	0	0	0	0	0	0	0	6	0	0	0	0	0	0	0	0	3
C2017	0	0	0	0	0	0	0	0	0	0	0	0	0	4	0	0	0	0	0	0	0	0	0	0	0	0	0	0	0	0	0	0	0	0	0	0	0	0	0	0	0	0	0	0	0	0	0	0	0	0	0	0	0	0	0	0	0	0	0	0	0	0	0	0	0	0	0	0	0	0	0	0	0	7	0	0	0	0
C2018	0	0	0	0	2	0	0	1	0	1	0	0	2	0	2	0	1	0	0	2	0	0	0	0	0	1	0	0	0	0	0	1	1	0	1	0	1	0	0	1	0	0	0	1	0	0	0	0	1	0	2	0	0	0	1	0	0	0	1	0	0	1	3	1	0	0	2	0	0	1	0	0	0	0	1	0	1	0
C2019	0	0	0	0	4	0	8	1	0	0	3	0	3	0	1	0	0	5	0	1	4	10	1	0	4	2	3	0	0	0	0	1	4	2	0	0	8	0	2	2	0	0	1	3	0	2	0	0	1	0	0	0	0	3	2	0	0	6	0	10	2	0	0	0	4	0	2	0	6	0	0	1	0	0	7	0	0	0
C2020	0	0	0	2	2	0	2	0	0	0	3	0	0	0	2	0	0	4	0	1	2	0	0	0	1	3	0	1	0	0	0	0	2	0	0	0	1	0	0	0	0	0	0	3	0	6	0	1	2	0	0	0	0	0	0	1	0	2	0	0	0	1	0	2	0	0	3	0	0	0	0	0	0	0	1	0	0	0
C2021	0	0	0	0	0	0	0	0	0	0	0	0	0	0	0	33	0	0	0	0	0	0	0	0	0	0	0	0	0	0	0	0	0	0	0	0	0	0	0	0	0	0	0	0	0	0	0	0	0	0	0	0	0	0	0	0	0	0	0	0	0	0	0	0	0	0	0	0	0	0	0	0	0	0	0	0	0	0
C2023	0	0	0	0	0	0	0	0	0	0	0	2	0	0	0	0	1	0	5	0	0	0	0	4	0	0	0	0	0	0	0	0	0	0	0	0	0	0	0	0	0	0	0	0	0	0	0	0	0	0	0	0	0	0	0	0	0	0	0	0	0	0	0	0	0	0	0	0	0	0	0	0	0	0	0	0	1	1
C2026	10	9	0	0	0	0	0	0	0	0	0	0	0	1	0	4	0	0	0	0	0	0	0	0	0	0	0	0	0	0	0	0	0	0	0	0	0	0	0	0	1	0	0	0	0	0	0	0	0	0	0	0	0	0	0	0	0	0	0	0	0	0	0	0	0	0	0	0	0	0	0	0	0	0	0	0	0	0
C2027	0	0	0	0	0	0	66	1	0	0	0	1	2	1	0	0	0	0	0	0	0	0	0	0	0	16	0	0	0	0	0	3	0	0	7	0	0	1	0	2	0	0	5	313	0	0	33	0	1	0	0	0	0	0	0	5	0	0	0	0	1	1	0	0	4	0	0	0	0	0	0	0	0	0	0	0	0	0
C2032	0	0	0	3	2	0	1	0	0	0	2	0	5	0	0	0	2	0	0	0	9	0	0	0	0	7	2	6	0	0	0	0	0	0	0	1	2	0	1	1	0	0	0	0	1	0	0	0	0	1	0	0	0	0	0	0	4	0	0	0	0	1	1	0	1	0	0	1	0	20	0	0	0	0	0	0	0	0
C2033	0	0	0	0	7	0	40	1	0	0	1	0	0	0	0	0	0	0	0	0	0	0	0	0	0	2	1	0	0	2	0	0	0	0	2	0	1	4	0	2	0	0	0	0	0	0	9	0	5	0	0	0	1	0	0	30	0	0	1	7	4	1	0	0	7	0	0	69	1	0	7	0	0	0	1	2	0	0
C2036	13	26	18	0	0	0	0	0	0	0	0	0	0	3	0	0	0	0	0	0	0	0	0	0	0	0	0	0	0	0	0	0	0	0	0	0	0	0	0	0	0	0	0	0	0	0	0	0	0	0	0	2	0	0	0	0	0	0	0	0	0	0	0	0	0	9	0	0	0	0	0	0	0	0	0	0	0	0
C2037	0	0	0	3	2	0	6	1	0	1	2	0	2	0	4	0	0	7	0	1	8	9	1	0	2	7	1	2	0	0	0	4	5	1	0	0	4	1	2	0	0	0	0	6	2	1	1	2	0	1	0	0	0	6	1	4	1	2	6	3	5	2	0	4	2	0	2	2	2	0	0	5	0	0	5	2	0	0
C2042	0	0	0	0	0	0	1	0	0	0	0	0	3	0	0	0	0	0	0	0	0	0	0	0	0	0	0	0	0	0	0	1	0	1	0	0	1	0	1	0	0	0	0	1	0	2	0	0	0	1	0	0	0	0	0	0	0	1	0	0	0	0	0	0	0	0	0	0	0	0	0	0	0	0	0	0	0	0
C2043	0	0	0	0	0	0	0	0	0	0	2	0	0	0	0	0	2	2	0	0	0	0	0	0	0	0	0	0	0	0	0	0	8	2	0	0	0	0	0	0	0	1	0	0	0	0	9	0	0	0	0	0	0	2	0	0	0	0	0	0	5	0	2	0	29	0	2	0	0	0	0	0	0	0	2	0	0	0
C2044	0	0	0	2	0	0	1	1	0	0	0	0	2	0	2	0	0	3	0	0	2	0	1	0	0	4	0	0	0	0	0	3	2	2	3	0	0	0	0	1	0	0	0	0	2	0	0	0	0	1	0	0	0	1	1	3	0	0	2	2	2	1	1	2	2	0	1	2	3	0	0	6	0	0	1	2	0	1
C2045	0	0	0	0	1	0	0	0	0	0	0	0	1	0	0	0	0	0	0	0	0	1	0	0	0	1	0	0	0	0	0	0	0	1	0	0	0	0	2	0	0	0	0	0	0	0	1	0	1	0	0	0	0	0	0	1	0	0	0	1	0	0	0	0	0	0	0	0	1	0	0	0	0	0	0	1	0	0
C2046	0	46	3	4	0	0	0	1	1	0	0	0	0	14	0	0	0	0	0	0	0	0	0	0	0	1	1	0	0	0	0	0	0	0	2	0	0	0	0	0	0	0	0	0	0	0	0	0	0	0	0	19	0	0	0	0	0	0	0	0	0	0	0	0	0	9	0	0	1	0	0	3	0	0	0	0	0	0
C2049	0	0	2	0	0	0	0	0	0	0	0	0	0	0	0	18	0	0	0	0	0	0	0	0	0	0	0	0	0	0	0	0	0	0	0	0	0	0	0	0	5	0	0	0	0	0	0	0	0	0	0	0	0	0	0	0	0	0	0	0	0	0	0	0	0	0	0	0	0	0	0	0	0	2	0	0	0	0
C2050	0	0	0	0	0	0	1	8	0	0	0	0	1	0	0	0	0	0	0	0	0	0	0	0	0	0	0	0	0	0	0	7	0	0	2	0	0	0	0	1	0	0	0	4	0	0	1	0	0	0	0	0	0	0	0	3	0	0	0	1	0	9	0	0	0	0	0	0	0	0	0	0	0	0	0	0	0	0
C2051	2	0	4	0	0	0	0	0	0	0	0	0	0	1	0	0	0	2	0	0	0	0	0	0	0	0	0	0	0	0	0	0	0	0	0	0	1	0	0	0	3	0	0	0	0	0	0	0	0	0	0	0	0	0	0	0	0	0	0	0	0	0	0	0	0	0	0	0	0	0	0	0	0	0	0	0	0	0
C2053	0	0	0	4	1	0	2	0	0	2	1	0	1	0	1	0	0	0	0	0	0	2	1	0	1	3	1	1	0	0	0	0	1	1	0	0	0	1	1	0	0	0	0	0	0	1	0	0	2	0	0	0	0	0	4	0	0	1	0	3	1	1	0	1	1	0	2	1	1	0	0	3	0	0	3	0	0	0
C2054	5	8	0	0	0	0	0	0	0	0	0	0	0	4	0	5	0	0	0	0	0	0	0	0	0	0	0	0	0	0	0	0	0	0	0	0	0	0	0	0	1	0	0	0	0	0	0	0	0	0	0	3	0	0	0	0	0	0	0	0	0	0	0	0	0	0	0	0	0	0	0	0	0	0	0	0	0	0
C2055	0	0	0	2	0	0	0	0	0	0	1	0	2	0	0	0	0	0	0	0	0	0	1	0	1	0	0	1	0	0	0	0	0	0	0	0	1	0	0	0	0	0	0	0	1	1	0	0	0	0	0	0	0	0	2	0	0	0	1	0	0	0	0	0	0	0	0	0	2	0	0	0	0	0	0	1	0	0
C2056	1	2	0	3	5	0	4	3	0	3	3	0	5	0	5	0	0	3	0	1	5	4	0	0	1	4	0	3	0	0	0	1	3	3	1	0	4	2	2	0	0	0	0	3	0	3	1	2	0	3	0	0	2	2	4	0	0	4	2	0	7	0	0	5	4	0	1	4	7	0	0	13	1	0	3	2	0	0
C2057	0	0	0	3	0	0	2	0	0	0	1	0	0	0	2	0	0	0	0	0	0	3	2	0	0	3	1	0	0	0	0	1	1	1	2	0	0	1	1	0	0	0	1	1	0	0	0	0	2	0	0	0	0	0	0	0	2	1	0	2	1	0	0	1	2	0	0	1	1	0	0	1	0	0	3	1	0	0
C2058	0	0	0	4	6	0	1	1	0	0	0	1	6	0	3	0	0	1	0	3	0	2	0	0	0	0	1	3	0	0	0	3	3	1	0	0	10	5	11	4	0	1	0	1	0	3	1	3	4	0	3	0	0	4	5	1	0	1	1	1	5	6	6	4	3	0	4	0	0	8	0	0	0	0	4	3	1	0
C2059	10	9	2	0	0	0	0	0	0	0	0	0	0	5	0	1	0	0	0	0	0	0	0	0	0	0	0	0	0	0	0	0	0	0	0	0	0	0	0	0	0	0	0	0	0	0	0	0	0	0	0	2	0	0	0	0	0	0	0	0	0	0	0	0	0	4	0	0	0	0	0	0	0	0	0	0	0	0
C2063	0	0	0	0	0	0	0	9	0	0	9	0	0	0	3	0	0	0	0	0	0	0	0	0	1	0	0	2	0	0	0	0	0	0	0	0	0	0	0	0	0	0	0	0	0	0	1	0	0	1	0	0	0	2	0	0	0	0	0	0	1	0	0	12	0	0	0	0	2	0	0	0	0	0	0	1	0	0
C2064	0	0	0	0	0	0	0	0	0	0	0	0	1	0	1	0	0	0	0	1	1	0	0	0	0	0	0	0	0	0	0	0	0	0	0	0	2	0	0	0	0	0	0	0	0	0	0	1	1	0	0	0	0	0	0	1	0	0	1	1	0	0	0	0	3	0	0	0	0	0	0	0	0	0	0	0	0	0
C2066	0	0	0	1	0	0	0	25	0	0	1	0	4	0	0	0	0	0	0	0	0	0	0	0	0	0	0	0	0	0	0	8	0	0	18	0	0	18	0	1	0	0	0	0	0	0	0	0	0	0	0	0	0	0	13	9	0	0	6	27	1	13	0	0	1	0	0	0	1	0	0	0	0	0	0	6	0	0
C2067	0	0	0	0	1	0	0	0	0	0	1	0	3	0	0	0	0	0	0	1	0	0	0	0	0	0	0	0	0	0	0	0	0	0	0	0	1	0	0	2	0	0	0	0	0	0	0	1	0	0	0	0	0	0	0	0	0	1	0	0	1	0	2	2	0	0	0	0	1	1	0	0	0	0	0	0	0	0
C2068	0	0	0	5	1	0	0	2	0	2	3	0	4	0	0	0	0	0	0	0	6	8	1	0	2	4	5	2	0	0	0	6	4	3	2	0	1	1	5	2	0	0	0	2	6	4	1	3	2	4	0	0	0	4	1	3	0	3	5	4	1	1	1	6	1	0	4	4	4	0	0	2	0	0	1	4	0	0
C2069	13	9	8	0	0	0	0	0	0	0	0	0	0	2	0	1	0	0	0	0	0	0	0	0	0	0	0	0	0	0	0	0	0	0	0	0	0	0	0	0	0	0	0	0	0	0	0	0	0	0	0	0	0	0	0	0	1	0	0	0	0	0	0	0	0	2	0	0	0	0	0	1	0	0	0	0	0	0
C2070	0	0	0	0	0	0	1	29	0	2	3	0	0	0	0	0	0	0	0	0	0	0	0	0	1	0	0	0	0	0	0	12	1	0	5	0	0	5	0	2	0	0	0	1	1	0	3	0	0	0	0	0	0	0	0	5	0	0	1	7	0	17	0	0	2	0	0	6	0	0	0	0	0	0	0	3	0	0
C2073	0	1	0	3	3	0	33	0	0	1	2	0	2	0	3	7	0	5	0	0	2	3	0	1	1	3	0	2	0	0	0	2	1	2	0	0	11	3	8	1	0	0	0	5	0	8	2	5	3	2	0	0	0	5	0	1	0	1	0	13	3	4	1	2	9	0	8	1	0	3	0	0	0	0	1	9	1	0
C2076	16	7	10	0	0	0	0	0	0	0	0	0	0	2	0	8	0	0	0	0	0	0	0	0	0	0	0	0	0	0	0	0	0	0	0	0	0	0	0	0	11	0	0	0	0	0	0	0	0	0	0	1	0	0	0	1	0	0	0	0	0	0	0	0	0	33	1	0	0	0	0	0	0	0	0	0	0	0
C2077	0	0	0	0	0	0	17	0	0	0	0	0	0	0	1	0	1	0	0	0	1	0	0	0	0	1	0	0	0	0	0	1	5	1	1	0	1	1	2	1	0	0	0	1	7	0	1	0	2	0	0	0	0	0	0	26	0	0	1	2	2	4	0	0	1	0	0	15	0	28	0	0	0	0	0	2	0	0
C2078	0	0	0	0	0	0	1	1	0	0	2	0	2	0	0	0	0	1	0	0	0	1	0	0	0	0	1	0	0	0	0	0	0	2	0	0	3	0	2	0	0	0	0	3	0	0	1	0	0	1	0	0	0	1	0	0	0	1	0	0	0	2	0	0	0	1	0	0	0	0	0	1	0	0	2	0	0	0
C2079	0	0	0	0	2	0	0	1	0	0	1	0	0	0	0	0	0	0	0	0	2	0	0	0	0	0	1	0	0	0	0	0	1	0	0	0	2	1	0	0	0	0	0	0	0	0	1	0	0	1	0	0	0	1	0	1	0	1	0	1	0	1	0	6	1	0	1	0	1	0	0	0	0	0	0	1	0	0
C2081	0	0	0	3	6	0	1	7	0	6	3	0	4	0	4	1	0	2	1	1	0	2	0	0	0	2	2	1	0	0	0	4	0	1	1	0	0	1	0	0	0	0	0	9	1	1	0	2	1	2	1	0	0	6	1	10	0	2	8	0	4	0	4	9	3	1	7	0	5	6	0	1	0	0	0	2	0	0
C2084	0	0	0	0	0	0	0	0	0	0	3	0	0	0	0	0	0	0	0	0	0	0	0	0	0	0	0	0	0	0	0	0	0	0	14	0	0	0	0	0	0	0	0	0	0	0	3	0	0	0	0	0	0	0	0	0	0	0	0	0	2	1	0	0	0	0	0	0	0	0	0	0	0	0	0	0	0	0
C2085	0	0	0	0	1	0	2	0	0	0	0	0	4	0	1	0	0	0	0	0	2	0	0	0	1	1	1	2	0	0	0	0	2	1	2	0	1	2	1	0	0	0	0	2	1	0	0	0	0	1	0	0	0	1	0	0	0	0	1	1	4	0	0	4	1	0	0	0	0	0	0	3	0	0	1	0	0	0
C2094	0	0	0	0	0	0	22	0	0	0	0	0	0	0	0	0	0	0	0	0	0	0	0	0	0	0	0	0	0	0	0	0	0	0	1	0	0	0	0	0	0	0	0	2	0	0	0	0	0	0	0	0	0	0	0	13	0	0	0	0	0	0	0	0	0	0	0	13	1	0	0	0	0	0	0	2	0	0
C2095	0	0	0	0	1	1	0	0	0	0	0	0	0	0	0	1	0	0	0	1	0	0	0	0	0	1	0	1	0	0	0	0	1	0	0	0	0	0	1	2	0	3	0	0	0	3	1	0	9	2	1	0	0	0	0	0	0	0	0	1	0	0	1	0	0	0	2	0	0	0	1	0	0	0	1	0	0	0
C2096	0	0	0	0	0	0	5	0	0	0	1	0	3	0	6	0	0	3	1	2	2	7	0	0	1	9	2	3	0	0	0	1	0	2	0	0	4	0	1	3	0	0	0	8	0	6	1	0	2	6	0	0	0	0	4	0	0	1	0	1	1	1	1	0	13	0	2	0	1	0	0	0	0	0	1	0	0	0
C2097	0	0	0	0	0	0	0	0	0	0	1	0	0	0	3	0	0	0	0	1	0	0	0	0	0	0	0	2	0	0	0	0	0	0	0	0	0	0	0	0	0	0	0	0	1	0	0	0	0	0	0	0	0	4	0	0	0	9	0	0	0	2	0	0	0	0	0	0	0	0	0	0	0	0	0	1	0	0
C2099	0	0	0	0	0	0	0	0	0	0	0	0	2	0	1	0	0	0	0	0	0	0	0	0	0	0	0	0	0	0	0	0	0	0	0	0	0	1	0	0	0	0	0	0	0	1	1	0	0	0	0	0	0	0	0	0	0	0	0	0	0	0	1	1	0	0	1	1	0	1	0	0	0	0	0	0	0	0
C2101	0	0	0	0	0	0	0	0	0	10	0	0	0	0	0	0	0	0	0	0	1	0	0	0	0	0	4	0	0	0	0	0	0	0	0	0	0	1	0	2	0	0	0	0	0	0	0	0	20	0	0	0	0	0	0	0	0	0	0	0	37	0	0	0	0	0	0	0	0	0	0	0	0	0	2	0	0	0
C2103	0	0	0	0	1	1	30	0	0	0	0	0	0	0	0	0	0	0	0	0	0	0	0	0	0	0	0	0	0	0	0	0	0	0	0	0	0	0	0	1	0	0	0	0	0	0	1	0	1	0	0	0	0	0	0	19	0	0	2	0	1	0	0	0	2	0	0	34	1	0	0	0	0	0	0	3	0	0
C2104	0	0	1	0	0	0	0	0	0	0	0	1	0	0	0	0	0	0	0	0	0	0	1	0	0	1	0	0	0	0	0	0	0	0	0	0	1	0	0	1	0	0	0	0	0	0	1	0	0	0	0	1	0	0	0	0	0	0	0	0	0	0	2	0	0	1	0	0	0	0	0	0	0	0	0	0	0	0
C2106	0	0	0	2	2	0	1	0	0	0	0	0	4	0	0	0	0	0	0	2	1	0	0	0	0	1	0	0	0	0	0	0	0	0	0	0	0	0	0	3	0	0	0	0	0	0	0	0	6	0	0	0	3	0	0	0	0	0	1	0	3	0	0	0	26	0	0	0	2	0	0	2	0	0	0	0	0	0
C2108	9	7	3	0	0	0	0	0	0	0	0	0	0	0	0	1	0	0	0	0	0	0	0	0	0	0	0	0	0	0	0	0	0	0	0	0	0	0	0	0	0	0	0	0	0	0	0	0	0	0	0	2	0	0	0	0	0	0	0	0	0	0	0	0	0	3	0	0	0	0	0	0	0	0	0	0	0	0
C2109	0	0	0	1	2	0	0	0	0	0	0	0	2	0	2	0	0	0	0	0	0	0	0	0	0	0	0	0	0	0	0	0	0	0	0	0	1	0	0	0	0	1	0	1	0	0	0	0	0	0	0	0	0	0	0	0	0	1	0	0	1	0	3	2	0	0	0	0	0	1	0	0	0	0	2	0	0	0
C2110	0	0	0	1	0	0	3	1	0	1	0	0	3	0	1	0	0	0	0	0	3	0	0	1	1	2	0	1	0	0	0	0	0	1	0	0	0	1	0	0	0	0	0	2	0	0	1	2	1	1	0	0	0	1	1	0	0	1	1	1	0	0	0	2	0	0	1	0	0	0	0	0	0	0	0	1	0	0
C2111	0	0	0	6	11	0	4	1	0	1	1	0	3	0	1	0	1	7	0	9	2	2	1	1	1	3	1	2	0	0	1	0	4	0	0	0	6	3	2	3	0	2	0	1	0	1	5	4	19	0	3	0	0	2	0	0	0	2	1	2	2	2	2	1	1	0	3	0	1	11	1	0	0	0	0	0	1	0
C2113	0	0	0	0	0	0	0	0	0	0	0	0	4	0	0	0	0	0	0	1	0	1	0	0	0	0	0	1	0	0	0	0	0	0	0	0	1	0	0	1	0	0	0	0	0	0	0	0	0	0	0	0	0	0	0	1	0	0	0	0	0	0	0	0	0	0	0	1	0	0	0	0	0	0	1	0	0	0
C2114	0	0	0	1	0	0	0	0	0	2	0	1	1	0	1	0	0	0	0	0	0	2	0	0	0	1	0	0	0	0	0	1	1	1	0	0	3	0	1	1	0	0	0	1	2	1	0	0	0	0	0	0	0	0	0	0	0	1	1	0	2	0	0	0	0	0	1	0	0	0	0	0	0	0	1	0	0	0
C2116	0	0	0	4	1	0	1	0	0	0	1	0	1	0	0	0	0	0	0	0	2	1	1	0	0	0	2	1	0	0	0	1	1	0	0	0	1	0	0	0	0	0	0	0	1	1	1	0	0	1	0	0	0	1	0	0	0	0	0	1	1	3	1	1	0	0	1	4	0	0	0	2	0	0	0	0	0	0
C2117	0	0	0	4	1	0	2	1	0	1	0	0	1	0	0	0	0	3	0	1	1	7	0	0	2	2	1	1	0	0	0	0	2	4	0	0	2	0	4	1	0	0	0	1	1	0	0	0	0	0	0	0	0	0	1	1	0	1	1	3	0	1	1	2	0	0	0	2	3	0	0	2	0	0	1	0	0	0
C2118	0	0	0	0	0	0	0	0	0	0	1	0	2	0	1	0	0	0	0	0	0	0	0	0	2	1	0	0	0	0	0	1	0	0	0	0	1	0	1	0	0	0	0	1	0	0	0	0	0	1	0	0	0	0	0	0	0	2	0	3	0	0	0	0	0	0	0	0	1	0	0	0	0	0	3	0	0	0
C2119	0	0	0	1	1	0	0	0	0	2	1	0	0	0	1	0	0	0	0	0	3	0	1	1	0	0	2	0	0	0	0	0	3	1	0	0	0	2	1	0	0	0	0	0	0	0	0	0	0	0	0	0	0	0	1	0	1	0	0	0	0	0	1	0	1	0	0	1	0	0	0	0	0	0	0	0	0	0
C2121	0	0	0	2	4	0	0	0	0	1	1	0	2	0	2	0	1	1	0	1	1	0	0	0	1	0	0	0	0	0	0	0	2	1	0	0	1	0	1	2	0	0	0	1	3	4	1	0	0	0	0	0	0	3	0	2	0	2	0	0	1	0	2	15	2	0	0	0	2	2	0	1	0	0	2	2	0	0
C2124	0	0	0	1	3	0	1	0	0	0	0	0	1	0	1	0	0	0	0	0	1	4	1	0	0	1	2	0	0	0	0	0	4	0	2	0	1	0	1	0	0	0	0	0	2	0	0	1	1	2	0	0	0	0	0	0	0	0	1	1	1	0	0	0	0	0	1	1	1	0	0	2	0	0	1	0	0	0
C2128	0	0	0	3	0	0	1	0	0	3	0	0	0	0	1	0	0	2	0	0	6	0	0	0	0	1	1	1	0	0	0	0	11	0	0	0	0	4	0	9	0	0	0	0	0	0	0	1	17	1	0	0	0	0	0	0	0	0	2	0	4	0	0	0	3	0	0	0	0	0	0	0	0	0	0	0	0	0
C2129	4	7	0	0	0	0	0	0	0	0	0	0	0	1	0	1	0	0	0	0	0	0	0	0	0	0	0	0	0	0	0	0	0	0	0	0	0	0	0	0	1	0	0	0	0	0	0	0	0	0	0	1	0	0	0	0	0	0	0	0	0	0	0	0	0	0	0	0	0	0	0	0	0	0	0	0	0	0
C2132	0	0	0	0	0	0	0	0	0	0	0	0	3	0	0	0	0	0	0	0	0	1	0	0	0	0	0	0	0	0	0	0	2	12	0	0	1	0	2	0	0	0	0	0	0	0	0	0	0	0	0	0	0	0	0	0	0	0	0	0	0	0	0	0	0	0	0	0	1	0	0	0	0	0	0	0	0	0
C2133	0	0	0	0	0	0	2	0	0	0	3	0	2	0	1	0	0	0	0	0	1	1	0	0	0	0	0	3	0	0	0	0	0	0	0	0	2	0	1	0	0	0	0	0	0	0	0	0	0	0	0	0	0	2	0	0	0	1	0	0	0	0	0	0	4	0	0	0	0	0	0	0	0	0	1	0	0	0
C2134	0	0	0	0	0	0	0	3	0	0	4	0	0	0	0	0	0	0	0	0	0	0	0	0	0	0	0	0	0	0	0	2	0	0	0	0	0	0	0	0	0	0	0	0	0	0	0	0	0	0	0	0	0	0	0	0	0	0	0	0	1	0	0	1	0	0	0	0	2	0	0	0	0	0	0	0	0	0
C2135	0	0	0	0	1	0	0	0	0	0	0	1	0	0	3	0	0	0	0	2	0	0	1	0	1	0	0	0	0	0	0	1	0	0	0	0	0	0	0	0	0	0	1	0	1	0	0	0	7	0	0	0	0	0	0	0	0	4	0	1	0	1	0	0	0	0	1	0	0	0	0	0	0	0	0	0	0	0
C2136	0	0	0	0	1	0	0	0	0	0	0	0	3	0	1	0	0	0	0	1	3	0	0	0	0	4	0	0	0	0	0	0	1	1	0	0	0	0	0	2	0	0	0	0	0	0	0	0	0	0	0	0	0	2	0	0	0	0	0	3	0	3	0	0	0	0	1	0	0	0	0	0	0	0	1	0	0	0
C2137	0	0	0	0	0	0	1	0	0	1	0	0	0	0	2	0	0	2	0	2	0	0	0	0	0	0	0	0	0	0	0	0	0	0	0	0	0	0	0	2	0	0	0	0	0	1	0	0	0	0	0	0	8	0	0	0	0	0	0	0	0	0	0	0	0	0	0	0	0	0	0	0	0	0	0	0	0	0
C2138	0	0	0	0	1	0	1	1	0	0	0	0	1	0	0	0	0	3	0	1	2	0	1	0	0	1	0	1	0	0	1	2	1	0	0	0	2	1	2	1	0	0	0	2	0	2	2	0	4	0	0	0	0	1	1	0	0	1	1	2	0	1	2	0	1	0	1	0	0	0	0	0	0	0	1	0	0	0
C2139	0	0	0	0	0	0	0	0	0	0	5	0	0	0	5	0	0	0	0	0	1	0	0	0	1	0	0	17	0	0	0	9	0	0	4	0	0	0	0	0	0	0	0	0	0	1	2	0	1	0	0	0	0	4	0	6	0	1	1	0	4	5	0	7	0	0	0	0	14	0	0	0	0	0	0	1	0	0
C2144	0	1	0	0	0	0	0	0	2	0	0	0	0	0	0	0	0	0	0	0	0	0	0	0	0	0	1	0	0	0	0	0	0	0	0	0	0	0	0	12	0	0	0	0	0	0	102	0	36	0	0	0	0	2	0	0	0	0	4	0	12	0	0	0	77	0	0	0	0	0	0	0	0	2	0	0	0	0
C2145	0	0	0	1	0	0	0	3	0	0	0	0	0	0	11	0	0	0	0	9	3	0	14	0	148	8	1	1	0	0	0	4	0	0	9	0	0	9	0	1	0	0	0	0	1031	0	3	15	7	3	0	0	2	35	0	0	0	0	3	0	7	2	0	0	0	0	0	0	38	4	0	2927	0	0	1	0	0	0
C2146	0	0	0	0	0	0	1	1	0	0	0	0	0	0	3	0	0	0	1	0	0	0	0	0	1	0	0	0	0	0	0	0	1	0	0	0	1	1	0	0	0	0	0	0	0	2	0	0	0	0	0	0	0	0	0	0	0	0	0	1	0	0	0	0	1	0	0	1	0	0	0	1	0	0	0	0	0	0
C2147	0	0	0	0	3	0	0	8	0	1	0	0	1	0	1	0	0	1	0	0	0	1	1	0	0	0	0	1	0	0	0	0	0	0	0	0	0	0	0	0	0	0	0	0	1	0	0	0	0	0	0	0	0	1	1	9	0	0	5	0	0	0	0	1	0	0	1	0	0	2	0	0	0	0	0	0	0	0
C2148	1	0	0	0	1	0	1	0	0	0	0	0	0	0	1	0	0	0	0	0	0	0	0	0	0	0	0	0	0	0	0	0	0	0	0	0	0	0	0	1	0	0	0	0	0	0	0	0	0	0	0	0	0	0	0	0	0	0	0	0	1	0	2	4	1	0	0	0	0	0	0	0	0	0	0	1	0	0
C2149	0	0	0	0	0	0	0	0	0	0	0	0	1	0	1	0	0	0	0	0	1	3	0	0	0	1	0	0	0	0	0	0	1	0	0	0	2	0	0	0	0	0	0	0	0	1	0	0	0	1	0	0	0	0	0	0	0	0	0	0	2	0	0	0	0	0	1	0	0	0	0	0	0	0	0	0	0	0
C2152	0	0	0	0	6	0	1	6	0	2	2	0	3	0	2	0	0	3	0	2	1	1	2	0	1	0	1	3	0	0	0	0	1	3	0	0	1	3	0	1	0	1	0	0	0	0	0	0	2	0	1	0	0	1	0	8	0	2	2	1	2	2	0	4	0	0	4	0	0	2	0	0	0	0	0	1	0	0
C2153	0	0	0	0	7	0	1	9	0	0	0	0	3	0	8	0	0	1	0	0	2	0	0	0	0	1	0	0	0	0	0	4	0	4	0	0	0	7	0	1	0	0	0	0	0	0	1	2	0	1	0	0	0	4	0	0	0	0	0	7	0	0	0	0	0	0	3	0	1	0	0	0	0	0	0	2	0	0
C2155	0	0	0	0	0	0	1	0	0	0	0	0	1	0	1	0	1	1	0	0	1	0	0	2	0	0	0	1	0	0	0	0	0	0	0	0	0	1	0	0	0	0	0	0	0	1	0	0	0	0	0	0	0	1	0	0	0	0	2	0	0	0	1	1	1	0	0	1	0	0	0	1	0	0	1	0	0	0
C2156	0	0	0	0	0	0	0	0	0	0	0	0	0	0	2	0	0	0	0	0	0	0	0	0	0	0	0	0	0	0	0	0	0	0	2	0	0	0	0	0	0	0	0	0	0	0	0	0	2	0	0	0	1	0	0	1	0	0	0	0	0	0	0	0	0	0	0	0	3	0	0	0	0	0	0	0	0	0
C2157	0	0	0	0	6	0	34	4	0	0	45	0	101	0	170	0	0	28	4	35	60	27	27	2	12	31	5	129	0	2	0	36	25	24	0	0	92	4	29	71	0	0	0	148	17	58	63	2	4	15	0	0	0	143	33	0	0	422	11	42	39	161	77	3	157	1	88	0	57	16	0	0	0	0	69	3	0	0
C2158	0	0	0	0	1	0	0	0	0	0	1	0	1	1	1	0	0	1	0	0	0	0	1	0	1	0	0	0	0	0	0	0	0	0	0	0	0	0	0	0	0	0	0	1	0	0	0	0	0	0	0	0	0	0	0	0	0	1	0	1	0	0	0	0	0	0	1	0	0	0	0	1	0	0	2	0	0	0
C2159	0	0	0	1	1	0	1	0	0	0	1	0	0	0	2	0	0	0	1	0	2	1	0	0	1	0	2	1	0	0	0	2	1	2	1	0	3	1	0	0	0	0	0	2	0	1	0	0	0	0	0	0	1	0	1	3	0	0	1	0	1	0	0	0	1	0	1	0	1	0	0	1	0	0	0	0	0	0
C2161	0	0	0	0	0	0	0	1	0	0	5	0	0	0	0	0	0	0	0	0	0	0	0	0	0	0	0	1	0	0	0	0	0	0	0	0	0	0	1	0	0	0	0	0	0	0	0	0	0	0	0	0	0	2	0	0	0	0	0	0	3	1	0	3	0	0	0	0	3	0	0	0	0	0	0	0	0	0
C2165	0	0	0	1	2	0	0	1	0	0	1	0	4	0	0	0	0	2	0	0	0	1	1	0	0	1	0	1	0	0	0	1	1	1	0	0	1	1	5	2	0	0	0	0	0	0	0	1	2	0	0	0	0	2	0	1	0	1	1	1	0	1	0	2	0	0	1	0	0	1	0	0	0	0	1	0	0	0
C2166	0	0	0	0	0	0	0	1	0	0	0	0	0	0	2	0	0	0	0	0	0	0	0	0	2	1	0	7	0	0	0	5	0	0	1	0	0	0	0	0	0	0	0	0	0	0	0	0	0	0	0	0	0	0	0	1	0	0	1	0	0	1	0	4	0	0	0	0	2	0	0	1	0	0	0	0	0	0
C2167	0	0	0	0	1	0	0	2	0	0	0	0	1	0	0	0	0	0	0	0	1	0	1	0	1	0	0	0	0	0	0	0	0	0	0	0	0	1	0	0	0	0	0	0	0	2	0	0	5	1	0	0	0	1	0	2	0	0	0	1	1	0	0	0	0	0	0	0	1	0	0	0	0	0	0	0	0	0
C2170	0	0	0	0	0	0	0	0	0	0	0	0	0	0	0	0	0	4	0	0	0	0	2	0	0	0	0	0	0	0	0	1	1	0	0	0	0	0	0	0	0	0	0	0	0	0	0	0	1	0	0	0	0	0	0	0	0	0	0	0	0	0	0	0	1	0	0	0	1	0	0	0	0	0	0	0	0	0
C2172	0	0	0	1	0	0	2	0	0	0	2	0	1	0	0	0	0	1	1	0	0	0	0	0	0	2	0	0	0	0	0	0	0	0	0	0	0	0	1	0	0	0	0	0	0	0	0	0	1	1	0	0	0	0	0	1	0	0	0	0	0	0	0	0	0	0	0	0	0	0	0	1	0	0	0	0	0	0
C2173	0	0	0	0	0	0	2	12	0	0	0	0	1	0	0	0	0	0	0	0	0	0	1	0	1	0	0	0	0	0	0	3	0	0	3	0	1	4	0	0	0	0	0	5	0	0	0	0	0	0	0	0	0	0	3	4	0	0	0	6	0	3	0	0	1	0	0	3	0	0	0	0	0	0	0	1	0	0
C2176	0	0	0	1	1	0	0	0	0	0	1	0	0	0	1	0	0	0	0	1	1	1	0	0	0	0	0	1	0	0	0	1	0	0	1	0	0	0	0	0	0	0	0	2	0	0	0	0	0	1	0	0	0	1	0	3	0	0	0	0	0	0	1	1	0	0	0	0	1	0	0	1	0	0	1	0	0	0
C2178	0	0	0	1	0	0	1	2	0	1	1	0	0	0	1	0	0	0	0	1	0	1	0	0	0	0	1	0	0	0	0	0	1	0	1	0	3	2	1	0	0	0	0	2	0	0	2	1	1	0	0	0	0	0	1	0	0	0	0	0	0	0	0	0	0	0	0	0	1	0	0	2	0	0	0	0	0	0
C2180	0	0	0	0	0	0	1	0	0	1	1	0	1	0	1	0	0	0	0	0	0	1	0	1	0	0	0	0	0	0	0	0	1	0	0	0	3	0	0	0	0	0	0	0	0	1	1	0	0	1	0	0	0	0	0	0	1	0	0	0	0	1	0	0	0	0	1	0	0	0	0	0	0	0	0	0	1	0
C2181	0	0	0	0	0	0	0	0	0	0	0	0	0	0	2	0	0	1	0	0	0	1	0	0	0	0	1	0	0	0	0	1	0	0	0	0	1	0	0	0	0	0	0	0	0	0	0	0	0	0	0	0	0	1	1	0	0	2	0	0	0	0	0	0	0	0	0	0	0	0	0	0	0	0	1	0	0	0
C2184	0	0	0	0	0	0	0	7	0	0	0	0	1	0	0	0	0	0	1	0	0	0	0	0	0	0	0	0	1	0	0	4	0	0	5	0	0	1	0	0	0	0	0	4	0	1	3	0	0	0	0	0	0	0	0	6	0	0	0	0	0	1	0	0	0	0	0	0	0	0	0	0	0	0	0	0	0	0
C2185	0	0	0	0	1	0	3	0	0	0	0	0	1	0	1	0	0	0	0	0	0	0	1	0	0	0	0	0	0	0	0	0	0	0	0	0	0	2	0	0	0	0	0	2	0	3	1	0	0	0	0	0	0	1	1	0	0	0	1	0	1	1	1	0	0	0	2	0	0	0	0	0	0	0	0	0	0	0
C2186	0	0	0	1	7	0	1	1	0	1	5	0	4	0	2	0	0	1	0	2	5	1	2	0	1	2	0	2	0	0	0	6	1	2	1	0	2	3	6	9	0	0	0	1	0	3	1	0	0	4	0	0	0	3	2	4	0	2	3	0	4	7	4	19	1	0	0	0	1	5	0	0	0	0	3	4	0	1
C2187	0	0	0	0	0	0	0	0	0	19	0	0	0	0	0	0	0	0	0	0	1	0	0	0	0	1	1	0	0	0	0	0	0	0	0	0	0	0	0	0	0	0	0	0	0	0	0	0	1	0	0	0	0	0	0	0	0	0	5	1	0	0	0	0	4	0	0	0	0	0	0	0	0	0	0	5	0	0
C2189	0	0	0	0	0	0	0	7	0	0	0	0	0	0	0	0	0	0	0	0	0	0	0	0	0	0	0	0	0	0	0	3	0	0	11	0	0	0	0	0	0	0	0	2	0	0	0	0	0	0	0	0	0	0	0	3	0	0	0	0	0	0	0	0	0	0	0	0	0	0	0	0	0	0	0	0	0	0
C2190	0	0	0	1	3	0	2	0	0	1	5	0	1	0	2	0	0	1	0	1	1	0	0	0	0	0	1	0	0	0	1	0	1	0	0	0	3	3	0	0	0	0	0	1	0	15	2	0	0	9	0	0	0	0	0	0	0	0	0	0	1	0	0	0	0	0	6	0	0	0	1	1	0	0	0	1	0	0
C2191	0	0	0	0	0	0	0	0	0	0	1	0	0	0	0	0	0	0	0	0	0	1	1	0	0	0	0	0	0	0	0	1	0	0	0	0	0	1	0	0	0	0	0	0	0	2	1	0	0	0	0	0	0	1	0	0	0	1	0	0	1	0	0	1	1	0	0	0	0	1	1	0	0	0	0	0	1	0
C2192	0	0	0	0	0	0	0	0	0	0	1	0	1	0	0	0	0	0	0	0	0	0	0	0	0	0	0	0	0	0	0	0	0	0	0	0	0	0	0	0	0	0	0	0	0	0	0	0	0	0	0	0	0	1	0	0	0	9	0	0	0	2	0	0	0	0	0	0	0	0	0	0	0	0	0	0	0	0
C2194	0	0	0	1	7	0	2	0	0	3	5	0	6	0	13	0	0	1	0	2	0	1	1	0	0	1	0	0	0	0	0	3	0	2	3	0	3	1	1	1	0	0	0	11	5	5	10	7	1	2	0	0	0	9	2	1	0	8	1	0	3	4	31	52	5	0	4	0	7	17	0	1	0	0	3	7	0	0
C2199	0	0	0	0	1	0	0	0	0	0	0	0	0	0	1	0	0	0	0	0	0	0	0	0	1	0	0	0	0	0	0	1	0	0	0	0	0	1	0	1	0	0	0	0	0	0	0	0	1	0	0	0	0	0	0	1	0	1	0	0	0	0	1	0	0	0	1	0	0	0	0	0	0	0	0	0	0	0
C2201	0	0	0	0	1	0	15	0	0	0	1	0	0	0	0	0	0	0	0	0	0	0	0	0	0	1	0	0	0	0	0	0	0	0	1	0	0	1	0	1	0	0	0	0	0	0	1	0	1	0	0	0	0	0	0	7	0	0	0	1	5	0	0	0	0	0	0	5	0	0	1	0	0	0	0	4	0	0
C2202	1	3	1	0	0	0	0	0	0	0	0	0	0	1	0	3	0	0	0	0	0	0	0	0	0	0	0	0	0	0	0	0	0	0	0	0	0	0	0	0	0	0	0	0	0	0	0	0	0	0	0	0	0	0	0	0	0	0	0	0	0	0	0	0	0	4	0	0	0	0	0	0	0	0	0	0	0	0
C2203	0	0	0	1	0	0	2	1	0	1	5	0	2	0	3	0	0	2	0	1	5	0	1	0	0	1	1	0	0	0	0	0	1	1	0	0	1	7	0	0	0	3	0	3	0	4	2	2	4	8	1	0	0	0	0	0	0	0	0	1	0	0	3	0	1	0	3	0	0	0	0	0	0	0	1	1	0	0
C2204	0	0	0	1	0	0	3	1	0	0	1	0	2	0	1	0	0	0	0	0	0	1	0	0	0	1	0	0	0	0	0	0	1	0	0	0	1	0	0	0	0	0	0	0	0	1	0	0	0	0	0	0	0	2	0	1	0	0	2	1	0	0	0	0	1	0	0	1	0	0	0	3	0	0	0	0	0	0
C2205	0	0	0	0	0	0	0	0	0	3	0	0	0	0	5	0	0	0	0	2	0	0	0	0	0	0	0	0	0	0	0	0	0	1	0	0	1	0	0	0	0	0	0	0	0	0	0	0	0	0	0	0	0	0	0	14	0	0	0	0	0	0	0	0	1	0	2	0	0	0	0	0	0	0	0	1	0	0
C2206	0	0	0	0	0	0	0	0	0	17	0	0	0	0	0	0	0	1	0	0	0	0	0	0	0	0	0	0	0	0	0	0	0	0	0	0	0	0	0	0	0	0	0	0	0	0	0	0	0	0	0	0	0	0	0	0	0	0	0	0	4	0	0	0	1	0	0	0	0	0	0	0	0	0	0	1	0	0
C2207	0	0	0	0	0	0	0	0	0	0	1	0	0	0	2	0	0	0	0	0	0	0	0	0	1	0	0	4	0	0	0	0	0	0	0	0	0	0	0	0	0	0	0	0	0	0	0	0	0	1	0	0	0	0	0	1	0	1	1	0	0	0	0	5	0	0	0	0	2	0	0	0	0	0	0	0	0	0
C2210	0	0	0	0	1	0	0	1	0	0	1	1	0	0	0	0	0	0	0	0	0	0	0	0	0	0	0	0	0	0	0	0	0	0	0	0	0	1	1	2	0	1	0	0	0	0	0	0	0	0	0	0	0	2	0	0	0	0	1	0	0	1	1	2	0	0	0	0	0	0	0	0	0	0	0	0	0	0
C2211	42	4	8	0	0	0	0	0	0	0	0	0	0	90	0	0	0	0	0	0	0	0	0	0	1	1	0	1	0	0	0	0	0	0	0	0	0	0	1	0	0	0	0	0	0	0	0	0	0	0	0	2	0	0	0	0	1	0	0	1	0	0	0	0	0	2	1	0	0	0	0	0	0	0	0	0	0	0
C2212	0	0	0	2	1	0	1	0	0	1	2	0	1	0	4	0	0	2	0	0	3	0	0	0	0	1	0	0	0	0	0	0	1	0	0	0	1	1	1	0	0	0	0	3	1	12	1	0	5	3	0	0	0	0	1	0	0	1	0	0	2	0	1	0	0	0	3	0	0	0	0	0	0	0	0	0	0	0
C2214	0	0	0	1	0	0	918	1	0	1	1	0	0	0	0	2	0	1	0	0	1	0	3	0	0	15	4	0	0	0	1	0	0	0	19	0	0	4	0	16	0	0	7	143	9	0	35	0	0	0	0	0	0	0	0	487	0	0	3	10	7	1	0	1	29	0	0	872	8	2	3	0	0	0	1	86	0	0
C2215	0	1	0	12	0	0	0	3	0	1	71	0	0	4	60	0	0	2	0	0	4	1	0	2	16	7	0	27	0	0	0	133	1	4	71	0	6	2	0	11	0	0	0	2	0	0	95	0	6	3	0	0	0	132	0	8	0	0	5	0	13	6	0	15	4	0	0	0	24	0	1	0	0	6	1	9	0	1
C2216	1	0	0	0	0	0	1	0	0	0	0	0	0	0	0	91	1	0	2	0	4	0	0	0	0	0	0	0	0	1	0	0	0	0	1	0	0	0	0	0	0	0	0	0	0	0	0	1	2	0	0	21	0	0	0	0	0	0	0	2	1	0	0	0	1	0	0	0	0	0	0	1	0	1	0	1	0	0
C2218	0	0	0	0	0	0	0	0	0	0	0	1	0	0	0	0	7	0	0	0	0	0	0	0	0	0	0	0	0	0	0	0	0	0	0	0	0	0	0	0	0	0	0	0	0	0	0	0	0	0	1	0	0	0	0	0	0	0	0	0	0	0	0	0	0	0	0	0	0	0	2	0	0	0	0	0	0	0
C2219	0	0	0	0	0	0	0	0	0	0	0	0	0	22	0	3	0	0	0	0	0	0	0	0	0	0	0	0	0	0	0	0	0	0	0	0	0	0	0	0	0	0	0	0	0	0	0	0	0	0	0	0	0	0	0	0	0	0	0	0	0	0	0	0	0	1	0	0	0	0	0	0	0	0	0	0	0	0
C2222	0	0	1	0	0	0	0	0	0	0	0	0	0	0	1	5	0	1	0	0	0	0	0	0	0	0	0	0	0	0	0	0	0	0	0	0	0	0	0	0	0	0	0	2	0	0	0	0	0	2	0	0	0	0	0	0	0	0	0	0	0	0	0	0	0	0	0	0	0	0	0	0	0	0	0	0	0	0
C2224	0	0	0	0	0	0	0	0	0	0	0	0	0	0	0	16	0	0	0	0	0	0	0	0	0	0	0	0	0	0	0	0	0	0	0	1	0	0	0	0	0	0	0	0	0	0	0	3	0	0	0	0	0	0	0	0	0	0	0	0	0	0	0	0	0	0	0	1	0	0	0	0	0	0	0	0	0	0
C2225	0	0	0	0	0	0	0	0	0	0	0	0	0	0	0	22	0	0	0	0	0	0	0	0	0	0	0	0	0	0	0	0	0	0	0	0	0	0	0	0	0	0	0	0	0	0	0	0	0	0	0	0	0	0	0	0	0	0	0	0	0	0	0	0	0	0	0	0	0	0	0	0	0	0	0	0	0	0
C2227	0	0	0	0	0	0	0	0	1	0	0	0	0	0	0	49	0	0	0	0	0	0	0	0	0	0	0	0	0	0	0	0	0	0	0	0	0	0	0	0	4	0	0	0	0	0	0	0	0	0	0	0	0	0	0	0	0	0	0	0	0	0	0	0	0	2	0	0	0	0	0	0	0	27	0	0	0	0
C2229	0	0	0	0	0	0	0	0	0	0	0	0	0	0	0	12	0	0	0	0	0	0	0	0	0	0	0	0	0	0	0	0	0	0	0	0	0	0	0	0	0	0	0	0	0	0	0	0	0	0	0	0	0	0	0	0	0	0	0	0	0	0	0	0	0	0	0	0	0	0	0	0	0	0	0	0	0	0
C2233	0	0	0	0	0	0	0	3	0	0	2	0	0	0	0	0	0	0	0	0	1	0	0	0	0	0	0	1	0	0	0	6	0	0	4	0	0	0	0	0	0	0	0	0	0	0	0	0	0	0	0	0	0	0	0	0	0	0	0	0	3	2	0	1	0	0	0	0	3	0	0	0	0	0	0	0	0	0
C2234	24	0	11	0	0	0	0	0	0	0	0	0	0	0	0	19	0	0	0	0	0	0	0	0	0	0	0	0	0	0	0	0	0	0	0	0	0	0	0	0	0	0	0	0	0	0	0	0	0	0	0	14	0	0	0	0	0	0	0	0	0	0	0	0	0	12	0	0	0	0	2	0	0	0	0	0	0	0
C2236	0	1	1	0	0	0	0	0	2	0	0	0	0	0	0	15	0	0	0	0	0	0	0	0	0	0	0	0	0	0	0	0	0	0	0	0	0	0	0	0	0	0	0	0	0	0	0	0	0	0	0	0	0	0	0	0	0	0	0	0	0	0	0	0	0	0	0	0	0	0	0	0	0	1	0	0	0	0
C2237	0	0	0	0	0	0	0	0	0	0	0	0	0	0	0	0	0	4	0	0	0	0	0	0	0	0	0	0	0	0	0	0	0	0	0	0	3	0	0	0	0	1	0	2	0	0	0	0	0	0	0	0	0	0	0	0	0	0	0	0	4	0	0	0	6	0	0	0	0	0	0	0	0	0	2	0	0	0
C2239	0	0	0	0	0	0	1	0	0	1	1	1	2	0	2	0	0	1	0	0	2	1	2	0	2	2	3	0	0	0	0	1	0	2	1	0	0	0	1	0	0	0	0	0	1	0	0	3	1	0	0	0	0	0	0	1	0	0	0	2	0	0	0	1	0	0	1	3	0	0	0	2	0	0	0	0	0	0
C2240	0	0	0	0	0	0	0	0	0	0	0	0	0	0	0	2	0	0	0	0	0	0	0	0	0	0	0	0	0	0	0	0	0	0	0	0	0	0	0	0	0	0	0	0	0	0	0	0	0	0	0	6	0	0	0	0	0	0	0	0	0	0	0	0	0	0	0	0	0	0	0	0	0	11	0	0	0	0
C2241	0	0	0	2	3	0	3	0	0	1	3	1	1	0	4	0	1	2	0	1	1	2	0	0	1	2	3	1	0	0	0	1	1	6	2	0	2	0	1	0	0	0	0	1	0	2	0	0	0	1	0	0	1	3	1	1	0	0	0	1	4	0	2	7	0	0	0	2	6	0	0	4	1	0	3	0	0	1
C2242	0	0	0	0	0	0	0	0	0	0	0	0	0	0	0	0	0	0	0	0	0	0	0	0	0	0	0	0	0	0	0	0	0	0	0	0	0	0	0	0	0	0	0	0	0	0	0	0	0	0	0	6	0	0	0	0	0	0	0	0	0	0	0	0	0	0	0	0	0	0	0	0	0	9	0	0	0	0
C2245	1	0	0	0	0	0	0	0	0	0	0	1	0	0	0	0	5	0	13	0	0	0	0	19	0	0	0	0	0	0	0	0	0	0	0	0	0	0	0	0	0	0	3	0	0	0	0	0	0	0	0	0	0	0	0	0	3	0	0	0	0	0	0	0	0	0	0	0	0	0	0	0	0	0	0	0	0	11
C2247	0	0	0	0	0	0	1	1	0	0	0	0	1	0	1	0	0	0	0	0	0	0	0	0	0	1	0	0	0	0	0	1	0	0	0	0	1	1	1	0	0	0	0	0	0	1	0	0	0	1	0	0	0	0	0	0	0	1	0	1	0	0	0	0	0	0	0	1	1	0	0	1	0	0	0	0	0	0
C2249	2	0	0	0	0	0	0	0	0	0	0	0	0	0	0	11	0	0	0	0	0	0	0	0	0	0	0	0	0	0	0	0	0	0	0	0	0	0	0	0	0	0	0	0	0	0	0	0	0	0	0	1	0	0	0	0	0	0	0	0	0	0	0	0	0	1	0	0	0	0	0	0	0	9	0	0	0	0
C2251	2	0	0	0	0	0	0	0	0	0	0	0	0	8	0	7	0	0	0	0	0	0	0	0	0	0	0	0	0	0	0	0	0	0	0	0	0	0	0	0	0	0	0	0	0	0	0	0	0	0	0	0	0	0	0	0	0	0	0	0	0	0	0	0	0	1	0	0	0	0	0	0	0	0	0	0	0	0
C2254	0	0	0	0	0	0	0	9	0	0	29	0	0	0	0	0	0	0	0	0	0	0	0	0	0	1	0	4	0	0	0	3	0	0	0	0	0	0	0	0	0	0	0	0	0	0	0	0	0	0	0	0	0	0	0	2	0	0	1	0	0	0	0	3	0	0	0	0	0	0	0	0	0	0	0	3	0	0
C2255	0	0	0	3	0	0	0	1	0	0	0	0	1	0	0	0	0	0	0	0	1	0	0	0	0	0	0	1	0	0	0	1	0	0	0	0	0	0	0	0	0	0	0	0	0	0	0	1	0	1	0	0	0	0	0	0	0	0	0	1	0	0	1	0	0	0	0	0	0	0	0	0	0	0	0	0	0	0
C2257	0	0	0	0	0	0	0	5	0	0	7	0	0	0	0	0	0	0	0	0	0	0	0	0	0	0	0	4	0	0	0	0	0	0	0	0	0	0	0	0	0	0	0	0	0	0	0	0	0	0	0	0	0	0	0	0	0	0	0	0	3	1	0	4	0	0	0	0	6	0	0	0	0	0	0	0	0	0
C2258	0	0	0	0	0	0	0	0	0	0	0	0	0	0	0	8	0	0	0	0	0	0	0	0	0	0	0	0	0	0	0	0	0	0	0	0	0	0	0	0	0	1	0	0	0	0	0	0	0	0	0	0	0	0	0	0	0	0	0	0	0	0	0	0	0	0	0	0	0	0	0	0	0	2	0	0	0	0
C2260	0	0	0	1	0	0	1	1	0	0	0	0	0	0	3	0	0	0	0	0	1	0	1	0	0	2	0	0	0	0	0	0	0	0	0	0	0	0	1	0	0	0	0	0	0	0	0	1	1	0	0	0	0	1	0	1	0	0	1	0	2	0	0	0	3	0	0	1	2	0	0	1	0	0	3	2	0	0
C2263	0	0	0	0	1	0	0	0	0	0	2	0	3	0	5	0	0	0	0	0	0	0	0	0	0	10	0	0	0	0	0	4	2	1	11	0	1	0	6	0	0	0	0	0	0	0	16	2	0	0	0	0	0	7	0	0	0	35	0	2	4	7	3	0	13	0	0	0	3	0	0	2	0	0	2	0	0	0
C2265	0	0	0	0	0	0	2	1	0	1	0	0	3	0	3	0	0	1	0	0	0	2	0	0	0	0	1	2	0	0	0	1	1	0	0	0	2	2	1	0	0	0	0	1	3	3	3	0	0	1	0	0	0	2	1	3	0	1	3	1	1	1	0	1	0	0	0	0	0	0	0	0	0	0	0	1	0	0
C2266	0	0	0	0	0	0	4	1	0	0	2	0	6	0	1	0	0	2	0	1	2	9	1	0	3	12	0	4	0	0	0	3	13	1	0	0	9	0	3	0	0	0	0	6	0	1	2	0	0	6	0	0	0	6	2	0	1	0	1	9	1	2	1	0	6	0	1	0	4	0	0	0	0	0	8	0	0	0
C2267	0	0	0	0	0	0	1	0	0	0	2	0	2	0	1	0	0	0	0	0	0	0	0	0	0	0	0	1	0	0	0	0	0	0	0	0	0	0	0	0	0	0	0	0	0	0	0	0	0	0	0	0	0	0	0	0	0	0	0	0	0	4	1	0	0	0	0	0	0	0	0	0	0	0	0	0	0	0
C2268	0	0	0	0	0	0	5	0	0	0	0	0	0	0	0	24	0	0	0	0	0	0	0	0	0	0	0	0	0	0	0	0	0	0	0	0	0	0	0	0	2	0	0	0	0	0	0	0	0	0	0	1	0	0	0	0	0	0	0	0	0	0	0	0	0	0	0	11	1	0	0	0	0	0	0	0	0	0
C2269	0	0	0	0	0	0	0	0	0	0	0	0	0	0	0	2	2	0	0	0	0	0	0	0	0	0	0	0	0	0	0	0	0	0	0	0	0	0	0	0	0	0	0	0	0	0	0	0	0	0	0	0	0	0	0	0	0	0	0	0	0	0	0	0	0	0	0	0	0	9	0	0	0	0	0	0	0	0
C2270	11	6	10	3	0	0	0	0	0	0	0	0	0	0	0	78	0	0	0	0	1	0	0	0	0	0	0	0	0	0	0	0	0	0	0	0	0	0	0	0	0	2	0	0	0	0	0	0	0	1	6	0	0	1	0	0	0	0	0	0	1	0	0	0	0	1	0	0	0	2	1	0	0	0	0	0	0	0
C2271	4	0	3	0	0	0	0	0	0	0	0	0	0	3	0	15	0	0	0	0	0	0	0	0	0	0	0	0	0	0	0	0	0	0	0	0	0	0	0	0	0	0	0	0	0	0	0	0	0	0	0	0	0	0	0	0	0	0	0	0	0	0	0	0	0	0	0	0	0	0	0	0	0	0	0	0	0	0
C2276	0	0	0	0	0	0	0	0	0	0	0	0	0	0	0	33	0	0	0	0	0	0	0	0	0	0	0	0	0	0	0	0	0	0	0	0	0	0	0	0	3	0	0	0	0	0	0	0	0	0	0	1	0	0	0	0	0	0	0	0	0	0	0	0	0	2	0	0	0	0	0	0	0	0	0	0	0	0
C2283	0	0	0	0	0	0	1	0	0	0	4	0	2	0	0	0	0	0	0	1	0	0	0	0	0	0	0	0	0	0	0	0	0	0	0	0	0	4	0	0	0	0	0	0	5	0	2	0	0	0	0	0	0	0	0	0	0	0	0	1	0	21	0	0	0	0	0	0	0	0	0	0	0	0	0	1	0	0
C2284	0	0	0	0	0	0	0	0	0	0	0	0	2	0	1	0	0	0	0	1	0	1	1	0	1	2	1	0	0	0	0	3	1	0	0	0	1	0	3	0	0	0	0	1	0	2	1	0	0	1	0	0	0	1	0	0	0	0	0	2	0	0	0	0	0	0	2	0	0	0	0	0	0	0	0	0	0	0
C2285	2	1	0	0	0	0	0	0	0	0	0	0	0	1	0	9	0	0	0	0	0	0	0	0	0	0	0	0	0	0	0	0	0	0	0	0	0	0	0	0	0	0	0	0	0	0	0	0	0	0	0	0	0	0	0	0	0	0	0	0	0	0	0	0	0	3	0	0	0	0	0	0	0	0	0	0	0	0
C2286	0	0	0	0	0	0	0	0	0	0	0	0	0	0	0	11	0	0	0	0	0	0	0	0	0	0	0	0	0	0	0	0	0	0	0	0	0	0	0	0	2	0	0	0	0	0	0	0	0	0	0	0	0	0	0	0	0	0	0	0	0	0	0	0	0	0	0	0	0	0	0	0	0	5	0	0	0	0
C2288	0	0	0	86	409	1	19	5	0	26	16	12	24	0	19	0	7	1125	30	592	129	37	15	8	0	129	21	2	0	105	63	62	66	171	4	0	168	220	57	351	0	1	1	0	3	2	12	9	19	2	100	0	47	11	29	2	80	16	4	109	117	0	3	0	8	0	27	0	5	7984	0	7	34	0	117	6	1	5
C2289	0	0	0	0	8	0	0	0	0	0	0	0	1	0	0	0	0	0	0	0	0	2	0	0	0	1	0	0	0	0	2	0	1	0	0	0	3	0	2	0	0	0	0	0	0	0	0	0	0	0	2	0	0	1	0	0	0	1	0	0	1	0	0	0	0	0	0	0	0	0	0	0	0	0	0	0	0	0
C2292	0	7	4	0	0	0	0	0	0	0	0	0	0	0	0	48	0	0	0	0	0	0	0	0	0	0	0	0	0	0	0	0	0	0	0	0	0	0	0	0	1	0	0	0	0	0	0	0	0	0	0	0	0	0	0	0	0	0	0	0	0	0	0	0	0	2	0	0	0	0	0	0	0	0	0	0	0	0
C2295	0	0	0	0	1	0	64	0	0	0	0	0	0	0	0	0	0	2	0	0	0	0	0	0	0	0	0	0	0	0	0	1	0	0	0	0	0	1	0	4	0	1	1	2	0	0	7	0	0	0	0	0	0	0	0	23	0	1	0	2	4	0	0	0	1	0	0	43	1	0	1	0	0	0	2	1	0	0
C2296	0	0	0	0	1	0	92	1	9	0	1	0	0	0	0	1	0	0	0	0	1	0	1	0	0	3	0	0	0	0	0	3	0	0	8	0	1	17	0	8	0	1	0	5	0	0	2	0	0	0	0	0	0	0	2	141	0	0	2	24	3	0	1	0	0	2	0	68	0	0	1	0	0	0	0	63	0	0
C2297	0	0	0	0	0	0	0	0	15	0	0	0	0	0	0	2	0	0	0	0	0	0	0	0	0	0	0	0	0	0	0	0	0	0	0	0	0	0	0	0	2	0	0	0	0	0	0	0	0	0	0	0	0	0	0	0	0	0	0	0	0	0	0	0	0	0	0	0	0	0	0	0	0	2	0	0	0	0
C2300	0	1	0	0	0	0	0	0	0	0	0	0	0	0	0	66	0	0	0	0	0	0	0	0	0	0	0	0	0	0	0	0	0	0	0	0	0	0	0	0	0	0	0	0	0	0	0	0	0	0	0	0	0	0	0	0	0	0	0	0	0	0	0	0	0	0	0	0	0	0	0	0	0	0	0	0	0	0
C2301	0	0	0	0	0	0	0	0	0	0	0	0	0	0	0	25	0	0	0	0	0	0	0	0	0	0	0	0	0	0	0	0	0	0	0	0	0	0	0	0	5	0	0	0	0	0	0	0	0	0	0	0	0	0	0	0	0	0	0	0	0	0	0	0	0	1	0	0	0	0	0	0	0	11	0	0	0	0
C2302	0	0	0	0	0	0	0	0	0	0	0	0	0	0	0	0	0	4	0	0	0	0	0	0	0	0	0	0	0	0	0	0	0	0	0	0	0	0	0	0	0	0	0	0	0	0	1	0	0	0	0	0	0	0	0	0	0	2	0	0	3	0	0	0	2	0	0	0	0	0	0	0	0	0	2	4	0	0
C2303	0	0	0	0	0	0	0	1	0	0	6	0	0	0	0	0	0	0	0	0	0	0	1	0	0	0	0	0	0	0	0	0	0	0	1	0	0	4	0	0	0	0	0	0	0	0	0	0	1	0	0	0	0	0	0	2	0	0	1	4	0	0	1	0	0	0	0	0	0	0	0	0	0	0	0	1	0	0
C2307	0	0	0	0	0	0	0	0	6	0	0	0	0	0	0	5	0	0	0	0	0	0	0	0	0	0	0	0	0	0	0	0	0	0	0	0	0	0	0	0	0	0	0	0	0	0	0	0	0	0	0	0	0	0	0	0	0	0	0	0	0	0	0	0	0	0	0	0	0	0	0	0	0	0	0	0	0	0
C2309	0	0	1	0	0	0	0	0	0	0	0	0	1	0	1	0	0	0	0	0	0	0	1	0	0	0	0	1	0	0	0	0	0	0	0	0	0	0	0	0	0	0	0	0	0	1	0	0	0	0	0	0	0	0	0	2	0	0	1	1	0	2	0	0	0	0	0	0	0	0	0	0	0	0	1	0	0	0
C2311	0	2	1	0	0	0	0	0	0	0	0	0	0	0	0	11	0	0	0	0	0	0	0	0	0	0	0	0	0	0	0	0	0	0	0	0	0	0	0	0	3	0	0	0	0	0	0	0	0	0	0	0	0	0	0	0	0	0	0	0	0	0	0	0	0	2	0	0	0	0	0	0	0	0	0	0	0	0
C2312	0	0	0	0	0	0	0	0	0	0	0	0	0	0	0	7	0	0	0	0	0	0	0	0	0	0	0	0	0	0	0	0	0	0	0	0	0	0	0	0	0	0	0	0	0	0	0	0	0	0	0	3	0	0	0	0	0	0	0	0	0	0	0	0	0	0	0	0	0	0	1	0	0	10	0	0	0	0
C2314	0	0	0	0	0	0	0	0	0	0	0	0	0	0	0	0	1	0	5	0	0	0	0	7	0	0	0	0	0	0	0	0	0	0	0	0	0	0	0	0	0	0	0	0	1	0	0	0	0	0	0	0	0	0	0	0	0	0	0	0	0	0	0	0	0	0	0	0	0	0	0	0	0	0	0	0	0	4
C2318	0	0	0	0	0	0	0	1	0	0	1	0	0	0	0	0	0	0	0	1	1	0	0	0	0	2	0	0	0	0	0	0	0	0	0	0	0	1	1	0	0	0	0	0	0	0	0	0	0	0	0	0	0	0	0	3	0	0	0	0	0	0	0	0	0	0	0	0	0	1	0	0	0	0	0	0	0	0
C2320	0	0	0	1	2	1	0	0	0	3	0	1	4	0	0	0	0	3	0	0	3	0	2	0	0	0	0	0	0	0	0	0	1	0	1	0	1	0	0	1	0	0	0	0	0	0	5	0	7	0	0	0	0	0	0	0	0	0	0	4	43	0	0	0	48	0	0	0	0	1	2	0	0	0	0	0	0	0
C2323	4	0	2	0	0	0	0	0	0	0	0	0	0	2	0	21	0	0	0	0	0	0	0	0	0	0	0	0	0	0	0	0	0	0	0	0	0	0	0	0	0	0	0	0	0	0	0	0	0	0	0	0	0	0	0	0	0	3	0	0	0	0	0	0	0	0	0	0	0	0	0	0	0	2	0	0	0	0
C2327	0	0	0	1	1	0	1	0	0	0	1	0	5	0	4	0	0	4	0	1	2	1	2	0	1	1	1	5	0	0	0	1	1	0	0	0	3	1	0	4	0	0	0	3	1	0	1	0	0	1	0	0	0	4	1	0	0	3	0	1	2	6	12	2	1	0	4	0	1	0	0	0	0	0	4	0	0	0
C2330	0	0	0	2	1	0	0	0	0	1	0	0	0	0	0	0	0	0	0	0	1	1	0	0	2	0	0	0	0	0	0	0	0	0	0	0	1	0	1	0	0	0	0	0	0	1	0	0	0	1	0	0	0	0	0	1	0	0	1	0	0	0	0	0	0	0	0	0	0	0	0	0	0	0	0	0	0	0
C2331	0	0	0	0	0	0	0	0	0	0	11	0	0	0	10	0	0	0	0	0	0	1	0	0	3	0	0	0	0	0	0	7	0	0	2	0	1	0	0	0	0	0	0	2	0	0	5	0	0	1	0	0	0	27	0	8	0	0	1	0	1	2	0	8	0	0	0	0	2	0	0	2	0	0	0	1	0	0
C2338	0	0	0	0	0	0	0	0	0	0	0	0	0	0	0	15	0	0	0	0	0	0	0	0	0	0	0	0	0	0	0	0	0	0	0	0	0	0	0	0	0	0	0	0	0	0	0	0	0	0	0	0	0	0	0	0	0	0	0	0	0	0	0	0	0	1	0	0	0	0	0	0	0	0	0	0	0	0
C2344	0	0	0	0	0	0	0	0	0	1	0	0	0	0	1	0	0	0	0	0	1	0	0	0	0	0	0	1	0	0	0	1	0	0	0	0	1	0	0	0	0	0	0	1	0	0	0	1	0	0	0	0	0	1	0	0	0	0	0	0	0	0	0	0	0	0	0	0	0	0	0	1	0	0	1	0	0	0
C2345	0	0	0	0	0	0	0	1	0	0	0	0	0	0	0	0	0	0	0	0	0	0	0	0	0	0	23	2	0	0	0	0	0	0	0	0	0	0	0	0	0	0	0	0	0	0	0	0	0	0	0	0	0	0	0	0	0	0	0	0	0	0	0	0	0	0	1	0	0	0	0	0	0	0	0	2	0	0
C2347	0	0	0	3	3	0	2	0	0	0	0	0	3	0	0	0	0	0	0	0	1	3	1	0	2	2	1	0	0	0	0	0	1	0	1	0	2	1	2	2	0	0	0	2	2	1	0	0	0	3	0	0	0	0	1	0	0	1	2	0	2	1	1	0	1	0	2	1	2	0	0	2	0	0	0	0	0	0
C2349	0	0	0	0	0	0	0	1	0	0	0	0	2	0	1	0	0	1	0	0	1	2	0	0	0	0	1	0	0	0	0	0	0	0	0	0	0	0	0	0	0	0	0	0	2	0	0	0	0	0	0	0	0	0	0	0	0	0	0	0	0	0	0	0	0	0	1	0	0	0	0	3	0	0	0	1	0	0
C2350	0	0	0	0	4	0	2	5	0	0	4	0	3	0	4	0	3	2	0	3	6	0	4	0	1	3	0	0	0	0	0	4	0	2	0	0	2	2	0	0	0	0	0	8	0	18	0	0	15	1	0	0	0	2	2	10	0	3	4	3	0	0	11	9	0	0	14	0	0	1	0	0	0	0	0	0	0	0
C2351	0	0	0	0	7	0	0	14	0	1	0	0	1	0	0	1	1	1	0	2	1	0	1	0	1	0	0	0	0	0	0	1	0	0	0	0	0	1	0	0	0	0	0	4	0	2	0	0	0	2	0	0	0	1	0	42	0	0	17	0	1	0	0	0	0	0	3	0	2	2	0	0	0	0	0	0	0	0
C2355	1	0	0	0	0	0	1	0	0	0	0	2	0	0	0	0	5	0	0	0	0	0	2	2	0	0	0	1	0	0	0	0	0	0	0	0	3	1	1	4	0	16	0	0	0	0	2	0	0	0	3	0	0	0	0	0	0	1	0	2	1	0	2	0	0	0	1	0	0	1	1	2	0	0	0	0	1	1
C2356	0	0	0	1	0	0	0	0	0	0	0	0	0	0	0	0	0	5	0	6	0	0	1	0	5	0	5	1	0	0	0	1	0	0	0	0	0	1	0	0	0	0	0	1	3	0	0	0	0	0	0	0	0	0	0	0	0	2	0	2	3	2	0	4	0	0	1	2	1	0	0	0	0	0	0	1	0	0
C2357	0	0	0	1	2	0	0	1	0	0	0	0	1	0	0	0	0	0	0	0	0	1	0	0	0	1	0	0	0	0	0	0	1	0	0	0	1	0	0	1	0	0	0	0	0	0	1	1	0	0	0	1	1	0	0	1	0	1	0	1	1	0	1	1	0	0	0	0	2	0	0	2	0	0	0	0	0	0
C2358	0	0	0	0	0	0	0	0	0	1	0	0	1	0	1	0	0	0	0	0	0	1	0	0	1	0	2	0	0	0	0	1	0	0	0	0	0	0	1	1	0	0	0	1	1	2	0	0	0	0	0	0	0	0	1	0	0	0	0	1	0	0	0	0	0	0	0	0	2	0	0	1	0	0	0	1	0	0
C2359	0	0	0	0	0	0	0	0	0	0	0	0	0	0	0	12	0	0	0	0	0	0	0	0	0	0	0	0	0	0	0	0	0	0	0	0	0	0	0	0	0	0	0	0	0	0	0	0	0	0	0	7	0	0	0	0	0	0	0	0	0	0	0	0	0	0	0	0	0	0	0	0	0	10	0	0	0	0
C2364	0	0	0	0	3	0	10	1	0	0	3	0	7	0	5	0	0	2	0	1	2	4	5	0	5	1	3	3	0	0	0	0	4	3	0	0	8	1	2	1	0	0	0	5	3	1	2	0	2	5	0	0	0	5	4	0	0	8	2	6	3	4	5	0	5	0	4	0	5	0	0	0	0	0	1	0	0	0
C2370	0	0	0	0	0	0	0	0	0	0	0	0	0	0	0	14	0	0	0	0	0	0	0	0	0	0	0	0	0	0	0	0	0	0	0	0	0	0	0	0	0	0	0	0	0	0	0	0	0	0	0	0	0	0	0	0	0	0	0	0	0	0	0	0	0	0	0	0	0	0	0	0	0	0	0	0	0	0
C2371	2	0	1	0	0	0	0	0	0	0	0	0	0	3	0	1	0	0	0	0	0	0	0	0	0	0	0	0	0	0	0	0	0	0	0	0	0	0	0	0	3	0	0	0	0	0	0	0	0	0	0	0	0	0	0	0	0	0	0	0	0	0	0	0	0	1	0	0	0	0	0	0	0	0	0	0	0	0
C2372	0	0	1	0	1	0	0	0	0	0	0	1	0	0	0	2	4	1	1	0	0	0	0	1	0	0	0	0	0	0	0	0	0	0	0	0	0	1	0	0	0	3	0	0	0	0	0	0	0	0	0	1	0	1	0	0	1	0	0	0	0	0	0	0	0	0	0	0	0	0	0	0	0	0	0	0	0	1
C2373	0	0	0	0	0	0	1	0	0	0	2	0	2	0	0	0	0	1	0	1	0	0	0	0	1	1	1	1	0	0	0	1	0	1	0	0	1	0	0	0	0	0	0	0	1	0	0	0	0	0	0	0	0	1	0	0	0	1	0	1	1	0	0	1	0	0	0	0	0	0	0	1	0	0	0	2	0	0
C2377	0	0	0	0	0	0	0	0	0	0	1	0	1	0	1	0	0	0	2	0	1	0	0	0	0	0	0	1	0	0	0	0	0	0	0	0	0	0	0	0	0	0	0	0	0	0	0	0	1	3	0	0	1	0	0	0	0	0	1	0	0	0	0	0	0	0	0	0	1	0	0	1	1	0	0	0	0	0
C2379	0	0	0	0	1	0	2	1	0	0	0	1	1	0	1	0	1	0	0	0	2	0	0	0	0	2	2	1	0	0	0	0	0	1	0	0	0	0	0	2	0	0	0	0	0	0	0	0	0	0	0	0	0	0	0	0	1	0	0	0	0	0	0	0	0	0	2	0	1	0	0	1	0	0	0	0	0	0
C2383	0	0	0	0	0	10	0	0	0	0	0	12	0	0	0	0	32	1	6	0	0	0	0	16	1	0	0	0	0	0	0	0	1	0	0	0	1	1	0	0	0	113	3	0	0	1	0	0	3	0	11	0	0	0	0	0	2	0	1	0	0	0	0	0	0	2	0	0	0	0	9	0	0	1	0	0	9	13
C2384	0	0	0	1	1	0	4	1	0	0	0	0	0	0	0	0	0	0	0	1	0	2	0	0	1	1	0	1	0	0	0	0	0	1	1	0	3	1	2	0	0	0	1	1	0	2	0	0	0	2	0	0	0	3	0	0	0	1	0	1	1	0	0	0	0	0	0	3	2	0	0	1	0	0	0	0	0	0
C2385	0	0	0	3	10	0	4	0	0	0	0	0	2	0	3	0	0	0	0	1	1	1	0	0	0	0	1	0	0	0	1	2	1	0	0	0	9	1	5	0	0	0	0	0	1	0	0	0	3	1	2	0	0	0	0	1	0	0	2	2	2	2	1	0	0	0	1	0	0	3	0	0	1	0	0	1	1	0
C2386	0	0	0	0	0	0	0	1	0	0	0	0	1	0	3	0	0	0	0	0	1	0	1	0	0	0	0	0	0	0	0	0	0	1	0	0	0	0	1	0	0	0	0	0	0	0	1	0	0	0	0	0	0	2	0	1	2	2	0	0	2	0	1	0	1	0	2	0	0	0	0	0	0	0	2	0	0	0
C2389	0	0	0	1	1	0	0	1	0	0	1	3	0	0	0	0	5	0	16	1	0	0	0	13	0	1	0	0	0	0	0	1	0	0	1	0	0	0	0	0	0	0	5	0	2	0	0	0	0	0	0	0	0	1	0	0	7	0	0	0	0	0	0	1	1	0	0	0	2	0	0	1	0	0	0	0	0	11
C2390	0	0	0	0	2	0	1	0	0	0	0	0	2	0	0	0	0	2	0	0	0	0	0	0	0	0	0	0	0	0	0	0	1	0	0	0	0	0	0	1	0	0	0	0	0	0	0	0	0	1	0	0	0	0	0	0	0	1	0	0	0	0	0	0	0	0	2	0	0	0	0	0	0	0	0	0	0	0
C2391	0	0	0	1	0	0	0	0	0	0	0	2	0	0	1	0	1	0	8	0	0	0	0	5	0	0	0	1	0	0	0	0	0	0	0	0	0	0	0	0	0	0	0	1	0	1	0	0	0	0	0	0	0	0	0	0	2	0	0	1	0	0	0	1	0	0	0	0	1	0	0	0	0	0	1	0	0	3
C2392	0	0	1	0	0	0	0	0	0	0	0	0	0	0	0	13	0	0	0	0	0	0	0	0	0	0	0	0	0	0	0	0	0	0	0	0	0	0	0	0	0	0	0	0	0	0	0	0	0	0	0	1	0	0	0	0	0	0	0	0	0	0	0	0	0	2	0	0	0	0	0	0	0	0	0	0	0	0
C2395	0	0	0	0	1	0	0	1	0	0	0	0	4	0	2	0	0	0	0	2	3	0	0	0	0	0	0	6	0	0	0	1	1	1	0	0	2	1	1	4	0	0	0	1	0	3	0	2	0	0	1	0	0	0	1	0	0	3	0	1	0	0	0	1	0	0	2	0	0	6	0	0	0	0	0	6	0	0
C2399	2	2	0	0	0	0	0	18	0	0	48	0	0	0	6	0	0	0	0	0	0	0	0	0	1	0	1	10	0	0	0	4	0	0	6	0	0	0	0	1	0	0	0	0	0	0	1	0	1	1	0	1	0	10	0	1	0	5	1	0	29	2	0	19	0	0	0	0	53	0	0	0	0	0	7	4	0	0
C2401	0	0	0	0	0	0	0	0	0	0	0	0	0	0	0	0	0	2	0	0	0	0	0	0	0	0	0	0	0	0	0	0	0	0	0	0	0	0	0	0	0	0	0	0	0	0	0	0	0	0	0	4	0	0	0	0	0	0	0	0	0	0	0	0	0	0	0	0	0	0	0	0	0	6	0	0	0	0
C2402	0	0	0	2	3	0	2	0	0	0	3	1	1	0	6	0	0	1	0	0	2	0	8	0	3	20	0	3	0	0	0	0	0	0	0	0	0	1	0	0	0	0	0	4	2	2	3	0	1	3	0	0	0	3	0	0	0	0	0	1	4	0	0	0	0	0	0	0	0	1	0	0	0	0	0	1	0	0
C2403	0	0	0	0	0	0	0	0	0	0	2	0	0	0	0	0	4	0	0	0	0	0	0	0	0	0	0	0	0	0	0	0	0	0	1	0	2	0	0	0	0	0	0	0	0	0	0	0	0	0	1	0	0	0	0	0	0	1	0	7	1	0	0	0	1	0	0	0	0	0	0	0	0	0	0	1	0	0
C2404	0	0	0	1	4	0	0	8	0	1	2	0	2	0	2	0	2	0	0	0	0	0	1	0	0	2	0	0	0	0	0	4	0	0	0	0	1	0	2	3	0	3	0	1	2	2	2	1	1	2	0	0	0	0	0	10	0	3	9	0	0	3	0	3	0	0	2	0	0	1	0	0	0	0	0	3	0	1
C2405	0	0	0	0	0	0	0	0	0	21	0	0	0	0	1	0	0	0	0	0	0	0	0	0	0	0	0	1	0	0	0	0	0	0	0	0	0	0	0	0	0	0	0	0	0	0	0	0	0	0	0	0	0	0	0	0	0	0	0	0	5	0	0	0	0	0	0	0	0	0	0	0	0	0	0	0	0	0
C2407	0	0	0	0	2	0	0	0	0	0	0	0	0	0	1	0	0	1	0	0	0	0	0	0	0	0	0	0	0	0	0	0	0	0	0	0	0	0	0	0	0	0	0	0	0	0	0	0	0	1	0	0	0	0	1	0	1	0	0	1	0	1	0	1	0	0	0	0	0	0	0	0	0	0	0	1	0	0
C2408	0	0	0	1	1	0	2	0	0	0	1	0	3	0	1	0	0	1	1	0	2	1	0	0	0	1	1	0	0	0	0	0	0	0	0	0	0	0	0	1	0	0	0	0	1	0	0	0	0	0	0	0	0	1	0	0	0	0	0	0	0	0	0	1	2	0	0	0	0	0	0	1	0	0	0	0	0	0
C2409	5	0	12	0	1	0	0	0	0	0	0	0	0	0	0	4	0	0	0	0	0	0	0	1	0	0	0	0	0	0	0	0	0	0	0	0	0	0	0	0	1	0	0	0	0	0	0	0	0	0	0	0	0	0	0	0	0	0	0	0	0	0	0	0	0	1	0	0	0	0	0	0	0	0	0	0	0	0
C2413	0	0	0	0	2	0	3	0	0	0	1	0	3	0	1	0	0	0	0	0	3	1	2	0	0	4	0	1	0	0	0	2	2	0	0	0	6	0	5	0	0	0	0	1	0	1	1	0	1	2	0	0	0	2	0	0	0	2	0	0	0	0	0	0	0	0	2	0	0	0	0	0	0	0	1	0	0	0
C2417	0	0	0	0	0	0	0	3	7	0	14	0	0	0	1	0	0	0	0	0	0	0	0	0	1	0	0	2	0	0	0	3	0	0	7	0	0	1	0	2	0	0	0	0	0	0	0	0	1	0	0	0	0	1	0	1	0	2	1	0	7	3	0	0	0	0	0	0	3	0	0	1	0	0	0	1	0	0
C2420	0	0	0	0	0	0	0	0	0	1	0	0	1	0	1	0	0	0	0	0	0	0	0	0	0	0	1	1	0	0	0	0	0	1	0	0	0	0	0	0	0	0	0	1	0	0	0	1	0	0	0	0	0	0	0	0	0	0	0	0	0	0	0	1	0	0	0	0	1	2	0	1	0	0	0	0	0	0
C2421	0	0	0	0	0	0	0	0	0	0	0	1	0	0	0	0	3	0	2	0	0	0	0	0	0	0	0	0	0	0	0	0	0	0	0	0	0	0	0	0	0	7	0	0	0	0	0	0	0	0	9	0	0	0	0	0	0	0	0	0	0	0	0	0	0	0	0	0	0	0	0	0	0	0	0	0	0	0
C2426	0	0	0	0	0	0	0	0	0	0	0	0	1	0	1	0	0	0	0	0	0	0	0	0	0	0	0	0	0	0	0	1	0	0	0	0	0	0	0	0	0	0	0	0	0	0	0	1	0	0	0	0	0	0	0	5	1	0	0	0	0	0	0	1	0	0	1	0	0	0	0	0	0	0	0	0	0	0
C2427	7	2	15	0	0	0	0	0	0	0	0	0	0	8	0	7	0	0	0	0	0	0	0	0	0	0	0	0	0	0	0	0	0	0	0	0	0	0	0	0	3	0	0	0	0	0	0	0	0	0	0	1	0	0	0	0	0	0	0	0	0	0	0	0	0	4	0	0	0	0	0	0	0	0	0	0	0	0
C2428	0	0	0	2	0	0	0	1	0	0	1	0	0	0	1	0	0	2	0	0	2	0	0	1	0	1	1	1	0	0	0	0	2	0	1	0	1	0	0	0	0	0	1	0	1	0	0	0	1	0	0	0	0	0	0	0	0	0	0	0	0	0	0	0	0	0	0	0	0	0	0	0	0	0	0	0	0	1
C2430	0	0	0	0	1	0	0	0	0	1	1	0	1	0	0	0	0	1	0	0	2	0	0	0	0	0	0	0	0	0	0	0	0	0	0	0	0	2	0	0	0	0	0	0	0	0	0	0	0	0	0	0	0	0	0	0	0	2	0	0	0	0	0	3	0	0	0	0	1	0	0	2	0	0	0	0	0	0
C2432	0	0	0	3	2	0	3	2	0	4	4	0	2	0	1	0	0	2	0	3	6	2	0	0	2	4	3	4	0	0	0	4	5	1	2	0	6	1	2	0	0	0	0	1	2	2	0	2	0	6	0	0	1	3	1	3	0	3	3	1	2	0	1	4	1	0	2	0	4	0	0	7	0	0	0	2	0	0
C2433	0	0	0	0	0	0	0	0	0	1	0	0	0	0	1	0	0	3	0	2	0	0	0	0	0	0	0	0	0	0	0	1	0	0	0	0	0	0	0	1	0	0	0	0	0	0	1	0	3	0	0	0	0	0	0	0	0	0	0	1	5	0	0	0	3	0	0	0	0	1	0	2	0	0	0	1	0	0
C2437	0	0	0	1	0	0	1	0	0	0	2	0	0	0	0	0	0	1	0	0	0	0	0	0	0	0	0	0	0	0	0	0	0	0	0	0	0	1	0	1	0	0	0	0	0	3	2	0	1	1	0	0	0	0	0	0	0	0	0	0	1	0	0	0	0	0	2	0	0	0	0	0	0	0	0	1	0	0
C2438	0	0	0	0	1	0	1	0	0	0	0	0	3	0	0	0	0	0	0	1	1	0	0	0	0	1	1	0	0	0	0	0	1	0	0	0	0	0	0	0	0	0	0	0	0	0	0	0	0	0	0	0	0	0	0	0	0	0	1	0	0	0	0	0	0	0	0	0	0	0	0	1	0	0	0	1	0	0
C2439	0	3	18	0	0	0	0	0	0	0	0	0	0	23	0	46	0	0	0	0	2	0	0	0	0	0	0	0	0	0	0	0	6	0	0	0	0	0	0	0	3	0	0	0	0	0	0	0	0	0	0	5	0	0	0	0	0	0	0	0	0	0	0	0	0	8	0	3	0	0	0	0	0	0	0	0	0	0
C2440	0	0	0	2	2	0	0	0	0	2	1	0	0	0	0	0	0	2	0	1	2	0	1	0	0	1	0	0	0	0	0	0	2	0	0	0	2	1	0	2	0	0	0	0	0	1	1	0	2	1	0	0	0	0	0	1	0	0	0	0	1	0	2	0	0	0	2	0	0	0	0	0	0	0	0	0	0	0
C2441	0	0	0	0	0	0	0	0	0	0	2	0	0	0	5	0	0	2	0	0	0	0	0	0	0	0	0	0	0	0	1	0	1	0	0	0	0	1	0	0	0	0	0	0	0	0	2	0	1	1	0	0	0	6	0	0	0	20	0	0	0	2	0	0	0	0	1	0	0	0	0	0	0	0	0	0	0	0
C2442	0	0	0	0	0	0	0	1	0	0	0	0	0	0	2	0	0	0	0	0	0	0	0	0	0	0	0	1	0	0	0	0	0	0	1	0	0	0	0	0	0	0	0	0	0	0	0	0	0	0	0	0	0	0	0	0	0	0	0	0	1	0	0	2	0	0	0	0	3	0	0	0	0	0	0	0	0	0
C2443	0	0	0	0	0	0	0	0	0	0	1	0	1	0	1	0	0	1	0	0	1	2	0	1	2	0	2	0	0	0	0	0	1	0	0	0	1	0	0	1	0	0	0	0	1	1	0	1	0	0	0	0	1	0	0	2	0	0	0	1	0	0	0	0	0	0	0	2	1	0	0	2	0	0	0	0	0	0
C2446	0	0	0	0	1	0	11	0	0	0	0	0	0	0	0	0	0	0	0	0	3	0	6	0	0	1	0	0	0	0	0	3	0	1	0	0	0	3	0	1	0	1	0	12	0	0	1	0	0	1	0	0	0	0	1	0	0	0	1	3	0	6	0	0	8	0	1	0	0	0	0	0	0	0	2	0	0	0
C2447	423	108	2661	29	138	0	30	0	1	0	3	0	11	1147	6	700	0	6	9	4	5	8	0	13	5	9	10	5	0	0	0	10	30	7	3	0	22	5	30	13	473	3	0	2	14	1	2	9	8	0	113	177	0	10	0	0	1	1	4	5	4	2	3	2	6	360	3	1	8	0	0	17	6	6	6	14	54	5
C2448	0	0	0	0	0	0	0	0	0	0	0	0	1	0	3	0	0	1	0	0	0	0	0	0	2	1	0	2	0	0	0	1	2	2	0	0	1	0	0	0	0	0	0	6	0	0	1	0	0	0	0	0	0	4	0	0	0	5	0	0	2	2	2	1	2	0	3	0	2	0	0	0	0	0	5	0	0	0
C2450	0	0	0	0	0	0	1	3	0	0	0	0	0	0	0	0	0	0	0	0	0	0	0	0	0	0	0	0	0	0	0	1	0	0	0	0	0	0	0	0	0	0	0	0	1	0	0	0	0	0	0	0	0	0	0	2	0	0	2	3	0	0	0	0	0	0	0	0	0	0	0	0	0	0	0	0	0	0
C2452	0	0	0	0	0	0	0	0	0	0	0	0	0	0	0	2	0	0	0	0	0	0	0	0	0	0	0	0	0	0	0	0	0	0	0	0	0	0	0	0	2	38	0	0	0	0	0	0	0	0	0	0	0	0	0	0	0	0	0	0	0	0	0	0	0	0	0	0	0	0	0	0	0	0	0	0	0	0
C2453	0	0	0	0	0	0	18	0	0	0	0	0	0	0	0	0	0	1	0	0	0	0	0	0	1	0	0	0	0	0	0	0	0	0	1	0	0	0	0	0	0	0	0	1	1	0	1	0	0	0	0	0	0	0	0	5	0	0	0	0	1	0	0	0	0	0	0	14	0	0	0	0	0	0	0	1	0	0
C2454	0	0	0	0	1	0	0	2	0	2	1	0	1	0	1	0	0	2	0	1	1	1	1	0	2	1	1	2	0	0	0	1	0	3	2	0	0	1	2	0	0	0	0	1	1	0	0	0	1	1	0	0	0	0	0	1	0	0	2	3	0	0	0	0	1	0	0	1	1	0	0	2	0	0	0	1	0	0
C2457	0	0	0	0	0	0	0	0	0	0	0	0	0	0	0	0	3	0	2	0	0	0	0	2	0	0	0	0	0	0	0	0	0	0	0	0	0	0	0	0	0	0	1	0	0	0	0	0	0	0	0	0	0	0	0	0	7	0	0	0	0	0	0	0	0	0	0	0	0	0	0	0	0	0	0	0	0	1
C2460	0	0	0	0	0	0	2	1	0	0	0	0	0	0	0	0	0	0	0	1	0	1	0	0	1	1	0	1	0	0	0	0	1	1	1	0	0	1	3	0	0	0	1	0	3	0	1	0	0	1	0	0	0	4	0	1	0	1	3	0	0	0	1	0	1	0	1	2	1	0	0	1	0	0	2	1	0	0
C2464	0	2	6	0	0	0	0	0	0	0	0	0	0	0	0	2	0	0	0	0	0	0	0	0	0	0	0	0	0	0	0	0	0	0	0	0	0	0	0	0	1	0	0	0	0	0	0	0	0	0	0	1	0	0	0	0	0	0	0	0	0	0	0	0	0	3	0	0	0	0	0	0	0	0	0	0	0	0
C2466	0	0	0	0	0	1	1	0	0	0	0	0	0	0	0	0	3	0	0	0	0	0	0	0	0	1	0	0	5	0	0	1	0	0	0	0	0	0	0	0	0	1	0	0	0	0	0	0	0	0	0	0	0	0	0	0	0	0	0	0	0	0	0	0	0	0	0	0	0	0	0	0	0	0	0	0	0	0
C2469	0	0	0	0	0	0	1	0	0	0	0	3	0	0	0	0	4	0	0	0	0	0	2	0	0	0	0	0	0	1	0	0	0	0	0	0	0	0	0	0	0	1	0	0	0	0	0	0	1	0	1	0	1	0	0	0	1	0	0	0	0	0	2	0	0	0	0	0	0	0	0	0	0	0	0	0	1	1
C2470	0	0	0	0	0	0	1	0	0	0	0	0	1	0	1	0	0	0	0	0	1	3	1	0	0	1	0	0	0	0	0	0	0	0	0	0	0	0	0	0	0	0	0	0	0	0	0	0	0	3	0	0	0	0	0	0	0	1	0	0	0	1	0	0	1	0	0	0	1	0	0	0	0	0	0	0	0	0
C2475	0	0	0	0	0	2	0	0	0	0	0	3	0	0	0	0	2	0	1	0	0	0	0	0	0	1	0	0	0	0	0	0	0	0	0	0	1	0	0	0	0	5	0	0	0	0	0	0	0	0	1	0	0	0	0	0	1	0	0	0	0	0	0	0	0	0	0	0	0	0	0	0	0	0	1	0	1	0
C2477	0	0	0	2	0	0	0	2	0	0	0	0	8	0	1	0	0	2	0	2	1	1	1	0	1	1	0	6	0	0	0	1	0	1	0	0	5	0	0	7	0	0	0	2	0	3	1	1	0	0	0	0	0	3	2	0	0	0	1	1	3	0	3	4	0	0	3	0	0	11	0	0	0	0	1	0	0	0
C2478	0	0	0	2	0	0	80	3	0	0	0	0	0	0	1	1	0	0	0	0	0	0	3	0	0	8	0	0	0	0	1	0	0	0	4	0	0	9	0	1	0	0	9	84	0	0	35	0	3	0	0	0	0	0	0	16	0	0	2	13	0	7	1	0	3	0	0	21	0	0	2	0	0	0	0	8	0	0
C2480	0	0	0	0	0	1	0	0	0	0	0	1	0	0	0	0	12	0	2	0	0	1	0	0	0	1	1	0	0	0	0	0	0	0	0	0	1	1	0	0	0	12	0	0	0	0	0	0	0	0	1	0	0	0	0	0	1	0	0	0	1	0	0	0	0	0	0	0	0	0	3	0	0	0	0	0	0	1
C2482	0	0	0	0	1	0	1	0	0	0	0	0	0	0	2	0	0	0	0	0	0	0	0	0	0	0	0	1	0	0	0	0	0	0	0	0	3	0	0	0	0	0	0	1	0	1	0	0	0	1	0	0	0	1	0	0	0	0	0	0	0	1	1	0	0	0	0	0	0	0	0	0	0	0	0	0	0	0
C2483	0	0	0	4	3	2	2	0	0	0	4	5	0	0	1	0	1	1	1	5	1	0	1	2	0	2	1	0	0	2	0	0	0	0	0	0	2	7	0	3	0	8	0	2	0	11	2	1	10	5	4	0	0	5	2	1	3	0	2	0	2	0	3	0	0	0	7	0	1	1	0	0	1	0	3	0	1	0
C2484	0	0	0	3	1	1	5	5	2	0	1	0	0	0	0	0	0	0	0	0	0	0	6	0	1	8	5	1	0	0	0	0	0	0	7	0	0	24	0	3	0	0	1	0	3	0	5	1	1	0	0	0	0	0	0	6	0	0	3	1	2	0	0	0	2	1	1	10	1	0	0	0	0	0	0	28	0	0
C2485	0	0	0	0	0	0	0	1	0	0	7	0	0	0	0	0	0	0	0	0	0	0	0	0	1	0	0	0	0	0	0	1	0	0	0	0	0	0	0	1	0	0	0	0	0	0	0	0	0	0	0	0	0	0	0	0	0	0	0	0	0	0	0	0	0	0	0	0	0	0	0	0	0	0	0	1	0	0
C2489	0	0	0	0	2	0	1	0	0	0	0	0	0	0	1	0	0	0	0	0	0	1	0	0	1	1	0	0	0	0	0	2	0	0	0	0	0	0	0	0	0	0	0	0	0	1	0	0	0	0	0	0	0	1	0	0	0	0	1	2	0	0	0	0	1	0	0	1	1	0	0	1	0	0	1	1	0	0
C2493	0	0	1	3	39	0	0	78	0	13	4	0	5	0	3	0	1	5	0	5	5	2	7	0	8	5	1	12	0	0	0	6	4	1	4	0	1	2	2	4	0	0	0	7	0	7	0	1	4	10	0	2	0	8	1	221	0	3	107	0	3	2	5	8	0	15	12	1	2	16	0	5	0	0	1	0	0	0
C2494	0	0	0	0	0	0	0	1	0	0	0	0	0	0	0	0	0	2	0	0	0	0	1	0	0	0	0	0	0	0	0	0	0	0	0	0	0	0	0	0	0	0	0	0	0	1	1	0	0	0	0	0	0	0	0	0	0	1	0	1	1	0	0	1	0	0	0	0	1	0	0	0	0	0	0	0	0	0
C2496	11	9	3	0	0	0	0	0	0	0	0	0	0	2	0	3	0	0	0	0	0	0	0	0	0	0	0	0	0	0	0	0	0	0	0	0	0	0	0	0	0	0	0	0	0	0	0	0	0	0	0	1	0	0	0	0	0	0	0	0	0	0	0	0	0	2	0	0	0	0	0	0	0	1	0	0	0	0
C2497	0	0	0	0	0	0	0	0	0	0	0	2	0	0	0	0	2	0	0	0	0	0	0	0	0	0	0	0	0	0	0	0	0	0	0	0	0	0	0	0	0	5	0	0	0	0	0	0	0	0	0	0	0	0	0	0	0	0	0	0	0	0	0	0	0	0	0	0	0	0	2	0	0	0	0	0	3	0
C2501	0	0	0	1	0	0	0	0	0	0	1	0	1	0	1	0	2	1	0	0	0	0	0	1	0	0	0	0	0	0	0	0	0	0	0	0	1	0	0	0	0	1	0	0	0	0	0	0	0	1	1	0	0	0	0	0	0	0	0	0	0	0	0	0	0	0	0	0	0	0	1	0	0	0	0	0	0	0
C2502	0	0	0	0	0	0	0	3	0	0	0	0	2	0	0	0	0	1	0	0	2	0	1	1	0	2	1	2	0	0	0	0	0	1	0	0	1	1	0	0	0	0	0	1	2	0	1	0	0	1	0	0	0	0	1	4	0	0	1	1	1	1	0	0	0	0	0	0	0	0	0	1	0	0	0	0	0	1
C2504	0	0	0	1	0	0	0	0	0	0	0	0	3	0	3	0	0	0	0	0	0	1	0	0	0	0	0	0	0	0	0	1	0	0	0	0	0	0	0	0	0	0	0	1	0	0	1	0	0	0	0	0	0	0	1	0	0	0	0	0	0	1	0	0	0	0	0	0	0	0	0	1	0	0	1	1	0	0
C2507	0	0	0	2	0	0	0	0	0	0	1	0	1	0	1	0	0	0	2	0	2	0	0	0	0	1	2	0	0	0	0	1	0	0	0	0	0	0	0	1	0	0	0	0	0	0	0	0	0	0	0	0	0	0	0	1	0	1	0	0	0	0	0	1	0	0	0	0	2	0	0	0	0	0	0	1	0	0
C2509	0	0	0	0	0	0	0	1	0	0	4	0	0	0	0	0	0	0	0	0	0	0	0	0	0	0	0	0	0	0	0	0	0	0	0	0	0	0	0	1	0	0	0	0	1	0	4	0	0	0	0	0	0	1	0	0	0	0	0	0	0	2	0	0	0	0	0	0	1	0	0	0	0	0	1	0	0	0
C2511	0	0	0	0	0	0	0	0	0	0	0	0	0	0	0	0	0	0	0	1151	0	0	0	0	0	0	0	0	0	0	0	0	0	0	0	0	0	0	0	0	0	0	0	0	0	0	0	0	0	0	0	0	0	0	0	0	0	0	0	0	0	0	0	0	0	0	0	0	0	2	0	0	0	0	0	0	0	0
C2512	0	0	0	0	0	0	0	0	0	0	0	0	0	0	0	0	0	5	0	0	0	0	0	0	3	0	0	0	0	0	0	0	0	0	0	0	0	0	0	0	0	0	0	0	0	0	0	0	0	0	6	0	0	0	0	0	0	0	1	0	0	0	0	3	0	0	0	1	0	0	0	0	0	0	0	1	0	0
C2513	0	0	1	0	4	0	2	0	0	0	1	86	1	0	5	0	18	0	292	2	10	4	1	519	0	7	0	3	0	0	0	2	6	4	0	0	4	0	4	0	0	2	46	8	0	1	2	1	1	7	0	0	4	3	2	0	20	3	0	5	1	2	1	0	6	0	3	0	3	1	0	0	0	0	2	0	0	113
C2515	0	0	0	0	1	0	1	0	0	0	0	0	2	0	1	0	0	2	0	0	1	1	1	0	0	4	0	0	0	0	0	1	0	0	0	0	0	0	0	0	0	0	0	0	0	1	0	0	0	2	0	0	1	0	0	0	0	0	0	0	0	0	0	0	1	0	0	0	1	0	0	0	1	0	3	0	0	0
C2517	0	0	0	0	0	0	0	0	0	0	0	0	0	0	0	0	0	0	0	17	0	0	0	0	0	0	0	0	0	0	0	0	0	0	0	0	0	0	0	0	0	0	0	0	0	0	0	0	0	0	0	0	0	0	0	0	0	0	0	0	0	0	0	0	0	0	0	0	0	0	0	0	0	0	0	0	0	0
C2518	0	0	0	2	4	0	2	3	0	1	2	0	7	0	3	0	0	3	2	0	2	5	2	1	4	1	1	6	0	0	0	0	3	4	2	0	4	3	4	1	0	0	1	4	1	3	1	1	2	0	0	0	0	5	3	2	1	0	2	4	1	0	2	4	3	0	1	4	5	0	0	4	1	0	5	3	0	1
C2519	0	0	0	8	0	0	0	0	0	0	0	0	0	0	0	0	0	1	0	5	0	0	0	0	0	0	0	0	0	0	0	0	0	0	0	0	0	0	0	2	0	19	0	0	0	0	0	0	5	0	0	0	4	0	0	0	0	0	0	0	4	0	0	0	67	0	0	0	1	0	0	0	0	0	0	0	0	1
C2520	0	0	0	0	0	0	0	0	1	0	0	0	0	0	0	47	0	0	0	0	0	0	0	0	0	0	0	0	0	0	0	0	0	0	0	0	0	0	0	0	18	0	0	0	0	0	0	0	0	0	0	0	0	0	0	0	0	0	0	0	0	0	0	0	0	2	0	0	0	0	0	0	0	40	0	0	0	0
C2524	0	0	0	0	0	0	0	0	0	0	0	0	0	0	0	0	0	0	0	3	3	0	1	0	0	3	0	0	0	0	0	1	0	0	0	0	0	1	0	0	0	0	0	0	0	0	0	0	1	1	0	0	0	0	0	0	0	0	0	0	0	0	0	0	0	0	0	0	0	0	0	0	0	0	0	0	0	0
C2525	1	0	0	0	0	0	0	0	0	0	2	1	0	0	0	1	0	16	4	0	0	0	0	0	0	0	0	0	0	1	0	2	0	0	0	0	0	0	0	0	0	0	0	0	0	0	0	0	0	0	0	0	0	27	0	0	0	0	0	0	0	0	0	0	0	0	0	0	0	0	0	0	0	0	0	0	0	0
C2527	3	1	5	0	0	0	0	0	0	0	0	0	0	0	1	12	0	0	0	0	0	0	0	0	0	0	0	0	0	0	0	0	0	0	0	0	0	0	0	0	0	0	0	0	0	0	0	0	0	0	0	1	0	0	0	0	0	0	0	0	0	0	0	0	0	0	0	0	0	0	0	0	0	0	0	0	0	0
C2528	0	0	0	0	0	0	0	0	0	0	3	0	2	0	3	0	0	0	0	0	0	1	0	0	0	0	0	0	0	0	0	1	1	0	0	0	1	0	1	0	0	0	0	1	0	0	0	0	0	0	0	0	0	0	0	0	0	0	0	1	0	0	0	0	1	0	2	0	0	0	0	0	0	0	0	0	0	0
C2530	3	1	1	0	0	0	0	0	0	0	0	0	0	0	0	4	0	0	0	0	0	0	0	0	0	0	0	0	0	0	0	0	0	0	0	0	0	0	0	0	0	0	0	0	0	0	0	0	0	0	0	0	0	0	0	0	0	0	0	0	0	0	0	0	0	2	0	0	0	0	0	0	0	0	0	0	0	0
C2532	0	0	0	0	0	0	0	0	0	0	0	0	0	0	0	9	0	0	0	0	0	0	0	0	0	0	0	0	0	0	0	0	0	0	0	0	0	0	0	0	0	0	0	0	0	0	0	0	0	0	0	0	0	0	0	0	0	0	0	0	0	0	0	0	0	0	0	0	0	0	0	0	0	6	0	0	0	0
C2533	0	0	4	3	0	1	0	0	0	13	0	0	0	0	0	0	0	0	1	0	4	1	0	0	0	0	2	0	0	0	0	0	0	3	0	0	1	17	0	1	0	0	0	1	0	0	2	2	26	1	2	1	23	0	0	0	0	0	0	10	205	0	0	0	33	0	0	0	0	0	0	0	0	0	0	1	0	0
C2534	0	0	0	2	2	0	3	1	0	0	3	0	7	0	3	1	0	1	0	0	2	2	2	0	0	3	3	0	0	0	0	1	2	3	1	0	0	2	2	0	0	0	0	1	0	1	0	1	0	1	0	0	0	1	1	3	0	1	2	1	0	0	0	0	2	0	1	0	0	0	0	2	0	0	1	2	0	0
C2537	0	1	1	0	0	0	0	0	0	0	0	0	0	0	0	28	0	0	0	0	0	0	0	0	0	0	0	0	0	0	0	0	0	0	0	0	0	0	0	0	1	0	0	0	0	0	0	0	0	0	0	2	0	0	0	0	0	0	0	0	0	0	0	0	0	0	0	0	0	0	0	0	0	0	0	0	0	0
C2538	0	0	0	0	0	0	0	0	0	0	0	0	0	0	0	0	0	0	0	6	0	0	0	0	0	0	0	0	0	0	0	0	0	0	0	0	0	0	0	0	0	0	0	0	0	0	2	0	0	0	0	0	0	0	0	0	0	0	0	0	1	0	0	0	2	0	0	0	0	0	0	0	0	0	0	0	0	0
C2539	0	0	0	0	0	0	0	0	0	0	0	0	0	0	0	0	0	0	0	2	0	1	0	0	0	0	2	2	0	0	0	0	0	1	0	0	0	0	0	0	0	0	0	0	0	0	0	0	3	0	0	0	0	0	0	0	0	0	0	0	1	0	0	0	2	0	0	0	0	0	0	0	0	0	0	0	0	0
C2544	0	0	0	1	0	1	0	0	0	0	0	0	0	0	2	0	2	0	3	0	0	0	0	0	2	0	0	0	0	0	0	0	0	0	0	0	0	0	0	1	0	0	0	0	0	0	0	0	7	1	11	0	0	0	0	0	1	0	0	3	2	0	0	0	0	0	0	0	0	2	0	0	0	0	0	0	0	1
C2550	0	0	0	1	1	0	2	1	0	1	2	0	4	0	1	0	0	1	0	0	1	1	0	0	3	0	1	1	0	0	0	0	1	0	0	0	1	1	0	0	0	0	0	2	0	0	1	0	0	0	0	0	0	1	1	0	0	0	1	1	3	0	0	0	0	0	0	3	2	0	0	2	0	0	0	1	0	1
C2551	0	0	0	1	0	0	1	2	0	0	1	0	2	0	1	0	0	1	0	0	0	0	0	0	1	1	1	3	0	0	0	0	0	1	0	0	0	0	0	0	0	0	0	2	1	0	0	0	0	0	0	0	0	0	1	0	0	0	0	2	1	0	1	1	0	0	1	0	0	0	0	0	0	0	1	1	0	0
C2552	0	0	0	0	0	0	0	0	0	2	0	0	0	0	0	0	0	0	0	16	1	0	0	0	0	0	0	0	0	0	0	0	2	0	0	1	0	1	2	4	0	1	0	0	0	0	0	4	0	0	0	0	0	0	0	0	0	0	1	0	0	0	0	0	6	0	0	0	0	2	1	0	0	0	0	0	0	0
C2553	0	0	0	1	2	0	0	4	0	30	106	0	30	0	21	0	0	493	0	0	17	1	98	1	2	0	6	44	0	0	0	0	0	1	0	0	3	6	31	113	0	0	0	36	4	0	0	2	0	1	0	0	0	0	0	1	0	2	2	49	0	0	0	0	0	0	2	0	1	0	0	0	0	0	3	2	0	0
C2556	0	0	0	5	1	0	2	0	0	4	0	0	0	0	3	0	0	6	2	0	0	4	0	3	0	1	111	0	2	0	0	2	4	6	0	0	1	0	0	0	0	0	0	2	0	0	0	0	3	1	7	0	4	4	3	0	1	4	1	0	0	3	0	5	0	0	7	0	0	15	2	0	0	0	4	4	2	3
C2557	0	0	0	0	0	0	0	0	0	0	0	0	0	0	2	0	0	0	0	2	1	0	0	0	0	0	0	0	1	0	0	0	0	2	0	0	0	0	0	2	0	0	0	0	0	0	0	0	0	0	0	0	0	0	0	0	0	0	0	0	0	0	0	0	0	0	0	1	0	0	0	0	0	0	0	0	0	0
C2561	0	0	0	0	0	0	1	51	0	0	2	0	7	0	0	0	0	0	0	0	0	0	2	0	0	2	0	0	0	0	0	19	1	0	28	0	0	42	1	1	0	0	0	1	0	0	5	0	1	0	0	0	0	0	21	19	0	0	3	65	4	28	1	0	1	2	0	0	0	0	0	0	0	0	0	6	0	0
C2563	0	0	0	0	0	0	0	1	0	0	8	0	0	0	0	0	0	0	0	0	0	0	0	0	0	0	0	0	0	0	0	0	0	0	1	0	0	0	0	0	0	0	0	0	0	0	0	0	0	0	0	0	0	0	0	0	0	0	0	1	0	0	0	1	0	0	0	0	0	0	0	0	0	0	0	1	0	0
C2564	0	0	0	0	0	0	3	0	0	1	0	0	0	0	1	0	1	2	0	2	1	0	0	0	0	1	0	0	0	0	2	0	0	0	0	0	2	0	1	1	0	0	0	0	0	2	0	0	1	1	0	0	0	0	1	0	0	0	0	0	0	0	0	0	0	0	0	0	0	0	0	0	0	0	0	0	1	0
C2568	0	0	0	0	0	0	0	0	0	0	0	0	0	0	0	0	0	0	0	0	0	0	0	0	0	0	10	0	0	0	0	0	0	0	0	0	0	0	0	0	2	0	0	0	0	0	0	0	4	0	0	0	0	0	0	0	0	0	0	0	0	0	0	0	2	0	0	0	0	0	0	0	0	0	0	0	0	1
C2569	0	0	0	0	0	0	0	0	0	0	0	2	0	0	0	0	0	0	6	0	0	0	0	0	0	0	0	0	0	0	0	0	0	0	0	0	0	2	0	0	0	3	0	0	0	0	2	8	0	0	0	1	0	0	0	0	0	0	0	0	1	0	0	0	4	0	0	0	0	0	0	0	0	0	0	0	0	1
C2570	1	0	0	0	0	0	0	0	0	0	1	0	0	0	0	0	0	0	0	12	5	0	0	0	1	0	0	1	0	0	0	0	0	0	0	0	1	0	0	0	0	0	0	0	0	0	0	1	2	0	0	0	0	0	0	0	0	0	0	3	0	0	1	0	2	0	0	0	0	0	0	3	0	0	0	0	0	0
C2572	0	0	0	0	0	0	0	0	0	0	0	0	0	0	0	0	0	10	0	0	0	0	0	0	0	0	0	0	0	0	0	0	0	0	0	0	0	0	0	0	0	0	0	0	2	0	0	0	0	0	0	0	0	0	0	0	0	0	0	0	0	0	0	0	0	0	0	0	0	0	0	0	0	0	0	0	0	0
C2573	0	0	0	2	0	0	3	0	0	0	2	0	0	0	0	0	0	7	1	0	0	0	0	0	0	3	0	0	0	3	0	1	16	12	17	0	3	1	0	0	0	1	0	7	0	0	5	0	0	0	0	0	0	0	0	0	0	0	0	23	3	0	0	0	17	0	0	0	0	0	0	0	0	0	0	4	0	0
C2574	0	0	0	0	0	1	0	0	0	0	0	0	0	0	1	0	1	0	2	1	0	0	1	0	1	0	1	2	0	18	17	0	1	2	1	1	0	0	1	1	0	0	5	3	0	2	0	0	0	0	0	0	24	0	1	0	1	0	0	0	1	0	0	0	0	0	3	0	2	0	0	2	56	0	0	4	1	13
C2575	0	0	0	0	0	0	0	1	0	0	2	0	0	0	2	0	0	0	0	0	0	0	0	0	0	0	0	1	0	0	0	0	0	0	2	0	0	0	0	0	0	0	0	0	0	0	1	0	0	0	0	0	0	3	0	1	0	0	0	0	4	1	0	4	0	0	0	0	1	0	0	1	0	0	0	0	0	0
C2576	0	0	0	0	0	0	1	0	0	0	3	0	0	0	2	0	0	0	0	0	0	1	0	0	0	0	0	0	0	0	0	0	0	1	1	0	0	0	1	0	0	0	0	0	0	0	2	0	0	0	0	0	0	2	0	0	0	9	0	0	0	7	0	0	0	0	0	1	0	1	0	0	0	0	0	0	0	0
C2579	0	0	0	1	1	0	2	0	0	0	1	0	0	0	0	0	0	6	0	0	2	0	1	0	0	0	0	0	0	0	0	0	3	0	0	0	0	2	1	1	0	1	0	0	0	0	0	2	6	1	0	0	0	0	0	0	0	0	0	2	0	1	0	0	0	0	0	0	0	0	0	0	0	0	0	0	0	0
C2582	4	0	1	4	57	0	1	46	0	16	12	0	8	0	7	2	2	6	2	5	3	2	7	0	7	5	5	2	0	1	0	11	2	2	1	0	4	7	3	6	1	1	0	5	3	5	2	1	3	5	0	0	0	8	1	106	1	4	61	5	1	2	11	59	5	0	11	0	5	10	0	16	0	0	4	33	0	1
C2583	0	0	0	1	0	0	2	0	0	1	1	0	2	0	0	0	0	1	0	0	2	1	1	0	0	0	0	0	0	0	0	0	0	0	0	0	1	1	0	0	0	0	0	1	0	1	0	0	0	1	0	0	0	2	0	0	0	1	0	0	0	0	1	0	0	0	1	0	1	0	0	0	0	0	1	0	0	0
C2586	0	0	0	0	1	0	116	7	0	0	1	0	1	0	0	1	0	0	0	0	0	0	3	0	3	2	0	0	0	0	0	1	0	0	2	0	1	3	0	6	0	0	3	78	1	0	62	0	9	0	0	0	0	0	0	49	0	0	1	5	5	2	2	0	5	0	0	61	0	0	7	0	0	0	0	10	0	0
C2587	0	0	0	0	0	0	0	0	0	0	1	0	0	0	0	0	0	0	0	2	0	0	1	0	0	0	0	3	1	0	0	0	0	1	0	0	0	0	0	0	0	0	0	2	0	0	0	0	0	0	0	0	0	0	3	0	0	0	0	0	0	0	0	0	4	0	0	0	0	1	0	0	0	0	0	0	0	0
C2589	0	0	0	3	0	0	2	0	0	0	3	0	4	0	1	0	1	2	0	0	0	1	0	0	0	0	0	0	0	0	0	0	1	0	0	0	5	3	0	2	0	3	0	1	0	10	1	0	2	3	0	0	0	2	1	0	0	0	0	1	3	0	0	0	0	0	14	0	0	0	1	0	0	0	1	0	0	0
C2592	0	0	0	2	0	0	2	0	0	1	3	0	0	0	3	0	0	3	0	2	2	0	0	0	0	1	0	1	0	0	0	0	0	1	0	0	0	3	0	0	0	0	0	3	1	9	0	0	3	4	0	0	0	3	0	0	0	0	0	1	1	0	1	0	0	0	5	0	0	0	0	1	0	0	1	0	0	0
C2594	0	0	0	0	0	0	0	0	0	0	0	0	0	0	1	0	0	0	3	0	0	0	0	0	0	0	0	1	0	0	0	0	0	0	0	0	0	0	0	0	0	0	0	0	0	0	0	1	0	0	2	0	0	0	0	0	0	0	0	0	1	0	0	0	2	0	0	0	0	1	0	0	0	0	0	2	0	0
C2596	0	0	0	0	0	0	0	0	0	0	0	0	0	0	0	0	0	2	0	3	0	0	0	0	0	0	0	0	0	0	0	2	0	0	0	0	0	2	0	0	0	0	0	2	0	0	0	0	0	0	0	0	0	0	0	0	0	0	1	0	0	0	0	0	4	0	0	0	0	0	0	0	0	0	1	0	0	0
C2597	0	0	0	3	0	0	1	13	0	0	86	0	5	3	1	0	0	7	0	14	59	0	20	0	0	3	0	0	1	2	0	52	0	1	4	0	30	9	0	18	0	1	0	5	10	0	56	0	113	0	1	0	0	2	4	4	0	5	4	66	18	24	6	0	99	0	0	0	0	225	0	0	0	0	1	2	0	1
C2598	0	0	0	1	2	0	2	0	0	0	0	0	0	0	0	0	0	4	0	2	1	0	0	0	0	1	0	0	0	0	1	0	2	0	0	0	0	0	0	1	0	0	0	0	0	0	0	0	4	0	0	0	0	0	0	0	0	0	2	1	1	0	0	0	0	0	0	0	0	0	0	0	0	0	0	0	0	0
C2599	22	10	15	0	1	0	0	0	0	0	0	0	1	5	0	75	0	1	0	0	0	0	0	0	0	1	0	0	0	0	0	0	1	0	0	0	1	0	0	0	0	0	0	0	0	0	0	0	0	2	0	2	0	1	0	0	0	1	1	0	0	0	0	0	0	7	1	0	0	0	0	0	0	3	1	0	0	0
C2600	0	0	0	0	10	0	0	0	0	0	0	0	0	1	13	0	0	13	0	15	3	0	4	0	0	4	0	21	0	0	0	4	1	0	0	0	0	0	2	6	0	0	0	0	0	0	0	0	0	0	0	0	0	0	4	23	0	9	2	1	0	6	0	0	6	0	37	0	0	0	0	0	0	0	39	0	0	0
C2605	0	0	0	0	0	0	0	0	0	0	0	0	0	0	0	0	0	0	2	0	0	0	0	9	0	0	0	0	0	0	0	0	0	0	0	0	0	0	0	0	0	0	1	0	0	0	0	0	0	0	0	0	0	0	0	0	2	0	0	0	0	0	0	0	0	0	0	0	0	0	0	0	0	0	0	0	0	1
C2608	0	0	0	0	0	0	0	0	0	0	0	0	0	0	0	0	2	0	7	0	0	0	0	2	0	0	0	0	0	0	0	0	0	0	0	0	0	0	0	0	0	1	0	0	0	0	0	0	0	0	1	0	0	0	0	0	1	0	0	0	0	0	0	0	0	0	0	0	0	0	1	0	0	0	0	0	0	0
C2614	1	0	14	0	0	0	0	0	0	0	0	0	0	0	0	10	0	0	0	0	0	0	0	0	0	0	0	0	0	0	0	0	0	0	0	0	0	0	0	0	1	0	0	0	0	0	0	0	0	0	0	4	0	0	0	0	0	0	0	0	0	0	0	0	0	3	0	0	0	0	0	0	0	0	0	0	0	0
C2617	0	0	0	0	0	0	0	0	1	0	0	0	0	0	0	32	0	0	0	0	0	0	0	0	0	0	0	0	0	0	0	0	0	0	0	0	0	0	0	0	5	0	0	0	0	0	0	0	0	0	0	2	0	0	0	0	0	0	0	0	0	0	0	0	0	0	0	0	0	0	0	0	0	53	0	0	0	0
C2621	0	0	0	0	0	0	0	0	0	0	0	0	0	0	0	0	3	0	3	0	0	0	0	1	0	0	0	0	0	0	0	0	0	0	0	0	0	0	0	0	0	5	0	0	0	0	0	0	0	0	1	0	0	0	0	0	0	0	0	0	0	0	0	0	0	0	0	0	0	0	1	0	0	0	0	0	0	0
C2622	0	0	0	0	0	0	0	0	0	0	2	0	3	0	2	0	1	1	1	0	0	0	0	0	0	0	0	0	0	0	0	2	0	1	0	0	0	0	0	1	0	0	0	1	0	0	0	2	0	0	0	0	0	1	0	0	0	2	0	0	1	0	4	7	0	0	0	0	1	2	0	0	0	0	0	0	0	0
C2623	0	0	0	0	0	0	0	0	0	0	0	0	0	0	0	0	3	0	0	0	0	0	0	2	0	0	0	1	0	0	0	0	0	0	0	0	0	0	0	0	0	2	0	0	0	0	0	0	0	0	4	0	0	1	0	0	0	0	0	0	0	0	0	0	0	0	0	0	1	1	1	0	0	0	0	0	0	4
C2627	0	0	0	0	0	0	1	1	0	0	0	0	2	0	0	0	0	1	1	0	0	1	0	0	0	0	1	1	0	0	0	0	1	1	1	0	1	1	1	0	0	0	0	0	0	2	0	0	1	0	0	0	0	1	0	0	0	0	0	0	0	0	1	1	0	0	0	0	0	0	0	1	0	0	1	0	0	0
C2630	11	0	2	0	0	0	0	0	0	0	0	0	0	0	0	10	0	0	0	0	0	0	0	0	0	0	0	0	0	0	0	0	0	0	0	0	0	0	0	0	3	0	0	0	0	0	0	0	0	0	0	1	0	0	0	0	0	0	0	0	0	0	0	0	0	2	0	0	0	0	0	0	0	1	0	0	1	0
C2633	0	0	0	0	0	0	0	0	0	0	0	0	0	0	0	0	0	2	0	0	0	0	0	0	4	0	0	0	0	0	0	0	0	0	0	0	0	0	0	0	0	0	0	0	0	0	0	0	0	0	0	0	0	0	0	0	0	2	0	0	0	0	0	0	0	0	0	0	0	0	0	0	0	0	0	4	0	0
C2634	0	0	0	2	2	0	2	1	0	0	0	0	2	0	2	0	0	1	1	1	2	0	0	0	2	2	4	0	0	0	0	1	0	1	0	0	0	3	1	0	0	0	0	0	1	1	0	0	1	1	0	0	0	1	2	0	0	1	2	4	1	0	0	1	0	0	0	0	1	0	0	7	0	0	0	1	0	2
C2637	0	0	0	1	2	0	1	0	0	2	2	0	3	0	1	0	0	2	0	0	1	0	1	0	0	1	0	0	0	1	0	0	1	0	0	0	1	5	0	0	0	0	0	0	0	8	2	0	5	10	0	0	0	1	3	0	0	0	0	1	2	1	0	0	0	0	4	0	0	0	0	0	0	0	0	0	0	0
C2639	9	2	3	0	0	0	0	0	0	0	0	0	0	0	0	23	0	0	0	0	0	0	0	0	0	0	0	0	0	0	0	0	0	0	0	0	0	0	0	0	0	0	0	0	0	0	0	0	0	0	0	0	0	0	0	0	0	0	0	0	0	0	0	0	0	2	0	0	0	0	0	0	0	0	0	0	0	0
C2642	14	13	19	0	0	0	0	0	0	0	0	0	0	14	0	20	0	0	0	0	0	0	0	0	0	0	0	0	0	0	0	0	0	0	0	0	0	0	0	0	0	0	0	0	0	0	0	0	0	0	0	2	0	0	0	0	0	0	0	0	0	0	0	0	0	13	0	0	0	0	0	0	0	0	0	0	0	0
C2643	0	0	0	0	0	0	0	0	0	0	1	0	0	0	0	0	0	0	0	2	0	0	0	0	0	0	0	0	0	0	0	0	0	0	2	0	0	5	0	0	0	0	0	0	0	0	0	0	0	0	0	0	0	0	0	0	0	0	0	0	1	0	0	0	0	0	0	0	1	0	0	0	0	0	0	0	0	0
C2647	0	0	0	0	1	0	0	1	0	0	1	0	0	0	0	0	0	1	0	0	0	0	0	0	0	0	0	1	0	0	0	0	0	0	0	0	0	1	0	0	0	1	0	0	0	0	0	0	0	0	0	0	0	1	0	0	0	0	0	0	0	0	1	0	1	0	0	0	0	0	0	0	0	0	0	0	1	0
C2648	1	0	10	0	0	0	0	0	0	0	0	0	0	0	0	10	0	0	0	0	0	0	0	0	0	0	0	0	0	0	0	0	0	0	0	0	0	0	0	0	1	0	0	0	0	0	0	0	0	0	0	2	0	0	0	0	0	0	0	0	0	0	0	0	0	3	0	0	0	0	0	0	0	0	0	0	0	0
C2649	0	0	0	3	6	0	0	5	0	4	0	0	5	0	3	0	0	0	1	4	1	1	0	0	1	0	0	7	0	0	0	1	0	2	0	0	1	0	1	2	0	0	0	2	1	3	0	1	3	1	9	0	0	3	2	13	0	1	8	0	3	2	6	11	0	0	2	1	1	0	0	1	0	0	4	2	0	0
C2650	0	0	0	0	0	1	2	0	0	1	0	1	0	0	0	0	0	0	0	2	4	0	2	2	0	0	4	0	0	0	0	0	0	0	0	0	0	5	0	2	0	0	0	0	0	0	1	0	3	6	0	0	0	0	0	0	0	0	0	0	12	0	0	0	16	0	0	1	0	0	18	2	0	0	0	0	0	3
C2654	0	0	0	1	1	0	0	0	0	0	1	0	1	0	0	0	0	0	1	0	0	0	0	0	0	0	0	0	0	0	0	1	0	0	0	0	0	0	0	0	0	0	1	0	0	0	0	1	0	0	0	0	0	0	0	0	0	1	0	0	1	0	0	0	0	0	0	0	0	0	0	1	0	0	1	0	0	0
C2655	1	3	1	0	0	0	0	0	0	0	0	0	0	1	0	0	0	0	2	0	0	0	0	2	0	0	0	0	0	0	0	0	0	0	0	0	0	0	0	0	0	0	0	0	0	0	0	0	0	0	0	0	0	0	0	0	0	0	0	0	0	0	0	0	0	1	0	0	0	0	0	0	0	0	0	0	0	1
C2657	0	0	0	0	0	0	0	2	0	0	30	0	0	0	0	0	0	0	0	0	0	0	0	0	0	0	0	5	0	0	0	0	0	0	2	0	0	0	0	1	0	0	0	0	0	0	1	0	0	0	0	0	0	0	0	0	0	0	0	0	1	0	0	1	0	0	0	0	0	0	0	0	0	0	0	2	0	0
C2658	0	0	0	0	0	0	0	0	0	0	0	0	0	0	0	0	0	0	3	0	0	0	0	0	0	0	0	0	0	0	0	0	0	0	0	0	0	0	0	0	0	0	0	0	0	0	0	0	1	0	0	0	0	0	0	0	0	0	0	0	2	0	0	0	0	0	0	0	0	0	0	0	0	0	0	0	0	21
C2659	0	0	0	0	1	0	0	0	0	0	1	0	2	0	0	0	0	1	0	0	0	1	0	0	0	0	1	1	0	0	0	0	0	0	0	0	0	1	2	0	0	0	0	1	0	1	0	0	0	1	0	0	1	1	1	0	1	0	0	0	2	0	0	0	1	0	0	1	1	0	0	0	0	0	0	0	0	1
C2660	0	0	0	3	4	0	0	0	0	32	3	2	3	0	0	0	0	0	3	0	7	3	0	0	2	0	14	0	0	0	0	1	1	0	0	0	0	1	0	9	0	6	0	0	0	0	31	6	12	3	7	1	4	0	0	0	0	0	20	3	16	0	0	0	46	0	0	1	12	4	2	5	4	0	2	0	0	0
C2662	4	0	5	0	0	0	0	0	0	0	0	0	0	0	0	3	0	0	0	0	0	0	0	0	0	0	0	0	0	0	0	0	0	0	0	0	0	0	0	0	0	0	0	0	0	0	0	0	0	0	0	0	0	0	0	0	0	0	0	0	0	0	0	0	0	4	0	0	0	0	0	0	0	0	0	0	0	0
C2664	9	3	3	0	0	0	0	0	0	0	0	0	0	1	0	8	0	0	0	0	0	0	0	0	0	0	0	0	0	0	0	0	0	0	0	0	0	0	0	0	0	0	0	0	0	0	0	0	0	0	0	2	0	1	0	0	0	0	0	0	0	0	0	0	0	1	0	0	0	0	0	0	0	1	0	0	0	0
C2666	0	3	4	0	0	0	0	0	0	0	0	0	0	1	0	2	0	0	0	0	0	0	0	0	0	0	0	0	0	0	0	0	0	0	0	0	0	0	0	0	0	0	0	0	0	0	0	0	0	0	0	1	0	0	0	0	0	0	0	0	0	0	0	0	0	2	0	0	0	0	0	0	0	0	0	0	0	0
C2672	0	0	0	1	0	0	0	1	0	0	0	0	0	0	0	0	0	0	0	3	0	0	5	0	0	0	0	0	2	0	0	1	0	0	1	0	0	2	0	0	0	0	0	0	0	0	0	0	0	0	0	0	0	0	0	2	0	0	2	10	1	0	0	0	0	1	0	0	0	0	0	0	0	0	0	0	0	0
C2674	0	0	0	0	0	0	0	0	0	1	0	1	0	0	0	0	0	0	2	0	1	0	0	2	1	0	0	0	0	0	0	0	0	0	0	0	0	0	0	0	0	0	0	0	0	0	0	0	0	0	0	0	0	0	0	0	1	0	1	0	0	0	0	0	0	0	0	0	1	0	0	0	0	0	0	0	0	0
C2676	0	0	0	0	0	0	0	0	0	0	0	0	2	0	1	0	0	0	0	0	0	1	2	0	0	2	0	0	0	0	0	0	2	0	0	0	1	0	2	0	0	0	0	2	0	0	0	0	0	1	0	0	0	2	1	0	0	1	0	1	0	0	0	0	0	0	0	0	2	0	0	0	0	0	0	0	0	0
C2678	0	0	0	1	0	0	2	0	0	0	3	0	1	0	3	0	1	1	0	3	0	0	0	0	0	1	0	0	0	0	0	0	0	2	0	0	1	2	0	0	0	0	0	3	1	6	0	0	1	3	0	0	0	1	0	0	0	0	0	0	1	0	0	0	0	0	3	0	0	0	0	0	0	0	0	0	0	0
C2680	24	8	9	0	0	0	0	0	0	0	0	0	0	6	0	50	0	0	0	0	0	1	0	0	0	0	0	0	0	0	0	0	0	0	0	0	0	0	0	0	0	0	0	0	0	0	0	0	0	0	0	2	0	0	0	0	0	0	0	0	0	0	0	0	0	4	0	0	1	0	0	0	0	0	0	0	0	0
C2682	0	0	0	1	1	0	1	0	0	0	2	0	2	0	0	0	0	0	0	0	0	1	0	0	1	1	0	1	0	0	0	1	1	0	1	0	1	1	0	0	0	0	1	0	0	1	0	0	0	0	0	0	0	1	0	0	0	0	0	2	0	0	2	1	0	0	0	0	0	0	0	2	0	0	1	2	0	0
C2683	0	1	0	0	0	0	0	0	0	0	0	0	0	0	0	0	1	0	3	0	0	0	0	16	0	0	0	0	0	0	0	0	0	0	0	0	0	0	0	0	0	0	2	0	0	0	0	0	0	0	0	0	0	0	0	0	2	0	0	0	0	0	0	0	0	0	0	0	0	0	0	0	0	0	0	0	0	4
C2685	0	0	0	0	0	0	0	0	0	0	0	0	0	0	0	0	4	0	8	0	0	0	0	3	0	0	0	0	0	0	0	0	0	0	0	0	0	0	0	0	0	0	1	0	0	0	0	0	0	0	0	0	0	0	0	0	3	0	0	0	0	0	0	0	0	0	0	0	0	0	0	0	0	0	0	0	0	5
C2686	0	0	0	1	0	5	0	0	0	0	0	7	0	0	0	0	13	1	2	0	1	0	0	1	0	0	0	0	0	1	0	0	0	0	0	0	0	0	0	0	0	22	2	0	0	0	0	0	1	0	6	0	0	0	0	0	5	1	0	0	0	0	0	0	0	0	0	0	0	0	4	0	0	0	0	0	3	2
C2688	0	0	0	0	0	0	0	0	0	0	0	0	0	0	0	0	0	0	1	0	23	0	0	0	0	0	0	0	0	0	0	0	0	0	0	0	0	0	0	0	0	0	0	0	0	0	0	0	0	5	0	0	0	0	0	0	0	0	0	0	0	0	0	0	2	0	0	0	0	0	0	2	0	0	0	0	0	2
C2689	0	0	0	0	0	0	0	2	0	1	2	0	0	0	0	0	0	0	0	2	0	0	0	0	0	0	0	0	0	0	0	2	0	0	0	0	0	3	0	5	0	0	0	0	1	0	8	0	1	0	0	0	0	0	0	0	0	0	7	6	8	0	0	0	4	0	0	0	0	0	0	0	0	0	0	1	0	0
C2690	0	0	0	1	0	0	0	0	0	0	0	0	0	0	0	0	1	3	0	0	0	0	0	1	0	1	0	0	0	0	0	0	0	0	0	0	0	0	0	0	0	0	0	0	0	0	0	0	0	0	0	0	0	0	1	0	0	0	0	0	0	0	1	0	0	0	0	1	0	0	0	0	0	0	1	0	0	0
C2691	0	0	0	1	1	0	3	0	0	1	0	0	2	0	0	0	0	1	0	0	0	0	0	0	1	1	0	0	0	0	0	2	1	0	0	0	0	0	1	0	0	0	0	1	0	1	0	0	0	0	0	0	0	0	0	0	0	1	0	1	0	0	0	1	0	0	0	0	0	0	0	3	0	0	2	1	0	0
C2698	8	18	3	0	1	0	0	0	0	0	0	0	0	0	0	2	0	0	1	0	0	0	0	0	0	0	0	0	0	0	0	0	0	0	0	0	0	0	0	0	0	0	0	0	1	0	0	0	0	0	0	1	0	0	0	1	0	0	0	0	0	0	0	0	0	3	0	0	0	0	0	0	0	1	0	0	0	0
C2700	0	0	0	0	1	0	0	0	0	0	0	0	0	0	0	0	0	0	3	0	0	0	0	2	0	0	0	1	0	0	0	0	0	0	0	0	0	0	0	0	0	0	1	0	0	0	0	0	0	0	0	0	0	0	0	0	1	0	0	0	0	0	0	0	0	0	0	0	1	0	0	1	0	0	0	0	0	1
C2702	0	0	0	2	7	0	3	0	0	0	0	0	3	0	3	0	0	0	0	1	1	3	1	0	0	0	1	1	0	0	0	1	3	0	0	0	14	2	5	7	0	1	0	0	1	0	1	0	2	0	4	0	0	5	0	1	0	0	1	1	1	2	2	0	2	0	1	0	0	5	0	0	0	0	0	0	4	1
C2704	0	0	0	0	0	0	0	0	0	0	0	0	0	0	0	0	0	3	0	0	0	0	0	0	1	1	0	0	0	0	0	0	0	0	0	0	0	0	0	0	0	0	0	0	0	0	0	0	0	2	0	4	0	0	0	0	0	0	0	0	0	0	0	0	0	0	0	0	0	0	0	0	0	0	0	0	0	2
C2705	0	0	0	0	0	0	0	5	0	0	5	0	0	0	0	0	0	0	0	0	0	0	0	0	2	0	0	8	0	0	0	4	0	0	3	0	0	0	0	0	0	0	0	2	0	0	0	0	0	1	0	0	0	0	0	6	0	0	0	1	1	2	0	12	0	0	0	0	6	0	0	0	0	0	0	0	0	0
C2706	0	0	0	0	4	0	2	0	0	0	6	0	4	0	6	0	0	3	0	0	1	0	1	0	1	2	0	5	0	0	0	3	0	3	0	0	1	0	1	1	0	0	0	7	1	1	0	1	0	0	0	0	0	5	1	0	0	5	1	2	0	3	2	0	1	0	10	0	2	0	0	0	0	0	8	0	0	0
C2713	0	0	0	0	0	0	0	0	0	0	0	0	0	0	0	0	0	0	0	2	2	0	0	0	0	0	1	1	0	0	0	0	0	0	0	0	0	0	0	0	0	0	0	0	0	0	1	0	0	0	0	0	0	0	0	0	0	0	0	0	2	0	0	0	4	0	0	3	0	0	0	0	0	0	0	0	0	0
C2716	0	0	0	0	0	0	0	2	0	2	1	0	0	0	0	0	0	1	0	2	1	0	0	1	0	0	0	0	0	0	0	0	0	1	0	0	3	0	0	0	0	0	0	2	1	3	0	1	1	2	0	0	0	0	1	1	0	1	0	0	3	1	1	1	0	0	0	2	0	0	0	0	0	0	0	1	0	0
C2717	0	0	1	0	0	0	0	0	0	0	0	0	0	0	0	5	0	0	0	0	0	0	0	0	0	0	0	0	0	0	0	0	0	0	0	0	0	0	0	0	0	0	0	0	0	0	0	0	0	0	0	0	0	0	0	0	0	0	0	0	0	0	0	0	0	5	0	0	0	0	0	0	0	0	0	0	0	0
C2720	0	0	0	0	0	0	0	0	0	0	0	0	0	0	0	0	1	2	0	1	0	0	0	0	1	0	0	0	0	0	0	0	0	1	0	0	0	0	0	0	0	0	0	1	1	0	0	0	0	0	6	0	0	0	0	0	0	0	0	0	0	0	0	0	0	0	0	0	0	0	0	0	0	0	0	0	0	2
C2721	0	0	0	0	0	0	0	0	0	0	0	0	0	0	0	0	0	0	0	1	0	0	0	0	0	0	0	0	0	0	0	0	0	0	0	0	0	0	0	0	0	0	0	0	0	0	0	0	0	0	0	0	0	0	0	0	0	0	0	0	0	0	0	0	0	0	0	0	0	0	5	6	0	0	0	2	0	0
C2723	0	0	0	0	0	0	0	0	2	0	0	0	0	0	0	7	0	0	0	0	0	0	0	0	0	0	0	0	0	0	0	0	0	0	0	0	0	0	0	0	3	0	0	0	0	0	0	0	0	0	0	0	0	0	0	0	0	0	0	0	0	0	0	0	0	0	0	0	0	0	0	0	0	6	0	0	0	0
C2732	0	0	0	0	0	0	0	1	0	0	0	0	2	0	1	0	0	2	0	0	0	0	0	0	0	0	0	3	0	0	0	1	0	0	0	0	2	0	0	2	0	0	0	0	1	1	0	0	0	1	0	0	0	1	0	1	0	0	1	0	1	2	0	8	0	0	1	0	1	2	0	0	0	0	0	0	0	0
C2734	0	0	0	0	2	0	0	0	0	0	0	0	0	0	1	0	0	0	0	3	0	0	0	0	0	0	0	0	0	1	1	1	1	1	0	0	0	0	0	0	0	0	0	0	0	0	0	0	5	0	0	0	0	0	0	0	0	0	0	0	0	0	0	0	0	0	1	0	0	0	0	0	0	0	0	0	0	0
C2735	0	0	0	1	1	0	0	1	0	1	0	0	1	0	2	0	0	1	0	2	1	0	1	0	0	1	0	0	0	0	0	0	0	0	0	0	2	0	0	0	0	0	0	2	0	0	0	0	1	1	0	0	1	2	0	5	0	2	4	1	0	2	0	0	0	0	2	0	2	0	0	0	0	0	2	0	0	0
C2738	0	0	0	1	1	0	0	1	0	0	0	0	1	0	1	0	0	0	0	0	0	0	0	0	0	1	0	0	0	0	0	0	0	0	0	0	2	0	0	0	0	0	0	0	0	0	0	0	0	3	0	0	0	0	0	0	0	0	0	1	0	2	1	0	2	0	0	0	0	0	0	0	0	0	0	0	1	0
C2740	0	0	5	0	0	0	0	0	0	0	0	0	0	0	0	7	0	0	0	0	0	0	0	0	0	0	0	0	0	0	0	0	0	0	0	0	0	0	0	0	3	0	0	0	0	0	0	0	0	0	0	3	0	0	0	0	0	0	0	0	0	0	0	0	0	5	0	0	0	0	0	0	0	0	0	0	0	0
C2750	0	0	0	1	4	0	3	2	0	2	1	0	2	0	0	0	0	3	0	1	6	1	1	0	1	1	0	1	0	0	0	1	2	1	0	0	2	2	2	1	0	0	0	1	2	1	1	4	3	1	0	0	0	2	5	0	0	1	2	2	4	1	1	1	2	0	0	1	2	0	0	8	0	0	0	3	0	0
C2753	2	0	1	0	0	0	0	0	1	0	0	0	0	1	0	6	0	0	0	0	0	0	0	0	0	0	0	0	0	0	0	0	0	0	0	0	0	0	0	0	0	0	0	0	0	0	0	0	0	0	0	0	0	0	0	0	0	0	0	0	0	0	0	0	0	1	0	0	0	0	0	0	0	0	0	0	0	0
C2755	0	0	0	0	0	0	0	0	0	0	0	1	0	0	0	0	1	0	0	2	1	0	0	0	0	1	0	0	0	0	0	1	0	0	0	0	0	0	0	0	0	0	0	0	0	0	0	0	4	0	0	0	0	0	0	0	0	0	1	0	0	1	1	0	0	0	0	0	0	0	0	0	0	0	0	0	0	0
C2759	0	0	0	2	1	0	0	0	0	3	3	0	1	0	1	0	0	3	0	1	1	0	0	0	0	1	1	0	0	0	0	0	1	0	1	0	2	4	1	0	0	0	0	4	0	4	1	0	1	2	0	0	0	3	3	0	0	1	1	1	1	0	0	0	0	0	5	0	0	0	0	0	0	0	4	0	0	0
C2760	0	0	0	0	0	0	0	0	0	0	0	0	2	0	0	0	0	5	0	0	1	0	1	0	0	0	0	0	0	0	0	0	0	0	0	0	2	1	1	0	0	0	0	2	0	5	0	0	1	0	0	0	0	0	0	0	0	0	1	1	1	1	2	0	0	0	6	0	1	0	0	0	0	0	1	0	0	0
C2763	0	0	0	0	0	0	0	0	0	0	0	0	0	0	0	0	6	0	0	0	0	0	0	0	0	0	0	0	0	0	0	0	0	0	0	0	0	0	0	0	0	9	1	0	0	0	0	0	0	0	1	0	0	0	0	0	0	0	0	0	0	0	0	0	0	0	0	0	0	0	1	0	0	0	0	0	0	0
C2766	7	0	8	0	0	0	0	0	0	0	0	0	0	1	0	13	0	0	0	0	0	0	0	0	0	0	0	0	0	0	0	0	0	0	0	0	0	0	0	0	2	0	0	0	0	0	0	0	0	0	0	0	0	0	0	0	0	0	0	0	0	0	0	0	0	14	0	0	0	0	0	0	0	0	0	0	0	0
C2768	39	16	46	0	0	0	0	0	0	0	0	0	1	20	0	166	0	0	0	0	0	0	0	1	0	0	0	0	0	0	0	0	1	0	0	0	2	0	0	0	2	0	0	0	0	0	0	0	0	0	0	4	0	0	0	0	0	0	0	0	0	0	0	0	0	19	0	0	0	0	0	0	0	1	1	0	0	0
C2769	0	0	0	0	2	3	1	0	0	2	1	0	1	0	2	0	0	0	0	2	1	0	3	0	0	1	0	1	0	0	0	1	1	1	1	0	0	2	0	3	0	0	0	2	1	1	1	0	2	1	1	0	0	1	1	1	1	0	1	3	2	0	2	2	2	0	0	0	0	3	1	0	0	0	0	0	0	0
C2774	0	0	0	2	0	0	1	0	0	1	0	0	1	0	0	0	1	2	2	0	0	2	0	1	1	1	4	0	0	0	0	1	0	0	0	0	1	1	2	0	0	0	1	2	1	1	0	1	0	0	0	0	0	1	2	0	1	4	1	2	1	1	0	2	0	0	0	4	3	0	0	3	0	0	1	0	0	0
C2777	0	0	0	0	0	0	0	0	0	0	0	0	0	0	0	0	0	0	1	0	0	1	0	0	0	0	0	1	0	0	0	0	0	0	0	0	0	0	0	0	0	0	0	0	0	0	0	1	0	0	0	0	0	1	0	1	0	1	0	0	0	0	1	2	0	0	0	0	0	1	0	0	0	0	0	0	0	0
C2778	0	0	0	0	1	0	0	0	0	0	1	0	0	0	0	0	0	0	0	0	0	0	0	0	1	0	0	0	0	1	0	0	0	0	0	0	1	0	0	1	0	0	0	0	0	1	0	1	2	0	0	0	0	0	0	0	0	0	0	1	0	0	1	0	0	0	0	0	0	0	0	0	0	0	0	0	0	0
C2784	0	0	12	0	0	0	0	0	0	0	0	0	0	0	0	18	0	0	0	0	0	0	0	0	0	0	0	0	0	0	0	0	0	0	0	0	0	0	0	0	12	0	0	0	0	0	0	0	0	0	0	2	0	0	0	0	0	0	0	0	0	0	0	0	0	5	0	0	0	0	0	0	0	0	0	0	0	0
C2785	0	0	0	2	3	0	0	2	0	2	2	0	1	0	5	0	0	0	0	1	0	1	0	0	1	0	1	0	0	0	0	1	0	0	0	0	1	1	0	2	0	0	0	4	0	3	1	3	0	0	1	0	0	2	0	9	0	4	5	0	0	2	9	8	2	0	0	0	0	3	0	0	1	0	0	0	0	0
C2786	0	0	0	0	1	0	2	0	0	0	1	0	1	0	1	0	0	3	0	3	0	1	0	0	0	1	0	0	0	0	0	0	1	1	1	0	1	2	0	0	0	0	0	2	1	0	1	0	1	0	1	0	0	0	0	0	0	0	1	2	1	0	1	0	0	0	4	0	0	0	0	0	0	0	0	2	0	0
C2788	0	0	0	0	2	0	0	0	0	0	0	0	0	0	0	0	0	0	0	0	0	0	0	0	0	0	0	0	0	1	0	0	0	1	0	0	0	0	0	0	0	0	0	0	0	0	0	0	0	0	0	0	0	0	2	5	0	0	0	0	0	0	0	0	0	0	0	0	0	0	0	0	0	0	0	0	0	0
C2795	0	0	0	0	0	0	0	0	0	0	1	0	0	0	1	0	0	0	0	2	0	0	0	0	0	1	0	1	0	0	0	1	0	0	0	0	1	0	0	0	0	0	0	2	0	0	0	0	0	0	0	0	0	0	0	1	0	3	0	1	0	0	0	0	2	0	0	0	0	0	0	0	0	0	0	0	0	0
C2797	0	0	0	0	4	0	0	0	0	0	1	0	0	0	1	0	0	2	0	0	0	1	0	0	0	0	1	0	0	0	0	1	1	0	0	0	0	0	0	0	0	0	0	0	0	0	0	0	1	1	0	0	0	1	0	2	0	1	4	0	2	2	0	4	1	0	1	0	2	1	0	0	0	0	0	2	0	0
C2798	0	0	0	0	0	0	0	0	0	0	0	0	0	0	0	13	0	0	0	0	0	0	0	0	0	0	0	0	0	0	0	0	0	0	0	0	0	0	0	0	0	0	0	0	0	0	0	0	0	0	0	0	0	0	0	0	0	0	0	0	0	0	0	0	0	0	0	0	0	0	0	0	0	0	0	0	0	0
C2799	0	0	0	1	5	0	6	0	0	2	1	0	11	0	19	0	0	2	1	2	3	1	3	0	1	11	1	0	0	0	0	2	2	4	0	0	1	1	7	4	0	0	0	14	6	0	4	1	0	0	0	0	0	12	1	1	0	24	1	5	3	31	11	4	5	0	4	0	10	1	0	0	0	0	7	0	0	0
C2801	1	0	0	3	40	0	3	55	0	21	8	0	10	0	12	0	0	4	0	5	4	5	5	0	3	7	3	2	0	0	0	7	5	7	0	0	3	6	6	7	0	0	0	13	4	3	2	4	3	5	0	0	0	9	1	159	0	7	87	1	4	7	22	54	2	1	10	1	4	17	0	6	0	0	1	10	0	0
C2802	0	0	0	4	1	0	0	0	0	0	2	1	2	0	6	0	0	4	1	1	2	0	0	0	0	0	0	0	0	0	1	1	2	0	0	0	4	3	1	4	0	0	0	1	2	1	0	1	3	1	0	0	0	1	0	0	0	0	1	1	0	0	1	2	0	0	1	0	0	1	0	0	0	0	0	2	0	0
C2803	0	0	0	0	0	0	0	0	0	0	0	0	0	0	0	0	0	0	0	0	16	0	0	0	0	0	0	0	0	0	0	0	0	0	0	0	0	0	0	0	0	0	0	0	0	0	0	0	0	0	0	0	0	0	0	0	0	0	0	0	0	0	0	0	0	0	0	0	0	0	0	0	0	0	0	0	0	0
C2805	0	0	0	0	0	0	0	0	0	0	0	0	0	0	0	0	0	0	0	0	2	0	0	0	0	0	0	0	0	0	0	0	0	0	0	0	1	0	0	0	0	0	0	0	0	0	0	0	0	0	0	6	0	0	0	0	0	0	0	2	1	0	0	0	0	0	0	0	0	0	0	0	0	0	0	0	0	0
C2806	0	0	0	0	1	0	0	0	0	13	8	0	2	0	0	0	0	0	0	0	12	0	0	0	0	0	1	0	0	0	0	0	0	0	1	0	1	5	0	8	0	0	0	0	0	0	26	1	13	1	0	0	13	0	0	0	0	0	2	0	143	0	0	0	49	0	0	0	3	1	2	5	0	0	0	4	0	1
C2807	0	0	0	0	0	0	9	0	0	0	30	0	3	0	20	1	0	2	0	0	0	0	0	1	1	0	1	0	0	0	0	2	0	0	0	0	0	1	0	0	0	0	0	0	0	0	5	2	0	0	2	0	0	16	1	0	0	7	0	1	0	21	12	0	0	0	0	0	3	4	0	0	0	0	1	0	0	0
C2810	0	0	0	1	3	2	0	0	0	0	2	15	0	0	0	3	52	2	8	0	1	0	0	15	0	2	0	1	0	0	3	1	0	2	0	1	0	1	1	2	1	93	4	1	0	0	0	0	4	0	18	0	2	0	0	0	8	0	0	0	0	0	1	0	0	1	0	0	0	1	6	0	1	0	0	0	19	12
C2811	0	0	4	3	1	0	1	0	0	2	4	0	5	0	15	0	0	3	2	4	7	0	1	0	0	1	0	6	0	0	0	0	4	2	0	0	9	1	1	12	0	0	0	9	0	31	5	2	3	3	1	0	0	9	1	0	0	1	1	1	10	4	17	9	1	1	16	0	1	11	0	0	0	0	4	2	0	0
C2813	0	0	0	0	0	0	0	0	0	0	0	0	0	0	0	0	0	0	0	0	16	0	0	0	0	0	0	0	0	0	0	0	0	0	0	0	0	0	0	0	0	0	0	0	0	0	0	0	0	0	0	0	0	0	0	0	0	0	0	0	0	0	0	0	0	0	0	0	0	0	0	0	0	0	0	0	0	0
C2815	0	0	0	135	0	0	11	0	0	0	0	0	0	0	0	0	0	0	0	8	0	53	0	0	0	11	0	0	0	0	0	17	0	43	1	0	1	6	15	0	0	0	0	6	0	0	0	68	4	8	0	0	0	3	0	0	0	0	0	0	0	0	20	0	0	0	0	0	0	2	0	0	0	0	0	0	0	0
C2816	0	0	0	0	0	0	1	0	0	0	0	0	0	0	1	0	0	0	0	2	0	0	2	0	0	0	0	1	0	0	0	0	0	0	0	0	0	0	0	0	0	0	0	0	1	0	2	0	0	0	0	0	0	0	1	1	0	0	0	0	1	0	1	0	0	0	0	0	0	0	0	0	0	0	0	0	0	0
C2818	0	0	0	6	6	0	2	4	0	0	1	0	10	0	3	0	0	2	0	0	9	6	2	0	1	5	1	2	0	0	0	2	1	3	3	0	4	5	3	0	0	0	0	2	3	3	0	3	1	3	0	0	0	2	2	2	0	3	3	12	5	2	0	2	1	0	2	5	3	0	0	11	0	0	2	3	0	0
C2821	0	0	0	2	0	1	2	0	0	0	0	0	0	0	0	0	0	0	0	0	8	0	0	0	0	0	2	0	0	0	0	0	2	0	0	0	0	0	0	0	0	1	0	0	0	0	5	0	2	0	0	0	0	0	0	0	0	0	0	3	0	0	0	0	8	0	0	4	4	2	0	1	0	0	0	0	0	0
C2822	0	0	0	0	0	0	2	0	0	0	0	0	2	0	0	0	0	0	0	0	3	3	0	0	0	1	0	0	0	0	0	0	0	0	0	0	5	1	1	0	0	0	0	0	0	0	0	0	0	0	0	0	0	2	0	0	0	0	1	2	1	1	0	0	1	0	0	0	2	0	0	0	0	0	0	0	0	0
C2823	0	0	0	0	0	0	0	0	0	0	26	0	3	17	10	0	0	0	0	0	2	0	0	0	1	0	0	8	0	0	0	9	0	0	1	0	0	0	0	0	0	0	0	0	0	0	2	1	0	0	2	0	0	6	0	0	0	10	0	0	0	20	0	0	0	0	0	0	0	0	0	0	0	0	1	2	0	0
C2824	82	27	55	0	0	0	0	0	0	0	0	0	0	19	0	181	0	0	1	0	0	0	0	1	0	0	0	0	0	0	0	0	1	0	0	0	1	0	0	0	1	0	0	0	1	0	0	0	0	0	0	14	0	0	0	0	0	0	0	0	0	0	0	0	0	23	0	0	0	0	0	0	0	1	0	0	0	0
C2825	0	0	0	0	0	0	1	0	0	0	1	0	1	0	0	0	0	2	0	0	7	0	0	0	1	0	0	1	0	0	0	0	1	0	0	0	1	1	0	1	0	0	0	0	1	0	0	1	0	2	0	0	0	1	0	0	0	0	0	0	0	0	0	0	0	0	2	0	0	0	0	0	0	0	0	0	0	0
C2826	0	0	1	0	1	0	1	0	0	0	1	0	0	0	0	0	0	2	0	0	3	0	2	0	2	0	0	0	0	0	0	0	1	2	0	0	2	2	0	0	0	1	0	2	0	1	0	1	11	0	0	0	0	0	0	0	0	1	0	2	1	0	1	0	0	0	3	0	0	0	0	0	0	0	0	0	0	0
C2827	0	0	0	0	0	0	0	0	0	0	0	0	0	0	0	0	0	0	0	0	0	32	2	0	0	4	0	0	0	0	0	0	0	0	0	0	0	2	0	8	0	0	0	0	0	0	0	0	185	0	8	0	0	0	0	1	0	0	0	0	0	0	2	0	1	1	0	0	0	0	0	0	0	0	0	2	0	0
C2828	27	3	72	0	0	0	0	0	0	0	0	4	0	0	0	12	16	0	4	0	0	0	0	6	0	0	0	0	0	0	0	0	0	0	0	0	0	0	0	0	3	22	1	0	0	0	0	0	0	0	22	4	0	0	0	0	3	0	0	0	0	0	0	0	0	11	0	0	0	0	0	0	0	2	0	0	6	0
C2831	0	0	6	2	0	2	4	0	0	3	6	0	1	0	0	0	4	1	0	0	1	249	0	0	0	0	11	0	0	0	0	0	3	0	0	0	0	78	2	5	0	0	0	0	0	0	12	0	18	0	1	0	0	0	80	0	0	0	0	6	17	0	0	0	86	0	0	2	6	0	4	6	0	0	2	5	0	1
C2832	0	0	0	0	0	0	1	1	0	1	3	0	0	0	1	0	0	1	0	0	2	0	0	0	0	0	0	1	0	0	0	0	3	0	1	0	0	0	0	0	0	0	0	0	0	0	0	0	0	1	0	0	0	2	1	1	0	0	1	1	3	2	0	1	0	0	0	0	1	0	0	1	1	0	0	1	0	0
C2833	0	0	0	0	1	0	0	0	0	0	0	0	3	0	2	0	0	0	0	0	1	0	1	0	0	0	1	0	0	0	0	1	0	2	0	0	1	0	1	0	0	0	0	1	0	0	1	2	0	1	0	0	0	0	1	1	0	0	2	0	1	1	1	2	1	0	0	1	2	0	0	1	0	0	1	2	0	0
C2837	0	0	0	0	0	0	0	0	0	0	0	0	0	0	0	10	0	0	0	0	0	0	0	0	0	0	0	0	0	0	0	0	0	0	0	0	0	0	0	0	1	0	0	0	0	0	0	0	0	0	0	0	0	0	0	0	0	0	0	0	0	0	0	0	0	0	0	0	0	0	0	0	0	2	0	0	0	0
C2838	0	0	0	1	1	0	0	0	0	0	2	0	0	0	1	0	0	0	0	0	1	3	0	0	1	1	0	1	0	0	0	4	4	4	1	0	0	2	0	0	0	0	0	0	1	0	1	1	1	3	0	0	0	0	0	2	0	0	3	2	0	0	0	2	0	0	0	2	0	0	0	1	0	0	0	2	0	0
C2840	0	0	0	0	0	0	0	0	0	5	0	0	0	0	0	0	0	0	0	0	3	0	0	0	0	0	0	0	0	0	0	0	0	0	0	0	0	0	0	0	0	0	0	0	0	0	1	0	0	0	0	0	0	0	0	0	0	0	1	0	8	0	0	0	4	0	0	1	0	0	0	0	0	0	0	0	0	0
C2841	0	0	0	1	1	0	1	0	0	1	2	0	5	0	1	0	0	2	0	4	1	1	1	0	0	1	0	1	0	0	1	0	0	2	0	0	2	2	1	4	0	0	0	3	0	6	3	1	10	1	0	0	0	1	0	0	0	0	0	2	5	0	2	1	1	0	4	1	0	1	0	0	0	0	0	0	0	0
C2843	0	0	0	0	0	2	0	1	0	7	0	0	0	0	0	0	0	1	0	2	2	0	1	0	0	0	0	0	0	0	0	3	2	1	0	0	0	0	4	1	0	0	0	0	1	0	1	0	18	0	0	0	0	0	0	0	0	0	0	5	30	0	0	0	3	0	0	0	0	5	1	1	0	0	0	2	0	0
C2845	0	0	0	0	0	2	0	0	0	0	0	7	0	0	0	0	6	0	1	0	0	0	0	1	0	0	0	0	0	0	0	0	0	0	0	1	0	0	0	0	0	13	1	0	0	0	0	0	0	0	1	0	0	0	0	0	5	0	0	0	0	0	0	0	0	0	0	0	0	0	2	0	0	0	0	0	3	0
C2848	0	0	0	2	4	0	207	1	0	1	0	0	1	0	0	0	0	2	0	0	0	0	3	0	1	5	1	0	0	0	0	0	1	0	3	0	2	2	1	0	0	0	0	19	3	0	2	0	5	0	0	0	0	1	0	126	0	0	2	4	6	0	0	0	6	1	0	265	6	0	11	1	0	0	2	39	0	0
C2851	0	0	0	0	0	0	0	1	0	0	1	0	0	0	0	0	0	0	0	0	3	1	1	0	0	0	0	0	0	0	0	0	1	0	0	0	2	0	2	0	0	0	1	0	0	0	0	0	0	2	0	0	0	1	0	0	0	0	0	0	0	0	0	0	0	0	0	0	0	0	0	0	0	0	0	0	0	0
C2853	0	0	0	1	0	0	3	0	0	1	1	0	0	0	1	0	0	1	0	0	1	0	0	1	0	3	0	0	0	0	0	1	2	1	0	0	1	0	1	0	0	0	0	0	1	0	0	0	0	1	0	0	0	0	0	2	0	0	3	1	3	0	0	1	1	0	1	0	1	0	0	0	0	0	2	0	0	0
C2854	0	0	1	6	2	0	12	0	0	5	20	0	7	0	17	0	0	19	0	6	26	2	3	0	2	6	3	1	0	0	1	3	3	6	1	0	18	30	1	1	0	0	0	15	1	54	3	3	28	35	0	0	0	17	4	0	0	0	1	2	7	3	5	0	0	0	37	0	1	4	0	1	0	0	5	1	0	0
C2855	0	0	0	0	0	0	0	1	0	1	0	0	2	0	0	0	0	1	0	0	1	0	0	0	1	1	0	0	0	0	0	0	0	0	0	0	0	1	2	0	0	0	0	1	0	1	0	0	0	0	0	0	0	0	1	1	0	0	0	1	0	0	0	0	0	0	0	0	0	0	0	2	0	0	0	1	0	0
C2856	0	0	0	0	0	0	2	17	0	0	0	0	0	0	0	0	0	0	0	0	0	0	0	0	0	1	0	0	0	2	0	5	1	1	14	0	0	3	0	1	0	0	0	0	0	0	1	0	0	0	0	0	0	0	3	2	0	0	0	3	0	49	0	0	1	0	0	0	0	0	0	0	0	0	0	0	0	0
C2859	0	1	0	1	3	0	2	0	0	3	1	0	5	0	2	0	0	0	0	0	3	1	1	0	0	5	1	0	0	0	0	4	3	2	2	0	7	0	2	1	0	0	0	3	0	0	0	0	0	6	0	0	0	0	0	1	0	0	2	2	4	0	1	4	1	0	0	1	3	0	0	4	0	0	2	4	0	0
C2862	0	0	0	3	5	0	1	1	0	1	15	0	4	0	9	0	0	6	0	3	3	0	0	0	2	4	3	0	0	0	1	3	3	3	1	0	5	2	2	8	0	0	0	7	2	5	6	2	4	1	0	0	0	6	1	0	0	2	2	3	2	4	22	11	2	0	8	0	1	4	0	0	0	0	4	3	0	0
C2863	0	0	0	6	1	0	7	0	0	4	8	0	4	0	4	0	0	2	0	2	3	0	1	0	0	3	0	3	0	0	2	2	0	3	0	0	5	15	3	1	0	0	0	12	0	28	4	0	4	20	0	0	0	5	2	0	0	0	2	3	8	0	1	1	0	0	24	0	1	1	0	0	0	0	4	0	0	0
C2864	0	0	0	6	4	0	2	2	0	1	1	0	2	0	1	0	0	3	0	2	4	1	1	0	2	1	2	1	0	0	0	3	2	0	1	0	0	4	1	2	0	0	0	3	2	5	1	4	2	3	0	0	0	2	1	2	0	2	3	6	2	0	0	3	2	0	0	2	7	0	0	5	0	0	5	1	0	0
C2866	0	0	0	0	1	0	0	1	0	0	0	0	0	0	3	0	0	0	0	1	0	1	0	0	0	1	0	0	0	0	0	1	0	0	1	0	0	1	0	0	0	0	0	0	1	1	0	0	0	0	0	0	0	1	0	1	0	1	0	0	2	0	0	0	0	0	1	0	1	0	0	0	0	0	0	1	0	0
C2867	0	0	0	0	0	0	0	0	0	0	0	0	0	0	0	0	0	0	0	0	5	0	0	0	0	0	2	0	0	0	0	0	0	0	0	0	0	6	0	5	0	0	0	0	0	0	0	0	14	0	0	0	0	0	0	0	0	0	0	1	0	0	0	0	9	0	0	0	0	0	0	0	0	0	0	0	0	0
C2871	0	0	0	0	2	0	0	0	0	0	0	0	2	0	0	0	0	0	1	0	1	1	1	0	0	6	0	3	0	0	0	0	0	0	0	0	1	0	0	0	0	0	0	1	0	1	2	0	1	2	0	0	0	1	0	0	0	0	0	0	0	1	0	0	1	0	1	1	0	0	0	0	0	0	0	0	0	0
C2873	0	0	1	5	0	0	1	0	0	27	4	0	9	0	20	0	1	6	0	7	2	3	5	0	0	1	2	13	0	0	0	1	3	2	2	0	7	9	1	23	0	0	0	15	6	21	7	1	1	3	4	0	0	10	4	6	0	23	5	4	19	14	24	16	14	0	28	0	4	10	0	0	0	0	8	35	0	0
C2875	0	0	0	0	1	0	0	0	0	0	0	1	0	0	0	0	0	0	2	0	0	0	0	2	0	0	0	0	0	0	0	0	0	0	0	0	0	0	0	0	0	0	1	0	0	0	0	0	0	0	0	0	0	0	0	0	1	0	0	0	1	0	0	0	0	0	0	0	0	0	0	0	0	0	0	0	0	3
C2877	0	0	0	0	0	0	0	0	0	0	0	0	0	0	0	0	0	0	0	0	1	0	0	0	0	0	0	0	0	0	0	0	0	0	0	0	0	0	0	2	0	0	0	0	0	0	2	0	0	0	0	0	0	0	0	0	0	0	1	0	0	0	0	0	9	0	0	4	0	0	0	0	0	0	0	0	0	0
C2880	0	0	0	2	3	0	20	1	0	2	5	0	1	0	6	0	0	6	0	2	1	0	3	0	3	2	3	0	0	0	0	4	4	2	0	0	3	4	2	2	0	0	0	11	1	6	2	0	6	3	0	0	0	6	4	0	0	0	4	6	4	0	0	0	0	0	5	0	0	0	0	0	0	0	11	0	0	0
C2882	0	0	0	0	0	0	2	0	0	0	0	0	2	0	0	0	0	1	0	0	1	1	0	0	0	0	0	0	0	0	0	0	0	0	0	0	1	0	0	0	0	0	0	1	0	0	0	0	0	0	0	0	0	0	0	0	0	0	0	0	0	0	0	0	2	0	0	0	0	0	0	0	0	0	0	0	0	0
C2885	0	0	0	0	0	0	1	0	0	0	1	0	0	0	0	0	0	0	0	1	2	0	0	0	0	0	0	0	0	0	0	0	0	0	0	1	0	0	0	5	0	0	0	0	0	0	3	0	0	0	1	0	0	0	0	0	0	0	1	0	3	0	0	0	4	0	0	2	0	0	1	0	0	0	0	0	0	0
C2886	0	0	0	0	0	0	2	0	0	0	0	0	0	0	3	0	0	0	1	0	5	2	0	0	0	2	0	0	0	0	0	0	0	0	0	0	6	1	2	0	0	0	0	2	0	1	0	0	0	1	0	0	0	2	2	0	0	1	0	0	2	1	0	0	4	0	0	0	0	0	0	0	0	0	0	0	0	0
C2887	0	0	0	0	0	0	0	0	0	0	0	0	0	0	0	0	0	0	0	0	4	0	0	0	0	0	2	0	0	0	0	0	0	0	0	0	0	0	0	4	0	0	0	0	0	0	0	0	0	0	0	0	0	0	0	0	0	0	0	0	1	0	0	0	0	0	0	0	0	0	0	0	0	0	0	0	0	0
C2888	0	0	0	1	1	0	12	0	0	1	2	0	4	0	5	0	0	7	0	6	21	0	2	0	1	2	0	0	0	2	0	0	4	0	0	0	2	5	1	0	0	1	0	4	0	2	0	1	19	3	0	0	0	1	0	0	0	1	0	0	2	1	1	0	0	1	2	0	0	0	0	0	1	0	2	1	1	0
C2893	0	0	0	0	0	0	4	0	0	0	3	0	0	0	2	0	0	7	0	1	1	2	0	2	0	1	1	0	0	0	0	0	0	3	0	0	0	0	1	1	0	0	0	5	0	5	1	0	0	3	0	0	0	2	0	0	0	0	0	3	1	0	0	1	3	0	8	0	3	0	0	0	0	0	1	1	0	0
C2894	0	0	0	0	0	1	0	0	0	0	0	0	0	0	0	0	0	0	0	0	0	2	0	0	0	0	0	0	0	0	0	0	0	0	0	0	0	11	0	0	0	0	0	0	0	0	12	0	0	0	0	0	0	0	0	0	0	2	0	4	30	0	0	0	8	0	0	0	0	0	0	0	0	0	0	0	0	0
C2895	0	0	0	1	2	0	3	0	0	0	5	0	4	0	2	0	0	2	0	0	1	2	0	1	2	2	2	4	0	0	0	2	1	1	0	0	0	0	0	0	0	0	0	1	1	0	0	0	0	0	0	0	0	1	1	0	0	4	1	4	3	1	0	0	0	0	1	0	5	0	0	0	0	0	5	0	0	0
C2896	0	0	0	0	0	0	4	0	0	0	3	0	1	0	2	0	0	0	2	0	0	3	0	0	1	0	1	0	0	0	0	2	0	1	1	0	1	1	1	0	0	0	0	0	1	2	0	0	0	1	0	0	0	1	1	0	1	0	0	1	0	0	1	2	0	0	0	1	1	0	0	3	0	0	0	1	0	0
C2897	0	0	0	0	0	0	0	0	0	0	0	0	0	0	0	0	0	0	1	0	2	0	0	6	0	0	0	0	0	0	2	0	0	0	0	0	0	0	0	3	0	1	0	0	0	0	4	0	0	0	0	0	0	0	0	0	0	0	0	0	0	0	0	0	10	0	0	0	0	0	0	0	0	0	0	0	0	0
C2898	0	0	0	0	0	0	0	0	0	0	0	0	1	0	0	0	0	0	0	0	1	1	0	0	0	0	0	1	0	0	0	0	0	0	2	0	0	0	1	0	0	0	0	0	0	2	0	0	0	3	0	0	0	0	1	2	0	0	0	0	0	0	0	0	2	0	0	0	0	0	0	2	0	0	0	0	0	0
C2903	4	0	0	1	3	0	1	0	0	2	0	0	0	0	0	0	0	0	0	0	5	0	0	0	3	4	15	0	0	0	0	1	0	0	0	0	0	10	1	30	0	0	0	1	1	0	3	0	18	2	2	0	0	0	0	0	0	0	3	1	76	0	0	0	655	0	0	2	3	0	1	0	0	0	1	3	0	0
C2904	0	0	0	0	0	0	0	1	0	0	0	0	0	0	2	0	0	0	0	0	3	2	2	0	0	0	0	2	0	0	0	1	0	0	0	0	1	0	0	1	0	0	0	0	2	1	0	0	2	0	0	0	0	0	1	0	0	1	0	0	1	0	1	0	2	0	0	2	3	4	0	0	0	0	0	0	0	0
C2905	0	0	0	0	0	0	1	0	0	0	0	0	1	0	0	0	0	0	0	0	0	1	0	0	0	1	0	5	0	0	0	1	1	0	0	0	1	2	0	2	0	0	0	1	0	0	0	0	0	0	0	0	0	1	0	2	1	0	1	0	0	0	1	0	1	1	1	0	0	4	0	0	0	0	0	1	2	0
C2906	10	4	4	0	0	0	0	0	0	0	0	0	0	2	0	15	0	0	0	0	0	0	0	0	0	0	0	0	0	0	0	0	0	0	0	0	0	0	0	0	0	0	0	0	0	0	0	0	0	0	0	0	0	0	0	0	0	0	0	0	0	0	0	0	0	5	0	0	0	0	0	0	0	0	0	0	0	0
C2909	0	0	0	3	0	0	2	0	0	0	12	0	0	0	0	0	0	3	0	0	0	15	0	0	0	2	0	0	0	1	0	9	1	9	32	0	11	0	0	1	0	1	0	14	0	0	3	0	1	0	1	0	0	0	0	0	0	1	0	35	11	16	1	0	93	0	0	0	2	0	0	0	0	0	1	8	0	0
C2910	0	0	0	7	2	0	12	1	0	7	16	0	4	0	5	0	0	16	0	7	12	1	3	0	1	11	0	0	0	0	1	0	3	2	0	0	11	24	2	3	0	0	0	13	0	53	4	1	23	26	0	0	0	9	8	0	0	2	1	4	6	2	1	0	0	0	30	0	1	0	0	0	0	0	2	1	0	0
C2914	0	0	0	0	0	0	0	0	0	0	0	0	0	0	0	0	0	0	0	0	6	0	0	0	0	0	0	0	0	0	0	0	0	0	1	0	0	0	1	0	0	0	0	0	0	0	0	0	0	0	0	0	0	0	0	0	0	0	0	0	2	0	0	0	4	0	0	1	0	0	0	1	0	0	0	0	0	0
C2915	0	0	0	0	1	0	0	2	0	0	5	0	2	0	9	0	1	1	0	2	4	0	0	0	0	1	0	5	0	0	0	0	0	0	1	0	6	0	1	6	0	0	0	3	0	2	1	0	0	0	4	0	0	1	0	0	0	1	0	1	4	0	1	3	0	0	6	0	0	8	0	0	0	0	2	2	1	0
C2916	0	0	0	0	0	0	0	1	0	1	1	0	0	0	1	0	0	1	0	0	0	0	0	0	0	1	0	2	0	0	0	0	0	0	0	0	0	0	0	0	0	0	0	0	0	0	0	0	0	1	0	0	0	0	0	0	0	0	0	0	0	0	1	1	0	0	0	0	0	0	0	1	0	0	0	0	0	0
C2917	1	0	0	0	0	0	0	0	0	0	0	0	2	0	0	0	0	0	0	1	1	2	0	0	0	0	0	5	0	0	0	2	0	0	0	0	0	0	0	1	0	0	0	0	0	1	0	0	0	0	0	0	0	0	1	0	0	0	0	0	1	1	1	1	0	1	0	0	0	2	0	0	0	0	0	0	0	0
C2920	0	0	4	4	6	3	252	1	0	113	11	0	2	0	21	0	1	9	0	25	15	0	12	1	0	5	1	37	0	9	27	1	7	3	6	0	7	99	0	1	0	43	0	25	12	2	32	2	33	1	20	0	0	2	9	4	0	13	5	36	38	8	0	0	11	0	37	0	0	0	13	0	3	0	14	8	10	0
C2922	0	0	0	1	8	0	0	0	0	2	0	0	0	0	0	0	0	25	0	9	4	1	0	0	2	5	0	0	0	0	0	0	0	2	0	0	1	1	5	3	1	0	0	0	0	0	0	0	0	0	2	0	0	0	0	0	1	0	0	1	3	0	0	0	0	0	0	0	0	37	0	0	0	0	2	0	0	0
C2924	0	0	0	0	2	0	0	0	0	1	0	0	0	0	1	0	0	0	0	0	1	0	0	0	0	1	0	0	0	0	0	0	0	0	0	0	0	0	1	0	0	0	0	1	1	0	0	0	0	0	0	0	0	0	1	1	0	0	1	0	0	0	0	1	1	0	2	2	0	0	0	1	0	0	1	0	0	0
C2925	0	0	0	0	5	0	0	0	0	0	1	0	0	0	0	0	0	0	0	0	1	1	0	0	0	0	0	0	0	0	0	0	1	0	0	0	2	1	3	1	0	0	0	0	0	0	0	0	0	0	1	0	0	1	0	0	0	0	0	1	0	0	0	0	1	0	1	0	0	1	0	0	0	0	0	0	2	0
C2926	0	0	0	6	0	0	0	0	0	0	0	0	0	0	3	0	0	0	0	0	1	0	0	0	0	1	0	0	0	0	0	2	0	0	2	0	0	0	1	1	0	0	0	0	0	1	0	3	0	0	0	0	0	1	0	0	0	6	1	2	0	0	3	3	7	0	3	0	3	0	0	0	0	0	1	19	0	0
C2927	0	0	0	0	0	0	0	0	0	0	0	0	1	0	0	0	0	1	0	0	1	0	0	0	0	0	0	0	0	0	0	1	1	0	0	0	2	0	1	0	0	0	0	1	0	0	0	0	0	1	0	0	0	1	0	0	0	0	0	1	0	0	0	0	0	0	0	0	0	0	0	1	0	0	1	0	0	0
C2928	0	0	0	0	0	0	0	0	0	0	0	0	1	0	1	0	0	0	0	1	1	2	3	0	0	3	0	3	1	0	0	0	0	0	0	0	2	3	1	3	0	0	0	3	0	0	2	0	0	1	0	0	0	0	1	0	0	0	0	1	2	0	2	0	1	0	1	0	0	0	0	0	18	0	0	0	0	0
C2929	0	0	0	0	0	0	1	1	0	0	0	0	0	0	0	0	0	1	0	0	1	1	0	0	0	2	1	0	0	0	0	4	1	0	2	0	3	1	1	0	0	0	0	0	0	1	0	1	0	0	0	0	0	0	0	0	0	1	1	0	5	0	0	0	2	0	0	1	1	0	0	1	0	0	0	1	0	0
C2934	0	0	0	0	0	0	0	0	0	0	0	0	0	0	0	0	0	0	2	0	2	0	0	0	0	0	0	0	0	0	0	0	0	0	0	0	0	0	0	0	0	0	0	0	0	0	0	0	0	0	0	5	0	0	0	0	0	0	0	0	0	0	0	0	0	0	0	0	0	0	3	0	0	0	0	0	0	0
C2937	0	0	0	1	3	0	0	0	0	0	4	0	0	0	3	0	0	2	0	0	1	0	0	0	0	1	0	0	0	0	0	0	1	0	0	0	2	2	1	1	0	0	0	4	0	5	1	0	6	2	0	0	0	1	0	0	0	0	0	1	1	0	0	0	0	0	3	0	0	0	0	0	0	0	0	0	0	0
C2938	0	0	0	0	0	1	2	0	0	0	2	0	2	0	0	0	0	2	0	0	8	0	0	0	0	1	0	0	0	0	0	0	2	0	0	1	0	0	0	1	0	0	0	0	0	0	3	0	0	1	0	0	0	0	0	0	0	0	6	12	7	0	0	0	36	0	0	1	2	0	1	0	0	0	0	0	0	0
C2939	0	0	0	0	0	0	1	0	0	0	0	0	1	0	0	0	0	0	0	0	0	2	0	0	0	3	0	1	0	0	0	0	0	0	0	0	0	0	3	0	0	0	0	0	0	0	0	0	0	2	0	0	0	0	0	0	0	0	0	0	0	0	0	0	4	0	0	0	0	0	0	0	0	0	0	0	0	0
C2940	0	0	0	0	0	0	0	2	0	0	2	1	0	0	0	0	1	1	0	0	0	0	0	0	0	2	0	0	0	0	0	0	2	2	0	0	1	0	1	3	0	4	0	1	1	1	0	0	0	3	1	0	0	1	1	0	0	2	2	0	0	3	1	0	0	0	7	0	1	1	0	0	0	0	1	1	1	0
C2942	0	0	1	4	1	0	2	2	0	0	4	0	9	0	15	0	0	2	0	1	2	1	0	0	6	2	0	4	0	0	0	2	1	4	1	0	4	1	1	4	0	0	0	14	4	3	1	1	0	1	0	0	0	5	1	0	0	10	1	1	2	3	8	20	0	0	10	0	15	4	0	1	0	0	4	2	0	0
C2945	0	0	0	0	0	0	0	0	0	0	0	1	0	0	0	0	0	0	0	0	2	0	0	0	1	0	2	0	0	0	0	0	1	0	1	0	0	0	2	0	0	0	0	1	1	1	0	0	0	0	0	0	0	0	1	0	0	1	0	0	1	0	0	1	1	0	0	0	0	0	0	0	0	0	0	1	0	0
C2946	0	0	0	2	0	0	0	0	0	0	0	0	0	0	0	0	0	0	0	0	0	2	0	0	2	2	0	0	0	0	0	0	0	2	0	0	0	0	0	0	0	0	0	0	0	0	0	0	0	0	0	0	0	0	0	0	0	0	0	0	0	0	0	0	0	0	1	0	6	21	0	4	0	0	0	0	0	0
C2947	0	0	0	1	1	0	0	0	0	1	0	0	1	0	0	0	0	2	0	0	5	0	0	0	0	0	0	0	0	0	0	0	1	0	0	0	1	1	0	0	0	0	0	1	0	2	1	0	1	0	0	0	0	1	1	0	0	1	0	0	0	0	2	0	0	0	3	0	0	0	0	0	0	0	0	1	0	0
C2949	0	0	0	0	0	0	0	0	0	0	0	0	0	0	0	0	0	0	0	0	0	3	0	0	0	0	0	0	2	0	0	0	0	0	0	0	0	0	0	0	0	0	0	0	0	0	0	0	2	7	0	0	0	0	0	0	1	0	0	0	0	0	0	0	0	0	0	0	0	1	0	1	0	0	0	0	0	0
C2950	0	0	0	0	0	0	0	0	0	0	1	0	0	0	1	0	0	0	0	1	0	0	1	0	0	0	0	2	0	0	0	1	0	0	1	0	0	0	0	0	0	0	0	1	1	1	1	0	0	0	0	0	0	0	0	0	0	0	1	0	1	0	0	0	1	0	1	0	0	0	0	0	0	0	0	1	0	0
C2953	0	0	0	0	0	0	0	0	0	2	0	0	0	0	0	0	0	0	0	0	4	0	0	0	0	0	2	0	0	0	0	0	0	0	0	0	0	0	0	4	0	0	0	0	0	0	6	0	0	0	0	0	0	0	0	0	0	0	0	0	0	0	0	0	5	0	0	0	1	2	0	0	0	2	0	0	0	0
C2954	0	0	0	0	1	0	1	0	0	0	0	0	0	0	1	0	1	0	0	0	3	0	0	0	0	0	0	0	0	0	1	0	0	0	0	0	0	1	1	1	0	0	0	0	0	0	0	0	0	0	0	0	1	0	1	2	1	0	0	0	2	0	0	0	0	0	2	0	2	1	1	0	0	0	0	0	1	0
C2955	18	6	12	0	0	0	0	0	0	0	0	0	0	6	0	65	0	0	0	0	0	0	0	0	0	0	0	0	0	0	0	0	0	0	0	0	0	0	0	0	0	0	0	0	0	0	0	0	0	0	0	2	0	0	0	0	0	0	0	0	0	1	0	0	0	4	0	0	0	0	0	0	0	1	0	0	0	0
C2956	0	0	0	0	1	0	3	0	0	0	1	0	2	0	2	0	0	2	0	1	0	3	1	0	0	3	0	0	0	0	0	0	1	0	0	0	3	0	2	0	0	0	0	2	0	1	0	0	1	1	0	0	0	0	1	0	0	1	0	0	0	0	0	0	0	0	0	0	1	0	0	1	0	0	1	0	0	0
C2957	0	0	0	5	1	0	8	0	0	3	9	0	5	1	3	0	0	4	0	3	0	0	3	0	0	5	0	2	0	1	4	2	2	2	0	0	7	22	0	1	0	1	0	8	0	27	4	1	13	18	0	0	0	2	5	0	0	1	0	1	5	2	1	0	0	0	15	0	1	2	0	0	1	0	2	0	0	0
C2960	0	0	0	7	0	0	0	0	0	0	0	0	0	0	0	0	0	0	0	2	2	0	0	0	0	0	0	0	0	0	0	0	0	0	0	0	0	0	0	0	0	0	0	0	0	0	0	1	0	0	0	0	0	0	0	0	0	0	0	1	1	1	0	0	0	0	0	0	0	0	0	0	0	0	0	0	0	0
C2962	0	0	0	3	0	0	0	0	0	1	2	0	3	0	2	0	0	1	0	0	0	4	0	0	1	1	1	0	0	0	0	2	2	1	0	0	0	0	1	1	0	0	0	0	0	1	0	0	0	2	0	0	0	1	0	0	1	1	2	1	0	0	1	3	0	0	0	0	1	0	0	5	0	0	0	0	0	0
C2965	0	0	0	14	1	0	22	0	0	2	13	0	5	0	12	0	0	18	0	10	5	1	1	0	1	6	0	3	0	5	7	0	4	3	1	0	12	23	1	0	0	2	0	23	0	44	4	2	15	32	0	0	0	8	7	0	0	1	0	6	4	2	4	0	0	0	27	0	1	2	0	0	0	0	7	1	0	0
C2966	0	0	0	1	0	0	0	0	0	0	0	0	0	0	0	0	0	0	2	0	0	0	0	1	0	0	0	0	0	0	0	0	0	0	1	0	0	0	0	0	0	0	0	0	0	0	0	0	0	0	0	0	0	1	0	0	0	0	0	0	1	1	0	0	0	0	0	0	0	0	0	0	1	0	1	0	0	2
C2968	0	0	1	0	0	0	0	0	0	0	0	0	1	0	0	0	0	1	0	0	3	0	0	0	0	1	0	0	0	0	0	1	1	0	0	0	2	0	1	0	0	0	0	2	0	1	0	0	0	0	0	0	0	0	0	0	0	0	0	0	0	1	0	0	0	0	0	0	0	0	0	0	0	0	0	0	0	0
C2969	0	0	0	0	0	0	0	0	0	0	0	0	2	0	1	0	0	0	0	0	1	1	0	0	0	2	0	0	0	3	3	0	0	0	0	0	1	0	3	0	0	0	0	0	1	0	0	0	0	0	0	0	0	4	0	1	0	2	0	0	1	2	2	0	4	0	0	0	2	6	0	0	7	0	4	0	0	0
C2970	0	0	0	1	0	0	0	0	0	0	1	0	0	0	1	0	0	1	0	0	5	0	0	0	0	0	0	0	0	0	0	0	0	0	1	0	0	2	0	0	0	0	0	0	1	2	0	0	1	1	0	0	0	0	0	0	0	1	0	0	0	0	0	0	0	0	0	0	0	0	0	0	0	0	1	0	0	0
C2973	0	0	0	3	0	0	1	0	0	1	0	1	0	0	1	0	0	0	0	0	1	0	0	0	2	2	0	0	0	0	0	0	0	1	0	0	1	0	0	0	0	0	0	2	1	0	0	0	0	0	0	0	0	0	0	0	0	0	1	1	0	0	0	0	0	0	0	0	1	0	0	1	0	0	0	1	0	0
C2977	0	0	0	3	0	0	3	0	0	0	3	0	0	0	1	0	0	2	0	1	0	0	1	0	1	0	0	0	0	0	0	0	0	0	0	0	1	2	0	0	0	0	0	2	0	3	1	0	2	2	0	0	0	1	0	0	0	0	0	0	0	0	1	0	0	0	1	0	0	0	0	0	0	0	1	0	0	0
C2980	0	0	0	0	0	0	0	0	0	0	0	0	0	0	0	0	0	0	0	0	6	0	0	0	0	0	1	2	0	0	0	0	0	0	0	0	0	3	0	0	0	0	0	0	0	0	4	0	0	0	0	0	0	0	0	0	0	0	1	0	16	0	0	0	11	0	0	19	1	0	0	0	0	0	0	0	0	0
C2984	0	0	0	0	1	0	0	0	0	1	0	0	1	0	0	0	0	0	1	0	0	0	0	1	0	1	0	0	0	0	0	1	1	1	0	0	0	0	0	0	0	0	0	2	0	0	0	0	0	1	0	0	0	0	0	0	1	0	1	1	0	0	0	0	0	0	0	0	1	0	0	0	0	0	0	0	0	0
C2987	0	0	0	0	0	0	1	1	0	0	0	0	0	0	0	0	0	0	0	0	0	1	0	0	0	2	0	0	0	0	0	0	0	1	0	0	2	0	0	0	0	0	0	0	1	1	0	0	0	1	0	0	0	2	0	1	0	0	0	0	0	0	0	0	0	0	0	0	0	0	0	0	0	0	0	0	0	0
C2989	0	0	0	11	0	0	0	1	0	43	25	0	0	0	0	0	0	0	0	0	43	0	2	0	0	1	3	0	0	0	0	0	4	0	6	0	3	9	4	47	0	2	0	0	0	0	126	6	56	5	0	1	66	0	2	0	1	0	4	4	712	0	0	0	164	0	0	2	6	11	1	2	0	0	0	26	0	1
C2991	0	0	0	0	2	0	0	0	0	0	0	0	0	0	0	0	0	0	0	0	1	0	4	0	0	0	0	0	1	0	0	2	0	0	1	0	1	1	0	0	0	0	0	0	0	0	0	0	0	0	0	0	1	0	0	0	0	0	0	0	0	0	0	0	2	0	0	0	0	0	0	0	1	0	0	0	0	0
C2995	0	0	0	0	2	0	4	0	0	0	2	0	1	0	0	0	0	0	0	0	1	0	2	1	0	2	0	0	0	1	0	1	0	0	0	0	0	0	0	0	0	1	0	2	0	1	0	1	0	1	1	0	0	1	0	0	1	0	2	2	2	1	0	0	1	0	2	1	2	0	0	1	0	0	1	0	0	0
C2997	0	0	0	0	10	0	25	0	0	0	24	0	2	0	12	0	0	29	0	7	5	1	12	1	2	15	0	3	0	0	0	3	18	15	0	0	30	4	7	7	0	0	0	35	0	18	10	0	13	20	0	0	0	17	2	0	0	5	2	24	3	6	8	0	1	0	33	0	3	0	0	0	0	0	17	1	0	0
C3000	0	0	0	4	1	0	0	0	0	0	2	0	0	0	0	0	0	0	0	0	5	0	0	0	0	4	4	2	0	0	0	2	2	0	0	0	0	8	0	14	0	0	0	0	0	0	40	0	2	0	0	0	0	0	0	0	0	0	0	6	64	0	0	0	56	0	0	1	2	0	0	0	0	0	0	0	0	0
C3001	0	0	1	3	0	0	0	0	0	0	0	0	0	0	1	0	0	0	1	1	5	0	2	0	0	0	0	0	0	1	0	2	0	0	0	2	0	4	7	1	0	0	0	0	0	0	0	0	5	0	2	0	0	0	0	0	3	0	0	13	6	0	0	0	11	0	0	0	0	2	0	6	0	0	0	1	2	0
C3002	0	0	0	0	0	0	0	0	0	0	0	0	0	0	0	0	0	0	0	0	3	1	0	0	0	0	0	0	0	0	0	0	0	0	0	0	0	3	0	1	0	0	0	0	0	1	0	0	0	0	0	0	0	0	0	0	0	0	0	0	1	0	0	0	5	0	0	0	0	0	0	0	0	0	0	0	0	0
C3003	0	0	0	0	0	0	0	0	0	1	0	0	1	0	0	0	0	0	0	0	1	0	0	0	0	0	0	0	0	0	1	0	1	0	0	0	0	1	0	1	0	0	0	0	0	0	1	0	1	0	0	0	0	0	0	0	0	0	0	0	0	0	1	0	0	0	2	0	0	1	0	0	0	0	0	0	0	0
C3007	0	0	0	1	1	0	1	2	0	0	0	0	5	0	1	0	0	1	0	0	2	1	0	0	2	3	0	3	0	0	0	2	3	0	2	0	5	0	1	0	0	0	0	0	2	0	0	0	0	3	0	0	0	1	2	0	0	0	3	1	1	0	0	0	2	0	0	1	0	0	0	1	0	0	1	0	0	0
C3009	0	0	0	0	0	0	0	0	0	0	0	0	0	0	0	0	0	0	0	0	2	0	0	2	0	0	0	0	0	0	0	0	0	0	0	0	0	0	0	0	0	0	0	0	0	0	0	0	0	2	1	6	0	0	0	0	0	0	0	0	0	0	0	0	0	0	0	0	1	0	14	0	0	0	0	0	0	0
C3012	0	0	0	0	0	0	0	0	0	0	0	0	0	0	1	0	0	0	0	0	2	1	0	0	0	1	0	1	0	0	0	1	0	0	2	0	1	0	1	0	0	0	0	0	0	1	1	0	0	0	0	0	0	0	0	0	0	0	0	0	0	0	0	1	1	0	0	0	0	0	0	0	0	0	0	0	0	0
C3016	0	0	0	2	2	0	0	0	0	1	0	0	2	0	3	0	0	1	0	0	4	0	0	0	0	0	0	0	0	0	0	0	0	1	1	0	2	1	1	0	0	0	0	0	0	0	0	0	0	0	0	0	0	0	0	1	0	0	0	0	1	0	0	0	0	0	0	0	1	0	0	0	0	0	0	1	0	0
C3017	0	0	0	0	0	0	0	1	0	0	0	0	0	0	0	0	0	1	0	0	0	1	0	0	1	0	0	0	0	0	0	0	0	0	0	0	0	0	0	0	0	0	0	0	1	0	1	0	0	0	0	0	0	0	0	1	0	0	1	1	0	0	0	1	0	0	0	0	2	0	0	0	0	0	0	0	0	0
C3019	0	0	0	0	0	0	0	0	0	0	0	0	0	0	0	0	0	0	0	0	7	0	0	0	0	0	0	0	0	0	0	0	0	0	0	0	0	0	0	0	0	0	0	0	0	0	0	0	2	0	0	0	0	0	0	0	0	0	0	0	0	0	0	0	21	0	0	0	0	0	0	0	0	0	0	0	0	0
C3021	0	0	0	2	1	0	1	0	0	0	0	0	1	0	0	0	1	0	0	0	0	0	0	0	0	1	0	1	0	0	0	1	0	0	0	0	0	0	3	0	0	0	0	0	0	0	1	0	0	0	0	0	0	0	2	0	0	0	0	0	0	0	0	0	0	0	1	0	2	0	0	0	0	0	0	0	0	0
C3024	0	0	0	0	0	0	0	2	0	0	0	0	0	0	1	0	0	1	0	0	2	0	1	0	0	0	0	0	0	0	0	1	1	0	2	0	0	2	0	0	0	0	0	0	0	0	2	0	0	0	0	0	0	0	0	0	0	0	1	1	0	0	0	0	0	0	0	1	0	0	1	0	0	0	0	0	0	0
C3026	0	0	2	0	0	0	1	0	0	0	0	0	0	0	0	10	0	0	0	1	0	4	0	0	0	0	0	0	0	0	0	0	0	0	0	0	0	0	0	0	0	0	0	0	0	0	0	0	1	0	0	0	0	0	0	0	0	0	0	0	0	0	0	0	0	2	0	0	0	0	0	0	0	0	0	0	1	0
C3027	0	0	0	1	0	0	0	1	0	0	1	0	1	0	0	0	0	1	0	0	0	4	0	0	0	0	0	0	0	0	0	1	1	0	0	0	0	0	0	0	0	0	0	0	1	1	1	2	0	1	0	0	0	2	0	0	0	0	0	0	0	0	0	1	0	0	1	2	1	0	0	0	0	0	0	0	0	0
C3034	0	0	0	1	0	0	1	0	0	2	1	8	2	0	0	0	19	0	63	0	1	0	0	49	0	0	1	1	0	0	0	0	0	0	0	0	0	0	0	0	0	0	22	0	0	1	0	0	0	1	0	0	2	1	1	0	17	1	0	2	2	0	1	1	0	0	0	0	2	0	0	2	0	0	0	0	0	27
C3035	1	0	0	7	7	0	25	2	0	0	4	0	10	0	9	0	0	3	0	5	5	16	0	1	0	4	1	5	0	0	0	18	20	1	0	0	130	0	38	7	0	0	0	2	0	2	8	2	5	3	0	0	0	4	2	4	0	2	4	8	19	3	5	0	9	0	7	0	0	31	0	0	0	0	0	7	0	0
C3038	0	0	0	1	0	0	0	0	0	3	0	0	0	0	0	0	0	0	0	0	2	0	1	0	0	0	5	0	0	0	0	1	0	0	2	0	0	30	0	0	0	0	0	0	0	0	9	0	9	0	1	0	0	0	0	0	0	0	2	0	9	0	0	0	2	0	0	0	1	0	0	0	0	0	0	24	0	0
C3042	0	0	0	0	1	0	0	0	0	0	0	0	1	0	1	0	0	0	0	0	0	0	0	0	1	1	0	1	0	0	0	0	0	0	0	0	0	0	0	0	0	0	0	0	1	0	0	0	0	0	0	0	0	1	1	0	0	0	0	0	1	0	1	0	1	0	0	0	0	1	0	0	0	0	0	0	0	0
C3043	0	0	0	0	1	0	0	2	0	1	0	0	0	0	0	0	0	2	0	0	0	0	0	0	0	0	0	1	0	0	0	0	0	0	0	0	0	1	0	1	0	0	0	0	0	1	0	0	0	0	0	0	0	0	1	1	0	0	1	0	0	0	1	1	0	0	0	0	0	0	0	0	0	0	0	0	0	0
C3044	0	0	0	1	1	0	1	0	0	0	1	0	3	0	3	0	0	1	0	0	0	0	0	0	1	0	0	0	0	0	0	1	0	0	0	0	1	0	0	0	0	0	0	2	1	1	0	0	0	1	0	0	0	1	0	0	0	1	0	1	1	0	0	1	0	0	0	1	0	0	0	3	0	0	1	2	0	0
C3046	0	0	0	0	0	0	0	0	0	0	0	0	0	0	0	0	0	0	0	0	0	2	0	0	0	0	0	0	0	4	0	0	0	0	0	0	0	0	0	0	0	0	0	0	0	0	0	0	0	0	0	0	0	0	0	0	0	0	1	0	0	0	0	0	0	0	0	0	0	0	0	0	4	0	0	0	0	0
C3051	0	0	0	1	1	0	0	2	0	1	1	0	5	0	6	0	0	0	0	0	3	4	0	0	1	4	1	4	0	0	0	2	1	3	0	0	2	1	1	3	0	0	0	5	0	2	0	0	0	2	0	0	0	6	1	0	0	2	2	0	0	2	7	4	5	0	2	0	1	6	0	0	0	0	0	0	0	0
C3053	0	0	0	0	1	0	0	3	0	0	0	0	1	0	2	0	0	0	0	0	1	1	0	0	1	1	0	1	0	0	0	1	0	0	1	0	1	0	1	0	0	0	0	0	0	0	0	0	1	0	0	0	0	0	0	0	0	0	0	1	0	0	0	1	0	0	0	1	0	0	0	0	0	0	1	0	0	0
C3055	0	0	0	0	0	0	0	0	0	0	0	2	0	0	0	0	4	0	1	0	0	0	0	1	0	0	0	0	0	0	0	0	1	0	0	0	0	0	0	0	0	1	0	0	0	0	0	0	0	0	0	0	0	0	0	0	3	0	0	0	1	0	0	0	0	0	0	0	0	0	0	0	0	0	0	0	2	0
C3058	0	0	0	1	10	1	0	0	0	0	0	1	0	0	0	0	2	1	0	1	1	0	1	0	1	1	0	0	0	0	1	0	0	0	0	0	0	0	0	0	0	3	1	0	1	0	0	0	12	0	2	0	1	0	0	0	0	0	0	0	0	0	1	0	0	0	0	0	0	0	0	0	0	0	0	0	1	0
C3064	0	0	0	0	0	0	3	0	0	1	3	0	1	0	3	0	0	5	0	0	14	0	2	0	0	1	0	0	0	0	5	1	1	0	0	0	4	1	1	2	0	1	0	6	0	1	2	2	9	0	0	0	0	2	0	0	1	0	0	1	1	3	1	0	10	0	7	0	2	0	0	0	0	0	3	1	0	0
C3067	0	0	0	0	0	0	0	0	0	0	0	0	3	0	0	0	0	0	0	1	2	0	0	0	0	0	0	0	0	0	0	0	1	0	0	0	3	0	1	0	0	0	0	0	0	1	1	0	0	0	0	0	0	0	1	0	0	0	0	1	0	0	1	0	0	0	1	0	0	0	0	0	0	0	1	0	0	0
C3068	0	0	0	4	0	0	4	0	0	1	5	0	1	0	1	0	0	5	0	2	2	0	0	1	0	2	0	1	0	1	2	0	1	1	0	0	3	7	0	0	0	0	0	9	0	13	0	0	4	5	1	0	0	2	0	0	0	0	1	2	3	0	0	0	0	0	5	0	1	3	0	0	0	0	1	0	0	0
C3070	0	0	0	4	10	0	4	1	0	0	3	0	1	0	2	0	0	1	0	5	13	0	0	0	1	2	1	0	0	0	0	1	1	0	0	0	6	0	2	4	0	0	0	3	0	2	2	0	10	1	1	0	0	2	0	0	0	1	0	2	1	1	1	0	2	0	11	0	0	1	0	0	0	0	0	1	1	0
C3071	0	0	0	0	1	0	4	0	0	0	2	0	1	0	0	0	0	2	0	0	3	1	0	1	0	0	0	0	0	0	0	0	0	0	0	0	3	1	0	0	0	0	0	4	0	0	0	0	1	0	0	0	0	1	1	0	0	1	0	0	1	2	0	0	0	0	2	0	0	0	0	0	0	0	0	0	0	0
C3075	0	0	0	0	0	0	0	1	0	2	1	0	1	0	0	0	0	1	0	0	0	0	1	0	0	0	1	0	0	0	0	0	0	0	0	0	1	0	0	0	0	0	0	0	0	0	0	0	0	0	0	0	0	0	0	2	0	0	6	0	0	0	0	0	0	0	0	0	0	0	0	0	0	0	0	0	0	0
C3077	0	0	0	0	0	0	0	1	0	0	0	0	0	0	2	0	0	0	0	0	0	1	0	0	1	0	0	1	0	0	0	0	0	1	0	0	0	0	0	0	0	0	0	0	0	0	0	1	0	0	0	0	0	0	1	3	0	0	4	0	0	0	1	2	0	0	1	0	0	0	0	0	0	0	0	3	0	0
C3079	1	1	6	0	0	0	0	0	0	0	0	0	1	1	0	15	0	0	0	0	0	0	0	0	0	0	0	0	0	0	0	0	0	0	0	0	0	0	0	0	0	0	0	0	0	0	0	0	0	0	0	0	0	0	0	0	0	0	0	0	0	0	0	0	0	2	0	0	0	0	0	0	0	0	0	0	0	0
C3080	0	0	0	0	2	0	0	1	0	1	0	0	1	0	2	0	0	1	0	1	1	2	0	0	0	1	0	0	0	0	0	0	1	2	0	0	0	0	2	1	0	0	0	0	0	1	0	0	0	2	0	0	1	2	1	0	0	0	2	0	0	0	1	0	0	0	0	0	0	0	0	0	0	0	0	0	0	1
C3083	0	0	0	3	1	0	4	0	0	0	0	0	0	0	0	0	0	5	0	1	7	0	0	0	1	3	0	0	0	0	0	0	3	1	0	0	3	2	0	0	0	0	0	0	0	1	0	0	10	1	0	0	0	0	0	0	0	0	1	3	0	0	3	0	1	0	1	0	0	0	0	0	0	0	0	0	0	0
C3085	0	0	0	0	2	0	0	0	0	1	0	0	2	0	1	0	0	0	0	2	0	1	1	0	0	1	0	1	0	0	0	0	1	1	1	0	0	0	3	0	0	0	0	2	0	1	3	0	0	0	0	0	0	0	2	2	0	2	0	0	0	0	0	1	0	0	0	0	3	0	0	1	0	0	1	2	0	0
C3086	0	0	0	0	0	0	1	0	0	0	0	0	0	0	0	0	0	0	0	0	2	0	0	0	0	0	0	0	0	0	0	0	0	0	0	0	0	1	0	0	0	0	0	0	0	0	7	0	1	0	0	0	0	0	0	0	0	0	0	0	24	0	0	0	14	0	0	1	0	0	0	0	0	0	0	0	0	0
C3091	0	0	0	2	1	0	0	2	0	2	3	0	8	0	6	0	0	2	0	2	1	0	1	0	0	1	0	5	0	0	0	2	0	0	1	0	2	1	1	2	0	0	0	1	2	1	1	5	0	0	0	0	0	2	1	3	0	7	5	1	3	4	7	21	1	0	2	1	1	9	0	0	0	0	2	1	0	0
C3092	0	0	0	24	65	10	10	6	0	3	6	28	12	0	24	0	112	34	16	42	25	7	10	44	19	6	4	14	0	8	25	8	13	7	0	1	25	22	6	16	0	327	4	12	9	25	2	7	254	5	50	0	2	9	6	2	12	7	12	10	10	8	10	1	4	0	28	0	0	19	48	0	0	0	5	4	47	35
C3093	0	0	0	1	0	0	3	0	0	1	7	0	4	0	3	0	0	1	0	2	1	0	0	0	0	2	0	0	0	0	0	0	1	0	0	0	0	7	1	0	0	0	0	5	0	16	0	1	3	7	0	0	0	2	2	0	0	0	0	1	1	1	0	0	0	0	11	0	1	0	0	0	0	0	0	0	0	0
C3094	0	0	0	0	2	0	0	0	0	0	0	0	2	0	0	0	0	1	0	0	0	2	0	0	0	1	0	1	0	0	0	0	0	1	0	0	3	1	3	1	0	0	0	1	0	0	0	0	1	1	0	0	0	1	0	0	0	0	0	2	0	0	1	0	0	0	1	0	0	0	0	0	0	0	1	0	0	0
C3095	0	0	0	1	0	0	0	0	0	0	0	0	0	0	0	0	0	0	0	0	0	1	0	0	0	1	0	0	0	0	0	0	0	0	1	0	0	0	0	0	0	0	0	0	0	1	0	0	1	1	0	0	0	0	0	0	0	0	1	0	0	0	0	1	1	0	0	1	0	0	0	1	0	0	1	0	0	0
C3097	0	0	0	2	0	0	2	0	0	2	2	0	2	0	1	0	2	3	0	3	2	0	1	0	0	0	1	1	0	0	1	0	0	1	0	0	4	4	0	0	0	1	0	2	0	2	0	0	7	5	1	0	0	1	1	0	0	0	0	1	0	0	1	1	0	0	6	0	2	1	0	0	0	0	0	0	0	1
C3099	0	0	0	0	0	0	0	0	0	0	0	0	0	0	0	11	0	0	0	0	0	0	0	0	0	0	0	0	0	0	0	0	0	0	0	0	0	0	0	0	0	0	0	0	0	0	0	0	0	0	0	0	0	0	0	0	0	0	0	0	0	0	0	0	0	0	0	0	0	0	0	0	0	0	0	0	0	0
C3100	0	0	0	4	11	0	1	3	0	0	7	0	1	0	1	0	0	1	0	5	1	1	0	0	0	0	0	0	0	0	0	6	2	2	0	0	6	3	3	4	0	0	0	2	0	6	2	1	1	4	0	0	0	2	3	3	0	2	2	1	4	2	6	21	1	0	0	0	0	6	0	1	0	0	1	5	0	0
C3101	0	0	0	0	3	0	0	2	0	0	0	0	0	0	0	0	0	1	0	0	3	0	1	0	0	0	2	0	0	0	0	1	2	0	1	0	1	0	0	0	0	0	0	0	0	0	0	0	0	0	0	0	0	1	0	0	0	2	1	0	1	0	0	0	0	0	1	2	1	0	0	1	0	0	1	0	0	1
C3106	0	0	0	3	0	0	2	0	0	1	0	0	0	0	2	0	0	1	0	0	0	0	1	0	0	0	0	0	0	0	0	1	0	2	0	0	1	0	1	0	0	0	0	0	0	0	1	0	0	0	0	0	0	1	0	0	0	0	0	0	0	0	0	0	1	0	0	0	1	0	0	3	0	0	1	2	0	0
C3108	0	0	0	0	0	0	0	0	0	0	2	0	5	0	0	0	0	1	0	2	0	0	0	0	0	0	0	0	0	0	0	1	1	0	0	0	1	0	0	0	0	0	0	0	0	0	1	0	0	0	0	0	0	0	0	0	0	0	0	0	0	0	0	0	0	0	1	0	1	0	0	0	0	0	1	0	0	0
C3110	0	0	0	1	3	0	1	0	0	0	0	0	2	0	3	0	0	2	1	0	2	3	1	0	0	0	2	3	0	0	0	0	1	0	0	0	1	2	3	0	0	0	0	0	1	1	0	0	0	2	0	0	0	3	0	1	0	2	0	3	1	0	1	0	0	0	0	0	1	0	0	3	0	0	0	1	0	0
C3111	0	0	0	0	0	0	0	0	0	0	0	0	0	0	0	0	0	0	0	0	2	0	0	0	0	0	0	0	0	0	0	0	0	0	0	0	0	0	0	0	0	0	0	0	0	0	0	0	45	0	0	0	0	0	0	0	0	0	0	0	0	0	0	0	0	0	0	0	0	0	0	0	0	0	0	0	0	0
C3112	0	0	0	0	4	0	0	3	0	2	2	0	1	0	0	0	0	1	0	1	3	1	0	0	0	0	2	5	0	0	0	0	0	0	0	0	1	0	2	0	0	0	0	0	0	1	0	1	2	1	0	0	0	3	0	1	0	1	1	0	0	1	1	4	0	0	1	0	0	3	0	0	0	0	2	1	0	0
C3115	0	0	0	2	2	0	2	0	0	0	2	0	1	0	1	0	0	2	0	0	4	0	0	0	1	1	4	1	0	0	0	0	2	0	1	0	2	1	3	0	0	0	0	2	0	0	0	1	4	2	0	0	0	0	1	0	0	1	1	2	1	1	0	1	1	0	0	0	4	0	0	7	0	0	0	1	0	0
C3117	0	0	0	1	2	0	0	0	0	0	0	3	0	0	1	0	0	0	0	1	1	0	0	1	1	1	0	0	0	0	0	0	0	0	0	0	0	1	0	1	0	1	0	1	0	0	1	2	3	0	1	0	0	1	0	0	0	1	0	0	1	0	1	0	0	0	2	0	0	1	0	0	0	0	0	0	1	0
C3118	0	0	0	0	0	0	0	3	0	0	0	0	0	0	3	0	5	0	3	0	1	2	0	1	0	0	0	0	0	0	0	1	0	1	0	0	0	0	0	2	0	1	0	0	0	0	0	0	0	0	0	0	0	2	0	0	1	0	0	0	0	0	1	4	0	0	1	0	0	0	1	0	0	0	1	0	1	2
C3119	0	0	0	0	5	0	2	6	0	1	2	0	4	0	2	0	0	1	0	2	1	0	1	0	3	4	1	3	0	0	0	3	0	0	0	0	2	2	3	0	0	0	0	5	1	1	1	1	2	1	0	0	0	1	1	2	0	2	2	1	3	5	0	6	1	0	2	0	0	3	0	1	0	0	0	2	0	0
C3122	0	0	0	1	1	0	2	0	0	3	0	0	2	0	1	0	0	2	0	4	1	0	1	0	3	0	1	0	0	0	1	0	0	0	0	0	0	2	0	1	0	0	0	1	0	1	0	0	24	0	0	0	0	1	0	0	0	0	0	0	1	1	4	0	0	0	2	0	0	0	0	0	0	0	0	0	0	0
C3124	4	0	0	2	5	0	1	0	0	0	4	0	3	0	0	0	0	1	0	3	0	1	0	0	1	2	2	1	0	0	0	4	6	0	0	0	10	1	6	11	0	1	0	0	0	2	2	2	1	0	1	0	0	4	1	2	0	1	0	2	0	4	4	3	2	0	1	0	0	4	0	0	0	0	0	5	1	0
C3125	0	0	0	3	14	0	3	0	0	0	2	0	0	0	2	0	0	8	0	3	8	0	3	0	2	3	0	0	0	2	7	1	4	3	0	0	2	2	1	0	0	1	0	1	2	2	0	1	66	0	0	0	0	1	1	0	0	1	0	3	1	2	2	0	0	0	2	0	0	0	0	0	1	0	0	0	0	0
C3129	0	0	0	1	2	0	2	1	0	0	1	0	1	0	1	0	0	0	0	0	1	0	1	0	0	4	0	1	0	0	0	3	2	2	2	0	1	0	0	0	0	0	0	0	0	0	0	0	1	1	0	0	0	0	0	0	0	0	0	1	4	0	1	1	2	0	1	1	1	0	0	0	0	0	0	1	0	0
C3130	0	0	0	0	3	0	2	0	0	0	0	0	0	0	0	0	0	0	0	0	2	0	0	0	0	0	0	0	0	0	1	0	0	0	0	0	0	0	1	1	0	0	0	2	0	0	0	0	1	0	0	0	0	0	0	0	0	1	1	2	0	1	1	0	0	0	1	0	0	0	0	0	0	0	0	0	0	0
C3140	0	0	0	1	0	0	0	2	0	1	1	0	1	0	2	0	0	1	0	0	1	2	0	1	2	1	0	0	0	0	0	1	1	1	0	0	0	0	0	0	0	0	0	0	1	0	0	0	0	0	0	0	0	1	0	0	0	1	0	0	1	1	2	1	0	0	0	0	1	0	0	0	0	0	0	2	0	1
C3141	0	0	0	0	4	0	0	0	0	1	3	0	1	0	0	0	0	0	0	0	0	0	0	0	1	1	0	2	0	0	0	1	0	0	0	0	1	1	0	3	0	0	0	0	0	3	0	0	2	0	0	0	0	0	1	0	0	0	2	0	0	2	1	6	1	0	0	0	0	3	0	0	0	0	0	3	0	0
C3144	0	0	0	0	0	0	2	0	0	0	0	0	1	0	0	0	0	1	0	0	0	1	0	0	0	0	0	1	0	0	0	0	0	0	0	0	1	0	1	1	0	0	0	1	0	0	0	0	0	0	0	0	0	0	0	0	0	0	0	0	0	0	0	0	0	0	0	0	1	0	0	0	0	0	0	0	0	0
C3145	0	0	0	3	7	0	0	1	0	2	1	0	1	0	0	0	0	0	0	1	2	0	2	1	0	1	1	0	0	0	1	3	1	0	0	0	5	1	0	4	0	2	0	3	0	1	1	1	1	2	2	0	0	0	1	2	0	0	4	0	2	4	5	2	0	0	2	0	0	1	0	0	0	0	2	0	1	1
C3147	0	0	0	0	0	0	0	1	0	0	1	0	0	0	0	0	0	1	0	0	2	0	0	0	0	0	1	0	0	0	0	0	2	1	1	0	0	0	2	0	0	0	0	0	0	1	0	0	0	0	0	0	0	1	1	0	0	0	0	1	1	0	0	0	0	0	1	0	1	0	0	0	0	0	0	1	0	0
C3149	0	0	0	1	1	0	4	0	0	0	2	0	2	0	5	0	0	5	0	11	35	0	0	0	0	2	1	1	0	0	1	0	2	3	0	0	1	3	2	2	0	0	0	2	1	1	0	1	35	5	0	0	0	3	0	0	0	1	0	2	0	0	3	0	0	0	2	0	0	0	0	1	0	0	1	0	0	0
C3151	0	0	0	2	0	0	1	1	0	2	3	0	0	0	5	0	0	1	0	1	2	0	0	1	0	1	0	1	0	1	1	0	0	0	0	0	1	5	1	1	0	1	0	6	0	12	2	0	5	4	0	0	0	1	1	0	0	0	0	0	2	0	2	0	0	0	4	0	0	1	0	0	0	0	0	0	1	0
C3155	0	0	0	0	0	0	0	0	0	0	0	0	0	0	0	0	0	0	2	0	1	0	0	0	0	0	0	0	0	0	0	0	0	0	0	0	0	0	0	0	0	0	1	0	0	0	0	0	0	0	3	0	0	0	0	0	1	0	0	0	0	0	0	1	0	0	0	0	0	0	0	0	0	0	0	0	2	0
C3156	2	1	6	0	0	0	0	0	0	0	0	0	0	4	0	0	0	0	0	0	0	0	0	0	0	0	0	0	0	0	0	0	0	0	0	0	0	0	0	0	4	0	0	0	0	0	0	0	0	0	0	6	0	0	0	0	0	0	0	0	0	0	0	0	0	2	0	0	0	0	0	0	0	0	0	0	0	0
C3157	0	0	0	0	0	0	2	0	0	1	3	0	0	0	0	0	0	0	0	0	3	0	0	0	0	0	0	0	0	0	0	0	0	0	0	0	1	0	0	0	0	0	0	0	0	0	0	0	0	2	0	0	0	1	0	0	0	0	0	0	1	1	0	0	0	0	2	0	0	0	0	0	0	0	0	0	0	0
C3158	0	0	0	0	1	0	0	1	0	0	0	0	0	0	1	0	0	0	0	0	1	0	0	0	0	1	0	0	0	0	0	0	1	0	0	0	0	0	0	0	0	0	0	0	0	0	0	0	0	0	0	0	0	0	0	0	0	0	1	1	0	0	0	1	1	0	0	0	0	0	0	1	0	0	0	1	0	0
C3160	0	0	0	0	1	0	0	0	0	0	0	0	0	0	0	0	0	0	0	0	0	1	0	0	0	0	0	0	0	0	0	1	1	0	0	0	1	0	0	0	0	0	0	1	0	0	0	0	1	0	0	0	0	0	0	1	0	2	0	0	0	2	3	3	0	0	0	0	1	2	0	0	0	0	0	0	0	0
C3164	8	2	3	0	0	0	0	0	0	0	0	0	0	4	0	16	0	0	0	0	0	0	0	0	0	0	0	0	0	0	0	0	0	0	0	0	0	0	0	0	0	0	0	0	0	0	0	0	0	0	0	1	0	0	0	0	0	0	0	0	0	0	0	0	0	2	0	0	0	0	0	0	0	0	0	0	0	0
C3165	0	0	0	5	2	1	0	1	0	1	1	0	2	0	8	0	0	4	0	4	7	0	2	0	0	4	1	1	0	0	1	0	1	4	0	0	7	2	2	0	0	4	0	4	0	16	0	0	10	4	0	0	0	3	0	0	0	1	1	1	3	1	2	0	0	0	8	0	0	1	0	0	0	0	2	1	0	1
C3170	0	0	0	0	2	0	1	0	0	0	0	0	1	0	0	0	0	2	0	0	0	1	0	0	0	0	0	0	0	0	0	0	1	0	0	0	1	0	1	0	0	0	0	0	1	0	0	0	1	0	0	0	0	0	0	0	0	0	0	3	0	0	0	0	0	0	0	0	0	0	0	0	0	0	0	0	0	0
C3171	0	0	0	0	2	0	1	0	0	0	2	0	4	0	2	0	0	1	1	0	2	4	0	0	0	3	1	0	0	0	0	0	0	0	0	0	3	1	0	0	0	0	0	0	1	0	1	0	1	2	0	0	0	2	1	0	0	0	0	1	0	0	0	0	2	0	2	0	0	0	0	0	0	0	0	0	0	0
C3172	0	0	0	0	1	0	0	0	0	0	0	0	0	0	1	0	0	0	0	0	2	0	0	2	0	0	1	1	0	0	0	1	0	0	0	0	0	0	1	0	0	0	0	0	0	0	0	0	0	0	0	0	0	0	0	0	0	0	0	0	0	0	0	0	0	0	0	0	0	0	0	0	0	0	0	0	0	1
C3175	0	0	0	0	0	0	1	0	0	1	2	0	2	0	1	0	0	2	0	0	0	1	0	0	0	0	0	1	0	0	0	0	0	1	0	0	4	3	1	0	0	1	0	3	0	8	1	1	0	2	0	0	0	2	0	0	0	0	1	0	0	0	0	0	1	0	4	0	0	0	0	0	0	0	0	0	0	0
C3176	0	0	0	0	0	0	0	0	0	0	0	0	0	0	0	22	0	0	0	0	0	0	0	0	0	0	0	0	0	0	0	0	0	0	0	0	0	0	0	0	1	0	0	0	0	0	0	0	0	0	0	0	0	0	0	0	0	0	0	0	0	0	0	0	0	0	0	0	0	0	0	0	0	3	0	0	0	0
C3177	0	0	0	0	0	0	0	0	0	0	1	0	0	0	0	0	0	0	1	0	0	0	0	0	138	0	0	12	0	0	0	6	0	0	44	0	0	0	0	1	0	0	0	0	0	0	0	6	1	0	0	0	1	3	0	4	0	1	0	3	1	4	0	1	0	0	0	1	1	1	0	0	0	0	0	1	0	0
C3179	0	0	0	0	0	0	0	0	0	0	0	1	0	0	0	0	1	0	6	0	0	0	0	16	0	0	0	0	0	0	0	0	0	0	0	0	0	0	0	0	0	0	2	0	0	0	0	0	0	0	0	0	0	0	0	0	2	0	0	0	0	0	0	0	0	0	0	0	0	0	0	0	0	0	0	0	0	3
C3182	0	0	0	0	0	0	0	0	0	0	0	0	0	0	1	0	0	1	0	1	1	0	16	0	0	0	0	0	0	0	0	7	0	0	5	0	0	8	0	0	0	0	0	0	0	0	0	0	0	0	0	0	0	0	0	13	0	0	1	3	1	1	0	0	4	0	1	0	0	0	0	0	0	0	1	5	0	0
C3183	0	0	0	0	0	0	0	0	0	0	0	4	1	0	0	0	0	0	0	0	0	0	0	11	0	0	0	0	0	0	0	0	0	0	0	0	0	0	0	0	0	0	2	0	0	0	0	0	0	0	0	0	0	0	0	0	2	0	0	0	0	0	0	0	0	0	0	0	0	0	0	0	0	0	0	0	0	3
C3184	0	0	0	1	1	0	1	1	0	1	1	0	0	0	0	0	0	0	0	0	1	1	3	0	1	0	0	1	0	1	0	0	2	0	1	0	0	3	0	2	0	0	0	1	0	1	1	0	0	0	1	0	0	0	0	1	0	1	0	0	2	1	1	3	1	0	0	0	0	0	2	0	0	0	1	0	0	0
C3188	0	0	0	0	0	0	0	0	0	0	0	0	0	0	0	0	0	0	0	0	0	0	0	5	0	0	0	0	0	0	0	0	0	0	0	0	0	0	0	0	0	7	0	0	0	0	0	0	0	0	2	0	0	0	0	0	0	0	0	0	0	0	0	0	0	0	0	0	0	0	0	0	0	0	0	0	0	0
C3190	0	0	0	1	1	0	0	0	0	0	1	4	1	0	0	0	2	1	6	0	1	1	1	10	2	3	2	0	0	0	0	0	1	1	1	0	0	1	0	0	0	0	6	2	1	0	0	0	0	1	0	0	0	0	0	1	11	4	0	2	1	1	0	0	0	0	0	2	1	0	0	1	0	0	3	0	0	5
C3194	0	0	0	0	0	0	0	0	0	0	0	0	0	0	0	0	0	0	0	0	0	0	0	0	3	0	0	0	0	0	0	0	0	0	0	0	0	1	0	0	0	0	0	0	0	0	2	0	0	0	0	0	0	0	0	0	0	0	0	0	3	31	0	0	26	0	0	5	0	0	0	0	0	0	0	0	0	0
C3196	30	20	15	0	0	0	0	0	0	0	0	0	0	8	0	115	0	0	0	0	0	0	0	0	0	0	0	0	0	0	0	0	0	0	0	0	0	0	0	0	0	0	0	0	0	0	0	0	0	0	0	2	0	0	0	0	0	0	0	0	0	0	0	0	0	4	0	0	0	0	0	0	0	1	0	0	0	0
C3197	0	0	0	1	1	0	4	0	0	0	2	0	2	0	4	0	2	3	0	1	6	1	2	1	2	0	1	1	0	1	2	0	3	1	0	0	0	1	0	1	0	0	0	0	0	0	1	0	6	1	1	0	0	2	0	0	0	0	0	2	0	0	2	0	0	0	1	0	0	0	0	0	0	0	0	0	0	0
C3198	0	0	0	0	0	0	2	0	0	0	0	0	2	0	0	0	0	0	0	0	0	0	0	0	0	0	0	0	0	0	0	0	0	0	0	0	1	1	0	0	0	0	0	0	0	0	0	1	0	0	0	0	0	0	1	0	0	1	0	0	1	0	0	0	0	0	0	0	0	0	0	1	0	0	0	1	0	0
C3205	0	0	1	0	0	0	0	2	0	0	1	0	0	0	0	0	0	0	0	0	0	0	0	0	0	10	2	0	0	0	0	0	0	0	2	0	0	0	0	0	0	0	0	0	0	0	0	0	0	0	0	0	0	3	0	0	0	0	0	0	1	0	0	0	0	0	0	0	0	0	0	1	0	0	0	0	0	0
C3207	0	0	0	0	1	2	0	0	0	0	0	2	0	0	0	0	3	0	0	0	0	0	0	0	0	0	0	0	0	0	0	0	0	0	0	0	0	0	0	0	0	3	0	0	1	0	0	0	0	0	2	0	0	0	0	0	0	0	0	0	0	0	0	0	0	0	0	0	0	0	0	0	0	0	0	0	1	0
C3212	0	0	0	0	0	0	0	0	0	3	1	0	0	0	0	0	0	0	0	0	0	0	0	0	2	0	0	1	0	0	0	0	0	0	0	0	0	0	0	0	0	0	0	0	0	0	4	0	2	0	0	0	0	0	0	0	0	0	1	0	1	0	0	0	5	0	0	0	0	0	0	0	0	0	0	0	0	0
C3214	0	0	0	3	0	0	2	0	0	0	1	0	0	0	0	0	0	0	1	0	0	0	0	2	1	0	0	0	0	0	0	0	1	0	0	0	0	0	0	0	0	0	1	0	0	0	0	0	0	1	0	0	0	1	0	0	2	0	0	0	0	0	0	0	0	0	1	1	1	0	0	0	0	0	0	0	0	0
C3217	0	0	0	0	0	3	1	0	0	0	0	0	0	0	0	0	0	0	0	1	0	0	0	2	0	0	0	0	0	0	0	0	0	0	0	0	0	0	0	1	0	2	0	0	0	0	0	0	6	0	0	0	0	0	0	0	0	0	0	0	0	0	0	0	0	0	0	0	0	0	2	4	0	0	0	0	0	0
C3218	0	0	0	1	5	0	2	1	0	0	1	0	0	0	0	0	0	2	0	1	4	0	0	0	2	1	0	0	0	0	0	0	2	2	0	0	2	2	1	1	0	1	0	0	0	0	1	0	33	1	0	0	0	1	0	0	0	1	0	4	1	1	0	0	0	0	0	0	1	0	0	1	0	0	0	1	1	1
C3219	0	0	0	1	3	0	0	1	0	0	0	0	0	0	2	0	0	0	0	0	0	1	1	0	0	1	0	1	0	0	0	0	0	0	0	0	0	0	0	0	0	0	0	0	0	0	0	0	0	0	0	0	0	0	0	1	0	0	2	0	1	0	0	0	0	0	0	0	1	0	0	0	0	0	0	0	0	0
C3220	0	0	0	0	0	0	0	0	0	0	1	0	0	0	0	0	0	0	0	0	0	0	0	4	0	0	0	0	0	0	0	0	1	0	1	0	0	1	0	0	0	0	1	0	0	0	0	0	0	0	0	0	0	0	0	0	0	0	0	0	0	0	0	0	0	0	0	0	1	0	0	0	0	0	0	1	0	0
C3221	0	0	0	0	0	0	0	0	0	0	0	0	0	0	0	0	0	0	0	0	2	0	0	0	0	0	0	0	0	0	0	0	0	0	0	0	0	0	0	0	0	0	0	0	0	0	0	0	2	0	0	0	0	0	0	0	0	0	0	0	0	0	0	0	16	0	0	0	0	0	0	0	0	0	0	0	0	0
C3223	0	0	0	1	1	0	0	0	0	0	1	0	0	0	0	0	0	1	0	0	2	3	2	1	2	0	1	1	0	0	0	1	2	0	3	0	2	1	1	0	0	0	0	1	2	0	0	0	0	0	0	0	1	1	0	2	0	0	0	0	4	0	1	1	1	0	1	0	2	0	0	2	1	0	2	0	0	0
C3224	2	5	4	1	1	0	1	0	0	0	0	0	0	0	0	0	0	0	1	1	2	0	0	0	0	1	1	0	0	0	0	0	0	0	0	0	0	0	1	0	0	0	0	0	1	0	0	0	0	0	0	6	0	1	0	0	0	1	3	1	0	0	0	1	0	0	0	1	0	0	0	0	0	0	1	0	0	0
C3225	0	0	0	0	0	0	1	2	0	0	18	0	0	0	0	0	0	4	0	1	13	0	10	0	0	0	0	0	0	0	0	15	0	0	1	0	0	0	0	0	0	0	0	0	0	0	7	0	5	0	0	0	0	0	1	0	0	6	0	4	1	5	0	0	27	2	0	6	2	0	0	2	0	0	0	0	0	0
C3226	0	0	0	0	1	0	1	0	0	0	1	0	2	0	0	0	0	1	0	0	1	2	0	0	0	3	0	1	0	0	0	0	0	1	0	0	2	0	0	0	0	0	0	2	0	1	0	0	0	0	0	0	0	0	0	0	0	0	0	1	2	0	0	0	0	0	1	0	0	0	0	0	0	0	0	0	0	0
C3228	1	0	0	6	1	0	1	0	0	0	0	0	0	0	3	0	0	0	0	1	6	2	3	0	7	0	2	3	0	0	0	1	4	0	1	0	2	8	0	6	0	0	0	0	0	1	4	6	125	0	7	0	0	0	0	0	2	1	1	9	8	2	1	0	4	10	0	0	4	4	0	2	3	1	2	0	0	5
C3230	0	0	0	0	0	0	0	0	0	0	0	0	0	0	1	0	1	0	0	0	0	0	0	5	0	0	0	0	0	0	0	0	0	0	0	0	0	0	0	0	0	0	2	0	0	0	0	0	0	0	0	0	0	0	0	0	4	0	0	0	0	0	0	0	0	0	0	0	1	0	0	1	0	0	0	0	0	2
C3235	0	0	1	0	0	0	0	0	0	0	0	0	0	0	0	0	0	0	0	0	0	0	0	0	8	0	0	0	0	0	0	0	0	0	0	0	0	0	0	0	0	0	0	0	0	0	0	0	4	1	0	0	0	0	0	0	0	0	0	0	0	0	0	0	0	1	0	0	0	0	0	0	0	0	0	0	0	8
C3237	0	0	0	72	3	0	0	3	0	9	2	0	6	0	2	0	0	11	0	9	26	2	9	0	10	7	16	12	0	0	0	1	17	3	0	0	6	16	0	34	0	0	0	0	0	0	4	0	49	1	0	0	0	0	0	0	0	0	8	7	46	0	0	0	11	0	1	1	0	0	0	0	0	0	0	0	0	0
C3238	0	0	0	1	10	0	1	0	0	0	1	0	0	0	1	0	0	1	0	2	5	1	3	0	0	0	0	3	0	0	0	0	1	0	0	0	6	1	3	1	0	0	0	1	1	1	0	0	5	1	2	0	0	3	0	0	0	0	0	1	0	0	0	0	2	0	0	0	1	1	0	0	0	0	1	0	5	0
C3239	0	0	0	0	0	0	2	3	0	0	1	0	0	0	0	0	0	0	0	0	0	0	6	0	0	0	0	0	0	0	0	1	0	0	2	0	0	3	0	0	0	0	0	0	2	0	1	0	0	0	0	0	0	0	6	2	0	0	7	17	0	3	0	0	0	0	0	1	0	0	0	0	0	0	0	1	0	0
C3241	0	0	0	0	2	0	1	0	0	0	0	0	0	0	0	0	0	1	0	0	0	0	2	0	0	0	0	0	0	0	0	0	0	0	0	0	0	0	0	0	0	0	0	0	0	0	0	1	0	0	0	0	0	0	0	0	0	0	0	0	0	2	0	0	0	0	2	0	0	0	0	0	2	0	0	0	0	0
C3244	0	0	0	0	0	0	0	0	0	0	1	0	0	0	0	0	0	0	7	0	0	0	0	9	0	0	0	0	0	0	0	0	0	0	0	0	0	0	0	0	0	0	4	0	0	0	0	0	0	0	0	0	0	0	0	0	10	0	0	0	0	0	0	0	0	0	0	0	0	0	0	0	0	0	0	0	0	5
C3245	0	0	0	0	0	0	1	0	0	0	0	0	0	0	2	0	0	0	0	1	0	1	0	0	0	2	0	0	0	0	0	0	1	0	0	0	1	0	0	0	0	0	0	1	0	1	1	0	1	2	0	0	0	0	0	0	0	0	1	0	0	0	0	0	0	0	0	0	0	0	0	0	0	0	0	0	0	0
C3246	0	0	0	0	0	0	2	14	0	0	0	0	0	0	0	0	0	0	0	0	0	0	0	0	0	0	0	0	0	0	0	4	0	0	8	0	0	0	0	0	0	0	0	0	0	0	0	0	0	0	0	0	0	0	1	0	0	0	0	1	0	5	0	0	1	0	0	1	0	0	0	0	0	0	0	1	0	0
C3248	0	0	0	0	1	1	0	0	0	1	0	0	0	0	1	0	0	0	0	3	1	0	0	0	1	0	0	0	0	0	0	0	0	0	0	0	0	1	1	1	0	0	0	0	2	0	0	0	7	0	1	0	0	0	0	0	0	0	0	0	0	0	1	0	0	0	0	0	0	1	1	0	0	0	0	2	0	0
C3249	0	1	0	0	0	0	0	0	0	0	0	0	0	0	0	10	0	0	0	0	0	0	0	0	0	0	0	0	0	0	0	0	0	0	0	0	0	0	0	0	0	0	0	0	0	0	0	0	0	0	0	0	0	0	0	0	0	0	0	0	0	0	0	0	0	1	0	0	0	0	0	0	0	0	0	0	0	0
C3251	0	0	0	0	1	0	1	0	0	0	0	1	1	0	0	0	0	0	1	0	0	1	0	0	0	1	0	1	0	0	0	1	1	0	0	0	0	0	1	0	0	0	1	0	0	1	0	0	0	1	0	0	0	1	1	1	0	0	0	0	0	0	0	1	1	0	0	0	0	0	0	0	0	0	0	0	0	0
C3252	0	0	0	0	0	0	0	0	0	0	0	0	0	0	0	0	0	0	3	0	1	0	0	9	0	0	0	0	0	0	0	0	0	0	0	0	0	0	0	0	0	0	3	0	0	0	0	0	0	0	0	0	0	1	0	0	5	0	0	0	0	0	0	0	0	0	0	0	0	0	0	0	0	0	0	0	0	4
C3253	0	0	0	12	3	0	2	0	0	1	3	0	3	0	2	0	0	2	0	2	5	6	0	0	2	2	5	3	0	0	0	3	1	3	0	0	6	5	8	0	0	0	1	6	1	2	0	2	1	2	0	0	0	2	1	2	0	2	2	0	3	1	0	2	1	0	2	3	4	0	0	10	0	0	0	1	0	0
C3255	0	0	0	0	0	1	0	0	0	0	0	0	0	0	0	0	0	0	0	0	0	0	2	0	0	0	0	0	0	0	0	0	0	0	0	0	0	0	0	0	0	0	0	0	0	0	0	2	2	0	4	0	0	0	0	0	0	0	0	0	0	0	0	0	0	0	0	0	0	0	0	0	0	0	0	0	0	0
C3256	0	0	0	0	1	0	1	2	0	1	1	0	1	0	0	0	0	0	0	0	2	0	0	1	1	1	0	0	0	0	0	0	0	0	1	0	2	1	2	0	0	0	0	1	0	0	0	1	0	1	0	0	0	0	0	1	0	0	1	0	2	0	0	1	1	0	0	2	2	0	0	1	0	0	1	0	0	0
C3257	0	0	0	2	0	0	1	0	0	2	0	1	0	0	0	0	0	0	0	0	3	2	0	1	0	2	0	0	0	0	0	1	1	0	0	0	3	0	2	0	0	0	0	0	0	0	0	0	0	2	0	0	1	0	2	0	0	1	0	0	2	0	0	1	0	0	0	0	0	0	0	2	0	0	0	0	0	0
C3258	0	0	0	0	0	0	0	0	0	0	0	1	0	0	0	0	4	0	8	0	0	0	0	1	0	0	0	0	0	0	0	0	0	0	0	0	0	0	0	0	0	0	0	0	0	0	0	0	0	0	0	0	0	0	0	0	2	0	0	0	0	0	0	0	0	0	0	0	0	0	0	0	0	0	0	0	0	2
C3259	0	0	0	0	0	0	1	0	0	0	0	0	0	0	0	0	0	1	0	0	1	0	2	0	0	1	0	0	0	0	1	0	1	0	0	0	0	1	0	0	0	1	0	1	0	0	0	0	1	0	0	0	0	1	0	0	0	0	0	1	0	0	1	0	0	1	0	0	0	0	0	0	0	0	0	0	0	0
C3261	0	0	0	0	2	0	0	0	0	0	2	0	0	0	3	0	0	2	0	0	0	1	0	0	2	0	0	0	0	0	0	1	0	0	0	0	1	0	1	0	0	0	0	1	0	2	0	0	2	1	0	0	0	0	1	0	0	3	4	1	0	0	0	0	1	0	0	0	2	0	0	1	0	0	0	0	0	0
C3263	0	0	0	0	0	0	0	0	0	0	0	0	4	0	0	0	0	0	0	0	0	2	0	0	0	0	1	0	0	0	0	0	0	0	0	0	0	0	2	0	0	0	0	0	0	0	0	0	0	0	0	0	0	0	0	0	0	1	0	0	0	3	0	0	0	0	0	0	0	0	0	0	0	0	0	0	0	0
C3265	0	0	0	0	0	0	0	0	0	0	1	0	0	0	0	0	0	1	2	0	0	0	0	2	0	1	0	1	0	0	0	0	0	0	0	0	0	1	0	0	0	0	1	0	0	0	0	1	0	0	0	0	0	0	0	0	0	0	0	0	1	0	0	1	0	0	1	0	0	0	0	0	0	0	0	1	0	1
C3269	0	0	0	0	0	0	0	0	0	0	1	1	0	0	0	0	3	0	1	0	1	0	0	5	0	0	1	0	0	0	0	0	0	0	0	0	0	0	0	0	0	0	0	0	0	0	0	0	0	0	0	0	0	0	1	0	3	0	0	0	0	0	0	0	0	0	0	0	0	0	0	0	0	0	0	0	0	4
C3270	0	0	0	1	0	0	0	2	0	0	0	0	2	0	2	0	0	0	0	0	1	3	0	0	1	2	0	5	0	0	0	0	0	0	0	0	1	1	0	4	0	0	0	1	3	3	0	2	0	0	0	0	0	2	0	1	0	1	3	0	2	1	3	8	0	0	1	0	2	3	0	0	0	0	1	1	0	0
C3271	0	0	0	0	0	0	0	1	0	0	1	0	1	0	0	0	0	0	0	0	2	0	0	0	1	0	0	2	0	0	0	1	1	1	1	0	0	1	1	0	0	0	0	0	0	1	0	0	0	0	0	0	0	1	0	0	0	1	0	1	1	0	0	1	1	0	2	0	1	0	0	1	0	0	0	0	0	0
C3275	0	0	0	0	0	0	0	0	0	0	0	0	0	0	0	23	0	0	0	0	0	0	0	0	0	0	0	0	0	0	0	0	0	0	0	0	0	0	0	0	2	0	0	0	0	0	0	0	0	0	0	0	0	0	0	0	0	0	0	0	0	0	0	0	0	0	0	0	0	0	0	0	0	7	0	0	0	0
C3277	0	0	0	0	0	0	0	0	0	0	0	0	0	0	0	6	0	0	0	0	1	0	1	2	0	0	0	0	0	0	0	0	0	0	0	0	0	0	1	0	0	0	0	0	0	0	0	0	0	0	0	1	0	0	0	0	1	0	0	3	0	0	0	0	0	0	0	0	0	0	1	2	0	0	0	0	0	0
C3278	0	0	0	0	1	0	1	0	0	0	0	0	0	0	0	0	0	0	0	1	2	0	0	0	2	0	0	0	0	0	0	0	0	0	0	0	0	0	0	0	0	0	0	0	0	0	0	0	4	0	0	0	0	2	0	0	0	1	1	2	0	1	0	0	0	0	1	0	0	0	0	0	0	0	0	0	0	0
C3283	0	0	0	0	1	0	0	0	0	0	0	0	1	0	0	0	0	1	0	0	0	0	0	0	0	1	1	0	0	0	0	0	1	0	0	0	2	0	0	0	0	0	0	0	0	1	0	0	0	0	0	0	0	0	0	0	0	0	1	0	0	0	0	1	0	0	0	0	1	0	0	0	0	0	0	0	0	0
C3285	0	0	0	0	0	0	0	0	0	0	0	0	0	0	0	0	0	0	4	0	0	0	0	2	0	0	0	0	0	0	0	0	0	0	0	0	0	0	0	0	0	0	1	0	0	0	0	0	0	0	0	0	0	0	0	0	4	0	0	0	0	0	0	0	0	0	0	0	0	0	0	0	0	0	0	0	0	1
C3289	0	0	0	0	0	0	1	0	0	1	0	0	1	0	0	0	0	0	0	0	0	1	0	1	0	0	0	0	0	0	0	0	0	1	0	0	1	0	0	0	0	0	1	0	0	0	1	0	0	0	0	0	0	0	0	0	0	0	0	0	0	0	0	1	0	0	0	0	1	0	0	1	0	0	0	0	0	0
C3292	0	0	0	0	0	0	0	0	0	0	0	0	0	0	0	0	0	0	0	0	0	3	0	0	0	0	0	0	0	0	0	0	0	1	0	0	0	0	1	0	0	0	0	1	1	0	2	0	1	0	0	0	0	0	1	0	0	0	1	0	0	0	0	0	0	0	0	0	1	0	0	0	1	0	0	0	0	0
C3293	0	0	0	3	0	0	0	0	0	1	0	0	8	0	6	0	0	0	0	0	0	0	0	0	0	1	0	1	0	0	0	0	0	3	0	0	0	1	1	2	0	0	0	1	1	1	0	1	0	1	0	0	0	4	0	0	0	3	3	1	0	0	11	21	0	0	1	0	2	3	0	0	0	0	0	0	0	0
C3294	0	0	0	0	0	0	0	0	0	0	0	0	0	0	0	0	0	0	0	0	0	0	0	0	2	0	0	0	0	0	0	0	0	0	0	0	0	0	0	4	0	0	0	0	0	0	0	0	4	0	0	0	0	0	0	0	0	0	0	0	12	0	0	0	13	0	0	0	0	0	0	0	0	0	0	0	0	0
C3295	6	1	2	0	0	0	0	0	0	0	0	0	0	2	0	19	0	0	0	0	0	0	0	0	0	0	0	0	0	0	0	0	0	0	0	0	0	0	0	0	0	0	0	0	0	0	0	0	0	0	0	0	0	0	0	0	0	0	0	1	0	0	0	0	0	0	0	0	0	0	0	0	0	0	0	0	0	0
C3297	0	0	0	0	0	0	0	0	0	0	0	0	0	0	0	0	0	1	0	1	0	1	1	0	1	0	0	1	0	0	0	0	1	1	0	0	0	0	0	0	0	0	0	0	0	1	0	0	0	0	0	0	0	0	1	0	0	0	0	0	0	1	0	0	0	0	0	0	0	0	0	0	0	0	0	0	0	0
C3298	0	0	0	0	0	0	6	5	0	0	1	0	1	0	0	0	0	0	0	0	0	0	0	0	0	1	0	0	0	0	0	2	0	0	2	0	0	3	0	0	0	0	0	12	0	0	2	0	0	0	0	0	0	0	0	2	0	0	1	0	0	1	0	0	0	0	0	0	0	0	0	0	0	0	0	0	0	0
C3299	0	0	0	0	1	0	1	0	0	0	0	0	1	0	1	0	0	0	1	0	0	5	1	1	1	1	0	0	0	0	0	1	2	1	0	0	2	0	0	1	0	0	0	1	0	0	0	0	0	1	0	0	0	0	1	0	0	2	0	1	1	0	0	0	2	0	0	0	0	0	0	1	0	0	1	0	0	0
C3302	0	0	0	0	0	0	0	0	0	0	0	0	0	0	0	0	0	0	0	0	0	0	1	0	0	0	0	0	0	0	0	0	0	0	0	0	0	0	0	3	0	0	0	0	0	0	0	0	0	0	0	0	0	0	0	0	0	0	0	0	1	0	0	0	13	0	0	0	0	0	0	0	0	0	1	0	0	0
C3304	0	0	0	0	0	0	1	2	0	0	0	0	0	0	0	0	0	0	0	0	1	0	1	0	0	0	0	0	0	0	0	0	0	0	1	0	0	1	0	0	0	0	0	1	0	0	0	0	0	0	0	0	0	0	1	1	0	0	1	3	0	0	0	0	0	0	0	2	0	3	0	0	0	0	0	1	0	0
C3305	0	0	0	0	0	0	0	1	0	0	29	0	0	0	4	0	0	0	0	0	2	0	1	0	22	4	0	51	0	0	0	32	0	0	30	0	0	0	0	0	0	0	0	1	1	0	2	0	3	0	0	0	0	22	0	16	0	0	2	12	16	21	0	70	1	0	0	0	45	1	0	8	0	0	0	2	0	0
C3308	0	0	0	1	1	0	1	0	0	1	0	0	0	0	1	0	0	2	0	0	0	3	1	0	1	1	0	1	0	0	0	0	1	0	0	0	1	0	0	1	0	0	0	0	0	1	1	0	0	0	0	0	0	1	0	1	0	2	2	0	0	0	0	2	3	0	0	0	1	2	0	1	0	0	0	0	0	0
C3313	0	0	0	0	0	0	2	0	0	0	1	1	1	0	0	0	0	0	0	0	1	2	0	0	0	1	0	0	0	0	0	0	0	2	0	0	1	0	0	2	0	0	0	5	0	0	0	1	0	2	0	0	0	0	0	0	0	2	0	0	0	0	0	0	0	0	1	0	1	0	0	0	0	0	2	0	0	1
C3314	0	0	0	0	1	0	0	2	0	0	1	0	0	0	1	0	0	0	0	0	1	0	1	0	0	0	0	2	0	0	0	0	0	0	0	0	0	0	0	0	0	0	0	0	1	1	0	0	0	0	0	0	0	0	0	1	0	0	0	0	0	0	0	5	0	0	0	0	2	2	0	0	0	0	0	1	0	0
C3316	0	0	0	0	0	0	0	0	0	0	0	0	1	0	0	0	0	0	5	0	0	0	0	5	0	0	0	0	0	0	0	0	1	0	0	0	0	0	0	0	0	0	1	1	0	1	0	0	0	0	0	0	0	0	0	0	0	0	2	0	0	0	0	0	1	0	0	0	0	0	0	0	0	0	0	0	0	1
C3319	0	0	0	0	0	0	0	3	0	0	1	0	0	0	0	0	0	0	0	0	0	0	0	0	0	0	0	0	0	0	0	1	0	0	1	0	0	2	0	0	0	0	0	0	0	0	2	0	0	0	0	0	0	0	1	1	0	0	2	9	0	1	0	0	0	0	0	0	0	0	0	0	0	0	0	0	0	0
C3320	0	0	0	0	4	0	0	0	0	0	0	0	1	0	1	0	0	0	0	0	1	1	1	0	0	0	0	0	0	1	0	0	1	0	0	0	0	0	0	0	0	0	0	0	0	2	0	0	0	0	0	0	0	0	0	0	0	1	0	0	0	1	1	0	0	0	0	0	0	1	0	0	0	0	0	0	0	0
C3321	0	0	0	0	0	0	0	0	0	0	0	0	0	0	1	0	0	1	0	0	2	3	0	0	0	0	0	0	0	0	0	0	0	0	0	0	3	0	0	0	0	0	0	0	0	0	0	0	0	1	0	0	0	1	0	0	0	0	0	0	0	0	0	0	0	0	0	0	0	0	0	0	0	0	1	0	0	0
C3322	0	0	0	0	2	0	0	2	0	0	4	0	7	0	2	0	0	2	3	3	3	8	0	3	3	6	0	3	0	0	0	2	12	9	0	0	8	0	2	0	0	0	0	6	0	0	0	0	1	4	0	0	7	1	1	0	0	5	0	1	3	0	0	0	3	0	0	0	9	0	0	6	0	0	15	0	0	0
C3323	0	0	0	2	2	0	0	0	0	2	0	0	0	0	4	0	0	1	0	0	2	1	0	0	1	3	3	1	0	0	0	0	1	1	1	0	2	2	3	0	0	0	0	0	2	0	0	0	0	1	0	0	0	2	0	0	0	0	0	2	1	0	0	2	0	0	2	1	0	0	0	3	1	0	0	1	0	0
C3324	0	0	1	3	0	4	0	0	0	0	0	0	0	0	2	0	0	0	10	6	4	2	0	6	0	0	2	1	0	1	0	0	0	3	0	2	1	2	1	3	0	2	0	1	0	0	0	1	2	0	5	0	0	2	0	0	2	0	0	6	3	0	2	0	67	0	0	0	0	4	3	1	0	0	0	2	0	1
C3325	0	0	0	1	1	0	7	0	0	0	9	0	0	0	1	0	0	3	0	2	3	0	1	0	0	0	0	1	0	0	0	0	0	1	0	0	2	3	2	0	0	0	0	5	0	9	2	0	8	2	0	0	0	2	0	0	0	2	1	2	4	0	2	0	0	0	10	0	0	0	0	0	0	0	3	0	0	0
C3326	0	0	0	0	0	0	0	0	0	0	0	0	0	0	0	0	0	0	0	0	2	0	2	0	0	0	0	0	0	0	0	0	0	0	0	0	0	1	1	1	0	0	0	0	0	0	0	0	5	0	0	0	0	0	0	0	0	0	0	0	0	0	0	0	0	0	0	0	0	0	4	0	0	0	0	0	0	0
C3329	0	0	0	4	0	0	1	0	0	0	0	0	0	0	0	0	0	0	0	0	1	0	0	4	0	0	0	0	0	0	0	0	1	0	0	0	3	0	2	0	0	1	0	0	0	0	4	4	0	0	0	0	0	0	0	0	1	0	0	0	1	0	0	0	0	0	0	0	0	9	0	0	0	0	0	0	0	0
C3330	0	0	0	4	4	0	0	0	0	0	1	0	8	0	8	0	0	0	0	2	1	0	2	0	0	2	2	1	0	0	0	1	0	2	0	0	0	2	1	2	0	0	0	8	1	1	5	2	0	1	0	0	0	1	1	0	0	2	2	0	4	8	12	39	1	0	4	1	1	9	0	0	0	0	0	5	0	0
C3334	0	0	0	0	0	0	0	0	0	0	0	0	1	0	0	0	0	0	0	0	0	1	3	0	0	1	0	1	0	0	0	1	0	0	1	0	2	0	2	2	0	0	0	0	0	1	3	0	0	1	0	0	0	0	1	1	0	0	0	1	3	0	0	0	1	0	0	0	2	0	0	1	0	0	0	0	0	0
C3336	0	0	0	2	1	0	0	0	0	1	2	0	2	0	6	0	0	0	1	3	1	1	0	0	1	1	0	5	0	0	0	1	1	3	0	0	0	1	1	4	0	0	0	3	0	3	1	2	1	1	0	0	0	3	0	0	0	4	0	2	1	1	3	9	0	0	1	0	3	7	0	0	0	0	1	2	0	0
C3337	0	0	0	1	0	0	0	0	0	0	0	0	0	0	0	0	0	0	2	1	0	0	0	1	0	1	0	0	0	0	0	0	0	0	0	0	1	0	0	0	0	0	0	2	0	2	0	0	0	0	0	0	1	0	0	0	1	2	0	0	0	0	2	1	0	0	1	0	1	0	0	1	0	0	0	1	0	0
C3340	0	0	0	0	0	0	0	0	0	0	3	0	0	0	1	0	0	0	0	0	0	1	1	0	0	2	0	0	0	0	0	0	0	0	0	0	1	0	3	0	0	0	0	1	0	1	0	0	2	0	0	0	0	0	1	0	1	0	0	0	0	0	0	0	2	0	2	0	0	0	0	0	0	0	0	0	0	0
C3341	0	0	0	0	0	0	0	0	0	0	0	1	0	0	0	0	1	0	1	0	0	0	0	8	0	0	0	0	0	0	0	0	0	0	0	0	0	0	0	0	1	17	0	0	0	0	0	0	0	0	4	0	0	0	0	0	0	0	0	0	0	0	0	0	0	0	0	0	0	0	0	0	0	0	0	0	1	0
C3344	0	0	0	0	0	0	1	0	0	0	1	0	0	0	0	0	0	0	0	0	1	0	1	0	0	1	0	0	0	0	0	1	0	1	0	0	1	0	1	1	0	0	0	4	0	4	1	1	0	0	0	0	0	2	0	1	0	1	0	0	2	0	6	4	0	0	3	0	0	0	0	0	0	0	0	2	0	0
C3345	0	0	0	0	0	0	0	2	0	0	1	0	0	0	0	0	0	0	0	0	0	1	2	0	0	1	0	0	0	0	0	0	0	1	0	0	0	0	1	0	0	0	0	0	0	1	0	0	0	1	0	0	0	0	1	2	0	0	0	0	0	0	0	0	0	0	0	0	2	0	0	2	0	0	0	0	0	0
C3346	0	0	0	0	0	0	0	0	0	0	0	0	0	0	0	0	0	0	0	0	0	0	0	5	0	0	0	0	0	0	0	0	0	0	0	0	0	0	0	0	0	0	2	0	0	0	0	0	0	0	0	0	0	0	0	0	2	0	0	0	0	0	0	0	0	0	0	0	0	0	0	0	0	0	0	0	0	2
C3347	0	0	0	0	1	0	1	1	0	1	0	0	2	0	1	0	0	0	0	0	1	1	0	0	1	0	0	0	0	0	0	0	1	0	0	0	0	1	0	0	0	0	0	2	0	0	0	0	0	0	0	0	0	0	0	2	0	0	1	0	1	0	0	0	0	0	0	0	2	0	0	2	0	0	0	0	0	0
C3348	0	0	0	1	2	0	0	0	0	1	0	0	0	0	0	0	0	2	0	1	0	0	1	0	1	1	1	0	0	0	0	0	1	0	0	0	1	4	0	1	0	0	0	0	0	0	0	0	12	0	0	0	0	1	0	0	0	0	0	0	0	1	0	0	0	0	0	0	0	0	0	0	0	0	0	1	0	0
C3350	0	0	0	1	1	0	0	0	0	0	0	0	1	0	0	0	0	0	0	0	0	1	0	0	1	0	0	0	0	0	0	0	0	0	0	0	1	0	0	0	0	0	0	0	0	0	0	0	0	0	0	0	0	0	0	1	0	0	1	0	1	0	1	0	0	0	0	1	0	0	0	0	0	0	0	0	0	0
C3355	1	0	0	1	5	0	1	0	0	0	0	0	0	0	0	0	0	0	0	1	0	0	0	0	0	0	0	0	0	0	0	0	2	1	0	0	3	0	2	2	0	0	0	0	0	0	0	0	1	0	1	0	0	0	1	0	0	0	0	0	0	0	0	2	2	0	1	0	1	1	0	0	0	0	0	2	0	0
C3356	0	0	0	3	1	0	1	0	0	0	0	0	1	0	1	0	0	1	0	1	2	2	0	0	1	0	0	0	0	0	0	0	1	0	1	0	2	1	1	0	0	0	0	0	1	0	0	0	1	2	0	0	0	1	0	0	0	3	2	2	2	0	2	0	0	0	1	3	0	0	0	2	0	0	2	0	0	0
C3359	0	0	0	0	0	0	0	0	0	0	0	0	0	0	0	0	1	0	1	0	1	0	0	3	0	0	0	0	0	0	0	0	0	0	0	0	0	1	0	0	0	0	0	0	0	0	0	0	0	0	0	0	0	0	0	0	4	0	0	0	0	0	0	0	0	0	0	0	0	0	0	0	0	0	1	0	0	1
C3361	0	0	0	0	2	0	0	0	0	0	2	0	5	0	0	0	0	0	0	2	2	5	0	0	3	2	0	0	0	0	0	0	3	2	0	0	5	0	2	0	0	0	0	4	1	1	0	0	1	4	0	0	0	2	3	0	0	6	0	4	0	3	0	0	1	0	1	0	0	0	0	0	0	0	4	0	0	0
C3363	25	12	24	0	0	0	1	0	0	0	0	0	0	5	1	78	0	1	0	0	0	1	0	0	0	0	0	1	0	0	0	0	0	0	0	0	0	0	1	0	0	0	0	0	0	0	0	0	0	0	0	4	0	1	0	0	0	0	0	0	0	0	0	0	0	9	0	0	1	0	0	0	0	1	0	0	0	0
C3364	7	2	3	0	0	0	0	0	0	0	0	0	0	0	0	14	0	0	0	0	0	0	0	0	0	0	0	0	0	0	0	0	0	0	0	0	0	0	0	0	0	0	0	0	0	0	0	0	0	0	0	2	0	0	0	0	0	0	0	0	0	0	0	0	0	1	0	0	0	0	0	0	0	0	0	0	0	0
C3365	0	0	0	0	0	1	0	0	0	0	0	0	1	0	0	0	0	0	0	1	0	1	2	0	5	0	1	2	0	0	0	1	0	0	0	0	0	1	1	2	0	0	0	0	0	0	1	1	1	0	0	0	0	0	0	0	0	1	0	3	0	1	0	0	1	0	0	0	1	0	0	0	0	0	0	1	0	3
C3366	0	0	0	0	0	0	0	1	0	0	1	0	2	0	0	0	0	1	0	0	2	1	0	0	1	0	0	1	0	0	0	0	1	0	0	0	0	0	0	0	0	0	0	0	0	0	0	1	0	0	0	0	0	3	1	0	0	0	1	1	3	0	2	0	1	0	1	0	1	0	0	1	0	0	1	1	0	0
C3368	0	0	0	0	0	0	0	0	0	1	0	0	2	0	0	0	0	0	0	0	0	0	0	0	0	0	1	0	0	0	0	0	0	1	0	0	0	0	0	0	0	0	0	1	2	0	0	0	0	1	0	0	0	0	0	2	0	0	0	1	1	0	0	0	0	0	0	0	0	0	0	0	0	0	0	0	0	0
C3369	0	0	0	0	0	0	0	0	0	0	0	0	0	0	0	0	0	0	1	0	0	0	1	4	0	0	0	0	0	0	0	0	0	0	0	0	0	0	2	0	0	0	0	0	0	0	0	0	0	0	0	0	0	0	0	0	2	0	0	0	0	1	0	0	0	0	0	0	0	0	0	0	0	0	1	0	0	3
C3371	0	0	0	2	0	0	1	1	0	0	0	0	3	0	3	0	0	1	1	1	1	1	1	2	0	2	0	0	0	0	0	1	5	0	1	0	1	0	3	0	0	0	0	1	2	1	0	0	1	1	0	0	0	2	0	0	0	2	2	1	0	1	0	2	5	0	1	1	1	0	0	2	0	0	2	2	0	0
C3372	0	0	0	0	0	0	0	1	0	0	2	0	1	0	0	0	0	0	0	0	0	1	6	0	0	0	0	0	0	4	0	1	1	0	4	0	2	2	0	0	0	0	0	1	0	1	1	0	0	1	0	0	0	1	0	2	0	0	0	0	2	1	0	0	0	0	3	0	1	0	0	7	5	0	0	0	0	0
C3373	0	0	0	0	0	0	1	0	0	0	1	0	0	0	0	0	0	0	0	0	0	0	2	0	1	1	0	1	0	0	0	0	0	0	0	0	0	0	0	0	0	0	0	1	0	1	0	0	0	0	0	0	0	2	0	0	0	2	0	2	0	0	0	0	4	0	0	0	0	0	0	0	0	0	1	0	0	0
C3374	0	0	0	5	1	0	0	0	0	0	0	0	2	0	1	0	0	0	0	0	0	2	0	0	0	0	0	0	0	0	0	0	0	0	0	0	0	1	1	0	0	0	0	1	0	1	0	0	0	1	0	0	0	0	2	1	0	0	0	0	1	0	0	0	0	0	0	0	1	0	0	0	0	0	1	0	0	0
C3376	0	0	0	0	3	0	1	3	0	0	0	0	0	0	1	0	0	1	0	0	0	0	2	0	0	0	0	0	0	0	0	0	0	0	0	0	0	1	0	0	0	0	0	0	0	0	0	0	0	0	0	0	0	0	0	0	0	0	0	2	0	0	0	0	0	0	0	0	0	0	0	0	0	0	0	0	0	0
C3379	0	0	0	0	0	0	0	1	0	0	0	1	0	0	0	0	0	0	5	0	1	0	0	9	0	1	1	0	0	0	0	0	0	0	0	0	0	0	0	0	0	0	0	1	0	0	0	0	0	0	0	0	0	0	0	0	6	0	2	1	0	0	0	0	0	0	0	0	2	0	0	0	0	0	0	0	0	1
C3382	0	0	0	0	0	1	0	0	0	0	0	0	0	0	0	0	3	0	0	0	0	0	0	1	0	0	0	0	0	0	0	0	0	1	0	0	0	0	0	0	1	2	0	0	0	1	1	0	0	0	0	0	0	0	0	0	0	0	0	0	0	0	0	0	0	0	0	0	0	0	0	0	0	0	0	0	0	0
C3387	0	0	0	2	0	0	0	0	0	0	0	0	0	0	0	0	0	0	0	0	0	0	8	0	0	0	0	0	0	0	0	0	0	0	0	0	0	2	0	1	0	0	0	0	0	0	1	0	1	0	0	0	0	0	0	0	0	0	2	4	0	0	0	0	0	0	0	0	0	0	0	0	0	0	0	0	0	0
C3391	0	0	0	0	0	0	0	0	0	0	0	0	0	0	0	0	0	0	0	2	0	0	0	1	0	1	1	0	0	0	0	0	0	0	0	0	0	0	2	0	0	0	0	0	0	0	0	1	1	1	0	0	0	0	0	0	0	0	0	2	0	0	1	0	0	0	0	0	0	0	0	0	0	0	0	0	0	0
C3394	0	0	0	1	0	0	0	0	0	1	0	1	0	0	0	0	2	0	4	0	0	0	0	6	0	0	0	0	0	0	0	0	0	0	0	0	0	0	1	0	0	0	4	0	0	0	0	0	0	0	0	0	0	0	0	0	3	0	0	0	0	0	0	0	0	0	0	0	0	0	0	0	0	0	0	0	0	8
C3399	0	0	0	0	1	0	0	1	0	0	1	0	3	0	4	0	0	2	0	0	0	0	0	0	0	1	1	1	0	0	0	1	1	0	0	0	2	1	2	0	0	0	0	0	1	1	0	0	1	1	0	0	0	0	0	0	0	0	0	0	0	0	1	1	1	0	1	0	1	0	0	1	0	0	1	1	0	0
C3400	0	0	0	1	0	0	0	1	0	0	0	0	1	0	2	0	1	0	0	2	0	0	0	0	1	0	0	0	0	0	0	1	0	0	0	0	0	1	0	0	0	0	0	0	0	4	0	0	1	0	0	0	0	1	1	1	0	0	1	0	0	0	0	1	1	0	0	0	0	0	0	0	0	0	0	0	1	0
C3401	0	0	0	0	3	0	0	10	0	1	1	0	0	0	0	0	0	0	0	0	0	0	3	0	0	0	1	0	0	0	0	0	0	0	0	0	0	1	1	1	0	0	0	1	0	1	1	0	1	0	0	0	0	0	0	27	0	0	7	0	0	0	0	0	0	0	2	0	0	1	0	0	0	0	0	0	0	0
C3403	0	0	0	4	2	0	1	2	0	0	3	0	2	0	2	0	0	0	0	2	1	1	0	0	0	2	3	4	0	0	0	1	4	1	1	0	4	0	2	2	0	0	0	0	0	4	0	2	0	2	0	0	0	2	1	1	0	0	1	0	3	1	0	6	1	0	2	0	0	3	0	0	0	0	1	2	0	0
C3404	0	0	0	1	0	0	2	0	0	0	0	4	0	0	0	0	0	1	8	0	0	0	0	18	1	1	0	1	0	0	0	0	1	0	0	0	0	1	0	0	0	0	4	0	0	0	0	0	1	1	0	0	3	0	0	0	9	0	0	0	0	0	0	0	2	0	0	0	0	0	0	0	0	0	0	0	0	4
C3406	0	0	0	0	0	0	0	0	0	0	0	1	2	0	0	0	0	1	5	0	0	0	0	0	0	0	0	0	0	0	0	1	1	0	0	0	0	0	0	0	0	1	0	0	0	0	0	1	0	0	3	0	0	0	0	0	0	2	0	0	0	0	0	0	0	0	1	0	0	0	0	0	0	0	1	0	1	0
C3407	0	0	0	0	0	0	0	0	0	0	0	0	0	0	0	0	0	0	0	0	0	0	0	0	1	0	0	0	0	0	0	0	1	0	0	0	0	0	0	0	0	0	0	0	0	0	3	0	0	0	0	0	0	0	0	0	0	0	1	0	6	0	0	0	5	0	0	2	0	0	0	0	0	0	0	0	0	0
C3408	0	0	0	0	0	0	0	0	0	0	0	0	0	0	0	0	2	0	1	0	0	0	0	5	0	0	0	0	0	0	0	0	0	0	0	0	0	0	0	0	0	0	0	0	0	0	0	0	0	0	0	0	0	0	0	0	4	0	0	0	0	0	0	0	0	0	0	0	0	0	0	0	0	0	0	0	0	0
C3410	0	0	0	0	1	0	2	0	0	1	0	0	1	0	1	0	0	1	0	0	0	0	0	0	1	0	0	0	0	0	0	0	1	0	0	0	1	2	0	0	0	0	0	0	0	7	0	1	1	0	0	0	0	0	1	0	0	0	0	1	1	0	0	0	0	0	2	0	0	2	0	0	0	0	1	0	0	0
C3412	0	1	0	1	0	0	0	0	0	1	0	0	0	0	1	0	0	0	0	1	0	1	1	0	1	0	0	0	0	0	0	0	0	1	0	0	0	0	0	0	0	0	0	1	0	0	0	0	0	1	0	0	0	1	0	0	0	0	0	0	0	0	0	0	0	0	0	0	2	0	0	0	0	0	0	0	0	0
C3416	0	0	0	0	0	0	0	1	0	0	0	1	2	0	1	0	1	0	1	0	0	1	0	0	1	0	0	0	0	0	0	0	1	1	2	0	0	1	0	0	0	0	1	0	0	0	0	0	1	0	0	0	0	1	0	1	0	0	0	0	1	1	1	3	0	0	0	0	0	0	0	0	0	0	2	1	0	1
C3417	0	0	0	0	3	0	0	0	0	1	0	0	2	0	0	0	0	0	0	0	0	0	1	0	0	0	0	0	0	0	0	0	0	0	0	0	1	2	0	0	0	0	0	0	0	0	0	0	1	0	0	0	0	0	0	0	0	0	0	0	1	0	0	0	0	0	0	1	1	0	0	2	0	0	0	0	0	0
C3419	0	0	0	2	3	0	0	0	0	0	0	0	1	0	0	0	0	0	0	1	0	0	0	0	1	0	0	0	0	0	0	0	0	0	0	0	0	1	0	0	0	0	0	0	0	2	1	0	2	0	0	0	0	0	0	0	0	0	0	0	0	0	1	0	0	0	1	0	0	0	0	0	0	0	0	0	0	0
C3421	0	0	0	0	0	0	0	0	0	0	0	0	1	0	1	0	0	0	0	0	2	0	0	0	1	1	0	0	0	0	0	0	0	0	0	0	1	0	0	0	0	0	0	0	1	0	0	0	1	0	0	0	0	0	0	0	0	0	0	0	0	0	0	0	0	0	0	1	0	0	0	0	0	0	0	1	0	0
C3422	0	0	0	3	0	0	0	0	0	0	1	0	1	0	0	0	0	0	0	0	1	3	0	0	2	2	2	0	0	0	0	1	1	1	2	0	2	0	0	0	0	0	0	0	0	0	0	1	0	1	0	0	0	0	0	1	0	1	1	0	1	0	0	0	0	0	0	0	1	0	0	1	0	0	0	0	0	0
C3423	0	0	0	0	0	0	0	0	0	0	0	0	0	0	0	0	0	0	0	0	0	0	0	0	2	0	0	0	0	0	0	0	0	0	0	0	0	0	0	0	0	0	0	0	0	0	0	0	0	0	0	0	0	0	0	0	0	0	0	0	0	0	0	0	4	0	0	0	0	0	0	0	0	0	33	0	0	0
C3425	0	1	0	1	0	0	1	0	0	0	0	0	2	0	1	0	0	1	0	0	0	0	0	0	0	1	1	2	0	0	0	0	1	0	0	0	0	0	0	0	0	0	0	1	0	0	0	0	1	1	0	0	0	0	0	0	0	1	0	3	0	0	1	0	0	0	0	5	1	0	0	0	0	0	0	0	0	0
C3427	0	0	0	3	14	0	5	0	0	1	1	0	1	0	4	0	0	5	1	14	13	0	5	2	9	3	2	0	0	2	1	2	0	1	0	0	3	8	1	1	0	6	0	0	3	0	0	0	90	3	0	0	0	3	1	0	0	1	0	0	0	0	0	0	0	0	1	0	1	0	3	0	0	0	2	0	3	0
C3428	0	0	0	2	1	0	0	1	0	1	0	0	1	0	0	0	0	0	0	0	4	0	0	0	2	0	1	0	0	0	0	1	1	0	0	0	0	0	0	1	0	0	0	1	0	2	0	0	0	0	0	0	0	0	0	2	0	0	0	1	2	0	1	0	1	0	0	0	1	0	0	1	0	0	1	1	0	0
C3430	0	0	0	2	1	0	2	0	0	1	0	0	0	0	1	0	0	0	3	0	1	1	1	1	0	1	0	2	0	0	0	0	0	0	1	0	0	0	3	0	0	0	0	0	0	1	0	1	0	2	0	0	0	0	0	2	2	1	1	2	1	0	0	0	0	0	0	0	0	0	0	0	0	0	0	0	0	0
C3431	0	0	0	18	10	0	12	0	0	0	3	0	1	0	5	0	0	36	0	9	10	0	6	1	3	6	1	0	0	0	0	0	16	6	0	0	6	10	4	1	0	6	0	3	3	6	0	3	44	3	1	0	0	1	1	0	0	0	3	20	3	1	0	0	0	0	6	0	0	0	1	0	0	0	2	2	0	0
C3432	0	0	0	0	0	0	0	0	0	0	0	1	0	0	0	0	1	0	3	0	0	0	0	7	0	0	0	0	0	0	0	0	0	0	0	0	0	0	0	0	0	0	0	0	0	0	0	0	0	0	0	0	0	0	0	0	4	0	0	0	0	0	0	0	0	0	0	0	0	0	0	0	0	0	0	0	0	0
C3434	0	0	0	0	0	0	0	0	0	0	0	0	0	0	1	0	0	0	0	0	0	0	2	0	0	0	0	0	0	0	0	0	0	1	0	0	1	0	0	0	0	0	0	1	0	0	1	0	1	0	0	0	2	1	2	0	0	0	0	1	0	0	0	1	1	0	0	0	0	0	0	1	2	0	1	0	0	0
C3438	0	0	0	2	1	0	0	1	0	1	0	0	0	0	2	0	0	0	0	0	1	1	0	0	0	0	0	3	0	0	0	0	0	0	0	0	0	0	0	0	0	0	0	1	0	0	0	0	0	0	2	0	0	2	0	0	0	0	0	1	1	0	0	3	0	0	0	0	0	2	0	0	0	0	0	1	0	0
C3439	0	0	0	1	1	0	0	1	0	3	0	0	1	0	1	0	0	0	2	0	0	0	0	0	1	1	0	0	0	0	0	0	1	1	0	0	2	0	1	0	0	0	1	0	0	1	0	0	0	0	0	0	1	1	0	0	3	2	1	0	0	0	0	0	0	0	0	0	0	0	0	2	0	0	0	0	0	0
C3441	0	0	0	0	0	0	1	0	0	0	0	3	0	0	0	0	6	0	15	0	0	0	0	27	0	1	0	0	0	0	0	0	0	0	0	0	0	1	0	0	0	0	3	0	1	0	0	0	0	0	0	0	0	0	0	0	17	0	0	1	0	0	0	0	0	0	0	0	1	0	0	0	0	0	1	0	0	11
C3444	0	0	0	1	0	0	0	0	0	0	0	0	0	0	0	0	0	0	0	0	0	1	0	1	0	0	0	0	0	0	0	0	1	0	0	0	3	0	1	0	0	0	0	0	0	0	0	0	1	0	0	0	0	0	0	0	0	1	0	0	0	0	0	0	1	0	0	0	1	0	0	0	0	0	0	0	0	0
C3445	0	0	0	0	0	0	1	0	0	0	0	0	0	0	0	0	0	0	0	0	0	1	1	2	0	0	0	0	0	0	0	1	0	1	0	0	2	0	1	0	0	0	0	0	1	1	0	0	1	1	0	0	0	0	0	1	0	0	0	0	0	0	1	0	0	0	0	0	0	0	0	0	0	0	0	2	0	0
C3447	0	0	0	0	2	0	1	0	0	0	1	0	0	0	5	0	0	0	0	0	1	0	0	0	0	1	0	2	0	0	0	2	0	0	0	0	2	2	1	1	0	0	0	0	0	0	1	4	0	2	0	0	0	5	2	2	0	0	3	0	0	1	3	5	0	0	0	0	2	3	0	0	0	0	1	5	0	0
C3451	0	0	0	0	0	0	0	0	0	1	2	0	4	0	10	0	0	1	0	1	1	0	0	0	1	1	0	1	0	0	0	0	1	0	0	0	0	0	0	3	0	0	0	4	1	0	1	1	1	1	0	0	0	2	1	0	0	3	0	0	2	2	7	1	6	0	3	0	2	0	0	0	0	0	1	0	0	0
C3452	0	0	0	0	0	0	0	0	0	0	0	0	2	0	0	0	0	0	2	0	0	0	0	0	0	0	0	0	0	0	0	1	0	2	0	0	0	1	1	0	0	0	0	1	0	0	0	0	0	0	0	0	0	0	0	1	0	0	0	0	0	0	0	1	0	0	0	0	0	0	0	0	0	0	0	0	0	1
C3453	0	0	0	0	1	0	0	1	0	0	0	0	1	0	0	0	0	1	0	0	1	0	0	3	0	0	1	0	0	0	0	1	0	0	0	0	1	0	2	1	0	0	0	1	0	2	1	0	0	1	0	0	0	0	2	0	1	0	0	0	2	0	0	0	0	0	0	0	2	0	0	0	0	0	1	0	0	0
C3454	0	0	0	0	4	0	0	0	0	0	2	0	2	0	0	0	0	0	0	1	5	3	1	0	0	0	1	4	0	0	0	1	0	2	0	0	6	0	0	2	0	0	0	1	0	1	1	0	0	0	0	0	0	4	1	1	0	1	5	0	0	0	0	1	0	0	4	0	0	9	0	0	0	0	1	4	0	0
C3455	0	0	0	1	16	0	0	0	0	0	0	0	3	0	0	0	0	0	0	0	1	1	0	0	0	2	0	0	0	1	0	0	2	1	0	0	6	0	6	1	0	0	0	1	0	0	1	0	3	0	0	0	0	1	0	2	0	2	0	1	0	0	2	0	1	0	0	0	0	1	0	1	0	0	0	1	0	0
C3457	0	0	0	0	1	0	0	0	0	0	0	0	0	0	0	0	0	0	0	1	0	0	1	2	0	0	0	0	0	0	0	0	0	0	0	0	2	0	0	0	0	0	0	0	0	1	0	0	1	0	0	0	0	0	0	0	0	1	0	2	0	0	0	0	0	0	0	0	0	0	0	0	0	0	3	0	0	0
C3459	0	0	0	3	0	0	0	2	0	0	0	0	1	0	0	0	0	0	0	2	0	0	3	0	0	1	1	0	1	0	0	1	0	0	2	0	0	0	0	1	0	0	0	0	0	0	0	0	1	0	0	0	0	1	0	0	0	0	0	11	1	0	1	0	0	0	0	0	1	0	0	1	0	0	0	1	0	0
C3462	0	0	0	0	0	0	0	0	0	0	2	0	1	0	0	0	0	0	0	0	0	0	1	0	0	0	0	0	0	0	0	0	1	0	0	0	0	1	0	0	0	0	0	0	1	0	0	1	0	0	0	0	0	0	1	2	0	0	0	0	0	0	1	0	0	0	0	0	0	0	0	0	0	0	0	0	0	0
C3463	0	0	0	0	5	0	2	3	0	0	2	0	0	0	2	0	0	0	0	2	3	1	0	0	0	0	0	0	0	0	1	1	1	0	0	0	2	3	0	2	0	0	0	4	0	1	1	0	11	2	0	0	0	0	0	1	0	0	2	2	4	0	2	1	0	0	0	0	0	1	0	0	1	0	0	4	0	0
C3466	0	0	0	0	0	0	0	0	0	0	0	1	0	0	0	0	3	0	0	0	0	0	0	0	0	0	0	0	0	0	0	0	0	0	0	0	0	0	0	0	0	2	0	0	0	0	0	0	0	0	3	0	0	0	0	0	0	0	0	0	0	0	0	0	0	0	0	0	0	0	0	0	0	0	0	0	1	1
C3467	0	0	0	8	0	0	1	0	0	3	2	0	21	0	8	0	0	0	2	2	1	0	2	1	1	1	1	7	0	0	0	3	0	7	0	0	12	1	1	9	0	1	0	6	6	6	4	4	1	0	1	0	0	8	2	1	0	7	1	2	4	2	21	21	3	0	4	0	6	19	0	0	0	0	5	3	0	0
C3469	0	0	0	0	0	0	0	0	0	0	0	2	0	0	0	0	1	0	2	0	0	0	0	3	0	0	0	0	0	0	0	0	0	0	0	0	0	0	0	0	0	0	2	0	0	0	0	0	0	0	0	0	0	0	0	0	2	0	0	0	0	0	0	0	0	0	0	0	0	0	0	0	0	0	0	0	0	3
C3472	0	0	0	0	0	0	0	2	0	0	0	0	1	0	0	0	0	2	1	0	0	0	0	0	1	0	1	2	0	0	0	0	1	1	0	0	1	2	0	0	0	0	0	1	0	0	0	0	0	3	0	0	0	2	0	0	0	1	2	3	0	1	0	1	2	0	0	0	1	0	0	2	0	0	2	4	0	0
C3475	0	0	0	0	0	0	2	0	0	2	0	0	1	0	0	0	0	0	0	0	0	0	0	0	0	0	5	0	0	0	0	0	0	0	3	0	0	1	0	1	0	2	0	1	0	0	5	0	18	1	1	7	9	0	0	0	0	0	0	0	10	0	0	0	31	0	0	0	0	0	10	0	0	2	0	0	0	0
C3477	0	0	0	0	0	0	1	1	0	0	1	0	2	0	0	0	0	1	0	0	0	1	0	0	0	0	0	1	0	0	0	0	1	1	2	0	3	1	1	0	0	0	0	1	1	0	2	0	0	0	0	0	0	1	4	1	0	0	0	3	1	0	0	1	0	0	0	0	0	0	0	0	0	0	0	0	0	0
C3478	0	0	0	0	1	0	0	0	0	1	0	0	0	0	1	0	0	1	0	0	5	0	0	0	0	0	0	0	0	0	0	1	1	2	0	0	0	1	0	0	0	0	0	0	0	0	0	0	7	1	0	0	0	1	0	0	0	0	0	0	0	0	2	0	0	0	1	0	0	0	0	0	0	0	1	0	0	0
C3482	0	0	0	0	0	0	0	0	0	0	0	0	0	0	0	0	1	0	0	0	0	0	0	4	0	0	0	0	0	0	0	0	0	0	0	0	0	0	0	0	0	0	0	0	0	0	0	0	0	0	0	0	0	0	0	0	2	0	0	0	0	0	0	0	0	0	0	0	0	0	0	0	0	0	0	0	0	4
C3483	0	0	0	0	2	0	0	0	0	0	0	0	0	0	1	0	0	0	0	0	0	0	0	1	0	0	0	1	0	0	0	0	0	0	0	0	5	0	0	0	0	0	0	0	0	0	0	0	0	0	0	0	0	1	0	0	0	1	0	0	1	1	0	0	0	0	0	0	0	0	0	0	0	0	0	0	0	0
C3485	0	0	0	0	1	0	3	0	0	0	1	0	2	0	0	0	0	1	0	0	1	2	0	0	0	1	2	2	0	0	0	0	0	0	0	0	4	0	2	1	0	0	0	0	0	0	0	0	0	1	0	0	0	1	1	0	1	1	0	1	0	1	0	0	1	0	0	1	1	0	0	1	0	0	1	0	0	0
C3486	0	0	0	0	0	0	0	0	0	0	0	0	0	0	0	0	0	0	0	0	1	2	1	0	0	0	0	0	0	0	0	1	0	0	0	0	1	1	0	0	0	0	0	3	0	0	0	0	1	1	0	0	0	0	0	0	0	0	0	0	0	0	0	0	0	0	0	0	0	0	0	0	0	0	0	0	0	0
C3487	0	0	0	0	0	0	0	0	0	0	0	0	0	0	0	0	0	0	0	0	0	0	2	0	0	0	0	0	0	0	0	3	0	0	6	0	0	0	0	0	0	0	0	0	1	0	1	2	0	0	0	0	0	0	0	5	0	1	0	0	0	0	0	0	0	0	1	0	0	0	0	0	0	0	2	0	0	0
C3490	0	0	0	0	0	0	0	1	0	0	0	1	0	0	0	0	3	0	5	0	1	0	0	6	0	0	0	0	0	0	0	0	1	0	0	0	1	0	0	0	0	0	4	0	0	0	1	0	0	0	0	0	0	0	0	0	10	0	0	0	0	0	0	0	0	0	0	0	0	0	0	0	0	0	0	0	0	2
C3492	0	0	0	2	9	0	1	2	0	0	0	0	3	0	4	0	0	0	0	1	0	1	0	0	2	0	0	0	0	0	0	0	1	1	0	0	2	1	0	0	0	0	0	1	1	0	0	0	1	1	1	0	0	4	0	3	0	1	3	0	3	0	2	17	0	0	1	1	0	3	0	1	0	0	0	5	2	0
C3493	0	0	0	1	3	0	3	2	0	1	0	0	2	0	1	0	0	3	0	1	2	0	0	0	0	1	0	0	0	0	0	0	0	1	0	0	4	1	2	2	0	0	0	0	0	2	0	1	2	3	0	0	0	1	0	3	0	0	2	0	1	0	3	1	0	0	5	0	0	0	0	0	0	0	0	0	0	0
C3495	0	0	0	0	5	0	1	0	0	0	2	0	7	0	4	0	0	1	0	0	3	1	2	1	1	2	0	2	0	0	0	1	3	1	0	0	3	1	3	1	0	0	0	5	0	1	1	0	0	1	0	0	0	2	1	0	0	3	1	4	0	0	2	0	0	0	0	0	2	0	0	2	0	0	2	0	0	0
C3497	0	0	0	0	0	0	0	0	0	0	0	0	2	0	0	0	0	0	0	0	0	2	1	0	1	0	0	1	0	0	0	1	0	0	0	0	0	1	0	0	0	0	0	0	0	1	1	0	0	0	0	0	0	0	0	2	0	0	0	1	1	0	0	0	0	0	1	2	0	0	0	2	0	0	1	0	0	0
C3498	0	0	0	0	0	0	0	0	0	0	1	0	1	0	2	0	0	1	0	0	0	0	0	0	0	0	0	0	0	0	0	0	0	1	0	0	1	0	1	0	0	0	0	0	1	1	0	0	0	1	0	0	0	0	0	0	0	0	0	0	1	0	0	0	0	0	0	0	0	0	0	1	0	0	0	0	0	0
C3504	0	0	0	0	0	0	0	0	0	0	0	5	0	0	0	0	8	0	38	0	0	0	0	48	0	0	0	0	0	0	0	0	0	0	0	0	0	0	0	0	0	1	9	0	0	0	0	0	0	0	0	0	0	0	0	0	43	0	0	0	0	0	0	0	0	0	0	0	0	0	0	0	0	0	0	0	0	23
C3505	0	0	0	0	0	0	0	0	0	0	0	1	0	0	0	0	3	0	5	0	0	0	0	4	0	0	0	0	0	0	0	0	1	0	0	0	0	0	0	0	0	0	2	0	0	0	0	0	0	0	0	0	0	0	0	0	3	0	0	0	0	0	0	0	0	0	0	0	0	0	0	0	0	0	0	0	0	3
C3507	0	0	0	0	0	0	0	0	0	0	0	0	0	0	0	0	0	0	0	0	0	0	0	0	0	0	6	0	0	0	0	0	0	0	0	0	0	0	0	0	0	0	0	0	0	0	0	0	5	0	0	0	0	0	0	0	0	0	0	0	4	0	0	0	5	0	0	0	0	0	0	0	0	0	0	0	0	0
C3509	0	0	0	2	7	0	6	3	0	2	2	14	3	0	2	0	31	4	97	0	2	5	1	126	2	4	3	1	0	0	1	1	2	3	2	0	5	0	7	0	0	2	36	1	2	2	2	0	2	4	0	0	1	5	0	1	62	5	2	5	8	1	1	3	4	0	5	6	5	0	0	6	1	0	3	3	0	62
C3514	0	0	0	0	0	0	0	0	0	1	0	0	0	0	0	0	0	0	0	2	0	0	0	0	0	3	0	1	0	0	0	0	0	0	0	0	0	0	0	0	0	0	0	0	1	0	0	0	0	0	2	0	0	0	0	0	0	3	0	0	0	3	0	1	0	0	0	0	2	0	0	0	0	0	0	0	0	2
C3520	0	0	0	7	6	0	13	4	0	1	5	1	14	0	9	0	3	8	4	2	9	10	4	9	2	9	7	6	0	0	0	5	3	6	3	0	15	4	16	0	0	0	3	10	6	5	1	2	1	6	0	0	1	14	7	3	13	17	5	10	5	5	1	8	1	0	3	4	6	0	0	14	0	0	10	2	0	6
C3521	0	0	0	0	1	0	0	0	0	1	0	0	0	0	0	0	0	0	0	3	1	0	0	0	1	0	4	0	0	0	0	0	0	0	0	0	0	0	0	0	0	1	0	0	0	0	2	0	2	0	0	0	0	0	0	0	0	0	1	0	7	0	0	0	4	0	0	0	0	1	0	0	0	0	0	0	0	0
C3523	1	0	0	0	0	0	0	0	0	2	0	0	0	0	0	0	0	0	0	0	0	0	0	0	0	0	6	0	0	0	0	0	5	0	0	0	0	0	0	8	0	0	0	0	0	0	0	0	0	11	0	0	0	0	0	0	0	0	0	0	8	0	0	0	2	0	0	62	112	0	0	0	0	0	0	4	0	0
C3525	0	0	0	1	0	0	0	0	0	0	0	0	0	0	0	0	0	0	0	0	1	0	0	0	59	0	0	0	0	0	0	0	0	0	0	0	1	0	0	0	0	0	0	0	0	0	0	0	2	0	0	0	0	0	0	0	0	0	3	0	1	29	0	0	67	0	0	2	0	0	0	0	0	0	0	0	0	0
C3526	0	0	0	0	1	0	3	0	0	0	2	0	2	0	0	0	0	0	1	0	2	2	1	0	0	3	1	0	0	0	0	0	1	0	0	0	2	0	3	1	0	0	0	0	0	1	0	0	0	1	0	0	0	0	2	0	0	2	0	1	0	1	1	0	2	0	2	0	2	0	0	0	0	0	0	0	0	0
C3528	0	0	0	1	24	0	0	0	0	0	4	0	4	0	6	0	0	11	0	16	21	1	1	0	4	7	3	0	0	2	4	2	2	3	0	0	5	9	0	5	0	2	0	4	3	11	2	0	103	5	2	0	0	8	1	0	1	3	0	2	1	7	2	1	1	0	7	0	1	0	0	2	0	0	2	0	0	0
C3529	0	0	0	25	2	0	0	4	0	0	3	0	1	0	1	0	0	6	0	0	0	3	13	0	1	43	35	1	0	0	0	4	3	0	22	0	1	29	0	4	0	0	0	2	3	0	4	2	9	1	0	0	0	3	1	0	1	0	6	0	11	0	0	0	1	0	0	0	5	32	0	9	0	0	2	1	0	0
C3530	0	0	0	0	0	0	0	0	0	0	0	1	0	0	0	0	0	0	3	0	0	0	0	5	0	0	0	0	0	0	0	0	0	0	0	0	0	0	0	0	0	0	1	0	0	0	0	0	0	0	0	0	0	0	0	0	3	0	0	0	0	0	0	0	0	0	0	0	0	0	0	0	0	0	0	0	0	2
C3531	0	0	0	0	0	0	0	0	0	0	0	3	0	0	0	0	1	0	21	0	0	0	1	38	0	0	0	0	0	0	0	0	0	0	0	0	0	0	0	0	0	0	5	0	0	0	0	0	0	0	0	0	0	0	0	0	1	0	0	0	0	0	0	0	0	0	0	0	0	0	0	0	0	0	0	0	0	6
C3536	0	0	0	0	0	0	0	0	0	0	0	0	0	0	0	0	0	0	1	0	0	0	0	0	0	0	0	0	0	0	0	0	0	0	0	0	0	0	0	0	0	5	0	0	0	0	0	0	0	0	25	0	0	0	0	0	0	0	0	0	0	0	0	0	0	0	0	0	0	0	1	0	0	0	0	0	20	1
C3538	0	0	0	0	0	0	0	1	0	0	1	0	3	0	1	0	0	1	0	3	0	6	0	0	0	0	0	4	0	0	0	0	2	0	0	0	1	0	0	4	0	0	0	1	0	2	0	0	0	0	0	0	0	1	1	0	0	1	0	0	2	0	1	1	0	0	1	0	0	5	0	0	0	0	0	1	0	0
C3539	0	0	0	1	1	0	17	0	0	3	6	0	2	0	1	0	0	9	0	0	3	0	5	0	0	4	1	1	0	0	2	0	2	5	0	0	6	2	0	1	0	0	0	26	0	11	3	0	1	10	0	0	1	5	0	0	0	4	0	8	1	1	2	0	2	0	18	0	0	0	0	0	0	0	14	0	0	0
C3540	0	0	0	1	0	0	0	0	0	0	1	0	0	0	0	0	0	0	0	0	1	0	0	0	1	0	0	0	0	0	0	0	1	0	0	0	0	0	0	0	0	0	0	0	0	0	0	0	0	1	0	0	1	0	1	0	0	1	0	0	0	0	0	1	0	0	0	0	0	0	0	1	0	0	0	1	0	0
C3541	0	0	0	0	0	0	0	0	0	0	0	0	0	0	0	0	0	0	0	0	0	0	0	0	0	0	20	0	0	0	0	0	0	0	0	0	0	0	0	0	0	0	0	0	0	0	0	0	0	0	0	0	0	0	0	0	0	0	0	0	0	0	0	0	0	0	0	0	0	0	0	0	0	0	0	0	0	0
C3542	0	0	0	0	0	0	0	0	0	0	0	0	0	0	0	0	2	0	1	0	0	0	0	7	0	0	0	0	0	0	0	0	0	0	0	0	0	0	0	0	0	0	0	0	0	0	0	0	0	0	0	0	0	0	0	0	3	0	0	0	0	0	0	0	0	0	0	0	0	0	0	0	0	0	0	0	0	4
C3544	0	0	0	0	0	0	0	0	0	0	0	0	0	0	0	0	0	0	0	0	0	0	0	0	0	0	1	2	0	0	0	0	0	0	1	0	1	0	0	0	0	0	0	2	2	0	0	0	1	0	0	0	1	1	1	2	0	0	0	0	1	0	1	0	0	0	0	0	2	0	0	4	0	0	1	0	0	0
C3545	0	0	0	0	0	0	0	0	0	0	0	0	0	0	0	0	0	0	0	0	0	0	0	0	0	0	9	0	0	0	0	0	0	0	0	0	0	0	0	0	0	0	0	0	0	0	0	0	2	0	0	0	0	0	0	0	0	0	0	0	0	0	0	0	4	0	0	0	0	0	0	0	0	0	0	0	0	0
C3548	0	0	0	0	0	0	0	0	0	0	0	0	0	0	0	0	0	0	0	0	0	0	0	0	0	3	3	0	0	0	0	0	0	0	1	0	0	0	0	0	0	0	0	0	0	0	0	0	0	0	0	0	0	1	0	0	0	0	1	0	2	0	0	0	0	0	0	0	0	3	0	0	0	0	0	0	0	0
C3549	0	0	0	0	1	0	1	0	0	1	1	0	5	0	5	0	0	1	2	2	2	2	0	4	0	2	1	6	0	0	0	2	4	1	0	0	7	0	3	5	0	1	0	0	0	2	0	0	0	1	11	0	0	0	2	0	0	1	0	1	0	2	1	3	0	0	2	0	1	10	0	0	0	0	1	1	7	0
C3550	0	0	0	0	0	0	0	0	0	0	1	0	1	0	0	0	0	0	0	0	1	0	0	0	0	0	2	2	0	0	0	0	0	0	0	0	0	1	0	0	0	0	1	0	0	0	0	0	0	0	0	0	0	0	1	0	0	1	1	0	1	0	0	0	0	0	0	0	0	1	0	1	0	0	0	2	0	0
C3551	0	0	0	0	0	0	0	0	0	0	0	0	0	0	0	0	0	0	0	0	0	0	0	0	0	0	0	0	0	0	0	0	0	0	0	0	0	0	0	0	0	0	0	0	0	0	0	0	0	0	0	0	1	0	0	0	0	0	0	0	0	0	0	0	16	0	0	0	0	0	0	0	0	0	0	0	0	0
C3552	0	0	0	0	0	0	0	0	0	0	1	0	1	0	1	0	0	2	0	0	0	1	0	0	0	5	0	0	0	0	0	0	1	0	0	0	2	0	2	0	0	0	0	0	0	0	0	0	1	0	0	0	0	1	1	0	0	1	0	1	0	0	0	0	1	0	1	0	1	0	0	0	0	0	1	0	0	0
C3553	0	0	0	0	0	0	2	0	0	0	2	0	3	0	0	0	0	2	0	0	1	2	1	0	0	4	0	0	0	0	0	1	2	0	0	0	3	0	2	0	0	0	0	3	0	1	1	0	0	4	0	0	0	1	0	0	0	1	0	1	1	1	0	0	1	0	2	0	0	0	0	0	0	0	2	0	0	0
C3554	0	0	0	0	0	0	4	0	0	0	2	0	2	0	5	0	0	1	0	0	5	6	3	0	0	6	1	4	0	0	0	0	2	2	0	0	4	0	4	1	0	0	0	5	0	0	0	0	0	3	0	0	0	1	1	0	0	1	1	0	1	1	0	0	2	0	0	0	0	0	0	0	0	0	1	0	0	0
C3555	0	0	0	0	2	2	6	0	0	5	2	0	2	0	0	0	2	7	0	3	7	6	2	2	3	6	2	4	0	0	0	0	1	4	0	4	2	0	2	3	0	0	1	6	0	0	3	0	7	8	0	0	0	0	5	0	1	0	3	2	14	0	0	2	3	0	2	0	4	45	0	3	14	0	0	7	0	0
C3556	0	0	0	0	0	0	0	0	0	0	0	0	0	0	0	0	0	0	0	0	0	0	0	0	0	2	0	0	0	0	0	0	0	0	0	0	0	0	0	0	0	0	0	0	0	0	0	0	0	0	0	0	0	0	0	0	0	0	0	0	0	0	0	0	14	0	0	0	0	0	0	0	0	0	0	0	0	0
C3558	0	0	0	1	0	0	1	0	0	0	1	0	0	0	0	0	0	2	0	1	0	0	0	0	1	0	0	0	0	0	0	0	1	1	1	0	1	0	0	0	0	0	0	0	0	0	0	0	0	0	0	0	0	0	0	1	0	0	0	0	0	0	0	1	1	0	0	0	1	0	0	0	0	0	0	0	0	0
C3559	0	0	0	0	1	0	1	0	0	0	0	3	0	0	0	0	3	0	6	0	0	0	0	6	0	1	0	0	0	0	0	0	1	0	0	0	0	0	0	0	0	0	6	0	0	0	0	0	0	0	0	0	0	0	0	0	6	0	0	0	0	0	0	0	0	0	0	0	0	0	0	0	0	0	0	0	0	5
C3564	5	5	9	0	0	0	0	0	0	0	0	0	0	5	0	14	0	0	0	0	0	0	0	0	0	0	0	0	0	0	0	0	0	0	0	0	0	0	1	0	0	0	0	0	0	0	0	0	0	0	0	1	0	0	0	0	0	0	0	0	0	0	0	0	0	1	0	0	0	0	0	0	0	0	0	0	0	0
C3565	0	0	0	0	0	0	7	1	0	0	0	0	2	0	0	0	0	1	0	1	0	0	0	3	0	0	0	0	0	0	0	0	0	0	0	0	3	1	0	0	0	0	0	2	0	0	1	0	1	0	0	0	1	1	1	0	0	0	0	5	0	1	0	0	2	0	3	0	1	0	0	0	0	0	2	0	0	2
C3569	0	0	0	0	0	0	2	0	0	0	1	0	1	0	0	0	0	0	0	0	2	4	0	0	0	2	0	0	0	0	0	0	0	0	1	0	3	0	1	0	0	0	0	0	0	0	0	0	0	0	0	0	0	0	0	0	0	1	1	0	0	0	0	0	3	0	0	0	2	0	0	0	0	0	1	0	0	0
C3570	0	0	0	4	0	0	0	0	0	0	1	0	0	0	0	0	0	0	0	2	0	0	1	0	7	0	2	1	0	0	0	0	0	1	1	0	1	1	1	1	0	0	0	0	0	0	0	2	3	0	0	0	0	0	0	0	0	5	0	2	1	0	1	0	0	0	0	0	1	0	0	0	0	0	1	0	0	0
C3571	0	0	0	0	0	0	0	0	0	0	0	0	0	0	0	0	0	0	0	0	0	0	0	0	0	5	0	0	0	0	0	0	0	0	4	0	0	0	0	0	0	0	0	0	0	0	23	0	0	0	0	0	0	0	0	0	0	0	0	0	32	0	0	0	0	0	0	0	4	0	0	0	0	0	4	0	0	0
C3572	0	0	0	0	0	0	0	1	0	0	0	0	1	0	0	0	0	0	0	1	0	0	0	0	0	0	0	1	0	0	0	0	0	0	0	0	1	0	1	1	0	0	0	0	0	1	0	1	0	0	1	0	0	0	0	2	0	1	0	1	0	0	0	1	0	0	0	0	1	3	0	1	0	0	0	1	0	0
C3575	0	0	0	0	0	0	0	0	0	0	0	1	0	0	0	0	0	0	7	0	0	1	0	2	0	0	0	0	0	0	0	0	0	0	0	0	0	0	0	0	0	0	0	0	0	0	0	0	0	0	0	0	0	0	0	0	0	0	0	1	0	0	0	0	0	0	0	0	0	0	0	0	0	0	0	0	0	2
C3578	0	1	0	0	0	0	0	0	0	0	0	0	0	0	0	0	0	0	0	0	0	2	0	0	0	4	0	0	0	0	0	1	0	0	0	0	0	2	3	0	0	0	0	4	0	1	1	0	0	0	0	0	0	1	0	0	0	1	1	0	0	0	0	0	0	0	2	0	0	0	0	0	0	0	0	0	0	0
C3579	0	0	0	0	0	0	1	1	0	1	1	0	0	0	0	0	0	0	0	1	0	0	2	0	0	0	0	0	0	0	0	0	0	0	0	0	0	1	0	0	0	0	0	1	0	0	0	0	0	0	0	0	0	0	0	0	0	0	3	0	0	0	1	0	0	0	0	1	0	0	0	0	10	0	0	0	0	2
C3580	0	0	0	11	0	0	0	0	0	0	0	0	0	0	0	0	0	0	0	1	0	8	0	0	0	1	0	0	0	0	0	0	0	1	0	0	0	0	1	0	0	0	0	0	0	0	0	2	0	0	0	0	0	0	0	0	0	0	0	0	0	0	0	0	0	0	0	0	0	0	0	0	0	0	0	0	0	0
C3582	0	0	0	0	0	0	0	0	0	0	0	2	0	0	0	0	3	1	6	0	0	0	0	5	1	0	0	0	0	0	0	0	0	1	0	0	0	0	0	0	0	0	1	0	0	0	0	1	0	1	0	0	0	0	0	1	8	1	0	0	0	0	0	0	0	0	0	0	0	0	0	0	0	0	0	0	0	2
C3583	0	0	0	0	0	0	2	0	0	0	0	0	0	0	1	0	0	0	0	0	0	1	0	0	0	0	2	0	0	0	0	2	1	0	0	0	2	0	0	0	0	0	0	0	0	0	1	0	0	0	0	0	0	1	0	0	0	0	0	0	2	0	0	0	0	0	0	0	0	0	0	0	0	0	0	0	0	0
C3584	0	0	0	10	2	0	10	1	0	10	19	0	6	0	7	0	0	13	0	3	3	1	4	0	1	8	1	0	0	0	0	0	7	3	0	0	12	34	1	0	1	0	0	17	0	67	8	3	14	31	0	0	0	8	7	0	0	0	0	4	17	0	0	0	1	0	28	0	2	1	0	1	0	0	8	2	0	0
C3585	0	0	0	0	0	0	0	0	0	0	0	0	0	0	0	0	0	0	0	0	0	0	1	0	2	8	1	0	0	0	0	0	0	0	1	0	1	0	0	1	0	0	0	0	0	0	1	0	1	1	0	0	0	1	0	0	0	0	2	0	1	0	0	0	0	0	0	0	0	0	0	1	0	0	0	0	0	2
C3586	0	1	16	2	0	0	0	0	4	0	0	0	0	1	1	24	0	13	0	0	0	0	0	0	0	29	4	0	0	0	0	0	0	0	1	0	0	0	1	0	5	0	0	0	0	0	0	0	0	0	0	0	0	1	0	0	0	0	0	0	0	0	0	0	0	1547	0	0	6	0	0	0	0	2	0	0	0	0
C3587	0	0	0	1	0	0	2	0	0	0	2	0	1	0	0	0	0	0	0	0	1	2	0	0	1	1	0	1	0	0	0	1	0	2	2	0	3	3	2	1	0	0	0	0	1	0	1	0	0	1	0	0	0	0	0	1	0	2	0	0	0	0	0	2	0	0	1	2	3	0	0	1	0	0	3	1	0	0
C3589	0	0	0	0	0	0	0	0	0	0	0	0	0	0	0	0	0	0	0	0	0	0	0	0	0	4	0	0	0	0	0	0	1	0	0	0	0	0	0	0	0	0	0	0	0	0	0	0	1	0	0	0	4	0	0	0	0	0	2	0	0	0	0	0	0	0	0	0	0	0	0	0	0	0	0	0	0	0
C3596	0	0	1	0	0	0	0	0	0	0	0	0	0	0	0	12	0	0	0	0	0	0	0	0	0	0	0	0	0	0	0	0	0	0	0	0	0	0	0	0	1	0	0	0	0	0	0	0	0	0	0	1	0	0	0	0	0	0	0	0	0	0	0	0	0	2	0	0	0	0	0	0	0	0	0	0	0	0
C3597	0	0	0	0	1	0	1	0	0	0	0	0	1	0	0	0	0	1	0	0	0	0	0	0	0	0	1	1	0	0	0	0	0	0	0	0	1	1	0	0	0	0	0	0	0	0	0	0	0	0	0	0	0	0	0	0	0	0	0	0	0	1	0	1	0	0	1	0	0	0	0	0	0	0	0	0	0	0
C3598	0	0	0	0	0	0	0	0	0	0	0	0	0	0	0	0	0	0	0	0	0	1	0	0	0	1	0	0	0	2	0	1	0	0	0	0	0	1	0	0	0	0	0	0	0	0	0	1	0	0	0	0	1	0	0	0	0	1	0	0	0	0	1	1	0	0	0	0	0	0	0	0	0	0	0	0	0	0
C3601	0	0	0	0	1	0	0	0	0	1	1	1	0	0	0	0	1	1	3	0	0	1	1	5	2	0	0	0	0	0	0	1	0	0	1	0	1	1	0	0	0	0	0	4	1	0	0	0	0	0	0	0	0	0	0	0	3	0	0	0	0	0	0	0	0	0	1	0	0	0	0	1	0	0	0	1	0	4
C3604	0	0	0	0	0	0	0	0	0	0	0	0	1	0	0	0	0	0	0	0	0	0	0	0	0	1	2	0	0	0	0	1	0	0	0	0	0	0	0	1	0	0	0	0	0	0	0	0	0	0	0	0	0	1	0	0	0	0	1	0	0	0	0	3	1	0	0	0	0	0	0	0	0	0	0	0	0	0
C3605	0	0	0	0	1	0	1	0	0	1	0	0	1	0	0	0	0	0	0	0	1	0	0	0	2	3	2	0	0	0	0	0	0	1	0	0	1	0	0	0	0	0	0	2	0	0	0	2	0	2	0	0	0	0	0	0	0	1	0	1	1	0	0	0	1	0	0	1	2	0	0	1	0	0	0	0	0	1
C3609	0	0	0	0	0	0	0	0	0	0	0	0	0	0	0	0	0	0	2	0	1	0	0	5	1	0	0	0	0	0	0	0	1	0	0	0	1	0	0	0	0	0	0	0	0	0	0	0	0	0	0	0	0	1	0	0	5	0	0	0	0	0	0	0	0	0	0	0	0	0	0	0	0	0	0	0	0	1
C3611	0	0	0	3	0	0	5	0	0	2	6	0	2	0	3	0	0	5	0	4	3	3	1	0	0	3	1	1	0	0	0	0	0	3	0	0	4	11	0	0	0	0	0	6	0	11	3	0	7	6	0	0	0	1	3	0	0	0	0	0	1	0	0	0	1	0	8	0	0	2	0	0	0	0	1	2	0	0
C3614	0	0	0	0	0	0	1	0	0	1	0	0	0	0	0	0	0	0	1	0	0	1	0	3	0	0	0	0	0	0	0	1	1	0	0	0	0	0	0	0	0	0	0	0	0	0	0	0	0	0	0	0	0	2	0	0	0	0	0	2	0	0	0	0	0	0	0	0	0	1	0	2	0	0	0	1	0	0
C3619	0	0	0	0	0	0	0	0	0	0	0	1	0	0	0	0	1	0	6	0	0	0	0	4	0	0	0	0	0	0	0	0	0	0	0	0	0	0	0	0	0	0	1	0	0	0	0	0	0	0	0	0	0	0	0	0	0	0	0	0	0	0	0	0	0	0	0	0	0	0	0	0	0	0	0	0	0	2
C3620	0	0	0	0	1	0	1	0	0	0	0	0	1	1	1	1	0	0	0	0	2	2	0	0	0	1	1	0	0	0	0	0	0	0	0	0	2	1	1	0	0	0	0	1	0	1	1	0	0	1	0	0	1	0	0	0	0	0	0	1	0	1	0	0	2	0	0	0	0	0	0	0	0	0	1	0	0	0
C3621	0	0	0	0	1	0	0	1	0	1	0	0	2	0	0	0	0	1	0	0	1	0	0	0	0	0	1	1	0	0	0	0	0	0	0	0	0	0	1	0	0	0	0	0	0	0	1	0	0	0	0	0	0	0	0	0	0	0	0	0	0	0	0	0	0	0	0	0	1	0	0	0	0	0	1	0	0	0
C3622	0	0	0	0	0	0	0	0	0	0	0	0	0	0	0	0	0	0	0	0	0	0	0	0	0	0	6	0	0	0	0	0	0	0	1	0	0	0	0	2	0	0	0	0	0	0	1	0	12	0	0	0	0	0	0	0	0	0	0	0	1	0	0	0	0	0	0	0	0	0	0	0	0	0	0	0	0	0
C3624	0	0	0	0	1	0	0	0	0	0	0	2	0	0	0	0	1	0	5	0	0	0	0	10	0	0	0	0	0	0	0	0	0	0	0	0	0	0	0	0	0	0	3	1	0	0	0	0	0	0	0	0	0	0	0	0	10	0	0	0	0	0	0	0	0	1	0	0	0	0	0	0	0	0	0	0	0	3
C3625	0	0	0	0	1	0	0	1	0	0	0	0	3	0	0	0	0	1	0	1	2	0	0	0	0	1	0	0	0	0	0	2	0	0	0	0	3	1	2	0	0	0	0	0	1	2	0	1	0	0	0	0	0	0	1	2	0	0	0	0	1	2	0	0	1	0	1	0	2	1	0	1	0	0	0	3	0	0
C3629	0	0	0	5	2	0	2	0	0	2	0	0	0	0	0	0	0	3	0	1	3	0	0	0	0	2	0	0	0	1	0	0	0	0	0	0	1	2	0	0	0	1	0	0	0	3	1	0	2	1	0	0	0	0	0	0	0	0	1	1	2	2	1	0	6	0	1	0	0	0	0	0	0	0	1	1	0	0
C3631	0	0	0	0	0	0	0	0	0	0	0	0	1	0	0	0	0	0	0	0	0	1	0	0	0	2	0	0	0	0	0	1	2	0	0	0	2	0	0	0	0	0	0	1	0	0	0	0	0	0	0	0	0	0	0	0	0	0	0	0	0	0	0	0	1	0	0	0	0	0	0	0	0	0	0	0	0	0
C3632	0	0	0	0	0	0	2	0	0	0	2	0	0	0	0	0	0	1	0	0	0	0	1	0	0	2	0	0	0	0	0	0	1	0	0	0	0	1	0	0	0	0	0	7	0	0	5	0	0	0	0	0	0	0	1	0	0	0	0	0	0	2	0	0	1	0	0	0	0	0	0	0	0	0	0	0	0	0
C3634	0	0	0	2	1	0	1	0	0	0	0	1	0	0	0	0	1	1	3	0	1	0	0	0	0	0	0	0	0	0	0	3	1	0	0	0	1	0	2	0	0	3	0	1	0	0	0	0	0	1	1	0	0	0	1	0	1	3	0	0	0	1	4	0	1	0	1	0	2	0	1	0	0	0	1	4	2	0
C3635	0	0	0	3	3	0	2	0	0	0	1	0	0	0	2	0	0	5	0	6	4	1	1	0	1	4	1	0	0	0	0	0	2	0	0	0	9	4	1	5	0	1	0	1	1	1	2	0	30	1	0	0	0	0	0	0	0	0	0	2	3	2	1	0	0	0	0	0	1	0	0	0	0	0	0	0	1	0
C3639	0	0	0	0	0	0	1	0	0	0	0	0	0	0	2	0	0	0	1	0	1	0	0	11	0	0	0	3	0	0	0	0	1	0	0	0	0	0	0	0	0	0	1	1	0	0	0	0	0	0	0	0	0	0	0	0	0	0	0	0	0	0	0	0	1	0	0	0	0	0	0	0	0	0	0	0	0	1
C3640	0	0	0	0	0	0	0	0	0	0	0	0	0	0	0	0	0	1	0	1	0	0	0	0	0	1	0	0	0	0	0	0	0	1	0	0	2	1	0	0	0	0	0	1	0	0	1	0	1	1	0	0	0	0	0	0	0	0	0	0	0	0	1	0	0	0	0	0	0	0	0	0	0	0	0	0	0	0
C3641	0	0	0	0	0	0	0	0	0	0	0	0	0	0	0	0	0	0	0	0	0	0	0	0	0	0	5	0	0	0	0	0	0	0	0	0	0	0	0	2	0	0	0	0	0	0	0	0	0	0	0	0	0	0	0	0	0	0	0	0	1	0	0	0	0	0	0	90	0	0	0	0	0	0	0	0	0	0
C3643	0	0	0	1	1	0	1	0	0	0	0	1	1	0	0	0	0	1	2	1	1	1	1	1	0	2	0	1	0	0	0	0	2	1	0	0	1	2	1	0	0	0	1	2	0	3	1	0	1	0	0	0	0	1	3	1	0	0	0	2	1	0	0	1	0	0	0	0	0	0	0	0	0	0	0	0	0	0
C3644	0	0	0	1	1	0	2	0	0	1	1	0	3	0	0	0	0	1	0	0	2	0	0	0	0	2	0	2	0	0	7	0	1	0	0	0	3	5	0	0	0	0	0	5	0	5	2	1	2	0	1	0	0	0	0	0	0	0	0	1	1	0	1	0	8	0	4	0	1	1	0	0	0	0	0	0	0	0
C3648	0	0	0	1	0	0	0	0	0	0	4	0	1	0	6	0	0	4	0	0	0	1	0	1	0	5	0	1	0	0	1	1	0	0	0	0	0	5	0	4	0	0	0	4	2	2	0	0	0	2	3	0	0	1	0	0	0	1	1	1	2	0	5	2	0	0	4	0	0	0	0	0	0	0	2	0	3	0
C3649	0	0	0	0	1	0	0	0	0	0	0	0	0	1	1	0	0	0	0	0	3	0	0	0	0	1	0	3	0	0	0	0	0	0	0	0	2	0	0	0	0	0	0	1	0	0	0	0	0	1	0	0	0	2	0	0	0	0	0	0	0	0	0	0	0	0	0	0	0	0	0	0	0	0	0	0	0	0
C3650	0	0	0	1	1	0	0	0	0	0	0	0	1	0	0	0	0	0	0	0	0	1	0	0	0	2	0	1	0	0	0	0	0	0	0	0	2	1	1	0	0	0	0	0	1	0	0	0	2	0	0	0	0	1	0	2	0	0	0	0	0	1	0	0	0	0	0	0	0	0	0	1	0	0	0	0	0	0
C3657	0	0	0	0	0	0	0	0	0	0	0	3	0	0	0	0	0	0	2	1	0	1	0	4	0	0	1	0	0	0	0	0	0	1	0	0	1	0	0	0	0	0	1	0	0	0	0	0	0	0	0	0	0	2	0	0	2	0	0	1	0	0	0	1	1	0	0	2	0	0	0	0	0	0	1	0	0	5
C3661	0	0	0	1	0	0	1	0	0	1	1	0	0	0	1	0	0	1	0	0	0	1	0	0	1	1	0	1	0	0	0	0	1	0	0	0	3	2	1	0	0	0	0	0	0	0	0	0	0	1	0	0	0	1	0	0	0	0	0	0	0	0	0	0	0	0	1	0	1	0	0	0	0	0	0	0	0	1
C3664	0	0	0	0	0	0	0	1	0	0	0	0	0	0	0	0	3	1	12	0	0	0	0	9	0	0	2	1	0	0	0	0	0	0	0	0	0	0	0	0	0	0	5	2	0	0	0	0	0	0	0	0	0	0	1	1	5	0	0	2	0	0	0	0	0	0	0	0	0	0	0	1	0	0	0	0	0	6
C3667	0	0	0	0	0	0	0	0	0	0	1	1	2	0	1	0	1	0	3	0	0	0	0	0	1	0	0	2	0	0	0	0	1	0	0	0	0	0	0	0	0	0	0	1	0	0	1	1	0	0	0	0	0	0	0	0	1	2	1	0	0	0	0	0	0	0	0	0	0	0	0	0	0	0	1	0	0	0
C3671	0	0	0	1	0	0	0	2	0	0	0	0	0	0	0	0	0	0	0	1	1	0	0	0	0	0	0	0	0	0	0	1	0	0	0	0	0	0	1	0	0	0	0	0	0	0	1	0	0	0	0	0	0	0	0	0	0	0	2	0	0	0	0	0	1	0	0	0	0	0	0	0	0	0	0	0	0	0
C3673	0	0	0	0	0	0	4	1	0	0	0	0	0	0	0	0	0	0	0	0	2	0	1	0	1	0	2	0	0	0	0	0	0	1	0	0	1	0	1	0	0	0	0	0	1	0	0	0	0	0	0	0	0	1	0	0	0	0	2	0	0	0	0	0	1	0	1	0	1	0	0	1	0	0	1	0	0	0
C3674	0	0	1	0	0	0	1	0	0	0	0	1	0	0	0	0	0	0	1	0	0	2	0	5	0	0	0	0	0	0	0	0	0	0	0	0	0	0	0	0	0	0	0	0	0	0	1	0	0	0	0	0	1	0	1	0	0	0	0	1	0	0	0	0	0	0	0	0	0	0	0	0	0	0	0	0	0	0
C3675	0	0	0	0	0	0	0	0	0	0	0	0	3	0	1	0	0	0	0	0	0	0	0	0	0	1	0	0	0	0	0	0	0	1	0	0	0	0	0	1	0	0	0	1	0	0	0	0	0	0	0	0	0	0	0	0	0	0	0	0	0	1	0	0	0	0	0	0	0	0	0	0	0	0	2	0	0	0
C3679	0	0	0	0	0	0	1	0	0	0	0	0	0	0	1	0	0	1	0	0	1	0	0	0	0	0	0	0	0	0	0	0	0	1	0	0	0	0	0	0	0	0	0	1	1	0	0	0	0	0	0	0	1	0	0	0	0	0	0	0	1	0	1	1	0	0	1	0	0	0	0	0	0	0	0	0	0	0
C3682	0	0	0	0	3	0	0	1	0	2	2	0	0	0	1	0	0	0	0	0	1	0	0	0	0	1	0	2	0	0	0	0	1	0	0	0	0	0	0	2	0	0	0	0	0	1	2	0	0	1	0	0	0	0	0	0	0	0	0	2	0	0	0	2	0	0	1	0	0	0	0	0	0	0	0	3	0	0
C3684	0	0	0	94	22	0	12	4	0	25	19	4	22	0	0	0	5	57	8	8	384	41	26	3	13	1212	44	4	0	0	0	184	14	6	8	0	8	52	5	447	0	0	2	6	14	4	353	41	654	20	20	0	3	3	24	0	7	2	98	24	2319	2	4	2	404	0	2	24	47	43	0	13	0	0	8	52	0	5
C3685	0	0	0	0	1	0	0	1	0	0	1	1	0	0	1	0	0	1	3	0	1	2	0	9	0	2	1	0	0	0	0	1	1	0	1	0	1	0	0	0	0	0	1	1	2	0	0	0	0	0	0	0	0	1	0	1	4	0	0	0	1	0	0	0	1	0	0	0	1	0	0	0	0	0	0	1	0	3
C3687	0	0	0	0	0	0	2	0	0	0	0	0	0	0	0	0	0	0	0	0	0	0	0	0	0	0	0	2	0	0	0	0	0	0	2	0	0	0	0	0	0	0	0	0	0	0	2	0	0	0	0	0	0	0	0	0	0	0	2	0	0	0	0	0	21	0	0	0	0	0	0	0	0	0	0	0	0	0
C3688	0	0	0	0	0	5	1	0	0	16	0	0	0	0	1	0	0	0	0	0	0	0	0	0	0	6	1	0	0	0	0	0	0	0	0	0	1	0	0	0	0	0	0	0	0	0	1	0	4	0	0	0	0	0	0	0	0	0	0	0	2	0	0	0	6	0	0	0	2	0	0	8	0	0	0	2	0	1
C3691	0	0	0	1	0	0	1	0	0	0	1	0	1	0	0	0	0	1	0	0	0	0	1	0	0	1	0	1	0	0	0	0	0	1	1	0	0	2	0	0	0	2	0	0	0	2	0	0	1	1	0	0	0	2	0	0	0	0	0	0	0	1	0	1	0	0	0	0	0	0	0	0	0	0	0	0	0	0
C3694	0	0	0	0	0	0	0	0	0	0	2	0	0	0	0	0	0	0	0	2	1	0	0	0	0	0	0	0	0	0	0	0	0	0	0	0	1	0	2	1	0	0	0	1	0	0	0	0	0	0	0	0	0	0	0	0	0	0	0	0	1	1	1	0	0	0	0	0	0	0	0	0	0	0	0	0	0	0
C3696	0	0	0	1	1	0	0	0	0	0	0	0	0	0	0	0	0	3	1	0	2	0	1	0	0	4	0	0	0	0	0	0	0	3	0	0	1	0	3	0	0	0	0	1	0	1	0	0	0	1	0	0	0	1	0	0	0	1	0	2	0	1	0	0	1	0	2	0	0	0	0	0	0	0	1	0	0	2
C3699	0	0	0	0	0	0	1	0	0	0	0	0	0	0	0	0	0	0	0	0	2	1	0	0	0	3	0	0	0	0	0	0	0	0	0	0	0	0	1	0	0	0	0	1	0	0	0	0	0	1	0	0	0	0	0	0	0	3	0	0	0	0	0	0	0	0	0	0	0	0	0	0	0	0	0	0	0	0
C3703	0	0	0	1	1	0	0	0	0	0	0	0	0	0	2	0	0	0	0	4	2	0	1	0	0	1	0	0	0	0	0	0	0	0	0	0	1	1	0	0	0	0	0	3	0	2	2	0	13	3	0	0	0	0	0	0	0	2	0	0	1	1	1	0	0	0	1	0	0	0	0	0	0	0	0	0	0	0
C3705	0	0	0	1	0	0	0	1	1	0	0	0	0	0	0	0	0	1	0	0	0	0	7	0	0	0	0	0	1	0	0	2	0	0	3	0	0	8	0	2	0	0	0	0	0	0	0	0	0	0	0	0	0	0	4	0	0	0	12	29	0	0	1	0	0	1	0	0	0	0	0	0	0	0	0	5	0	0
C3707	0	0	0	0	1	0	0	5	0	1	0	0	2	0	0	0	0	0	0	0	0	0	0	0	0	1	0	0	0	0	0	1	0	1	0	0	0	0	0	0	0	0	0	0	0	0	0	0	0	0	0	0	0	0	1	2	0	1	0	0	0	0	1	0	0	0	0	0	0	0	0	0	0	0	0	0	0	0
C3708	0	0	0	0	4	0	0	1	0	0	1	0	1	0	0	0	0	0	0	0	1	0	0	0	0	0	0	2	0	0	0	0	0	0	0	0	0	0	0	0	0	0	0	0	0	0	0	0	0	1	0	0	0	0	0	0	0	0	0	0	0	1	1	7	0	0	0	0	0	0	0	0	0	0	0	0	0	0
C3709	0	0	0	3	1	0	1	2	0	0	1	0	2	0	0	0	1	0	0	1	1	1	0	0	1	4	1	2	0	0	0	1	1	3	0	0	0	0	3	0	0	0	1	3	2	0	0	0	2	2	0	0	0	0	0	1	0	0	0	0	1	0	0	0	1	0	0	0	1	1	0	1	0	0	0	1	0	0
C3710	0	0	0	0	0	0	0	0	0	0	0	0	0	0	0	0	1	0	0	0	0	0	0	8	0	0	0	0	0	0	0	0	0	0	0	0	0	0	0	0	0	0	1	0	0	0	0	0	0	0	0	0	0	0	0	0	2	0	0	0	0	0	0	0	0	0	0	0	0	0	0	0	0	0	0	0	0	5
C3713	0	0	0	1	4	0	1	0	0	0	1	0	0	0	1	0	0	4	0	1	2	0	1	2	2	2	0	2	0	0	0	0	0	0	0	0	0	1	0	0	0	1	0	1	1	1	0	0	9	0	0	0	0	1	0	1	0	0	1	1	0	1	2	0	0	0	1	0	0	0	0	0	0	0	0	0	0	1
C3715	0	0	0	0	2	0	0	0	0	0	0	1	0	0	0	0	0	1	0	2	0	1	0	0	2	0	0	0	0	0	0	1	0	1	0	0	4	1	0	0	0	0	0	0	0	0	0	0	0	0	4	0	0	0	0	2	0	0	1	0	0	1	3	3	0	0	0	0	1	3	0	0	0	0	0	0	4	0
C3719	0	0	0	0	0	0	1	0	0	0	1	8	0	0	0	0	13	0	44	0	0	0	0	61	0	0	0	0	0	0	0	0	0	2	0	0	0	0	0	0	0	1	16	1	0	0	0	0	0	1	0	0	1	1	0	0	28	0	1	1	0	0	0	0	0	0	0	1	0	0	0	0	0	0	0	0	0	34
C3724	0	0	0	13	42	0	7	1	0	3	6	1	4	0	14	0	0	11	1	45	42	1	5	1	23	14	3	2	0	1	1	3	5	5	0	0	10	30	3	1	0	18	0	13	4	32	4	0	222	23	1	0	1	14	3	0	1	4	2	3	3	1	7	0	1	0	14	0	0	6	0	1	0	0	2	4	0	0
C3727	0	0	0	1	0	0	1	0	0	0	0	0	1	0	0	0	0	0	0	1	3	0	0	0	0	0	0	0	0	0	2	0	1	0	0	0	0	1	0	0	0	0	0	0	0	0	0	0	0	0	0	0	0	0	0	0	0	0	0	0	0	0	0	0	0	0	1	0	0	0	0	0	0	0	0	0	0	0
C3730	0	0	0	0	0	0	0	1	0	0	0	0	1	0	0	0	0	0	0	0	0	0	0	0	1	2	0	0	0	0	0	0	0	0	0	0	2	0	2	0	0	0	0	2	0	0	0	0	0	0	0	0	0	0	0	0	0	0	1	0	0	0	0	1	0	0	0	0	0	0	0	0	0	0	1	0	0	0
C3731	0	0	0	0	0	0	0	0	0	0	1	0	0	0	0	0	0	0	0	0	0	0	0	0	1	0	1	0	0	0	0	0	2	2	0	0	0	0	0	0	0	0	0	1	0	1	0	0	0	0	0	0	0	0	0	0	0	1	1	0	0	0	0	1	0	0	0	0	2	0	0	0	0	0	2	0	0	0
C3732	0	0	0	0	0	0	0	0	0	0	0	0	0	0	0	0	1	0	7	0	0	0	0	5	0	0	0	0	0	0	0	0	0	0	0	0	0	0	0	0	0	1	0	0	0	0	0	0	0	0	0	0	0	0	0	0	1	0	0	0	0	0	0	0	0	0	0	0	0	0	0	0	0	0	0	0	0	0
C3734	0	0	0	0	0	0	0	0	0	0	0	0	0	0	0	0	3	0	0	0	0	0	0	3	0	0	0	0	0	0	0	0	0	0	0	0	1	0	1	0	0	0	2	0	1	0	0	0	0	0	0	0	0	0	0	0	5	0	0	0	0	0	0	0	0	0	0	0	0	0	0	0	0	0	0	0	0	3
C3735	0	0	0	2	1	0	1	0	0	0	0	0	1	0	0	0	0	2	2	0	2	1	0	0	2	1	0	0	0	0	0	0	0	0	0	0	1	0	1	0	0	1	0	0	0	1	0	0	0	1	0	0	0	0	0	1	0	0	0	0	0	0	0	2	0	0	0	0	1	0	0	2	0	0	0	0	0	0
C3736	0	0	0	0	0	1	0	0	0	2	2	0	0	0	0	0	0	1	0	2	0	0	0	0	0	0	2	0	0	0	0	0	2	0	0	0	0	0	0	0	1	0	0	2	0	0	7	0	2	0	0	0	0	0	0	0	0	0	0	0	5	0	0	0	5	0	0	0	0	0	1	0	0	0	0	0	0	0
C3738	0	0	0	0	0	0	0	0	0	1	2	0	0	0	0	0	0	0	0	0	0	0	1	0	0	3	0	0	0	0	0	0	1	0	0	0	0	0	0	0	0	0	0	0	0	1	0	0	1	1	0	0	0	1	0	0	0	0	0	0	0	0	1	0	0	0	1	0	0	0	0	0	0	0	0	0	0	0
C3742	0	0	0	1	1	0	0	0	0	0	0	0	0	0	0	0	0	0	0	0	0	0	0	5	0	0	0	0	0	0	0	0	0	0	0	0	1	0	1	0	0	1	0	0	0	0	0	0	0	0	1	0	0	0	0	0	0	0	0	0	1	0	0	0	0	0	0	0	0	0	0	0	0	0	0	0	0	0
C3744	0	0	0	1	0	0	1	0	0	0	0	0	0	0	0	0	0	0	1	0	1	1	0	0	0	1	0	0	0	0	0	3	0	1	0	0	0	1	0	0	0	0	0	1	0	0	0	0	1	1	0	0	0	2	1	1	0	1	0	0	1	1	0	1	0	0	0	1	1	0	0	0	0	0	1	0	0	0
C3748	0	0	0	1	1	0	1	1	0	0	1	0	0	0	1	0	0	0	2	1	1	0	1	1	0	0	2	1	0	0	0	0	1	2	0	0	0	0	0	0	0	0	0	1	1	0	0	1	0	1	0	0	0	0	0	1	0	0	1	2	0	0	0	0	0	0	1	2	2	0	0	2	0	0	1	0	0	1
C3749	0	0	0	0	0	0	1	0	0	0	0	0	0	0	0	0	0	0	0	0	1	2	0	0	0	1	0	0	0	0	0	0	0	0	0	0	2	0	2	0	0	0	0	0	0	1	0	0	0	0	0	0	0	0	0	0	0	0	0	0	0	1	0	0	0	0	0	0	0	0	0	0	0	0	0	0	0	0
C3751	0	0	0	1	0	0	0	0	0	0	0	0	0	0	0	0	0	1	0	0	0	0	0	0	0	3	1	0	0	0	0	1	0	0	3	0	0	0	0	0	0	0	0	0	0	0	0	1	5	0	0	0	0	0	0	0	0	0	0	0	0	0	0	0	0	0	0	0	0	3	0	0	0	0	0	0	0	0
C3752	0	0	0	1	1	0	0	0	0	0	0	0	0	0	0	0	0	0	1	0	1	0	0	0	0	1	2	0	0	0	0	0	0	0	2	0	1	0	0	0	0	0	0	0	0	1	0	0	0	1	0	0	0	0	1	0	0	0	0	0	0	0	0	0	0	0	0	0	0	0	0	3	0	0	0	0	0	0
C3753	0	0	0	1	1	0	0	1	0	1	2	0	1	0	0	0	0	0	0	2	0	0	0	0	0	1	1	0	0	0	0	1	1	1	2	0	0	1	1	0	0	0	0	0	0	1	0	1	1	1	0	0	0	0	2	0	0	0	2	1	1	0	0	2	0	0	0	0	1	0	0	0	0	0	0	1	0	0
C3755	0	0	0	1	0	0	0	0	0	0	0	0	1	0	0	0	1	1	0	0	1	0	0	1	0	0	0	0	0	0	0	2	0	0	0	0	0	0	1	0	0	0	0	0	0	0	0	0	0	0	0	0	0	0	0	0	0	0	0	0	0	0	0	0	1	0	0	0	0	0	0	1	0	0	0	0	0	0
C3756	0	0	0	0	2	0	0	0	0	0	0	0	1	0	0	0	0	0	0	0	3	0	0	0	1	3	0	0	0	0	0	0	0	0	0	0	2	0	1	2	0	0	0	2	0	0	0	0	0	3	0	0	0	1	1	0	0	1	0	2	0	0	0	0	0	0	1	0	0	0	0	0	0	0	1	0	0	0
C3760	0	0	0	0	1	0	0	0	0	0	0	0	0	0	0	0	0	0	2	0	0	0	0	3	0	0	0	0	0	0	0	0	0	0	0	0	0	0	0	0	0	0	0	0	0	0	0	0	0	0	0	0	0	0	0	1	0	0	0	0	0	0	0	1	0	0	0	0	0	0	0	0	0	0	0	1	0	2
C3761	0	0	0	0	0	0	0	0	0	0	0	0	0	0	0	0	0	1	0	0	0	0	3	0	0	2	0	0	0	0	0	0	0	0	0	0	0	1	0	0	0	0	0	0	0	0	0	1	0	0	0	0	0	0	0	0	0	0	1	0	0	0	0	0	0	0	0	0	1	3	0	0	0	0	0	0	0	0
C3762	0	0	0	0	0	0	0	0	0	1	0	0	0	0	0	0	6	0	13	0	0	0	0	10	0	0	0	0	0	0	0	0	0	0	0	0	0	0	0	0	0	0	3	0	0	0	0	0	0	0	0	0	0	0	0	0	2	0	0	0	0	0	0	0	0	0	0	0	0	0	0	0	0	0	0	0	0	4
C3763	0	0	0	0	0	0	0	0	0	0	0	1	0	0	1	0	2	0	11	0	0	0	0	7	0	0	0	0	0	0	0	0	0	0	0	0	0	0	0	0	0	0	0	0	0	0	0	0	0	0	19	0	0	0	0	0	1	0	0	0	0	0	0	1	0	0	0	0	0	1	0	0	0	0	0	0	0	3
C3765	0	0	2	6	3	0	8	0	0	6	4	0	2	0	8	1	1	14	0	4	3	0	0	0	1	2	1	4	0	0	1	1	1	3	0	0	8	26	2	0	0	1	0	11	0	45	9	1	17	14	0	0	0	6	5	0	0	1	0	3	8	1	1	0	0	0	19	0	1	1	0	0	0	0	4	0	0	0
C3768	0	0	0	0	0	0	0	0	0	0	0	6	0	0	0	0	4	0	31	0	0	0	0	45	0	0	0	0	0	0	0	0	0	0	0	0	0	0	0	0	0	1	4	0	0	0	0	0	0	0	0	0	0	0	0	0	2	0	0	0	0	0	0	0	0	0	0	0	0	0	0	0	0	0	0	0	0	7
C3769	0	0	0	0	0	0	0	0	0	0	0	0	1	0	0	0	0	1	0	0	0	2	1	0	0	1	0	0	0	0	0	1	1	1	0	0	1	0	1	0	0	0	0	1	0	0	0	0	0	2	0	0	0	0	1	0	0	1	0	0	0	0	0	0	0	0	0	0	0	0	0	0	0	0	0	0	0	0
C3770	0	0	0	0	0	0	0	0	0	0	1	0	0	0	0	0	0	2	1	0	0	0	1	0	0	1	0	0	0	0	0	0	0	1	0	0	2	0	0	0	0	0	0	1	0	0	0	0	0	2	0	0	0	2	0	2	0	0	0	0	1	0	1	2	0	0	1	0	3	0	0	0	0	0	0	1	0	2
C3771	0	0	0	1	1	0	1	1	0	1	0	0	1	0	1	0	0	4	0	1	1	1	1	0	0	4	0	0	0	0	0	0	0	0	0	0	2	1	3	0	0	0	0	2	0	0	0	2	0	2	0	0	0	0	0	0	0	0	2	0	1	1	0	1	3	0	1	1	1	0	0	2	0	0	1	1	0	1
C3775	1	0	5	0	0	0	0	0	0	0	0	0	0	0	0	7	0	0	0	0	0	0	0	0	0	0	0	0	0	0	0	0	0	0	0	0	0	0	0	0	6	0	0	0	0	0	0	0	0	0	0	5	0	0	0	0	0	0	0	0	0	0	0	0	0	4	0	0	0	0	0	0	0	0	0	0	0	0
C3778	0	0	0	0	4	0	1	0	0	0	0	0	0	0	2	0	0	5	1	3	5	0	0	0	4	0	0	0	0	0	0	0	1	1	0	0	4	0	0	2	0	1	0	0	1	0	0	0	5	1	0	0	0	3	0	0	0	1	0	0	0	0	0	0	0	0	0	0	0	0	0	1	0	0	0	0	0	0
C3779	0	0	0	9	0	0	0	0	0	0	1	0	0	0	0	0	0	1	0	0	1	1	4	0	0	11	12	1	0	0	0	1	0	0	9	0	0	5	0	1	0	0	0	0	2	0	3	0	1	2	0	0	0	0	0	0	0	0	2	1	5	0	0	0	0	0	0	0	2	13	0	5	0	0	0	0	0	0
C3780	0	0	0	0	0	3	0	0	0	0	0	5	0	0	0	0	12	0	1	0	0	0	0	10	0	0	0	0	0	0	0	0	0	0	0	0	0	0	0	0	0	34	4	0	0	0	0	0	0	0	11	0	0	0	0	0	1	0	0	0	0	0	0	0	0	0	0	0	0	0	1	0	0	0	0	0	18	6
C3782	0	0	0	3	1	0	0	0	0	0	1	0	0	0	0	0	0	1	0	0	0	0	0	0	1	0	0	0	0	0	0	0	0	0	1	0	0	0	1	0	0	0	0	1	0	0	0	0	0	0	0	0	0	1	0	0	0	0	0	0	0	0	1	0	0	0	0	0	0	0	0	0	0	0	0	0	0	0
C3784	0	0	0	3	7	0	7	1	0	0	3	1	1	0	5	0	0	10	0	1	9	2	1	1	2	7	0	0	0	0	0	2	4	2	0	0	7	1	2	5	0	4	0	4	0	3	2	1	12	2	2	0	0	8	1	0	0	1	0	6	2	1	5	1	3	0	6	0	2	2	0	0	0	0	2	2	2	0
C3786	0	0	0	0	0	0	1	0	0	0	1	0	0	0	0	0	0	0	0	0	1	1	0	0	0	2	1	0	0	0	0	0	0	0	0	0	1	0	1	0	0	0	0	1	0	0	0	0	0	1	0	0	0	1	0	0	0	0	0	0	1	0	0	1	0	0	2	0	0	0	0	0	0	0	0	0	0	0
C3788	0	0	0	1	0	0	0	0	0	0	1	0	0	0	1	0	0	1	0	0	0	0	0	0	2	0	0	1	0	0	0	0	1	0	0	0	0	0	0	0	0	0	0	1	0	0	0	1	0	0	0	0	0	0	0	0	0	0	0	0	0	1	0	0	0	0	0	0	0	0	0	0	0	0	1	1	0	0
C3789	0	0	0	1	10	0	1	0	0	0	1	0	1	0	0	0	0	0	0	0	0	1	0	0	0	1	1	1	0	1	0	1	3	1	0	0	6	1	1	3	0	0	0	0	1	0	0	0	2	2	11	0	0	2	0	0	0	0	0	1	0	2	2	1	2	0	1	0	0	1	0	0	0	0	0	2	2	0
C3790	0	0	0	2	1	0	0	0	0	0	0	0	0	0	0	0	0	1	0	0	0	1	0	0	0	2	0	1	0	0	0	0	0	2	0	0	0	0	1	0	0	0	0	3	0	0	0	1	0	1	0	0	0	0	0	2	0	0	0	0	0	0	0	0	0	0	0	0	0	0	0	1	0	0	2	1	0	0
C3791	0	0	0	0	1	0	0	0	0	0	0	1	0	0	0	0	0	1	0	1	1	2	0	0	1	1	1	0	0	0	0	1	2	3	0	0	0	1	0	0	0	0	0	1	0	1	0	0	1	1	0	0	0	4	1	1	1	0	1	1	1	1	0	1	1	0	0	0	1	0	0	1	0	0	0	0	0	0
C3792	0	0	0	6	4	0	1	1	0	1	3	0	1	0	2	0	0	3	0	0	4	3	1	0	1	7	3	0	0	0	0	2	1	3	2	0	0	1	3	1	0	0	1	3	2	4	2	1	0	1	0	0	0	0	1	1	0	2	3	2	2	2	1	1	0	0	0	1	1	0	0	0	0	0	3	2	0	0
C3793	0	0	0	0	0	0	0	2	0	0	0	0	0	0	1	0	0	0	0	0	0	0	8	0	0	1	0	0	1	0	0	4	0	0	3	0	0	7	0	0	0	0	0	1	0	0	0	0	0	0	0	0	0	0	3	0	0	0	1	19	0	2	0	0	0	0	0	0	0	0	0	0	0	0	0	1	0	0
C3794	0	0	0	3	11	1	3	0	0	2	3	0	3	0	2	1	0	5	0	5	15	0	1	0	0	4	1	0	0	1	1	1	2	2	1	0	2	4	0	1	1	11	2	4	2	7	0	3	53	6	3	0	0	1	2	1	0	1	2	2	3	2	3	0	0	1	2	0	0	0	2	1	0	0	0	0	4	0
C3798	0	0	0	3	1	0	1	0	0	0	1	0	2	0	0	0	0	0	0	0	2	1	0	0	0	3	2	1	0	0	0	1	2	0	0	0	1	1	4	0	0	0	0	1	0	0	0	0	0	0	0	0	0	0	0	0	0	1	2	3	0	0	0	2	0	0	0	0	0	0	0	5	0	0	1	1	0	0
C3802	1	0	0	2	1	0	1	0	0	0	2	0	0	0	0	0	0	0	0	1	0	0	0	0	0	0	0	0	0	0	4	1	1	0	0	0	5	2	1	1	0	0	0	0	0	1	0	1	0	0	1	0	0	0	0	0	0	0	0	0	1	0	0	0	0	0	1	0	0	2	0	0	0	0	1	1	2	0
C3803	0	0	0	3	1	0	0	2	0	1	0	0	1	0	9	0	0	1	0	0	0	0	0	0	1	0	0	1	0	0	0	1	0	2	0	0	2	0	1	0	0	0	0	3	0	3	0	3	0	1	0	0	0	3	3	3	0	1	1	0	1	0	3	15	1	0	2	0	3	1	0	2	0	0	1	2	0	0
C3804	0	0	0	1	0	0	1	1	0	1	0	0	0	0	0	0	0	0	0	0	3	1	1	0	0	0	0	0	0	0	0	0	3	0	0	0	1	0	0	0	0	0	0	0	1	0	1	0	0	1	0	0	0	0	0	0	0	0	0	1	0	0	0	0	0	0	0	0	0	0	0	1	0	0	0	0	0	0
C3805	0	0	0	0	0	0	5	0	0	0	0	0	4	0	1	1	0	0	0	0	2	2	0	0	1	1	0	0	0	0	0	1	0	1	1	0	4	0	0	0	0	0	0	1	0	0	0	0	0	2	0	0	0	0	0	0	0	0	0	0	0	0	0	0	1	0	0	0	0	0	0	0	0	0	0	0	0	0
C3806	0	0	0	0	0	0	0	0	0	0	1	0	0	0	3	0	0	1	0	0	0	0	0	1	0	1	0	0	0	0	0	0	0	0	0	0	0	1	1	0	0	0	1	1	0	0	0	0	0	0	0	0	0	0	0	2	0	2	0	1	0	1	3	2	0	0	0	0	0	0	0	1	0	0	0	0	0	1
C3808	0	0	0	1	0	0	2	0	0	0	0	0	1	0	0	0	0	1	0	0	1	0	0	0	1	1	1	0	0	0	0	0	0	1	1	0	2	0	0	0	0	0	0	1	0	1	2	0	0	0	0	0	0	1	0	0	0	0	0	1	0	0	0	0	0	0	0	0	1	0	0	0	0	0	0	1	0	0
C3813	0	0	0	1	0	0	1	2	0	2	1	0	1	0	2	0	0	2	0	0	2	4	1	0	1	4	2	3	0	0	0	2	2	0	1	0	2	3	1	0	0	0	0	0	3	0	0	1	1	2	0	0	1	2	2	0	0	0	3	1	2	0	0	1	0	0	0	3	2	0	0	5	0	0	1	3	0	0
C3814	0	0	0	0	0	0	0	0	0	0	0	0	0	0	0	0	0	0	0	0	1	0	0	0	0	1	0	2	0	0	0	0	0	0	0	0	1	0	0	1	0	0	0	1	0	0	0	0	0	0	0	0	0	0	1	0	0	0	0	1	0	0	1	1	0	0	0	0	0	0	0	0	0	0	1	0	0	0
C3815	0	0	0	1	1	0	4	0	0	0	2	0	0	0	1	0	0	0	0	2	0	0	0	0	0	2	0	0	0	0	0	0	0	0	0	0	1	2	0	1	0	0	0	3	0	3	0	0	2	3	0	0	0	0	0	0	0	1	0	0	2	0	1	0	0	0	0	0	0	2	0	0	0	0	0	0	0	0
C3816	0	0	0	2	2	0	1	1	0	1	0	0	0	0	2	0	0	0	0	1	1	0	0	0	0	4	4	0	0	0	0	0	0	0	0	0	2	1	1	0	0	0	0	0	0	0	0	0	2	1	0	0	1	1	0	2	0	1	2	1	1	0	0	1	1	0	0	0	1	0	0	4	0	0	0	5	0	0
C3822	0	0	0	1	0	0	0	0	0	0	0	0	1	0	0	0	0	0	0	0	0	0	0	0	0	2	2	1	0	0	0	1	0	0	1	0	0	0	0	0	0	0	0	0	0	0	0	0	0	0	0	0	0	0	0	0	0	0	0	0	0	0	0	0	0	0	0	0	2	1	0	1	0	0	0	0	0	0
C3823	0	0	0	0	0	0	0	0	0	0	0	0	0	0	0	0	0	0	0	0	1	2	0	0	0	0	1	0	0	0	0	0	0	0	0	0	0	1	1	0	0	0	0	1	0	0	0	1	0	0	0	0	0	1	0	0	0	0	0	0	0	0	0	1	0	0	0	0	0	0	0	2	0	0	0	0	0	0
C3825	0	0	0	0	0	0	0	0	0	0	0	0	0	0	0	0	0	0	0	0	0	0	0	0	2	0	0	0	0	0	0	0	0	0	0	0	0	0	0	0	0	0	0	0	0	0	0	0	0	0	0	0	0	0	0	0	0	0	0	0	0	2	0	0	3	0	0	4	0	0	0	0	0	0	0	0	0	0
C3826	0	0	0	1	0	0	1	0	0	0	0	0	0	0	0	0	0	0	0	0	0	4	0	0	0	0	1	0	0	0	0	0	0	1	0	0	0	0	0	0	0	0	0	1	0	1	1	0	0	1	0	0	0	0	1	0	0	0	0	0	0	0	0	1	0	0	0	0	2	0	0	2	0	0	0	2	0	0
C3827	0	0	0	0	2	0	1	0	0	0	0	0	1	0	0	0	0	1	0	0	0	0	1	0	0	0	0	0	0	0	0	0	1	0	0	0	2	0	0	0	0	0	0	0	2	3	0	0	1	0	0	0	0	0	0	0	0	0	0	0	1	0	1	1	0	0	0	0	0	1	0	0	0	0	0	1	0	0
C3830	0	0	0	0	0	0	0	0	0	0	0	0	1	0	0	0	0	0	0	0	1	1	0	0	1	2	0	0	0	0	0	0	0	1	0	0	1	0	0	0	0	0	0	1	0	0	0	0	0	1	0	0	0	2	0	0	0	0	0	0	0	1	0	0	0	0	0	0	0	0	0	0	0	0	0	0	0	0
C3832	0	0	0	1	1	0	1	1	0	0	1	0	0	0	0	0	0	1	0	0	0	0	0	0	0	0	0	1	0	0	0	1	0	0	0	0	0	1	0	0	0	0	0	0	0	0	0	0	0	0	0	0	0	0	0	1	0	0	0	0	1	0	0	0	0	0	1	0	0	0	0	0	0	0	0	0	0	0
C3833	0	0	0	0	0	0	0	0	0	0	0	3	0	0	0	0	3	0	8	0	0	0	0	20	0	0	0	0	0	0	0	0	0	0	0	0	0	0	0	0	0	0	9	0	0	0	0	0	0	0	0	0	0	0	0	0	16	0	0	0	0	0	0	0	0	0	0	0	0	0	0	0	0	0	0	0	0	10
C3834	0	0	0	0	0	0	2	0	0	0	0	0	4	0	0	2	3	2	3	5	0	2	0	0	0	0	4	0	0	301	9	0	1	1	0	0	0	0	4	3	0	2	2	0	0	0	0	0	0	8	11	56	0	0	2	0	0	0	0	5	0	0	26	0	0	0	1	0	0	0	20	3	2	7	0	10	2	90
C3836	0	0	0	0	0	0	0	0	0	0	0	0	0	0	0	0	5	0	0	0	0	0	0	0	0	0	0	0	52	0	0	0	0	0	0	0	0	0	0	0	0	7	0	0	0	0	0	0	0	0	3	0	0	0	0	0	0	0	0	0	0	0	0	0	0	0	0	0	0	0	0	0	0	0	0	0	0	0
C3837	0	0	0	0	0	0	1	0	0	0	0	0	1	0	0	0	0	0	1	0	2	0	0	0	1	2	0	0	0	0	0	1	0	0	0	0	1	0	1	1	0	0	0	1	0	1	0	0	0	0	0	0	0	2	0	0	0	0	0	2	0	0	0	0	1	0	0	0	0	0	0	0	0	0	1	0	0	0
C3839	0	0	0	0	0	0	2	0	0	0	0	0	0	0	0	0	0	0	0	0	0	0	0	0	0	0	1	0	0	1	2	0	0	0	0	4	0	0	0	0	0	0	0	0	0	0	0	0	0	0	1	0	0	1	0	0	0	0	0	0	0	0	0	0	0	0	0	0	0	0	0	0	1	0	0	0	2	0
C3842	0	0	0	0	0	0	0	0	0	0	0	0	0	0	2	0	0	0	0	1	2	0	2	0	0	1	0	12	0	0	0	0	0	3	0	0	0	0	0	0	0	0	0	0	0	0	0	0	0	0	0	0	0	0	0	1	0	2	0	1	0	0	0	0	11	0	1	0	0	1	0	0	0	0	0	0	0	0
C3843	0	0	0	0	0	0	0	0	0	0	0	1	0	0	0	0	1	0	11	0	0	0	0	33	0	0	0	0	0	0	0	0	0	0	0	0	0	0	0	0	0	2	4	0	0	0	1	0	0	0	0	0	0	0	0	0	3	0	0	0	0	0	0	0	0	0	0	0	0	0	0	0	0	0	2	0	0	12
C3847	0	1	0	1	3	0	0	2	0	15	69	0	16	0	13	0	0	259	0	0	9	0	66	0	1	0	28	25	0	0	0	1	0	1	0	0	2	2	15	49	0	0	0	17	2	0	0	0	0	0	0	0	0	1	0	0	0	0	0	27	0	0	0	0	0	0	1	0	0	0	0	0	0	0	2	0	0	0
C3851	0	0	0	0	0	0	0	2	0	0	0	0	0	0	0	0	0	0	0	0	0	0	0	0	0	0	0	0	0	16	6	0	0	0	2	0	0	0	0	0	0	0	0	0	0	0	0	0	1	0	0	0	0	0	0	2	0	0	0	0	0	0	0	0	0	0	0	0	1	0	0	2	35	0	0	0	0	0
C3854	0	0	0	0	1	0	1	0	0	1	0	0	1	0	0	0	0	1	0	0	0	2	0	1	0	2	2	0	0	0	0	1	1	0	3	0	2	1	1	1	0	0	0	1	1	0	0	2	0	2	0	0	0	0	0	0	1	0	0	1	1	0	0	2	0	0	1	1	0	0	0	0	0	0	0	0	0	0
C3856	0	0	0	0	0	0	0	0	0	0	0	0	0	0	0	0	0	0	0	0	0	0	0	0	0	0	0	0	0	31	0	0	0	0	0	1	0	0	0	0	0	0	0	0	0	0	0	0	0	0	3	0	0	0	0	0	0	0	0	0	0	0	0	0	4	0	0	0	0	0	4	0	0	0	0	0	0	0
C3857	0	0	0	0	0	0	0	0	0	0	1	0	0	0	0	0	0	6	0	0	0	0	0	0	1	10	0	1	0	0	0	0	0	0	0	0	1	0	0	0	0	0	0	0	0	0	0	0	1	0	0	0	0	2	0	0	0	0	0	0	0	0	0	0	0	0	0	0	2	0	0	1	0	0	0	0	0	0
C3860	0	0	0	0	0	0	0	0	0	0	0	0	0	0	0	0	0	0	0	0	0	0	0	0	0	0	0	0	17	0	0	0	0	0	0	0	0	0	0	0	0	0	0	0	0	0	0	0	0	0	0	0	0	0	0	0	0	0	0	0	0	0	0	0	0	0	0	0	0	0	0	0	0	0	0	0	0	0
C3861	0	0	0	1	1	0	0	0	0	2	1	0	1	0	0	0	0	2	0	0	1	1	0	0	3	2	0	0	0	0	0	2	2	0	0	0	0	4	3	1	0	0	0	0	0	2	1	2	2	2	0	0	0	1	0	1	1	0	1	3	0	2	0	0	1	0	1	2	3	0	0	4	0	0	0	6	0	0
C3862	0	0	0	1	3	1	0	1	0	1	2	0	0	0	1	0	0	1	1	0	0	0	1	1	0	0	0	2	0	0	1	0	3	0	0	0	2	3	1	0	0	0	0	0	1	1	1	1	0	1	0	0	0	0	0	0	0	3	3	1	0	1	0	3	0	0	0	1	0	0	2	1	0	0	0	0	0	0
C3866	0	0	0	0	1	0	2	0	0	0	3	0	1	0	0	0	0	0	0	0	5	7	0	0	0	4	0	1	0	0	0	0	0	0	0	0	4	0	2	0	0	0	0	7	0	1	0	0	0	2	0	0	0	1	0	0	0	0	1	2	1	2	0	0	1	0	2	0	2	1	0	0	0	0	0	0	0	0
C3869	0	0	0	0	0	2	0	0	0	0	0	0	0	0	0	0	1	0	1	0	0	0	0	0	0	0	0	0	37	0	0	0	0	0	0	8	0	0	0	0	0	10	0	0	0	0	0	0	0	0	13	0	0	0	0	0	0	0	0	0	0	0	0	0	0	0	0	0	0	0	47	0	0	0	0	0	24	0
C3872	0	0	0	0	0	0	0	0	0	0	0	0	0	0	0	0	2	0	0	0	0	0	0	0	0	0	0	1	1	16	4	0	0	0	0	0	0	0	0	0	0	0	0	0	0	0	1	0	0	0	0	0	16	0	0	0	0	0	0	0	0	0	0	0	0	0	0	0	0	0	0	0	43	0	0	0	1	0
C3873	0	0	0	1	0	0	0	0	0	0	1	0	0	0	0	0	0	0	0	0	2	1	0	0	0	0	0	1	0	4	0	0	2	0	0	0	0	5	0	15	1	0	0	2	0	0	2	0	10	1	1	0	0	0	0	0	0	0	0	0	27	0	2	0	18	0	0	0	0	2	0	0	0	0	0	3	0	0
C3875	0	0	2	0	0	0	11	0	0	0	0	1	0	0	0	0	1	0	0	0	0	0	0	0	0	0	0	0	13	0	0	1	0	0	1	0	0	0	0	1	0	2	6	3	0	0	4	0	0	0	0	0	0	0	0	2	0	0	0	1	0	2	0	0	5	0	0	3	0	0	0	0	0	0	0	0	0	0
C3876	0	0	0	0	0	1	0	0	0	0	0	0	0	0	0	0	0	0	0	0	0	0	0	0	0	0	2	0	1	3	2	0	0	0	0	1	0	0	1	0	0	0	0	0	0	0	0	0	0	0	0	0	0	0	0	0	0	0	0	0	0	0	0	0	0	0	0	0	0	0	0	0	0	0	0	0	0	0
C3879	0	0	0	0	3	0	1	1	0	2	1	0	2	0	5	0	0	1	0	2	6	2	0	0	1	1	1	2	0	0	0	1	5	0	0	0	19	5	5	10	0	0	0	1	2	1	2	3	3	1	1	0	0	3	0	0	0	0	1	0	1	0	3	7	5	0	0	0	0	5	0	0	0	0	0	2	1	0
C3880	0	0	0	11	1	0	0	0	0	0	0	0	2	0	0	0	0	5	0	3	0	1	6	0	19	2	11	3	0	0	0	3	2	0	4	0	0	9	0	5	0	0	0	0	2	2	1	8	6	0	0	0	0	0	1	0	0	1	1	1	1	2	0	0	0	0	0	0	5	1	0	5	0	0	0	2	0	0
C3882	0	0	0	0	0	0	0	0	0	0	1	0	0	0	2	0	0	0	0	0	2	3	0	0	0	1	0	0	0	0	0	0	0	1	0	0	3	0	1	0	0	0	0	2	0	0	0	0	0	1	0	0	0	1	0	0	0	1	0	0	1	0	0	0	0	0	0	0	0	0	0	0	0	0	0	0	0	0
C3883	0	0	0	0	0	0	1	0	0	0	2	0	2	0	0	0	0	2	0	0	1	3	1	0	0	5	1	1	0	0	0	0	0	0	0	0	4	0	1	0	0	0	0	1	0	0	1	0	1	0	0	0	0	1	0	0	0	0	0	1	1	0	0	0	1	0	1	0	0	0	0	0	0	0	0	0	0	0
C3888	0	0	0	0	0	0	0	0	0	0	0	1	0	0	0	0	1	0	10	0	0	1	0	10	0	1	0	0	0	0	0	0	0	2	0	0	1	0	0	0	0	0	0	0	0	0	0	0	0	0	0	0	0	0	0	1	3	0	0	0	0	0	0	0	0	0	0	0	0	0	0	0	0	0	0	0	0	6
C3889	0	0	0	0	0	0	0	0	0	0	0	0	0	0	0	0	0	0	0	0	0	0	0	0	0	1	0	8	0	0	0	1	0	0	0	0	0	0	0	0	0	0	0	0	0	0	0	0	0	0	0	0	0	0	0	1	0	0	0	0	1	2	0	2	0	0	0	0	0	0	0	0	0	0	0	0	0	0
C3890	0	0	0	0	1	0	1	2	0	2	4	0	4	0	6	0	1	2	3	0	3	3	0	5	0	3	1	1	0	0	0	1	2	0	1	0	4	1	0	0	0	0	0	0	2	1	0	0	1	0	0	0	0	1	3	2	0	1	0	0	2	4	0	1	1	0	0	2	0	0	0	1	0	0	0	1	0	1
C3892	0	0	0	0	0	0	1	1	0	0	0	1	0	0	0	0	2	0	5	0	14	0	0	0	0	53	0	0	0	58	2	0	0	0	2	1	0	2	1	3	0	5	0	0	0	0	0	0	0	0	3	0	0	0	0	0	0	0	0	1	13	0	1	0	3	0	0	0	3	0	15	0	1	0	0	0	1	14
C3893	0	0	0	0	0	0	0	0	0	0	0	0	0	0	0	0	2	0	6	0	0	0	0	3	0	0	0	0	0	0	0	0	0	0	0	0	0	0	0	0	0	0	1	0	0	0	0	0	0	0	0	0	0	0	0	0	0	0	0	0	0	0	0	0	0	0	0	0	0	0	0	0	0	0	0	0	0	2
C3895	0	0	0	0	6	0	1	1	0	0	3	0	1	0	0	0	0	5	0	0	0	0	1	0	1	2	0	2	0	0	0	1	2	0	0	0	3	0	3	1	0	0	0	4	0	2	2	0	0	2	0	0	0	4	0	0	0	6	1	4	0	1	1	0	0	0	2	0	2	1	0	0	0	0	1	0	0	0
C3900	0	0	0	2	0	0	0	0	0	0	1	2	0	0	0	0	12	2	2	0	2	0	0	3	0	1	1	0	0	7	5	0	1	0	0	1	2	0	0	3	0	19	0	0	1	1	1	1	1	1	9	0	2	1	0	0	0	1	0	0	3	1	2	0	2	0	3	0	0	0	2	1	0	0	0	0	4	2
C3903	0	0	0	1	3	0	2	1	0	0	0	0	0	0	3	0	1	2	0	3	3	1	2	0	0	5	1	0	0	0	0	0	2	0	0	0	5	3	3	9	0	1	0	1	0	0	1	0	14	1	0	0	0	1	0	0	0	1	0	2	1	0	4	0	0	0	3	0	0	1	0	0	0	0	1	1	1	0
C3904	0	0	0	0	0	0	0	0	0	0	0	0	0	0	0	0	0	0	0	0	0	0	0	0	0	0	0	0	13	0	0	0	0	0	0	0	0	0	0	0	0	1	0	0	0	0	0	0	0	0	0	0	0	0	0	0	0	0	0	0	0	0	0	0	0	0	0	0	0	0	0	0	0	0	0	0	0	0
C3906	0	0	0	0	0	0	0	16	0	0	15	0	0	0	6	0	0	0	0	0	0	0	0	0	1	1	0	11	0	0	0	3	0	0	2	0	0	0	0	3	0	0	0	0	0	0	1	0	2	1	0	0	0	1	0	0	0	2	1	0	11	4	0	5	0	0	0	0	12	0	0	0	0	0	0	2	0	0
C3908	0	0	0	0	0	0	1	0	0	0	0	0	0	0	0	0	0	0	0	1	0	0	1	0	0	0	1	1	0	0	0	0	0	0	0	0	0	0	1	0	0	0	0	0	0	0	0	0	0	1	0	0	0	0	1	0	0	2	0	0	1	0	1	1	2	0	0	0	0	0	0	0	0	0	1	1	0	0
C3909	0	0	0	0	0	0	0	0	0	0	0	0	0	0	0	0	0	0	0	0	0	0	0	0	0	0	0	0	0	6	0	0	0	0	0	0	0	0	0	0	0	0	0	0	0	0	0	0	0	0	0	0	10	0	0	0	0	0	0	0	2	0	0	0	2	0	0	0	0	0	0	0	49	0	0	0	0	2
C3914	0	0	0	0	0	0	0	0	0	0	0	0	0	0	0	0	0	0	0	0	0	0	0	0	0	8	2	0	0	0	0	0	0	0	1	0	0	0	0	0	0	0	0	0	0	0	0	0	0	0	0	0	0	1	0	0	0	0	0	0	0	0	0	0	0	0	0	0	0	0	0	0	0	0	0	0	0	0
C3916	0	0	0	0	0	0	0	0	0	0	0	0	0	0	0	0	0	0	0	0	0	0	0	0	0	0	0	0	0	5	0	0	0	0	0	0	0	0	0	0	0	0	0	0	0	0	2	0	0	0	0	0	13	0	0	0	0	0	0	0	0	0	0	0	5	0	0	0	0	0	0	0	10	0	0	0	0	0
C3919	0	0	0	5	0	0	0	0	0	0	0	0	0	0	1	0	0	6	0	1	1	1	1	1	18	2	3	5	0	0	0	3	1	0	0	0	1	0	2	2	0	0	0	1	1	0	0	2	5	0	0	0	0	0	0	0	0	6	0	10	1	2	1	0	7	0	0	0	1	0	0	1	0	0	1	3	0	1
C3920	0	0	0	0	2	0	0	4	0	0	1	0	0	0	0	0	0	0	0	0	0	0	0	0	0	0	1	0	0	0	0	0	0	0	0	0	0	0	0	0	0	0	0	0	0	0	0	0	1	0	0	0	0	0	0	3	0	1	4	0	0	0	0	1	0	0	3	0	0	0	0	0	0	0	0	0	0	0
C3921	0	0	0	3	1	0	5	0	0	0	4	0	1	0	1	0	0	3	0	2	4	0	1	0	2	0	1	0	0	1	2	1	1	1	0	0	1	6	0	0	0	0	0	3	0	21	5	0	11	7	0	0	1	4	1	0	0	1	0	1	4	0	1	0	0	0	8	0	0	1	0	1	0	0	3	1	0	0
C3922	0	0	0	4	1	0	5	0	0	4	10	0	3	0	4	0	0	6	0	3	5	1	1	0	0	3	0	2	0	1	5	0	1	1	1	0	6	10	0	0	0	0	0	16	0	41	3	0	7	15	0	0	0	3	2	0	0	2	1	2	8	1	1	0	0	0	23	0	1	1	0	0	1	0	4	1	0	0
C3932	0	0	0	0	0	0	0	0	0	0	0	0	0	0	0	0	0	0	0	0	0	0	0	0	0	0	0	0	0	8	0	0	0	0	0	0	0	0	0	0	0	0	0	0	0	0	0	0	0	0	0	0	6	0	0	0	0	0	0	0	0	0	0	0	0	0	0	0	0	0	0	0	12	0	0	0	0	0
C3933	0	0	0	0	0	0	0	0	0	0	0	0	0	0	0	0	0	0	0	0	0	1	0	0	0	0	0	0	0	1	0	0	0	0	0	0	0	0	0	0	0	0	0	0	0	0	0	0	0	1	0	0	0	0	0	0	0	0	0	0	0	0	0	0	0	0	0	0	0	0	0	0	11	0	0	0	0	0
C3934	0	0	0	0	0	0	3	0	0	0	3	0	0	0	2	0	0	2	0	2	2	0	1	0	1	2	0	0	0	0	0	0	4	0	0	0	6	1	2	3	0	0	0	2	0	2	3	2	2	3	0	0	0	1	0	0	0	2	0	2	2	0	1	0	1	0	5	0	0	0	0	0	0	0	1	0	0	0
C3935	0	0	0	0	1	0	0	0	0	1	0	0	0	0	1	0	0	0	0	0	0	0	0	0	1	1	1	1	0	0	0	1	0	0	1	0	0	1	2	0	0	0	1	1	0	0	0	0	0	0	0	0	0	0	1	0	0	0	1	1	0	0	0	1	1	0	0	1	1	0	0	0	0	0	3	0	0	0
C3938	0	1	0	2	2	0	3	1	0	0	2	0	1	0	0	0	0	1	0	1	2	2	0	1	1	1	5	2	0	0	0	2	1	3	0	0	3	1	2	0	0	0	0	1	0	1	0	0	1	0	0	0	0	2	1	3	3	2	2	2	1	0	0	3	0	0	0	1	5	0	0	6	0	0	0	4	0	0
C3939	0	0	0	0	0	0	0	0	0	0	1	0	0	0	1	0	0	0	0	0	0	0	0	0	1	0	0	2	0	0	0	0	0	0	0	0	0	0	0	0	0	0	0	0	0	0	0	0	0	0	0	0	0	1	0	2	0	0	0	0	2	0	0	6	0	0	0	0	2	0	0	1	0	0	0	0	0	0
C3942	0	0	0	0	0	0	0	0	0	0	0	0	2	0	1	0	0	0	1	0	0	1	1	2	0	0	0	0	0	0	0	0	1	0	0	0	0	0	1	0	0	0	0	1	0	0	1	0	0	2	0	0	0	0	0	0	0	1	0	0	0	1	0	0	1	0	0	0	0	0	0	0	0	0	2	0	0	1
C3943	0	0	0	0	0	0	0	0	0	0	0	0	0	0	0	0	0	0	0	0	0	1	0	0	4	0	0	2	0	0	0	0	0	0	0	0	0	0	1	0	0	0	0	0	0	0	0	0	0	0	0	0	0	0	0	0	0	0	0	1	1	0	0	0	0	0	0	0	0	0	0	2	0	0	0	0	0	0
C3944	0	0	0	5	0	0	2	2	0	0	2	0	1	0	3	0	0	0	0	1	3	7	0	0	1	3	4	3	0	0	0	0	5	0	1	0	6	1	1	0	0	0	0	5	4	1	0	1	2	3	0	0	1	0	3	0	0	3	2	2	2	1	1	3	2	0	2	3	1	0	0	6	0	0	2	3	0	0
C3945	0	0	0	0	0	0	0	0	0	0	0	0	0	0	0	0	3	0	0	0	0	0	0	0	0	0	0	0	29	0	0	0	0	0	0	0	0	0	0	0	0	5	0	0	0	0	0	0	0	0	0	0	0	0	0	0	0	0	0	0	0	0	0	0	0	0	0	0	0	0	0	0	0	0	0	0	0	0
C3949	0	0	0	0	1	0	0	0	0	0	0	0	0	0	0	0	0	0	0	0	0	0	0	0	0	0	0	0	0	2	0	0	0	0	1	0	0	0	0	0	0	0	0	0	1	0	0	0	0	0	0	0	2	0	0	0	0	0	0	0	0	0	0	0	0	0	0	0	0	0	0	0	4	0	0	0	0	0
C3950	0	0	0	0	0	1	0	0	0	0	0	0	0	0	0	0	0	0	0	0	0	0	0	0	0	0	0	0	0	13	1	0	0	0	0	0	0	0	0	0	0	0	0	0	0	0	0	0	0	0	0	0	0	0	0	0	0	0	0	0	0	0	0	0	0	0	0	0	0	0	1	0	0	0	0	0	0	0
C3955	0	0	0	2	1	0	0	0	0	1	0	0	2	0	3	0	0	1	0	0	0	0	1	0	0	0	0	0	0	0	0	1	0	1	0	0	0	1	1	2	0	0	0	1	0	0	0	0	0	0	0	0	0	0	0	0	0	0	0	0	0	0	4	0	1	0	2	0	1	2	0	0	0	0	0	0	0	0
C3956	0	0	0	2	5	0	0	1	0	2	2	0	10	0	4	0	0	1	0	2	1	1	0	0	1	1	1	4	0	0	0	1	0	1	0	0	4	1	0	1	0	0	0	7	2	3	3	1	0	2	0	0	0	4	2	1	0	2	0	0	2	3	14	36	1	0	2	0	3	4	0	0	0	0	0	4	0	0
C3957	0	0	0	0	0	0	0	0	0	0	0	0	0	0	0	0	0	1	0	0	1	0	0	0	0	0	0	4	0	0	0	1	1	0	0	0	0	1	1	6	0	0	0	0	0	0	0	0	4	0	0	0	0	1	0	0	0	1	0	1	3	0	0	0	0	0	1	0	0	0	0	0	0	0	0	0	0	0
C3959	0	0	0	0	0	0	0	0	0	0	0	0	0	0	0	0	0	0	0	0	1	0	0	0	0	2	0	0	0	0	0	0	2	1	0	0	0	0	1	0	0	0	0	3	0	0	0	0	0	0	0	0	0	1	1	0	0	0	0	0	0	0	0	0	0	0	3	0	0	0	0	0	0	0	0	0	0	0
C3960	0	0	0	0	0	0	0	0	0	0	0	0	0	0	0	0	0	2	0	0	1	2	0	0	0	1	1	2	0	0	0	0	0	1	0	0	0	0	1	0	0	0	0	0	0	0	0	0	0	2	0	0	0	3	0	0	0	1	1	1	0	1	0	0	0	0	0	0	1	0	0	0	0	0	3	0	0	0
C3961	0	0	0	0	0	0	3	0	0	0	1	0	2	0	3	0	0	2	0	0	3	4	1	0	1	3	0	0	0	0	0	1	1	1	0	0	4	0	4	1	0	0	0	6	0	2	1	0	0	0	0	0	0	1	0	0	0	1	0	3	0	0	0	0	0	0	0	0	0	0	0	0	0	0	0	0	0	0
C3962	0	0	0	0	0	0	0	4	0	0	1	0	0	0	0	0	0	0	0	0	0	0	0	0	1	0	8	2	0	0	0	0	0	0	0	0	0	0	0	1	0	0	0	0	0	0	0	0	0	0	0	0	0	1	0	0	0	1	0	0	0	1	0	1	0	0	1	0	4	0	0	0	0	3	1	0	0	0
C3963	0	0	0	0	1	0	1	2	0	0	0	0	1	0	0	0	0	1	0	0	2	3	1	0	1	3	0	3	0	0	0	1	1	0	0	0	2	0	0	1	0	0	0	1	0	0	0	0	1	2	0	0	0	1	0	0	0	3	0	1	0	0	1	0	0	0	1	0	0	0	0	0	0	0	2	0	0	0
C3969	0	0	0	0	0	0	1	0	0	0	0	1	2	0	0	0	0	1	3	0	1	1	0	4	0	0	0	1	0	0	0	0	0	0	0	0	2	1	1	0	0	0	1	0	1	1	0	0	0	1	0	0	0	0	0	0	0	0	0	0	0	0	0	0	1	0	1	0	1	0	0	0	0	0	2	0	0	1
C3972	0	0	0	0	0	1	0	0	0	0	0	0	0	0	0	0	0	0	0	0	0	0	0	0	0	0	0	0	4	1	1	0	0	0	0	2	0	0	1	0	0	1	0	0	0	0	0	0	0	0	0	0	0	0	0	0	0	0	0	0	0	0	0	0	0	0	0	0	0	0	1	0	0	0	0	0	4	0
C3976	0	0	0	1	2	0	0	4	0	1	5	0	3	0	0	0	0	1	0	1	0	1	1	0	0	2	1	1	0	0	0	2	0	2	2	0	0	1	0	1	0	0	0	2	0	2	0	3	0	2	0	0	0	2	0	7	0	1	6	1	2	0	3	6	0	0	1	0	3	3	0	0	1	0	0	4	0	0
C3980	0	0	0	0	0	0	0	0	0	0	0	0	0	0	0	0	0	0	0	0	0	0	0	0	0	0	0	0	0	10	0	0	0	0	0	0	0	0	0	0	0	0	0	0	0	0	0	0	0	0	0	0	0	0	0	0	0	0	0	0	0	0	0	0	0	0	0	0	0	0	0	0	2	0	0	0	0	0
C3981	1	2	5	0	0	0	0	0	0	0	0	0	0	2	0	12	0	0	0	0	0	0	0	1	0	0	0	0	0	0	0	0	0	0	0	0	0	0	0	0	0	0	0	0	0	0	0	0	0	0	0	0	0	0	0	0	0	0	0	0	0	0	0	0	0	1	0	0	0	0	0	0	0	0	0	0	0	0
C3983	0	0	0	0	0	0	1	0	0	0	0	0	0	0	0	0	1	0	0	0	0	0	0	0	0	0	0	0	5	0	0	0	0	0	0	0	0	0	0	0	0	1	1	0	0	0	1	0	0	0	0	0	0	0	0	0	0	0	1	2	0	0	0	0	0	0	0	1	0	0	0	0	0	0	0	0	0	0
C3984	0	0	0	0	1	0	10	0	0	0	2	0	1	0	4	0	0	4	0	2	6	2	2	0	3	4	1	0	0	0	0	1	1	0	0	0	6	0	5	4	0	0	0	5	0	2	3	0	2	4	0	0	0	3	0	0	0	3	2	1	2	2	0	0	4	0	5	0	2	0	0	0	0	0	2	0	0	0
C3986	0	0	0	0	0	0	0	0	0	0	0	0	0	0	0	0	0	0	0	0	0	0	0	0	0	0	0	0	0	4	0	0	0	0	0	0	0	0	0	0	0	0	0	0	0	0	0	0	0	0	0	0	6	0	0	0	0	0	0	0	0	0	0	0	1	0	0	0	0	0	0	0	15	0	0	0	0	0
C3987	0	0	0	1	0	0	0	0	0	0	0	0	0	0	0	0	0	0	0	0	1	0	0	1	1	1	0	0	0	0	0	2	0	0	1	0	1	1	0	1	0	0	0	0	1	0	0	0	0	0	0	0	1	1	0	0	0	0	0	0	0	1	0	0	0	0	2	0	0	0	0	0	0	0	0	0	0	0
C3988	0	0	0	0	2	0	6	3	0	2	4	0	1	0	1	0	1	4	0	4	2	1	1	1	0	3	1	2	0	0	0	0	2	1	1	0	2	5	0	1	0	0	0	2	0	16	2	0	9	3	0	0	0	1	2	1	2	0	0	1	1	0	1	1	0	0	2	0	2	0	0	1	1	0	2	1	0	1
C3989	0	0	0	0	0	0	0	0	0	0	0	0	0	0	0	0	0	1	2	0	0	1	1	0	0	3	0	0	0	0	0	0	0	0	0	0	1	0	0	0	0	0	0	0	1	1	0	0	0	0	0	0	0	0	0	0	0	0	0	0	0	0	0	0	0	0	0	0	0	0	0	0	0	0	0	0	0	0
C3993	0	0	0	0	2	0	7	0	0	0	7	0	2	0	5	0	0	1	1	3	2	1	2	0	4	4	1	1	0	0	0	1	4	3	0	0	5	2	4	1	0	0	0	8	2	4	4	0	0	4	0	0	0	4	3	0	0	1	2	5	3	3	1	0	1	0	14	0	0	0	0	0	0	0	3	0	0	0
C3995	0	0	0	0	0	0	0	1	0	0	0	0	1	0	0	0	0	0	1	0	0	0	0	0	0	1	0	3	0	0	0	0	1	0	0	0	1	0	0	2	0	0	0	0	0	0	0	1	0	0	0	0	0	1	0	0	0	2	0	0	1	1	2	4	0	0	5	0	0	2	0	0	0	0	0	0	0	0
C3996	0	0	0	1	6	0	0	6	0	1	1	0	0	0	1	0	0	0	0	0	0	0	1	0	2	1	1	1	0	0	0	0	0	0	0	0	0	1	1	1	0	0	0	0	0	1	0	0	0	0	0	0	0	0	0	19	0	0	13	0	0	2	1	2	0	0	1	0	0	1	0	1	0	0	0	0	0	0
C3998	0	0	1	0	0	0	0	0	0	0	0	1	0	0	0	0	0	0	0	1	0	0	0	0	0	0	0	0	0	1	13	0	0	0	0	0	0	0	0	0	0	0	0	0	0	0	0	0	1	0	0	0	5	0	0	0	0	0	0	0	0	0	0	0	0	0	0	0	0	0	0	0	0	0	0	0	1	0
C3999	0	0	0	1	1	0	2	0	0	0	1	0	0	0	2	0	0	9	0	0	3	0	1	0	2	2	0	0	0	0	1	0	1	1	0	0	1	1	2	0	0	0	0	0	1	0	0	1	14	1	0	0	0	1	0	0	0	0	0	6	0	0	0	0	0	0	1	0	0	0	0	0	0	0	0	0	0	0
C4000	0	0	0	1	0	0	0	0	0	1	0	0	1	0	2	0	1	0	0	0	1	2	1	1	0	3	1	1	0	0	0	0	0	0	0	0	1	0	0	0	0	0	0	1	0	0	0	1	1	0	0	0	0	0	1	1	0	1	0	0	1	0	0	1	0	0	0	1	1	0	0	0	0	0	1	0	0	0
C4001	0	0	0	0	2	0	2	0	0	0	2	1	2	0	1	0	4	1	11	0	0	0	0	15	0	1	0	1	0	0	0	1	1	0	0	0	1	0	0	0	0	0	5	1	0	2	0	0	0	0	0	0	0	1	1	3	4	1	0	1	1	0	0	1	2	0	1	0	2	0	0	0	0	0	1	0	0	13
C4003	0	0	0	0	0	0	0	0	0	0	1	2	1	0	0	0	0	1	4	0	2	0	0	3	0	3	0	0	0	0	0	0	0	1	0	0	1	1	1	0	0	0	0	1	1	0	0	0	0	1	0	0	0	0	0	0	0	0	0	1	0	0	1	0	0	0	0	0	1	0	0	0	0	0	0	0	0	0
C4004	0	0	0	0	0	0	0	0	0	0	1	0	0	0	4	0	0	0	0	0	0	0	0	0	0	0	0	2	0	0	0	0	0	0	0	0	0	0	0	0	0	0	0	0	0	0	0	0	0	0	0	0	0	0	0	0	0	6	0	0	0	1	0	0	0	0	0	0	0	0	0	0	0	0	0	0	0	0
C4006	0	0	0	3	3	0	0	0	0	2	0	0	3	0	3	0	0	2	0	1	1	3	0	0	0	1	4	7	0	0	0	2	0	1	0	0	5	0	4	6	0	0	0	1	0	4	2	1	0	2	0	0	0	2	0	1	0	4	3	1	0	1	1	6	1	0	3	0	2	5	0	0	0	0	5	0	0	0
C4007	0	0	0	0	0	0	0	0	0	1	0	0	0	0	0	0	0	0	0	0	0	0	0	0	0	0	1	2	0	0	0	1	0	0	0	0	1	1	1	0	0	0	0	0	1	0	0	1	0	1	0	0	0	1	0	1	0	0	2	0	1	0	0	0	0	0	0	0	0	0	0	0	0	0	0	0	0	0
C4008	0	0	0	0	0	0	0	1	0	0	0	2	0	0	1	0	2	1	7	0	0	0	1	7	0	0	0	0	0	0	0	0	1	0	0	0	0	0	0	0	0	0	2	0	0	0	0	0	0	0	0	0	0	0	0	0	3	0	0	0	1	0	0	0	1	0	0	0	0	0	0	1	0	0	0	0	0	3
C4014	0	0	0	3	2	0	1	2	0	0	0	0	2	0	3	0	0	0	0	0	1	1	1	0	0	0	1	3	0	0	0	0	1	0	0	0	0	1	1	0	0	0	0	2	0	1	0	1	3	1	0	0	0	0	1	4	0	2	3	1	0	2	1	2	0	0	0	0	0	1	0	0	0	0	0	1	0	0
C4016	0	0	0	0	0	0	0	0	0	0	0	0	0	0	0	0	0	1	0	1	1	0	0	0	4	0	0	1	0	0	0	0	0	0	0	0	0	1	0	1	0	0	0	0	0	0	0	1	1	0	0	0	0	0	3	0	0	1	0	0	0	0	0	0	1	0	0	0	0	0	0	0	0	0	1	0	0	1
C4018	0	0	0	0	0	0	0	0	0	0	1	0	0	0	0	0	0	0	0	0	0	0	0	0	0	0	0	3	0	0	0	0	0	0	2	0	0	0	0	0	0	0	0	0	0	0	0	0	0	0	0	0	0	0	0	0	0	0	0	0	0	0	0	3	0	0	0	0	3	0	0	0	0	0	0	0	0	0
C4019	0	1	2	1	0	0	0	0	1	0	0	0	0	0	0	0	3	0	0	0	0	0	0	0	0	0	0	0	5	0	0	0	0	0	0	0	1	0	0	1	1	0	0	0	0	0	0	0	0	0	0	0	0	0	0	0	0	0	0	0	0	0	0	0	0	1	0	1	0	0	0	0	0	0	0	0	0	0
C4020	0	0	0	0	0	0	1	0	0	0	0	0	0	0	0	0	0	0	0	0	0	0	0	0	0	0	0	0	5	0	1	0	0	0	0	2	0	0	0	0	0	1	0	0	0	0	0	0	0	0	1	0	0	0	0	0	0	0	0	0	0	0	0	0	0	0	0	0	0	0	1	0	0	0	0	0	0	0
C4021	0	0	0	0	0	0	0	0	0	0	0	1	0	0	0	0	0	0	0	0	0	0	0	0	0	0	0	0	1	0	0	0	0	0	0	0	0	1	0	0	0	0	0	0	1	0	1	0	0	0	0	0	0	0	0	2	0	0	1	5	2	0	0	0	1	0	0	1	0	1	0	0	0	0	0	0	0	0
C4024	0	0	0	2	1	0	2	2	0	0	0	0	3	0	0	0	0	3	0	0	1	2	0	0	2	0	3	1	0	0	0	1	0	2	1	0	2	0	0	1	0	0	0	0	0	0	0	0	1	2	0	0	0	0	2	1	0	0	1	0	0	0	1	2	0	0	1	0	0	0	0	5	0	0	1	1	0	0
C4026	0	0	0	2	0	0	2	0	0	1	1	0	1	0	0	0	0	1	0	0	2	0	0	0	0	0	0	1	0	0	0	0	0	0	0	0	0	1	0	1	0	0	0	0	0	0	0	0	0	1	0	0	0	0	0	0	0	0	0	1	0	0	1	2	0	0	0	0	0	0	0	0	0	0	2	0	0	0
C4029	0	0	0	1	1	7	2	0	0	0	0	0	0	0	0	0	0	0	0	0	0	1	0	0	0	0	0	0	21	12	7	0	0	0	0	36	0	0	0	0	0	9	0	0	1	0	0	0	0	0	2	0	0	0	0	0	0	0	0	0	0	0	0	0	0	0	0	0	0	0	12	0	0	0	0	0	10	0
C4033	0	0	0	0	0	0	0	0	0	0	0	0	0	0	1	0	0	0	3	0	0	0	0	1	1	2	0	0	0	0	0	1	0	1	0	0	0	0	1	0	0	0	0	1	0	0	0	0	0	0	0	0	0	1	0	0	0	0	0	1	0	1	0	0	0	0	0	0	1	0	0	0	0	0	0	0	0	0
C4036	0	0	0	0	0	0	0	0	0	0	3	0	0	0	2	0	0	0	0	0	0	0	0	0	0	1	0	13	0	0	0	3	0	0	1	0	0	0	0	0	0	0	0	0	0	0	1	0	2	0	0	0	0	4	0	6	0	1	1	0	0	5	0	24	0	0	0	0	4	0	0	0	0	0	0	2	2	0
C4038	0	0	0	0	2	0	2	0	0	0	0	0	1	0	1	0	0	0	0	0	2	1	0	0	0	2	0	1	0	0	0	0	1	0	1	0	0	2	2	0	0	0	0	0	0	2	0	0	1	0	0	0	0	0	2	0	0	0	0	2	1	0	0	1	0	0	0	0	0	0	0	2	0	0	1	0	0	0
C4039	0	0	0	0	0	0	0	0	0	0	0	0	0	0	0	0	0	0	0	0	0	0	0	0	0	0	0	0	0	2	0	0	0	0	0	0	0	1	0	1	0	0	0	1	0	0	1	0	0	0	0	0	0	0	0	0	0	0	0	0	0	1	0	0	1	0	0	0	0	0	0	0	4	0	0	0	0	0
C4042	0	0	0	0	0	0	0	0	0	0	0	0	0	0	0	0	0	0	0	0	0	0	0	0	0	0	0	0	0	2	0	0	0	0	0	0	0	0	0	0	0	0	0	0	0	0	0	0	0	0	0	0	0	0	0	0	0	0	0	0	0	0	0	0	0	0	0	0	0	0	0	0	0	21	0	0	0	0
C4043	0	0	0	0	0	0	0	1	0	0	2	0	0	0	0	0	0	0	0	0	1	2	1	0	1	0	3	2	0	0	0	1	1	0	2	0	0	2	2	0	0	0	0	1	0	1	1	1	0	0	0	0	0	0	1	0	0	0	0	1	1	0	0	1	0	0	1	0	0	0	0	2	0	0	1	0	0	0
C4047	0	0	0	3	1	0	1	0	0	1	0	0	1	0	0	0	0	0	0	0	0	0	1	0	1	0	0	1	0	0	0	0	0	0	1	0	0	1	2	0	0	0	0	2	1	1	0	0	1	2	0	0	0	1	0	0	2	0	0	2	2	0	2	0	0	0	0	0	1	0	0	1	2	0	0	2	0	0
C4048	0	0	0	0	0	0	0	0	0	0	0	0	1	0	2	0	0	0	0	0	1	3	1	0	0	1	0	0	0	0	0	0	1	0	0	0	2	0	2	0	0	0	0	2	0	0	0	0	0	0	0	0	0	0	1	0	0	1	0	1	0	1	0	0	0	0	1	0	0	0	0	0	0	0	4	0	0	0
C4050	0	0	0	1	1	0	0	0	0	0	0	0	3	0	2	0	0	0	0	0	0	1	0	0	0	0	0	3	0	0	0	0	0	0	0	0	3	1	1	2	0	0	0	0	0	0	0	2	0	0	0	0	0	0	1	0	0	1	0	0	0	1	4	4	0	0	0	0	1	7	0	0	0	0	0	1	0	0
C4052	0	0	0	0	0	0	0	0	0	0	0	0	0	0	0	0	0	0	0	0	0	0	0	0	0	0	0	0	0	2	0	0	0	0	0	0	0	0	0	0	0	0	0	0	0	0	2	0	0	0	0	3	0	0	0	0	0	0	0	0	0	0	0	0	0	0	0	0	0	0	0	0	0	15	0	0	0	0
C4054	0	0	0	0	0	0	0	2	0	1	2	0	2	0	0	0	0	0	0	0	0	0	1	1	2	0	1	1	0	0	0	0	0	0	0	0	2	0	1	0	0	0	1	2	1	1	0	1	0	1	0	0	0	0	0	0	0	0	2	0	0	0	0	0	3	0	0	1	2	0	0	2	0	0	1	4	0	0
C4055	0	0	0	1	1	0	1	0	0	0	0	2	0	0	1	1	6	4	0	1	0	0	1	1	1	2	0	2	0	17	44	0	0	0	0	0	3	2	1	1	0	6	0	0	0	3	0	0	7	0	6	0	6	0	0	0	0	0	0	1	2	0	2	1	0	0	1	0	0	1	1	1	2	0	0	0	2	2
C4057	0	0	0	0	0	0	0	1	0	0	0	0	1	0	0	0	0	0	0	0	0	0	1	0	1	1	0	1	0	0	0	0	2	1	0	0	0	0	0	0	0	0	0	0	0	1	0	0	1	0	0	0	0	1	0	0	0	0	0	0	0	0	0	0	0	0	0	0	1	0	0	0	0	0	0	0	0	0
C4060	0	0	0	0	1	0	0	0	0	0	0	2	0	0	0	0	1	0	8	0	0	0	0	8	0	0	0	0	0	0	0	0	0	1	0	0	0	1	0	0	0	0	2	0	0	0	0	0	0	1	0	0	0	0	0	0	2	0	0	0	0	0	0	0	0	0	0	0	0	0	0	0	0	0	0	0	0	1
C4062	0	0	0	1	3	0	5	0	0	0	2	0	2	0	1	0	0	4	0	3	6	0	0	0	1	1	1	0	0	1	0	2	2	0	0	0	4	10	2	6	0	1	0	1	0	10	1	1	6	6	0	0	0	0	0	0	0	1	1	1	3	0	4	0	0	0	5	0	0	2	0	0	0	0	0	0	0	0
C4066	0	0	0	2	0	0	4	0	0	1	3	0	1	0	5	0	0	1	0	1	2	4	2	0	2	2	1	1	0	0	0	0	2	1	0	0	2	0	3	0	0	0	0	1	2	2	2	3	0	6	0	0	0	0	0	1	0	2	0	1	2	0	2	4	1	0	0	2	4	0	0	1	0	0	1	3	0	0
C4069	0	0	0	0	0	0	0	0	0	0	0	1	0	0	1	0	0	0	0	0	0	0	0	1	0	0	0	3	0	0	0	0	0	0	0	0	0	0	0	0	0	0	0	0	0	0	0	0	0	0	0	0	0	0	0	1	0	0	0	0	1	1	0	0	0	0	0	0	2	0	0	0	0	0	0	0	0	2
C4071	0	0	0	0	8	0	0	11	0	3	0	0	2	0	1	0	0	0	0	1	2	1	0	0	4	0	1	2	0	0	0	0	0	0	0	0	0	1	0	3	0	0	0	0	0	0	0	0	1	1	0	0	0	2	0	19	0	1	18	0	1	1	0	4	0	0	2	0	0	3	0	0	0	0	0	2	0	0
C4072	0	0	0	0	0	0	0	0	0	0	1	0	0	0	0	0	0	1	0	0	1	1	0	0	0	0	0	0	0	0	0	0	0	0	0	0	0	2	1	0	0	0	0	0	1	0	0	0	0	0	0	0	0	0	0	0	0	1	0	0	0	0	0	0	0	0	0	1	0	0	0	0	0	0	1	0	0	1
C4073	0	0	0	0	1	0	2	0	0	0	0	0	0	0	1	0	0	0	0	0	0	6	1	0	0	0	1	0	0	0	0	0	0	0	0	0	1	0	0	0	0	0	0	1	0	0	0	0	0	1	0	0	0	1	0	0	0	1	1	2	0	0	0	0	2	0	0	0	0	0	0	0	0	0	0	0	0	0
C4074	0	0	0	0	0	0	0	0	0	0	0	0	2	0	1	0	0	0	1	0	1	0	0	0	1	1	0	0	0	0	0	0	0	0	0	0	1	1	0	1	0	0	0	0	0	0	0	1	1	1	0	0	0	0	0	0	0	0	0	0	1	0	0	3	0	0	0	0	1	2	0	0	0	0	0	2	0	0
C4076	0	0	0	2	2	0	1	1	0	0	0	0	0	0	2	0	0	0	0	0	0	1	0	1	3	1	0	2	0	0	0	0	1	1	1	0	2	1	0	0	0	0	0	0	0	1	0	0	0	0	0	0	0	0	0	1	1	0	1	2	0	0	0	0	0	0	0	1	2	0	0	0	0	0	1	0	0	0
C4077	0	0	0	0	0	0	1	0	0	0	1	0	0	0	0	0	0	2	0	0	0	0	0	0	0	0	0	0	0	1	2	0	0	0	0	0	3	4	1	1	0	0	0	1	0	2	1	0	4	2	0	0	0	1	0	0	0	0	0	0	0	0	0	0	0	0	3	0	0	0	0	0	0	0	2	0	0	0
C4079	0	0	0	0	0	0	0	0	0	0	1	0	0	0	1	0	0	0	0	0	0	0	0	0	0	0	0	6	0	0	0	1	0	0	3	0	0	0	0	0	0	0	0	0	0	0	0	0	0	0	0	0	0	0	0	2	0	1	0	0	1	0	0	2	0	0	0	0	5	0	0	0	0	0	2	0	0	0
C4080	0	0	0	0	0	0	2	0	0	0	0	0	0	0	0	0	0	0	0	0	0	0	0	0	0	1	0	1	0	0	0	0	0	0	0	0	1	0	1	0	0	0	0	1	1	0	1	0	0	1	0	0	0	1	0	0	0	0	0	2	0	1	0	0	1	0	1	0	0	0	0	0	0	0	2	0	0	0
C4081	0	0	0	1	1	0	0	1	0	0	1	0	1	0	2	0	0	1	0	0	1	0	0	0	0	2	0	1	0	0	0	1	0	0	0	0	1	0	0	0	0	0	0	1	0	1	0	0	0	2	0	0	0	0	0	1	0	0	1	1	2	0	0	1	0	0	1	0	1	0	0	3	0	0	0	0	0	0
C4082	0	0	0	1	0	0	1	0	0	0	0	0	1	0	1	0	0	0	0	1	0	2	0	0	1	2	0	0	0	0	0	1	1	0	0	0	0	0	0	0	0	0	0	0	1	0	0	0	0	0	0	0	0	0	0	0	0	1	0	1	0	0	2	2	0	0	1	2	0	1	0	0	0	0	0	1	0	0
C4083	1	0	2	1	0	0	1	0	0	2	2	0	1	0	0	1	0	3	0	3	1	0	0	0	1	2	0	0	0	0	0	0	2	1	0	0	2	3	1	1	0	0	0	3	0	11	3	1	4	2	0	0	0	1	0	0	0	3	0	0	2	0	1	1	0	1	4	0	1	0	0	0	0	0	1	1	0	0
C4084	0	0	0	1	2	0	0	1	0	0	1	0	1	0	0	0	0	1	0	0	1	0	0	0	0	1	1	1	0	0	0	1	0	0	0	0	0	3	0	0	0	0	0	1	0	1	0	2	1	1	0	0	0	2	2	1	0	2	1	0	0	0	0	2	1	0	1	1	2	0	0	0	0	0	2	1	0	0
C4085	0	0	0	0	0	0	0	0	0	1	0	0	2	0	0	0	0	1	0	0	1	1	1	0	1	0	1	1	0	0	0	0	1	2	0	0	0	1	0	1	0	0	0	0	0	0	1	0	0	0	0	0	0	1	0	0	0	0	1	1	0	0	0	0	0	0	0	0	2	0	0	0	0	0	0	0	0	0
C4087	0	0	0	0	2	0	0	0	0	0	0	0	0	0	0	0	2	0	0	1	0	0	1	0	0	1	2	0	0	3	2	0	1	0	0	0	0	2	0	0	0	1	0	0	0	0	0	0	5	1	0	0	0	1	0	0	0	0	0	0	0	0	0	0	0	0	0	0	0	0	0	0	1	0	0	0	1	0
C4088	0	0	0	4	0	0	5	0	0	1	6	0	2	0	3	0	0	9	0	1	5	0	1	0	1	1	0	2	0	3	8	0	2	0	0	0	3	4	0	1	0	1	0	8	1	11	1	2	14	3	1	0	0	3	1	0	0	0	0	0	3	0	0	0	0	0	10	0	0	0	0	0	0	0	0	0	2	0
C4089	0	0	0	0	0	0	1	0	0	0	0	0	1	0	4	0	0	1	0	0	1	0	0	0	0	1	0	2	0	0	0	0	0	0	0	0	1	1	0	1	0	0	0	1	0	0	0	0	0	0	0	0	0	0	0	0	0	0	1	0	0	0	2	3	0	0	1	0	0	1	0	0	0	0	0	0	0	0
C4091	0	0	0	0	0	0	0	0	0	0	0	1	0	0	0	0	0	5	0	0	0	0	0	0	0	0	0	0	0	4	11	0	0	1	0	0	0	0	2	0	1	0	0	0	0	0	0	0	2	1	1	0	0	1	0	0	0	0	0	4	1	0	1	0	0	0	0	0	0	0	1	0	1	0	0	0	1	0
C4092	0	0	0	0	0	0	0	0	0	0	0	2	0	0	0	0	0	0	2	0	0	1	0	1	0	0	0	0	0	0	0	0	0	0	0	0	0	0	0	0	0	0	0	0	0	0	0	0	0	0	0	0	0	1	0	0	4	0	0	0	0	0	0	0	0	0	0	0	0	0	0	0	0	0	0	0	0	1
C4094	0	0	0	0	0	0	0	0	0	0	0	0	0	0	0	0	2	0	0	0	0	0	0	0	0	0	0	0	18	0	0	0	0	0	0	0	0	0	0	0	0	0	0	0	0	0	0	0	0	0	0	0	0	0	0	0	0	0	0	0	0	0	0	0	0	0	0	0	0	0	1	0	0	0	0	0	0	0
C4097	0	0	0	1	0	0	1	0	0	1	0	0	1	0	0	0	0	0	0	0	0	0	0	0	0	2	0	0	0	1	0	0	0	0	0	0	1	2	0	0	0	0	0	1	0	4	0	0	1	4	0	0	0	0	0	0	0	0	0	2	1	0	1	0	0	0	5	0	0	0	0	0	0	0	0	0	0	0
C4098	0	0	0	1	0	0	2	0	0	0	2	0	1	0	1	0	0	1	0	1	0	0	0	0	0	1	1	0	0	0	0	2	0	0	0	0	0	2	1	0	0	1	0	0	2	1	0	0	1	0	0	0	0	2	0	0	0	0	0	2	0	1	0	0	0	0	1	0	0	0	1	0	0	0	0	0	0	0
C4099	0	0	0	0	2	0	1	0	0	0	1	0	0	0	1	0	0	0	0	0	0	0	0	0	0	0	0	3	0	0	0	2	1	0	0	0	2	1	0	1	0	0	0	4	0	1	1	0	1	0	0	0	0	0	1	0	0	0	1	0	3	0	0	1	1	0	1	0	0	1	0	0	0	0	0	1	0	0
C4101	0	0	0	0	0	0	0	0	0	0	0	0	1	0	0	0	0	1	0	0	0	3	0	0	0	1	0	0	0	0	0	1	1	0	0	0	0	0	1	0	0	0	0	2	0	0	0	0	0	1	0	0	0	0	0	0	0	0	0	0	0	0	0	0	1	0	0	0	0	0	0	0	0	0	0	0	0	0
C4103	0	0	0	0	0	0	0	1	0	0	0	0	1	0	0	0	0	0	0	1	2	1	0	0	1	0	0	2	0	0	0	0	0	0	0	0	3	1	1	0	0	0	0	1	1	2	0	0	0	1	0	0	0	0	0	2	0	1	1	1	0	0	1	2	0	0	0	0	0	5	0	0	0	0	0	3	0	0
C4105	0	0	0	0	0	0	2	0	0	1	0	0	0	0	0	0	0	0	0	0	1	0	0	0	1	0	3	0	0	0	0	2	0	0	0	0	0	0	0	6	0	0	0	0	0	0	0	0	4	0	0	0	0	0	0	0	2	0	0	0	4	0	0	0	9	0	0	0	0	0	0	1	0	0	3	8	0	0
C4106	0	0	0	0	0	0	0	0	0	0	0	0	1	0	0	0	0	1	0	0	2	3	0	0	0	4	0	2	0	0	0	0	1	0	0	0	3	0	2	1	0	0	0	6	0	0	1	0	0	5	0	0	1	3	5	0	0	0	0	1	0	1	0	0	1	0	4	0	1	0	0	1	0	0	0	0	0	0
C4109	0	0	0	0	0	0	0	0	0	0	0	0	3	0	2	0	0	3	0	0	2	7	1	0	0	2	0	1	0	0	0	2	4	0	0	0	4	0	3	0	0	0	0	4	0	0	0	0	1	2	0	0	0	0	0	0	0	1	0	1	0	2	0	0	2	0	1	0	1	0	0	0	0	0	1	0	0	0
C4112	0	0	0	0	3	0	2	1	0	0	1	0	5	0	0	0	0	3	0	0	3	3	0	0	0	1	0	2	0	0	0	1	1	1	0	0	6	0	4	1	0	0	0	7	1	2	0	0	2	2	0	0	0	2	0	0	0	13	1	7	2	2	0	0	2	0	0	0	0	0	0	1	0	0	2	0	0	0
C4114	0	0	0	0	0	0	0	0	0	0	0	0	0	0	0	0	0	7	0	0	0	0	0	0	1	15	1	0	0	0	0	0	0	0	1	0	0	0	0	0	0	0	0	0	0	0	0	0	0	0	0	0	0	1	0	0	0	0	0	0	0	0	0	0	0	0	0	0	0	0	0	0	0	0	0	0	0	0
C4115	0	0	0	0	2	0	0	0	0	0	0	0	2	0	2	0	0	1	0	0	5	1	1	0	1	13	0	1	0	0	0	0	1	0	0	0	3	0	1	0	0	0	0	3	1	0	0	0	0	1	0	0	0	2	0	0	0	1	0	5	0	2	0	0	0	0	2	0	0	0	0	0	0	0	0	0	0	4
C4116	0	0	0	0	1	0	0	0	0	0	0	0	0	0	5	0	0	0	0	1	4	0	5	0	0	2	0	13	0	0	1	2	1	3	3	0	0	0	0	1	0	0	0	0	0	0	2	0	0	4	1	0	0	5	0	10	0	1	0	2	0	1	0	0	5	0	1	0	0	1	0	1	0	0	0	0	0	0
C4121	0	0	0	0	1	0	2	0	0	1	1	0	1	0	0	0	0	1	0	0	2	2	0	0	0	1	1	1	0	0	0	1	1	0	0	0	1	3	0	1	0	0	0	1	0	1	1	0	0	0	0	0	0	0	0	1	0	0	0	2	1	0	0	2	0	0	0	3	3	0	0	4	0	0	1	0	0	0
C4125	0	0	0	0	2	0	4	0	0	8	0	0	0	0	3	0	0	2	0	2	10	0	3	0	0	0	2	1	0	0	0	2	3	1	1	0	0	15	0	6	2	2	0	2	1	2	12	0	20	3	0	0	2	3	0	0	0	0	0	0	2	0	1	0	1	0	4	0	0	0	0	0	0	0	0	0	0	0
C4130	1	0	4	7	13	0	8	0	0	3	9	0	20	0	38	2	0	7	0	11	222	4	0	0	1	15	6	3	0	0	2	2	21	5	3	0	8	9	1	0	1	0	0	11	10	30	1	2	159	13	1	2	0	23	2	0	0	2	2	4	4	9	26	0	1	0	19	0	3	1	0	2	1	0	6	2	0	0
C4131	0	0	0	0	0	0	0	10	0	0	28	0	0	0	4	0	0	0	0	0	1	0	0	0	18	0	1	15	0	0	0	23	0	0	20	0	0	0	0	0	0	0	0	0	0	1	1	0	1	0	0	0	0	10	0	5	0	1	0	0	9	3	0	23	0	0	0	0	35	0	0	0	0	0	0	2	0	0
C4132	0	0	0	0	0	0	0	0	0	0	0	0	0	0	0	0	0	0	5	0	0	0	0	3	0	0	0	0	0	0	0	0	0	0	0	0	0	0	0	0	0	0	0	0	0	0	0	0	0	0	0	0	0	0	0	0	3	0	0	0	0	0	0	0	0	0	0	0	0	0	0	0	0	0	0	0	0	1
C4133	9	2	8	0	0	0	0	0	0	0	0	2	0	19	0	1	4	0	33	0	0	0	0	16	0	0	0	0	0	0	0	0	0	0	0	0	0	0	0	0	16	2	6	0	0	0	0	0	0	0	60	5	0	0	0	0	13	0	0	0	0	0	0	0	0	5	0	0	0	0	0	0	0	0	0	0	0	7
C4137	0	0	0	1	1	0	0	0	0	1	0	0	0	0	1	0	1	1	0	0	0	0	1	0	0	2	0	0	0	0	0	0	0	0	0	0	1	1	0	0	0	1	0	1	0	2	1	0	0	1	0	0	0	1	0	0	0	0	0	0	1	0	1	0	0	0	0	0	0	0	0	0	0	0	0	0	0	0
C4139	0	0	0	0	0	7	0	0	0	0	0	0	0	0	0	0	2	0	0	0	0	0	0	1	0	0	0	0	10	0	0	0	0	0	0	0	0	0	0	0	0	3	4	0	0	0	0	0	0	0	1	0	0	0	0	0	0	0	0	0	0	0	0	0	0	0	0	0	0	0	131	0	0	0	0	0	0	0
C4140	0	0	1	0	0	0	0	0	0	0	0	0	0	0	0	0	0	0	0	0	0	0	0	0	0	0	0	0	0	0	0	0	6	0	0	0	0	0	0	0	0	0	0	0	0	0	0	0	0	0	0	0	0	0	0	0	0	0	0	0	0	0	0	0	0	5	0	0	0	0	0	0	0	0	0	0	0	1
C4143	0	0	0	0	0	0	0	0	0	0	0	0	0	0	0	0	0	0	0	0	0	0	1	0	1	4	2	1	0	0	0	0	0	0	2	0	0	0	0	0	0	0	0	0	0	0	0	0	0	0	0	0	0	0	0	0	0	2	1	0	0	0	0	0	1	0	0	0	1	2	0	0	0	0	0	0	0	0
C4145	0	0	0	0	0	0	0	0	0	0	0	2	0	0	0	0	6	0	12	0	0	0	0	15	0	0	0	0	0	0	0	0	0	0	0	0	1	0	0	0	0	1	2	0	0	0	0	0	0	0	0	0	0	0	0	0	4	0	0	0	0	0	0	0	0	0	0	0	0	0	0	1	0	0	0	0	0	6
C4148	0	0	0	2	1	0	1	0	0	1	5	0	0	0	4	1	1	3	0	2	0	0	1	1	0	1	0	3	0	0	1	0	0	1	0	0	5	6	0	0	0	4	0	4	0	5	4	0	4	3	3	1	0	2	0	0	0	0	2	2	3	0	1	1	0	0	7	0	0	0	1	0	0	0	0	0	2	3
C4149	0	0	0	2	2	0	0	6	0	1	4	0	0	0	3	0	0	3	0	2	0	1	14	0	3	9	11	6	0	0	0	10	1	0	4	0	0	6	0	7	3	0	0	2	1	3	0	0	0	0	0	1	0	0	1	5	0	6	9	0	8	4	2	6	4	5	0	0	12	21	0	2	0	0	0	2	0	0
C4150	0	0	0	0	4	0	0	8	0	2	0	0	1	0	1	0	1	0	0	2	0	1	1	0	2	3	0	0	0	0	0	2	1	0	0	0	1	0	0	1	0	0	0	0	0	0	0	1	2	0	1	0	0	0	1	21	0	0	11	1	1	2	2	0	0	0	1	0	0	0	0	0	0	0	0	1	0	0
C4151	0	0	0	0	0	0	0	0	0	0	0	0	0	0	0	0	0	0	0	0	0	0	0	0	0	0	0	0	0	0	0	1	0	4	0	0	0	0	0	0	0	0	0	0	0	0	0	0	0	0	0	0	0	0	0	0	0	0	0	0	0	0	0	0	0	0	0	0	0	0	0	0	8	0	0	0	0	0
C4152	0	0	0	0	2	0	0	3	0	0	0	0	0	0	0	0	0	0	0	1	0	0	0	0	0	0	0	0	0	0	0	0	0	0	0	0	0	1	0	0	0	0	0	0	0	0	0	0	0	0	0	0	0	0	0	6	0	0	3	0	0	0	0	2	0	0	0	0	0	0	0	1	0	0	0	0	0	0
C4153	0	0	0	0	0	0	0	0	0	1	0	3	0	0	1	0	14	0	21	0	1	0	0	36	0	0	0	0	0	0	0	0	0	0	0	0	0	0	0	0	0	0	8	0	0	0	0	0	0	0	0	0	0	0	0	1	21	0	0	0	0	0	0	0	0	0	0	0	2	0	0	0	0	0	0	0	0	22
C4154	0	0	0	0	0	0	1	0	0	0	0	1	1	0	3	0	1	2	2	0	1	0	0	2	1	2	0	0	0	0	0	1	0	2	0	0	1	0	0	0	0	0	1	1	1	2	1	0	0	0	0	0	1	0	0	0	0	0	0	0	0	2	2	0	0	0	2	0	2	0	0	1	0	0	0	0	0	0
C4156	0	0	0	0	0	0	0	0	0	0	0	4	1	0	0	0	5	1	18	0	0	3	0	17	0	0	0	0	0	0	0	0	0	0	0	0	1	0	0	0	0	0	5	0	0	0	1	0	0	0	0	0	0	0	0	0	10	1	1	0	0	0	0	0	0	0	0	0	0	0	0	2	0	0	0	1	0	6
C4157	0	0	0	0	0	0	0	0	0	0	0	3	0	0	0	0	0	0	7	0	0	0	0	17	0	0	0	0	0	0	0	0	0	0	0	0	0	0	0	0	0	2	1	0	0	0	0	0	0	0	0	0	0	0	0	0	1	0	0	0	0	0	0	0	0	0	0	0	1	0	0	0	0	0	0	0	1	1
C4159	0	0	0	1	32	0	1	0	0	4	16	0	16	0	14	0	0	8	0	6	1	6	25	1	2	7	1	9	0	0	0	13	8	13	3	0	7	7	3	11	0	0	1	34	0	5	4	0	0	0	0	0	0	22	1	63	0	27	1	7	5	9	7	4	11	0	10	0	15	3	0	0	0	0	21	0	0	0
C4161	0	0	0	0	0	0	0	1	0	0	5	0	0	0	0	0	0	0	0	0	0	0	0	0	2	0	0	8	0	0	0	1	0	0	0	0	0	0	0	0	0	0	0	0	0	0	2	0	0	0	0	0	0	1	0	3	0	0	0	0	2	0	0	8	0	0	0	0	5	0	0	0	0	0	1	1	1	0
C4162	1	0	0	1	2	0	4	2	0	1	3	0	1	0	3	0	0	2	5	1	0	7	0	3	1	3	4	1	0	0	0	3	5	1	0	0	5	0	5	1	0	1	0	4	0	1	1	1	1	0	0	1	2	2	3	0	2	3	0	1	1	2	1	2	0	0	5	2	1	0	0	2	0	0	2	1	0	1
C4163	0	0	0	0	1	0	0	2	0	1	0	0	1	0	0	0	0	0	0	0	0	0	0	0	0	0	1	3	0	0	0	0	0	0	0	0	1	0	1	2	0	0	0	1	0	0	0	1	0	0	0	0	0	1	0	5	0	1	2	0	0	0	0	1	0	0	1	0	0	1	0	0	0	0	1	1	0	0
C4165	0	0	0	6	24	1	3	3	0	1	2	0	2	0	0	0	0	0	0	5	0	4	0	0	0	2	2	1	0	0	0	2	6	2	0	0	9	0	8	5	0	0	0	2	2	0	0	1	2	0	21	0	0	2	2	4	0	1	8	1	3	3	8	11	1	0	1	0	1	5	0	1	0	0	0	5	5	0
C4166	0	0	0	0	0	0	1	0	0	0	2	0	1	0	0	0	0	1	0	0	1	0	0	0	0	0	1	1	0	0	0	0	1	1	0	0	0	0	0	0	0	0	0	0	0	0	0	0	0	0	0	0	0	0	0	0	0	0	0	1	0	0	0	1	0	0	0	0	1	0	0	0	0	0	0	0	0	0
C4167	0	0	0	0	1	0	0	2	0	2	1	0	0	0	2	0	0	1	0	2	1	0	0	0	0	0	0	0	0	0	0	0	0	0	0	0	0	0	1	0	0	0	0	1	1	2	1	0	3	2	0	0	0	0	0	3	0	1	1	0	1	0	1	1	0	0	1	1	0	1	0	0	0	0	0	0	0	0
C4169	0	0	0	1	0	0	0	0	0	0	2	9	1	0	1	0	9	0	36	0	0	1	0	50	1	0	1	0	0	0	0	0	0	1	0	0	2	0	0	1	0	0	14	1	1	1	0	0	0	0	0	0	0	1	1	1	17	0	0	1	1	3	1	2	0	0	1	1	1	0	0	1	0	0	0	0	0	22
C4175	0	0	0	0	1	0	0	0	0	0	0	0	0	0	2	0	0	0	0	1	1	1	0	0	1	6	0	0	0	0	0	0	0	0	0	0	0	0	0	0	0	0	0	1	0	0	0	0	0	0	0	0	0	0	0	0	0	1	0	1	0	2	0	0	0	0	1	0	0	0	0	0	0	0	1	0	0	0
C4177	0	0	0	0	0	0	0	0	0	0	2	0	0	0	1	0	0	0	0	0	0	0	0	0	0	0	0	3	0	0	0	0	0	0	3	0	0	0	0	0	0	0	0	0	0	0	0	0	0	0	0	0	0	1	0	0	0	0	0	0	0	0	0	4	0	0	0	0	1	0	0	1	0	0	0	0	0	0
C4178	0	0	0	0	6	0	0	2	0	0	8	0	3	0	1	0	0	1	0	1	0	2	0	0	1	1	1	1	0	0	0	3	0	0	0	0	2	3	5	1	0	0	0	1	0	0	0	1	0	1	0	0	0	2	0	3	0	0	0	2	0	3	3	20	0	0	0	0	0	4	0	0	0	0	0	7	0	0
C4179	0	0	0	2	0	0	0	0	0	0	0	0	4	0	0	0	0	4	0	1	1	2	8	0	27	3	6	11	0	0	0	1	1	0	1	0	1	2	6	10	0	0	0	0	0	5	0	6	16	0	0	0	0	0	3	0	0	13	2	8	0	3	1	0	3	0	0	0	11	0	0	4	0	0	4	0	0	7
C4180	0	0	0	0	0	0	0	0	0	0	4	0	0	0	0	0	0	0	6	0	0	0	0	0	0	1	0	0	0	0	0	0	2	7	0	0	2	0	0	0	0	0	0	0	0	0	0	0	0	0	0	0	0	0	0	0	0	0	2	0	2	0	0	0	0	0	0	0	0	0	0	4	0	0	0	0	0	0
C4181	0	0	0	0	0	0	0	0	0	0	0	1	0	0	0	0	1	0	4	0	0	0	0	1	0	0	0	0	0	0	0	0	0	0	0	1	0	0	0	0	0	1	0	0	0	0	0	0	0	0	2	0	0	0	0	0	0	0	0	0	0	0	0	0	0	0	0	0	0	0	1	0	0	0	0	0	2	0
C4183	0	0	0	0	1	0	2	0	0	0	1	0	1	0	1	0	0	3	0	0	1	0	1	0	0	0	1	0	0	0	0	1	3	0	0	0	1	1	1	1	0	0	0	2	1	3	0	0	0	0	0	0	0	0	1	1	0	3	1	0	2	2	0	2	1	0	0	0	2	0	0	1	0	0	1	2	0	0
C4187	0	0	0	0	0	0	1	0	0	0	1	2	3	0	0	2	0	1	8	0	2	1	0	9	0	1	0	1	0	0	0	0	0	1	0	0	4	0	1	1	0	0	0	0	0	0	0	0	0	2	0	0	0	0	0	0	0	1	0	0	0	1	0	0	1	0	1	0	0	0	0	0	0	0	0	0	0	1
C4190	0	0	0	0	0	0	0	0	0	1	5	0	1	0	0	0	0	26	0	0	1	0	4	0	0	0	4	1	0	0	0	1	0	2	0	0	0	2	0	1	0	0	0	1	0	0	0	0	0	0	0	0	0	0	0	0	0	0	0	1	0	0	0	0	0	0	0	0	0	0	0	0	0	0	0	0	0	0
C4195	0	0	0	0	0	0	16	8	0	0	2	0	1	0	0	0	0	7	0	0	0	1	12	0	0	1	0	1	0	0	0	18	1	0	0	0	2	9	0	0	0	0	0	2	3	0	4	0	1	0	0	0	0	0	7	0	0	1	12	32	2	22	0	0	7	0	0	0	0	0	0	0	0	0	0	0	0	0
C4197	0	0	0	0	0	0	0	0	0	0	0	0	0	0	0	0	0	0	0	0	0	0	0	0	0	0	0	0	20	0	0	0	0	0	0	0	0	0	0	0	0	0	0	0	0	0	0	0	0	0	1	0	0	0	0	0	0	0	0	0	0	0	0	0	0	0	0	0	0	0	0	0	0	0	0	0	0	0
C4200	0	0	0	0	5	0	0	4	0	1	0	0	0	0	0	0	0	0	0	0	0	0	0	0	0	0	0	0	0	0	0	1	1	0	0	0	0	0	1	1	0	0	0	0	0	0	0	0	0	1	0	0	0	0	0	8	0	0	4	1	0	0	0	1	0	0	0	0	0	0	0	0	0	0	0	0	0	0
C4203	0	0	0	0	0	0	2	0	0	0	0	0	0	0	2	0	0	1	0	0	0	0	0	0	0	0	0	0	0	0	0	6	0	38	2	0	0	0	0	0	0	8	0	0	0	0	3	0	0	0	1	0	0	0	0	0	0	0	0	0	40	0	0	0	4	0	0	0	0	0	0	0	0	0	1	3	0	0
C4204	0	0	0	2	0	0	0	0	0	1	8	0	0	0	0	0	0	0	0	0	0	0	0	0	0	0	0	0	0	0	0	6	0	0	0	0	0	0	2	0	0	0	0	0	0	0	3	0	10	0	0	0	0	0	0	0	0	0	0	1	1	0	0	0	0	0	0	0	0	8	1	0	0	0	0	1	0	0
C4205	0	0	0	0	0	0	0	0	0	0	0	0	0	0	0	0	0	0	0	0	0	0	0	0	0	0	2	0	0	0	0	7	0	0	0	0	0	0	0	0	0	0	0	0	0	0	0	0	0	0	0	0	0	0	0	0	0	0	1	0	0	0	0	0	0	0	0	0	0	0	0	0	0	0	0	9	0	0
C4208	0	0	0	0	0	0	1	0	0	0	4	0	0	0	0	0	0	1	0	1	0	3	0	0	0	2	0	0	0	0	0	0	1	1	0	0	1	0	2	1	0	0	0	2	0	0	1	0	0	3	0	0	0	0	3	0	0	3	0	1	0	1	0	0	1	0	1	0	0	0	0	0	0	0	1	0	0	0
C4210	0	0	0	0	3	0	0	0	0	0	3	0	4	0	3	0	0	0	0	1	5	0	2	0	0	0	0	0	0	0	3	1	1	0	0	0	1	1	0	0	0	0	0	0	0	1	1	0	4	1	0	0	0	1	0	0	0	0	0	1	0	0	2	0	0	0	2	0	0	0	0	0	0	0	0	0	0	0
C4214	0	0	0	0	0	0	3	0	0	0	0	0	0	0	0	0	0	0	0	0	0	0	0	0	0	2	0	0	0	0	0	1	0	0	0	0	1	0	0	0	0	0	0	3	0	0	1	0	0	1	0	0	0	1	0	0	0	1	0	1	1	0	0	0	0	0	0	0	0	0	0	0	0	0	1	0	0	0
C4215	0	0	0	0	0	0	0	0	0	0	0	0	0	0	0	0	0	0	0	0	0	0	0	0	0	0	0	0	0	0	0	0	2	0	0	0	0	0	0	0	0	0	0	0	0	0	0	0	0	0	0	10	0	0	0	0	0	0	0	0	0	0	0	0	71	0	0	0	0	0	0	0	0	0	0	0	0	0
C4217	0	0	0	3	0	0	2	0	0	0	1	0	0	0	0	0	0	0	0	3	0	0	0	0	0	0	0	0	0	1	2	0	0	0	0	0	1	0	0	0	0	0	0	2	0	4	0	0	0	2	0	0	0	0	1	0	0	0	0	1	0	0	0	0	0	0	6	0	0	0	0	0	0	0	1	0	0	0
C4222	0	0	0	2	1	0	0	0	0	0	0	0	2	0	0	0	0	0	0	0	0	0	0	0	1	0	1	0	0	0	0	0	0	0	0	0	3	0	3	0	0	0	0	0	0	0	1	1	0	0	0	0	0	0	1	0	0	0	0	0	0	0	0	0	0	0	1	0	0	0	0	1	0	0	0	0	0	0
C4225	0	0	0	0	0	0	0	0	0	0	1	0	0	0	0	0	0	0	0	0	1	1	0	0	0	1	0	1	0	0	0	1	0	0	0	0	0	1	0	0	0	0	0	0	0	0	0	0	0	0	0	0	0	1	0	0	0	0	0	0	0	0	1	0	0	0	0	0	0	0	0	0	0	0	0	2	0	0
C4228	0	0	0	0	0	0	0	0	0	0	0	1	0	0	0	0	0	0	2	0	0	0	0	9	0	0	0	0	0	0	0	0	0	0	0	0	0	0	0	0	0	0	1	0	0	0	0	0	0	0	1	0	0	0	0	0	0	0	0	0	0	0	0	0	0	0	0	0	0	0	0	0	0	0	0	0	0	1
C4230	0	1	0	1	3	0	2	0	0	0	1	0	1	0	2	0	0	1	0	1	2	0	1	0	0	0	0	0	0	0	9	0	2	3	0	0	0	6	0	0	0	1	0	4	2	7	1	1	5	0	1	0	1	3	0	0	0	1	2	0	2	1	2	1	1	0	4	1	0	2	3	0	0	0	1	0	0	0
C4233	0	0	0	0	0	0	1	0	0	14	0	0	0	0	0	0	0	0	0	0	0	0	0	0	0	0	0	1	0	0	0	0	2	0	0	0	0	1	0	0	0	0	0	0	0	0	1	0	1	1	0	0	2	0	0	0	0	0	1	2	8	0	0	0	4	0	0	0	0	0	0	0	0	0	2	0	0	0
C4234	0	1	0	0	2	0	1	0	0	0	0	0	1	0	1	0	0	1	0	0	0	0	0	0	0	4	1	1	0	0	0	0	2	0	0	0	0	1	0	1	0	0	1	0	0	0	0	0	0	0	0	0	0	0	0	1	0	0	1	0	1	0	0	0	1	0	0	0	1	0	0	0	0	0	0	0	0	0
C4235	0	0	0	0	0	0	0	1	0	0	0	0	0	0	0	0	0	0	0	0	0	0	1	0	0	0	0	0	0	0	0	2	0	0	0	0	0	0	0	0	0	0	0	0	0	0	0	0	0	0	0	0	0	2	1	0	0	0	1	2	0	1	0	0	0	0	0	0	0	0	0	0	0	0	0	0	0	0
C4236	0	0	0	0	1	0	2	0	0	2	0	0	0	0	1	0	0	0	0	2	1	0	1	0	0	1	0	0	0	0	7	0	1	1	0	0	1	3	0	0	0	2	0	3	0	8	3	0	3	4	0	0	0	0	0	0	0	0	0	0	0	1	0	0	0	0	8	0	0	0	0	0	0	0	0	0	1	0
C4237	0	0	0	0	0	0	0	0	0	0	0	1	0	0	0	0	1	0	0	1	0	1	0	0	0	0	0	2	0	0	0	0	0	0	0	0	0	0	0	1	0	0	0	0	0	1	0	0	0	0	0	0	0	1	1	0	0	0	0	0	1	0	0	1	0	0	0	0	0	4	0	0	0	0	0	0	0	0
C4239	0	0	0	0	0	0	3	0	0	0	0	0	0	0	0	0	0	0	0	0	2	0	0	0	0	0	0	0	0	0	0	0	2	0	0	0	1	0	0	0	0	0	0	0	0	0	0	0	1	1	0	0	0	0	0	0	0	0	0	0	0	0	0	0	0	0	1	0	0	0	0	0	0	0	0	0	0	0
C4240	0	0	0	0	0	0	0	0	0	0	0	0	0	0	0	0	0	0	0	0	0	0	0	0	0	0	0	0	0	0	0	0	2	0	0	0	0	0	0	0	0	0	0	0	0	0	0	0	0	2	0	0	0	0	0	0	0	0	0	0	4	0	0	0	0	0	0	0	0	8	0	4	0	0	0	2	0	0
C4241	0	0	0	0	0	0	1	0	0	0	4	0	2	0	2	0	0	0	2	0	7	4	2	0	0	8	0	6	0	0	0	3	1	2	0	0	4	0	6	1	0	0	0	4	0	1	0	0	0	5	0	0	0	4	0	0	0	1	0	2	0	2	0	0	3	0	1	0	2	0	0	0	0	0	2	0	0	0
C4242	0	0	0	0	5	0	0	1	0	0	2	0	2	0	0	0	0	0	0	1	0	0	1	0	0	1	0	2	0	0	0	0	0	0	0	0	1	2	2	1	0	0	0	0	3	2	0	0	0	1	0	0	0	0	1	7	0	1	3	0	2	3	0	1	0	0	2	0	1	3	0	0	0	0	0	1	0	0
C4243	0	0	0	0	0	0	0	0	0	0	0	0	0	0	0	0	0	0	0	1	1	0	0	0	0	1	0	0	0	0	0	0	2	1	0	0	0	2	0	0	0	0	0	0	0	0	2	0	0	0	0	0	0	0	0	0	4	0	0	0	0	0	0	0	3	0	0	0	0	0	0	0	0	0	0	0	0	0
C4249	0	0	0	0	0	0	0	0	0	0	0	0	0	0	0	0	0	0	0	0	0	0	0	0	0	0	0	6	0	0	0	0	0	0	2	0	0	0	0	0	0	0	0	0	0	0	0	0	0	0	0	0	0	0	0	0	0	0	0	0	0	0	0	0	3	0	0	0	0	0	0	0	0	0	0	0	0	0
C4251	0	0	0	1	0	0	0	6	0	0	0	0	1	0	0	0	0	0	0	0	0	0	0	0	0	0	0	0	0	0	0	5	0	0	10	0	0	0	0	0	0	0	0	2	0	0	0	0	0	0	0	0	0	0	2	1	0	0	0	6	0	4	0	0	0	0	0	0	0	0	0	0	0	0	0	0	0	0
C4253	0	0	0	0	3	0	0	0	0	0	0	0	0	0	10	0	0	8	0	11	5	3	1	0	0	16	0	12	0	0	0	5	1	1	2	0	0	1	2	6	0	0	0	2	0	0	0	0	0	3	0	0	0	1	7	0	0	16	0	2	1	4	2	0	8	0	25	0	0	0	0	0	0	0	62	0	0	0
C4259	0	0	0	0	0	0	0	0	0	0	0	0	1	0	0	0	0	1	0	0	0	0	1	0	0	0	0	0	0	0	1	0	0	0	0	0	0	1	0	0	0	0	0	0	0	3	0	0	0	0	0	0	0	0	0	0	0	0	0	0	0	0	1	0	0	0	2	0	0	0	0	0	0	0	0	0	0	0
C4261	0	0	0	0	0	0	0	0	0	0	0	0	0	0	0	0	0	0	0	1	0	0	0	1	1	0	0	0	0	0	0	0	0	0	0	0	0	0	1	0	0	0	0	0	0	0	0	1	0	0	0	0	0	0	0	0	1	0	0	1	1	0	0	1	0	0	0	1	0	0	0	2	0	0	1	0	0	1
C4262	0	0	0	8	5	0	5	1	0	2	3	0	0	0	6	0	0	7	0	4	17	0	1	1	4	2	1	4	0	0	0	3	3	2	3	0	3	4	2	0	0	0	0	6	2	13	0	2	17	12	0	0	0	6	2	0	0	2	0	3	2	2	2	0	10	0	7	0	1	0	0	1	0	0	2	1	0	0
C4264	0	0	0	0	0	0	0	0	0	0	0	0	1	0	0	0	0	0	0	0	0	0	0	0	0	0	0	0	0	0	0	1	0	0	1	0	0	0	0	0	0	0	0	1	0	0	1	0	0	0	1	0	0	1	0	1	0	0	1	3	0	0	0	0	0	0	0	0	2	0	0	0	0	0	0	0	0	0
C4266	0	0	0	1	0	0	1	5	0	0	0	0	1	0	0	0	1	0	0	0	0	0	6	0	0	0	0	0	5	0	0	3	0	0	5	0	0	11	0	0	0	1	0	0	0	0	0	0	0	0	1	0	0	0	9	2	0	0	1	24	1	3	1	0	0	0	0	0	0	0	0	0	0	0	0	1	0	0
C4267	0	0	0	1	9	0	0	7	0	1	1	0	4	0	0	0	0	0	0	3	1	1	1	0	2	1	0	8	0	0	0	3	2	3	0	0	3	2	2	4	0	0	0	0	0	1	1	1	0	4	0	0	0	2	0	7	0	1	6	1	1	10	2	3	2	0	1	0	0	4	0	0	0	0	1	2	0	0
C4268	0	0	0	1	1	0	1	0	0	0	1	0	0	0	2	0	0	0	0	0	0	4	0	0	0	1	1	3	0	0	0	0	2	1	0	0	0	1	1	1	0	0	0	1	0	0	0	2	0	1	0	0	0	1	1	0	0	0	2	1	1	0	0	0	1	0	1	2	1	0	0	6	0	0	1	1	0	0
C4269	0	0	0	0	0	0	0	0	0	0	3	0	0	0	0	0	0	1	0	0	4	0	4	1	1	0	1	0	0	0	0	6	0	0	0	0	2	0	0	0	0	0	0	0	0	0	0	0	2	0	0	0	0	0	0	0	0	0	0	1	0	8	0	0	20	0	0	0	0	0	0	0	0	0	0	0	0	0
C4271	0	0	0	4	0	0	1	0	12	0	1	0	0	0	4	0	0	1	0	3	0	1	1	0	45	1	3	40	0	0	0	18	1	0	2	0	0	1	2	8	0	0	0	0	0	2	13	6	9	0	0	0	0	6	0	2	0	10	0	3	3	19	0	0	3	0	0	0	15	0	0	3	0	0	0	0	0	0
C4273	0	0	0	0	5	0	0	0	0	1	0	0	0	0	0	0	0	0	0	0	0	0	0	0	2	0	0	0	0	0	0	2	0	0	0	0	0	0	0	0	0	0	0	0	1	0	2	0	0	0	0	0	0	0	0	0	0	0	0	0	0	0	0	0	0	0	0	0	0	0	0	5	0	0	0	0	0	0
C4274	0	0	0	5	5	0	5	0	0	1	2	0	0	0	2	0	0	3	0	5	5	1	8	0	0	6	0	0	0	2	1	1	4	1	0	0	12	9	1	11	0	0	0	6	0	0	2	1	20	1	1	0	0	1	0	0	2	0	2	6	4	0	16	0	0	0	3	0	0	0	0	0	0	0	4	2	0	1
C4275	0	0	0	0	0	0	0	0	0	0	0	0	0	0	0	0	0	0	0	0	0	0	1	0	0	0	0	0	0	0	0	0	1	0	1	0	0	1	0	0	0	0	0	0	0	0	0	0	1	0	0	0	0	0	1	1	0	0	0	0	0	0	0	0	1	0	1	0	1	0	0	1	0	0	0	0	0	0
C4276	0	0	0	0	0	0	2	0	0	0	4	0	1	0	2	0	0	3	0	0	0	3	1	0	0	5	0	2	0	0	0	0	3	0	0	0	7	0	5	1	0	0	0	2	0	1	1	0	0	2	0	0	0	0	0	0	0	3	0	3	0	3	0	0	4	0	1	0	0	0	0	0	0	0	2	0	0	0
C4278	0	0	0	2	6	1	16	0	0	0	0	0	0	0	0	0	0	0	0	1	0	0	0	0	1	2	5	0	1	2	1	1	0	0	0	2	0	0	0	11	0	1	0	0	1	0	1	0	3	0	0	0	0	0	0	0	0	0	0	2	0	0	0	0	0	0	0	0	0	0	0	0	0	0	1	0	1	0
C4279	0	0	0	0	0	0	1	3	0	0	0	0	1	0	3	0	0	0	0	0	4	0	1	0	0	1	2	2	0	0	0	1	1	0	1	0	1	0	2	0	0	0	0	0	0	1	2	0	0	1	0	0	0	0	0	0	0	0	1	3	3	0	0	0	0	0	1	0	2	0	0	2	0	0	0	0	0	0
C4281	0	0	0	0	0	0	3	0	0	0	0	0	1	0	0	0	2	0	0	0	0	1	1	0	0	0	0	1	0	0	0	1	0	0	1	0	1	1	1	0	0	0	0	3	0	0	0	0	0	0	0	0	0	0	0	0	1	0	0	0	1	0	0	0	0	0	0	1	0	0	0	1	0	0	1	1	0	0
C4286	0	0	0	4	0	0	0	0	0	0	0	0	0	0	1	0	0	0	0	0	1	2	0	0	1	1	2	0	0	0	0	1	0	0	0	0	3	0	0	0	0	0	0	0	0	0	0	0	0	1	0	0	0	0	0	0	0	0	0	0	0	0	0	0	0	0	0	0	0	0	0	2	0	0	0	0	0	0
C4287	0	0	0	1	1	0	0	1	0	0	0	0	1	0	0	0	0	0	0	0	2	1	1	0	0	1	1	2	0	0	0	1	2	1	0	0	0	1	3	0	0	0	0	0	1	2	0	0	1	3	0	0	0	1	1	1	0	0	2	0	1	3	0	0	3	0	1	0	2	0	0	3	0	0	0	0	0	0
C4289	0	0	0	0	0	0	0	0	0	0	0	0	0	0	0	0	0	0	0	0	0	0	0	0	0	0	0	0	0	2	0	0	0	0	0	0	0	0	0	0	0	0	0	0	0	0	0	0	0	0	0	0	0	0	0	0	0	0	0	0	0	0	0	0	9	0	0	0	0	0	0	0	0	0	0	0	0	0
C4291	0	0	0	0	1	0	0	0	0	0	0	1	0	0	0	0	1	0	1	0	0	1	0	5	0	1	0	0	0	0	0	0	0	0	0	0	0	0	0	0	0	0	0	0	0	0	0	0	0	0	0	0	0	0	1	0	6	0	0	0	0	0	0	0	0	0	0	0	0	0	0	0	0	0	0	0	0	1
C4292	0	0	0	1	1	0	0	1	0	0	0	0	0	0	0	0	0	1	1	0	3	1	0	0	2	0	1	0	0	0	0	1	1	1	1	0	1	0	1	0	0	0	0	0	1	0	1	0	1	0	0	0	0	1	0	0	1	1	1	0	1	1	0	1	0	0	1	0	0	0	0	3	0	0	2	0	0	0
C4293	0	0	0	1	0	0	0	0	0	0	0	0	0	0	0	0	0	0	0	0	1	0	1	1	0	0	0	0	0	0	0	0	0	0	0	0	0	0	0	0	0	0	0	0	0	0	0	1	0	0	0	0	0	1	0	0	0	0	1	1	2	0	0	0	0	0	0	2	0	0	0	1	0	0	0	1	0	0
C4294	0	0	0	0	0	0	0	0	0	0	0	0	0	0	1	0	0	0	0	0	0	0	0	0	0	0	0	0	0	0	0	2	0	0	0	0	0	0	0	0	0	0	0	0	0	0	1	0	0	0	0	0	0	0	0	0	0	0	0	0	0	0	1	6	0	0	0	0	0	0	0	0	0	0	0	0	0	0
C4295	0	0	0	1	0	0	1	0	0	0	0	0	0	0	1	0	0	0	0	0	1	0	0	0	0	2	0	0	0	0	0	1	2	0	0	0	1	0	0	0	0	0	0	0	0	2	0	0	0	0	0	0	0	2	0	0	0	0	0	1	0	0	0	0	0	0	0	0	0	0	0	0	0	0	0	2	0	0
C4296	1	0	0	0	0	0	0	0	0	0	0	0	0	0	0	0	0	0	0	0	0	1	0	0	1	1	0	1	0	0	0	0	1	0	0	0	0	0	0	0	0	0	0	0	0	0	0	0	0	0	0	0	0	0	1	0	0	0	2	1	1	0	0	0	0	0	0	0	0	0	0	0	0	0	0	0	0	0
C4297	0	0	0	0	0	0	0	0	0	0	0	0	0	0	0	0	0	0	0	0	0	0	0	0	0	0	0	0	0	0	0	2	0	0	0	0	0	0	0	0	0	0	0	0	0	1	0	0	0	0	0	0	0	0	0	0	0	0	0	0	8	0	0	0	2	0	0	0	0	0	0	0	0	0	0	0	0	0
C4300	0	0	0	0	0	0	1	0	0	0	1	0	0	0	0	0	0	1	0	0	0	0	6	0	2	1	0	6	0	0	0	3	0	0	0	0	0	1	0	5	0	1	0	0	4	0	5	0	0	0	0	0	0	0	0	5	0	4	0	21	4	4	0	0	9	0	0	0	0	0	0	0	0	0	1	0	0	0
C4304	0	0	0	7	11	0	1	9	0	1	4	0	1	0	3	0	0	1	0	3	1	2	0	1	2	2	1	7	0	0	0	2	2	3	0	0	8	1	5	2	0	0	0	1	1	5	2	0	2	5	0	0	0	2	0	20	0	2	10	2	5	3	5	2	0	0	10	0	1	5	1	1	0	0	0	4	0	0
C4306	0	0	0	0	0	0	3	1	0	0	5	0	9	0	18	0	0	7	0	7	13	3	2	0	0	8	0	8	0	0	0	5	1	1	0	0	10	0	3	3	0	0	0	16	0	6	5	0	3	3	0	0	0	11	2	0	0	7	3	2	4	8	5	0	23	0	10	0	3	3	0	0	0	0	0	0	0	0
C4307	0	0	0	0	0	0	0	0	0	1	0	0	0	0	1	0	0	0	0	1	0	0	0	0	0	0	0	0	0	0	0	0	1	0	0	0	0	1	0	0	0	0	0	0	0	2	1	0	0	0	0	0	0	0	0	0	0	0	0	0	0	0	1	0	0	0	1	0	1	0	0	0	0	0	0	0	0	0
C4309	0	0	0	5	0	0	0	0	0	0	0	0	0	0	0	0	0	1	0	2	9	0	0	0	0	0	0	1	0	0	0	5	2	0	0	0	0	0	0	6	0	0	0	0	0	0	0	4	5	0	1	0	0	0	0	0	0	0	0	1	22	0	0	0	1	0	0	0	0	0	0	0	0	0	0	0	0	0
C4310	0	0	0	0	0	0	0	3	0	0	0	0	1	0	0	0	3	0	0	0	0	0	0	0	0	0	0	0	11	0	0	2	0	0	2	0	0	1	0	1	0	4	0	0	0	0	5	0	0	0	0	0	0	0	1	2	0	0	3	8	0	2	0	0	2	0	0	0	0	0	0	0	0	0	0	2	0	0
C4311	0	0	0	1	1	0	0	0	0	1	0	7	0	0	0	0	17	1	47	0	2	1	0	54	0	0	1	0	0	0	0	2	2	1	1	0	0	0	1	0	0	1	18	1	1	0	0	0	0	0	0	0	0	0	0	0	32	2	1	0	1	1	0	1	0	0	0	1	2	0	0	4	1	0	0	1	0	25
C4315	0	0	0	0	0	0	0	0	0	0	0	0	0	0	0	0	4	0	0	0	0	0	0	0	0	0	0	0	32	0	0	0	0	0	0	0	0	0	0	0	0	1	0	0	0	0	0	0	0	0	0	0	0	0	0	0	0	0	0	0	0	0	0	0	0	0	0	0	0	0	1	0	0	0	0	0	0	0
C4317	0	0	0	0	0	0	0	0	0	4	0	0	0	0	0	0	0	0	0	3	0	0	0	0	0	0	0	0	0	0	0	8	0	0	0	0	0	0	0	0	0	0	0	0	0	0	4	0	0	0	0	0	0	0	0	0	0	0	0	0	9	0	0	0	2	0	0	0	0	0	0	0	0	0	0	0	0	0
C4319	0	0	0	0	0	0	0	6	0	0	0	0	0	0	0	0	0	0	0	0	0	0	0	0	0	0	1	0	0	0	0	2	0	0	3	0	0	1	0	0	0	0	0	0	0	0	0	0	0	0	0	0	0	0	1	1	0	0	0	4	0	4	0	0	1	0	0	0	0	0	0	0	0	0	0	0	0	0
C4320	0	0	0	0	1	0	0	0	0	0	1	0	0	0	1	0	0	2	0	1	0	0	0	0	0	1	0	0	0	0	2	0	0	0	0	0	1	4	0	0	0	1	0	0	0	0	0	0	0	3	0	0	0	0	0	0	0	0	0	1	1	0	0	0	0	0	1	0	0	0	0	0	0	0	0	0	0	0
C4322	0	0	0	0	1	0	0	0	0	0	1	0	1	0	0	0	0	0	0	1	3	2	0	0	0	0	0	0	0	0	0	1	0	1	0	0	0	0	1	0	0	0	0	1	0	0	0	0	0	0	0	0	0	1	0	0	0	1	0	1	0	0	0	0	1	0	0	0	0	0	0	0	0	0	4	0	0	0
C4326	0	0	0	2	0	0	0	0	0	0	0	0	0	0	0	0	0	4	0	0	0	0	0	0	0	10	1	0	0	0	0	0	0	0	0	0	0	0	0	0	0	0	0	0	0	0	0	0	0	0	0	0	0	0	0	0	0	0	0	0	0	0	0	0	0	0	0	0	0	0	0	0	0	0	0	0	0	0
C4329	0	0	0	0	0	0	0	0	0	0	0	0	0	0	0	0	0	0	0	0	0	0	0	0	2	0	3	0	0	0	0	3	0	0	0	0	0	0	0	0	0	0	0	4	0	0	4	0	0	0	0	0	0	1	0	0	0	0	0	0	0	9	0	0	0	0	0	1	0	0	0	0	0	0	0	0	0	0
C4333	0	0	0	0	0	0	1	0	0	0	0	2	1	0	0	0	2	0	15	0	2	1	0	7	0	0	0	1	0	0	0	0	0	0	0	0	1	0	0	0	0	2	0	1	0	0	2	0	0	1	0	0	0	2	0	0	2	0	1	0	0	0	0	0	2	0	0	0	1	0	0	1	0	0	1	0	0	2
C4334	0	0	0	3	0	0	0	3	0	0	0	0	1	0	0	0	0	0	0	0	0	0	1	0	0	1	0	0	1	1	0	1	0	0	4	0	0	3	0	0	0	0	0	0	0	0	1	0	0	0	0	0	0	0	0	3	0	1	3	6	0	3	0	0	0	0	0	0	0	0	0	0	0	0	0	0	0	0
C4335	0	0	0	0	1	0	0	0	0	0	0	0	0	0	0	0	0	0	0	0	0	0	0	0	0	0	0	2	0	0	0	0	1	0	0	0	0	0	0	0	0	0	0	0	1	0	0	0	0	1	0	0	1	0	0	0	0	0	0	0	1	2	0	0	0	0	0	0	0	0	0	2	0	0	0	0	0	0
C4338	0	0	0	0	1	0	0	0	0	0	0	0	0	0	0	0	0	0	0	0	0	1	0	0	0	1	2	0	0	0	0	1	1	1	0	0	1	0	0	0	0	0	0	0	0	1	0	1	0	0	0	0	0	1	0	0	0	0	0	0	0	0	0	0	0	0	0	1	0	0	0	0	1	0	0	0	0	0
C4339	0	0	0	0	0	0	1	0	0	0	0	0	1	0	0	0	1	0	0	0	1	0	0	0	0	0	0	0	0	0	0	1	0	0	0	0	0	0	1	0	0	0	0	0	1	0	0	0	1	1	0	0	0	2	0	0	0	0	0	1	0	0	0	0	0	0	0	0	0	0	0	0	0	0	0	0	0	0
C4340	0	0	0	0	2	0	0	3	0	2	0	0	0	0	0	0	0	0	0	0	1	0	0	0	0	0	1	0	0	0	0	1	1	0	0	0	1	0	0	0	0	0	0	0	0	0	0	0	0	0	0	0	0	1	0	5	0	0	1	0	0	0	0	1	0	0	0	0	0	0	0	0	0	0	0	1	0	0
C4344	0	0	0	4	0	0	3	0	0	2	4	1	1	0	0	0	0	6	0	0	3	0	0	1	1	1	0	2	0	0	0	3	0	1	1	0	2	0	2	2	0	1	0	4	0	4	1	2	0	4	0	0	0	2	1	0	0	9	4	0	0	2	2	7	13	0	2	0	1	1	0	0	0	0	1	16	0	1
C4346	0	0	0	0	0	0	2	0	0	0	0	0	2	0	1	0	0	0	0	0	0	3	0	0	0	0	1	0	0	0	0	1	1	0	0	0	1	0	0	0	0	0	0	0	0	0	0	0	0	0	0	0	0	1	0	0	0	1	0	0	0	0	0	1	0	0	0	0	0	0	0	1	0	0	1	3	0	0
C4347	0	0	0	0	0	0	1	0	0	0	0	0	0	0	0	0	30	2	0	0	0	0	1	0	0	0	0	0	208	0	0	1	0	0	2	0	0	5	0	0	0	26	3	0	0	0	0	0	0	0	0	0	0	0	1	1	0	0	0	10	1	1	0	0	1	0	0	1	0	0	19	0	0	0	0	0	0	1
C4350	0	0	0	0	2	0	1	0	0	0	0	1	1	0	3	0	0	1	0	0	3	3	1	0	1	11	0	3	0	0	0	0	1	1	0	0	4	0	0	0	0	0	0	0	0	1	0	0	0	3	0	0	0	3	0	0	0	2	1	4	0	0	0	0	0	0	1	0	0	0	0	0	0	0	2	0	0	0
C4354	0	0	0	1	0	0	1	0	0	0	1	0	0	0	0	0	3	0	6	0	0	0	1	11	0	3	0	0	0	0	0	1	2	0	0	0	1	1	1	1	0	0	5	0	1	1	1	1	0	1	0	0	1	0	0	0	2	2	2	2	0	2	0	0	0	0	1	0	0	0	0	0	0	0	0	0	0	7
C4361	0	0	0	4	5	0	5	0	0	4	5	0	5	0	3	0	0	8	0	3	3	3	1	0	2	3	0	2	0	0	0	5	2	1	1	0	7	7	2	7	1	0	0	2	1	8	3	1	6	5	0	0	1	0	0	1	0	5	1	2	1	3	11	7	1	0	8	0	2	5	0	0	0	0	3	0	0	0
C4362	1	0	0	0	0	0	1	0	0	0	1	0	0	0	0	0	0	0	0	0	0	3	1	0	0	0	0	1	0	0	0	2	2	0	0	0	1	0	1	0	0	0	0	1	0	0	0	0	1	0	0	0	0	0	0	0	0	1	0	3	0	0	0	0	0	0	3	0	0	0	0	0	0	0	0	0	0	0
C4366	0	0	0	0	1	0	1	0	0	0	1	0	1	0	0	0	0	0	0	1	0	1	0	1	0	0	1	3	0	0	0	0	1	0	1	0	1	0	0	0	0	0	0	0	0	1	0	0	0	0	0	0	1	1	1	0	0	0	2	1	0	0	0	0	1	0	0	1	2	0	0	0	0	0	0	2	0	0
C4367	0	0	0	0	0	0	11	6	0	0	3	0	0	0	1	0	0	0	0	0	0	1	4	0	0	0	0	0	0	0	0	1	0	0	2	0	0	1	0	2	0	0	0	0	8	0	2	0	0	0	0	0	0	0	0	13	0	1	2	8	2	4	0	0	1	0	0	0	0	0	0	0	0	0	0	5	0	0
C4372	0	0	0	4	3	0	2	1	0	0	1	3	2	0	2	0	1	0	16	2	0	1	0	19	0	0	0	1	0	0	0	1	2	1	1	0	9	1	1	0	0	0	3	1	1	3	1	0	3	0	0	0	0	4	1	3	10	4	0	1	1	0	0	0	1	0	0	0	0	0	0	2	0	0	0	3	0	6
C4374	0	0	0	0	4	0	1	1	0	0	0	0	2	0	0	0	0	1	0	1	1	1	1	0	1	2	1	3	0	0	0	1	0	1	0	0	3	2	0	1	0	0	0	0	1	0	2	0	1	3	0	0	0	2	0	5	0	2	2	1	2	1	2	0	0	0	1	0	0	1	0	0	0	0	0	0	0	0
C4377	0	0	0	1	8	0	0	0	0	0	1	0	2	0	0	0	0	2	0	0	0	0	0	0	0	2	0	0	0	1	2	0	2	0	0	0	1	0	1	2	0	6	0	0	0	0	0	0	6	1	4	0	0	3	0	0	0	0	0	0	0	0	2	0	0	0	1	0	0	0	0	0	0	0	1	0	4	0
C4378	0	0	0	1	0	0	0	0	0	0	0	0	0	0	0	0	0	2	0	0	0	0	0	0	0	8	2	0	0	0	0	0	0	0	3	0	0	0	0	0	0	0	0	0	0	0	0	0	0	0	0	0	0	1	0	0	0	0	0	0	0	0	0	0	0	0	0	0	0	0	0	0	0	0	0	0	0	0
C4382	0	0	0	0	0	0	0	1	0	0	0	0	0	0	0	0	0	0	0	0	0	0	2	0	0	0	1	0	0	0	0	1	0	0	0	0	0	3	0	0	0	0	0	0	0	0	0	0	0	0	0	0	0	0	0	1	0	0	0	10	1	0	0	0	0	0	0	0	0	0	0	0	0	0	0	0	0	0
C4384	0	0	0	0	1	0	1	0	0	0	0	0	1	0	0	0	0	1	0	0	1	1	0	0	1	0	0	2	0	0	0	0	1	2	0	0	0	0	0	0	0	0	0	0	1	1	0	0	0	0	0	0	0	1	0	0	0	0	0	1	0	0	0	0	0	0	0	0	1	0	0	1	0	0	0	0	0	0
C4386	0	0	0	1	0	0	0	0	0	0	1	0	1	0	0	0	0	0	0	0	0	1	0	0	0	0	0	1	0	0	0	0	1	1	2	0	0	0	1	0	0	0	0	0	0	0	0	0	1	0	0	0	0	0	0	0	0	0	0	1	0	0	0	0	1	0	0	0	0	0	0	1	0	0	0	0	0	0
C4388	0	0	0	0	0	0	2	10	0	0	1	0	3	0	0	0	0	0	0	0	1	0	1	0	0	0	0	0	0	0	0	7	0	0	5	0	0	1	0	0	0	0	0	0	0	0	1	0	5	0	0	0	0	0	0	8	0	0	0	2	1	9	0	0	43	0	0	2	0	0	0	0	0	0	0	0	0	0
C4393	0	0	0	0	4	0	0	0	0	0	0	0	1	0	0	0	0	0	0	0	0	0	0	1	0	0	0	1	0	1	0	0	1	0	0	0	2	0	0	2	0	0	0	0	0	0	0	0	1	0	1	0	0	0	0	0	0	0	0	0	0	0	0	0	0	0	1	0	0	1	0	0	0	0	0	0	0	0
C4394	0	0	0	0	0	0	0	0	0	0	0	0	0	0	1	0	0	0	0	0	0	0	0	0	0	0	0	0	0	0	0	2	1	0	1	0	0	0	0	0	0	0	0	0	0	0	0	0	2	0	0	0	0	2	0	1	0	0	0	0	0	0	0	0	0	0	0	0	0	0	0	1	0	0	0	0	0	0
C4400	0	0	0	0	4	0	1	0	0	0	0	0	0	0	4	0	0	2	0	1	3	1	0	0	3	3	1	1	0	0	0	1	1	1	5	0	2	1	1	1	0	0	0	1	1	1	0	1	2	0	0	0	1	3	0	2	0	1	1	2	1	0	0	0	2	0	5	0	1	0	0	0	0	0	1	0	0	1
C4401	0	0	0	0	1	0	0	1	0	1	0	0	0	0	0	0	0	0	0	0	1	0	0	0	0	1	0	0	0	2	6	0	0	0	0	0	0	2	0	0	0	1	0	2	0	6	0	0	0	0	0	0	1	0	0	0	0	0	1	1	1	0	0	0	0	0	1	0	0	0	0	0	1	0	0	0	1	0
C4402	0	0	0	1	0	0	1	0	0	0	1	0	0	0	0	0	0	0	0	0	1	1	1	0	0	1	1	0	0	0	0	0	2	0	0	0	0	0	0	0	0	0	0	1	0	1	0	0	1	0	0	0	0	0	0	0	0	0	0	1	0	0	1	0	0	0	0	0	0	0	0	2	0	0	0	1	0	0
C4405	0	1	2	0	0	0	0	3	1	0	0	0	0	0	0	0	0	0	0	0	0	0	0	0	0	0	0	0	2	0	1	2	0	0	3	0	0	4	0	1	3	0	0	1	0	0	1	0	1	0	0	0	0	0	0	1	0	0	1	1	0	2	0	0	0	0	0	0	0	0	0	0	0	0	0	0	0	0
C4408	0	0	0	0	0	0	0	0	0	0	0	0	0	0	0	0	0	0	0	0	0	0	0	0	0	0	0	0	4	0	0	0	0	0	0	11	0	0	0	0	0	2	0	0	0	0	0	0	0	0	0	0	0	0	0	0	0	0	0	0	0	0	0	0	0	0	0	0	0	0	2	0	0	0	0	0	3	0
C4411	0	1	0	0	0	0	0	0	0	0	0	0	0	0	0	0	0	0	0	0	0	0	0	0	0	0	0	0	3	0	1	1	0	0	0	0	0	1	0	0	0	1	0	0	0	0	0	0	0	0	0	0	0	0	1	1	0	0	0	5	1	0	0	0	0	3	0	0	0	0	0	0	0	0	0	0	0	0
C4413	0	0	0	2	2	0	2	0	0	0	0	0	1	0	0	0	0	0	0	0	0	0	0	0	0	0	0	0	0	0	0	1	4	0	0	0	6	0	5	0	0	0	0	0	1	0	0	1	0	0	1	0	0	0	0	1	0	0	1	0	1	0	0	1	0	0	0	0	0	2	0	0	0	0	0	1	2	0
C4415	0	0	0	1	5	0	0	0	0	0	1	0	2	0	4	0	0	0	0	1	1	0	0	0	0	0	1	1	0	0	0	0	1	0	1	0	1	1	1	1	0	0	0	1	1	0	0	0	0	0	0	0	0	0	0	0	0	1	0	0	0	1	0	14	0	0	0	0	0	1	0	0	0	0	0	2	0	0
C4419	0	0	0	1	0	0	0	0	0	0	0	0	0	0	0	0	0	0	0	1	1	0	1	0	0	0	0	5	0	0	0	0	0	0	2	0	0	0	0	0	0	0	0	0	0	0	0	0	0	0	0	0	0	0	0	1	0	1	0	0	0	1	0	0	1	0	0	0	0	0	0	0	0	0	0	0	0	0
C4423	0	0	0	2	0	0	0	0	0	0	0	0	3	0	0	0	0	1	0	0	0	0	0	0	0	0	0	0	0	0	0	0	0	0	0	0	1	1	0	0	0	0	0	0	1	0	0	0	0	0	0	0	0	0	0	2	0	0	0	1	0	0	0	0	0	0	0	0	0	0	0	1	0	0	0	1	0	0
C4426	0	0	0	0	0	0	0	0	0	0	0	0	0	0	0	0	0	0	0	0	0	0	0	0	0	0	0	0	1	4	1	0	0	0	0	4	0	0	0	0	0	1	0	0	0	0	0	0	0	0	0	0	0	0	0	0	0	0	0	0	0	0	0	0	0	0	0	0	0	0	1	0	0	0	0	0	4	0
C4427	0	0	0	0	0	0	0	0	0	0	0	0	0	0	0	0	0	0	3	0	0	0	0	2	0	0	0	0	0	0	0	1	0	1	0	0	0	0	0	0	0	1	3	0	0	0	0	0	0	0	0	0	0	0	0	0	1	0	0	0	0	0	0	0	0	0	0	0	0	0	0	0	0	0	0	0	0	0
C4429	0	0	0	0	1	0	0	0	0	0	0	0	0	0	1	0	0	0	0	0	1	2	0	0	0	0	0	0	0	0	0	2	2	0	0	0	0	0	0	0	0	0	0	1	0	0	0	0	0	0	1	0	0	1	0	1	0	1	1	1	0	2	0	1	2	0	0	0	0	0	0	0	0	0	1	0	0	0
C4433	0	0	0	0	1	0	0	0	0	0	0	0	1	0	0	0	0	0	0	2	1	0	0	0	0	0	0	7	0	0	0	2	0	1	1	0	1	1	0	1	0	0	0	2	0	0	1	1	0	0	0	0	0	1	0	0	0	3	3	1	0	0	0	3	0	0	0	0	0	2	0	0	0	0	2	1	0	0
C4434	1	0	0	0	0	0	0	0	0	0	0	0	1	0	1	0	0	0	0	0	1	4	0	0	1	0	0	1	0	0	0	0	0	1	0	0	0	1	3	0	0	0	0	2	1	2	0	0	0	1	0	0	0	1	0	0	0	1	0	1	0	1	0	0	1	1	0	0	1	0	0	0	0	0	1	0	0	0
C4437	0	0	0	1	0	0	17	0	0	0	19	0	1	0	5	0	0	3	0	3	5	1	4	0	1	3	0	1	0	0	0	2	4	1	0	0	7	5	0	0	0	0	0	28	0	15	4	1	3	5	0	0	0	5	4	0	0	1	0	4	6	3	0	0	4	0	17	0	1	1	0	0	0	0	1	0	0	0
C4438	0	0	0	0	1	0	0	1	0	0	0	0	0	0	0	0	0	0	0	0	0	0	0	0	1	0	0	1	0	0	0	1	0	0	0	0	0	0	0	0	0	0	0	0	0	0	0	0	0	0	0	0	0	0	1	4	0	0	0	0	0	0	2	1	0	0	0	0	0	0	0	0	0	0	0	0	0	0
C4439	0	0	0	0	0	0	0	0	0	0	0	0	1	0	0	0	0	3	0	0	0	1	0	0	0	1	0	0	0	0	0	1	1	0	0	0	1	0	3	0	0	0	0	0	0	0	0	0	1	0	0	0	0	1	1	0	0	0	0	0	2	0	0	1	0	0	0	0	0	0	0	3	0	0	1	0	0	0
C4440	0	0	0	0	0	3	0	0	0	0	0	0	0	0	0	0	0	0	0	0	0	0	0	0	0	0	0	0	4	0	0	0	0	0	0	45	0	0	0	0	0	7	0	0	0	0	0	0	0	0	0	0	0	0	0	0	0	0	0	0	0	0	0	0	0	0	0	0	0	0	0	0	0	0	0	0	1	0
C4443	0	0	0	17	0	0	0	0	0	0	1	0	0	0	0	0	2	16	0	5	1	0	3	0	2	33	3	2	0	0	0	30	0	1	276	0	0	6	0	10	0	0	0	0	0	0	1	1	12	0	0	0	0	0	0	0	0	0	120	5	8	1	5	0	0	0	0	0	2	1	1	0	0	0	0	1	0	0
C4444	5	0	2	389	175	0	312	2	0	166	234	6	82	1	203	1	6	377	11	123	526	8	67	50	144	82	67	31	0	4	8	39	160	142	9	0	129	284	19	17	2	0	7	229	56	417	45	109	431	268	1	2	61	169	89	1	8	38	20	101	206	30	39	3	9	3	334	2	73	0	0	39	34	0	221	32	0	24
C4447	0	0	0	0	0	1	0	0	0	0	0	0	0	0	0	0	0	0	0	0	0	0	0	0	0	0	0	0	0	0	0	0	0	0	0	14	0	0	0	0	0	6	0	0	0	0	0	0	0	0	2	0	0	0	0	0	0	0	0	0	0	0	0	0	0	0	0	0	0	0	0	0	0	0	0	0	2	0
C4453	0	0	0	3	2	0	1	1	0	1	0	0	2	0	2	0	0	1	0	0	7	3	0	0	3	3	3	0	0	0	0	5	4	1	0	0	3	1	4	2	0	0	0	1	1	0	1	0	0	5	0	0	0	1	0	1	0	0	2	0	4	1	0	2	2	0	1	0	0	0	0	1	0	0	2	4	0	0
C4457	0	0	0	0	0	1	0	1	0	0	22	0	0	0	2	0	0	0	0	0	2	0	0	0	3	1	0	28	0	0	0	11	0	0	13	0	0	0	0	1	0	0	0	0	0	0	0	0	3	0	1	0	0	5	0	16	0	0	0	0	4	8	0	36	0	0	0	0	7	0	0	1	0	0	0	3	0	0
C4458	0	0	0	0	0	0	0	0	0	0	0	0	0	0	0	0	0	0	0	0	0	0	0	0	0	0	0	2	0	0	0	4	0	0	0	0	0	0	0	0	0	0	0	0	0	0	0	0	1	0	0	0	0	1	0	1	0	0	0	0	1	1	0	0	0	0	0	0	1	0	0	0	0	0	0	0	0	0
C4459	0	0	0	0	0	0	2	0	0	0	0	0	0	0	0	0	0	0	0	0	0	0	0	0	0	0	0	0	2	0	3	0	0	0	0	9	0	0	0	0	0	1	0	0	0	0	0	0	0	0	0	0	0	0	0	0	0	0	0	0	0	0	0	0	0	0	0	0	0	0	2	0	0	0	0	0	3	0
C4460	0	0	0	0	0	28	0	0	0	0	0	0	0	0	0	0	1	0	0	0	0	0	0	0	0	0	0	0	38	0	0	0	0	0	0	216	0	0	0	0	0	57	0	0	0	0	0	0	0	0	0	0	0	0	0	0	0	0	0	0	0	0	0	0	0	0	0	0	0	0	1	0	0	0	0	0	12	0
C4461	0	0	0	2	1	0	0	5	0	0	0	0	0	0	1	0	0	0	0	0	0	0	5	0	0	1	0	0	1	0	0	5	0	0	0	0	0	5	0	0	0	0	0	1	0	0	0	1	0	0	0	0	0	0	4	3	0	0	5	17	0	3	0	0	0	0	0	0	0	0	0	0	0	0	0	0	0	0
C4465	0	0	0	3	1	0	0	0	0	1	0	0	3	0	2	0	0	1	0	0	1	3	0	0	0	1	0	0	0	0	0	1	0	1	1	0	0	1	1	1	0	0	0	0	0	0	0	0	0	0	0	0	0	1	0	0	0	0	1	0	0	1	0	0	1	0	0	0	1	1	0	2	0	0	0	1	0	0
C4466	0	0	0	0	0	0	0	8	0	0	8	0	0	0	1	0	0	0	0	0	0	0	0	0	0	1	0	10	0	0	0	6	0	0	7	0	0	0	0	0	0	0	0	0	0	0	0	0	0	1	0	0	0	1	0	0	0	0	0	0	3	0	0	7	0	0	0	0	7	0	0	0	0	0	1	0	0	0
C4467	0	0	0	0	0	16	0	0	0	0	0	0	0	0	0	0	2	0	0	0	0	0	0	0	0	0	0	0	28	0	0	0	0	0	0	69	0	0	0	0	0	18	0	0	0	0	0	0	0	0	24	0	0	0	0	0	0	0	0	0	0	0	0	0	0	0	0	0	0	0	18	0	0	0	0	0	65	0
C4471	0	0	0	2	0	0	1	0	0	0	0	0	0	0	0	0	0	2	0	0	0	1	0	0	1	2	0	1	0	0	0	0	1	0	0	0	0	0	0	1	0	0	0	0	2	0	0	0	0	0	0	0	0	1	0	1	0	1	1	0	1	0	0	0	0	0	0	0	0	0	0	0	0	0	0	0	0	0
C4474	0	0	0	0	1	0	0	1	0	1	0	0	0	0	1	0	3	0	0	1	0	0	0	0	0	0	1	0	0	0	1	0	0	0	1	0	0	1	0	2	0	0	0	1	0	0	0	2	0	0	0	0	0	0	0	0	0	0	0	0	1	1	0	1	0	0	0	0	0	0	0	0	0	0	0	1	0	0
C4478	0	0	0	0	0	0	0	0	0	0	0	0	0	0	0	0	0	0	0	0	0	1	0	0	0	0	0	0	0	0	0	1	1	0	9	0	0	0	0	0	0	0	0	0	0	0	0	0	0	0	0	0	0	0	0	0	0	0	0	8	0	1	0	0	3	0	0	0	0	0	0	0	0	0	0	0	0	0
C4479	0	0	0	1	6	0	0	0	0	2	0	0	4	0	7	0	0	2	0	5	61	0	1	0	0	0	1	1	0	0	0	0	6	1	0	0	3	8	0	4	0	1	0	8	3	12	0	0	33	7	1	0	0	7	0	0	0	0	0	2	0	3	4	0	0	0	7	0	0	1	0	0	0	0	1	1	0	0
C4480	0	0	1	1	2	0	1	2	0	0	0	0	0	0	2	0	0	2	0	1	1	1	1	1	2	2	2	0	0	0	0	2	0	0	2	0	0	1	0	0	0	0	0	0	1	0	0	2	0	1	0	0	0	1	2	1	0	1	1	1	4	1	0	0	0	0	0	0	0	0	0	1	0	0	1	4	0	0
C4483	0	0	0	0	0	0	0	0	0	0	0	0	0	0	0	0	0	0	0	1	0	0	0	0	0	0	0	0	0	0	0	0	0	0	3	0	0	0	0	1	0	0	0	0	0	0	0	0	0	0	1	0	0	0	0	0	6	1	0	0	0	0	0	0	0	0	0	0	0	0	0	0	0	0	0	0	0	3
C4484	0	0	0	0	0	0	0	0	0	1	0	0	0	0	0	5	0	0	0	0	0	0	0	0	0	0	0	0	0	0	0	0	0	0	0	2	0	0	0	0	0	1	0	3	0	0	0	0	0	0	0	0	0	0	0	0	0	0	0	0	0	0	0	0	0	0	0	0	0	0	0	0	0	0	0	0	0	3
C4485	0	0	0	0	0	0	0	0	0	0	1	0	0	0	0	0	0	0	0	0	0	0	0	0	0	0	0	2	0	0	0	3	0	0	1	0	0	0	0	0	0	0	0	0	0	0	1	0	0	0	0	0	0	0	0	2	0	0	0	0	0	0	0	2	0	0	0	0	0	0	0	0	0	0	0	0	0	0
C4487	0	0	0	0	0	0	0	0	0	0	1	0	0	0	1	0	0	0	0	0	1	0	0	0	2	1	0	27	0	0	0	7	0	0	5	0	0	0	0	0	0	0	0	0	0	0	2	0	2	0	0	0	0	2	0	5	0	1	0	0	4	1	0	11	0	0	0	0	4	0	0	1	0	0	0	0	0	0
C4489	0	0	0	0	0	0	0	17	0	1	0	0	2	0	0	0	0	0	0	0	1	0	1	0	0	0	1	1	1	0	0	5	0	0	19	0	0	5	0	0	0	1	0	1	1	0	1	0	0	0	0	0	0	0	0	1	0	0	5	9	1	15	0	0	1	0	0	0	0	0	0	0	0	0	0	0	0	0
C4494	1	0	0	0	3	0	0	3	0	1	1	0	3	0	0	0	0	1	1	0	1	1	0	0	0	1	1	2	0	0	0	0	0	0	0	0	1	3	1	1	0	0	0	2	1	0	0	0	0	0	0	0	0	1	0	17	1	2	7	0	1	2	1	0	0	1	2	0	0	0	0	0	0	0	0	0	0	0
C4496	0	0	0	0	0	0	0	0	0	0	0	0	0	0	0	0	1	0	0	0	0	0	0	0	0	0	0	0	29	0	0	1	0	0	0	0	0	0	0	0	0	6	0	0	0	0	0	0	0	0	0	0	0	0	0	0	0	0	2	1	1	0	0	0	0	1	0	0	0	0	1	0	0	0	0	0	0	0
C4498	0	0	0	11	1	0	3	9	0	0	84	0	0	0	36	0	0	5	0	0	5	0	0	0	24	17	2	181	0	2	0	75	0	0	99	0	1	2	0	8	0	0	0	2	0	1	19	0	17	6	5	0	1	74	1	66	0	7	7	23	32	45	0	137	26	0	0	0	66	4	3	7	21	0	3	13	1	2
C4499	0	0	0	0	0	0	0	0	0	0	0	0	3	0	0	0	0	0	0	0	0	0	0	0	0	0	0	0	0	0	0	0	2	6	5	0	0	0	0	0	0	0	0	0	0	0	1	0	0	0	0	0	0	0	0	0	0	0	0	0	4	0	0	0	1	0	0	0	0	0	0	1	0	0	0	0	0	0
C4502	0	0	0	0	0	0	0	0	0	0	4	0	0	0	0	0	0	0	0	0	0	0	0	0	0	1	0	14	0	0	0	7	0	0	10	0	0	0	0	0	0	0	0	0	0	0	0	0	2	2	0	0	0	1	0	3	0	0	0	0	2	3	0	13	0	0	0	0	4	0	0	0	0	0	0	0	0	0
C4505	0	0	0	3	0	0	1	1	0	0	0	1	2	0	2	0	0	1	0	0	2	2	0	0	0	1	0	2	0	0	0	0	1	0	0	0	2	0	0	0	0	0	0	0	1	0	0	0	0	0	0	0	0	1	0	0	0	2	0	0	0	1	1	1	0	0	1	0	1	0	0	1	0	0	0	1	0	0
C4509	0	0	0	0	1	0	0	2	0	0	2	0	0	0	1	0	0	0	0	1	1	1	0	0	0	1	0	2	0	0	0	1	0	0	1	0	2	0	1	1	0	0	0	1	0	0	0	0	1	0	0	0	0	0	0	1	0	0	1	1	0	1	0	0	0	0	0	0	0	3	0	0	0	0	0	3	0	0
C4511	0	0	0	0	0	0	0	0	0	0	0	0	0	0	0	0	0	0	0	0	0	0	0	0	0	0	0	0	0	0	0	0	0	0	0	14	0	0	0	0	0	0	0	0	0	0	0	0	0	0	0	0	0	0	0	0	1	0	0	0	0	0	0	0	0	0	0	0	0	0	0	0	0	0	0	0	0	0
C4514	0	0	0	3	0	0	0	0	0	3	3	0	0	0	2	0	0	13	0	2	0	0	1	0	0	6	0	12	0	0	0	2	12	4	0	0	9	0	0	2	0	0	0	7	0	0	1	0	0	0	0	0	0	0	0	1	0	5	1	1	1	1	0	0	5	0	18	0	0	0	0	0	0	0	15	1	0	0
C4516	0	0	0	0	0	0	0	1	0	0	0	0	0	0	0	0	1	0	0	0	0	0	0	0	0	0	0	0	19	0	0	2	0	0	0	0	0	0	0	0	0	4	1	0	0	0	0	0	0	0	1	0	0	0	1	0	0	0	0	3	0	1	1	0	0	0	0	0	0	0	0	0	0	0	0	0	0	0
C4517	0	0	0	0	0	0	0	0	0	0	0	0	0	0	0	0	1	0	0	0	0	0	0	0	0	0	0	0	0	0	0	0	0	2	0	0	0	0	0	3	0	0	0	0	0	0	2	0	2	0	0	4	0	0	0	0	0	0	0	0	7	0	2	0	4	0	0	0	0	0	0	0	0	0	0	0	0	0
C4520	0	0	0	0	1	0	1	0	0	1	1	0	5	0	1	0	4	1	1	0	1	2	0	3	1	0	1	2	0	0	0	0	0	3	1	0	1	2	0	0	0	0	0	1	1	2	0	3	0	1	0	0	0	3	2	0	2	2	1	1	1	0	1	1	0	0	0	1	2	0	0	2	0	0	0	1	0	3
C4522	0	0	0	0	0	0	0	3	0	1	0	0	0	0	0	0	0	0	0	0	0	0	0	0	0	0	0	0	0	0	0	0	0	0	4	0	0	1	0	0	0	0	0	0	0	0	1	0	0	0	0	0	0	0	0	0	0	0	0	2	0	1	0	0	1	0	0	0	0	0	0	0	0	0	0	0	0	0
C4523	0	0	0	24	0	0	2	0	0	0	0	0	0	0	0	0	0	0	0	1	0	9	0	0	0	2	0	0	0	0	0	1	0	2	2	0	0	0	3	0	0	0	0	0	0	0	0	14	0	3	0	0	0	2	0	0	0	0	0	0	0	0	3	0	0	0	0	0	0	0	0	0	0	0	0	0	0	0
C4529	0	0	0	0	0	0	1	0	0	0	2	0	0	0	0	0	0	0	0	0	9	0	1	0	0	0	0	0	0	0	0	2	0	0	1	0	0	0	0	0	0	0	0	0	0	0	2	0	7	0	0	0	0	0	0	1	0	0	0	4	1	0	0	0	10	0	0	0	1	6	0	0	0	0	1	1	0	0
C4536	0	0	0	0	0	0	0	0	0	0	0	0	0	0	0	0	0	0	0	0	0	0	0	0	0	0	0	1	0	0	0	0	0	0	2	0	0	0	0	0	0	0	0	0	0	0	0	0	0	0	0	0	0	2	0	0	0	0	1	0	2	2	0	2	0	0	0	0	1	0	0	0	0	0	0	0	0	0
C4538	0	0	0	1	1	0	0	1	0	0	0	0	1	0	1	0	0	1	0	1	1	0	0	0	0	1	1	0	0	0	0	0	0	0	0	0	0	2	1	0	0	0	0	0	0	0	0	1	1	0	0	0	0	0	0	0	0	0	1	1	0	0	1	1	0	0	0	0	1	0	0	1	0	0	0	0	0	0
C4539	0	0	0	0	1	0	2	0	0	0	1	0	0	0	0	0	2	0	1	0	0	0	0	0	0	0	0	0	0	1	3	0	0	2	0	0	0	1	0	0	0	1	0	0	0	0	1	0	2	0	0	0	0	0	0	0	0	0	0	0	1	0	0	0	1	0	0	0	0	0	0	0	0	0	1	0	0	0
C4541	0	0	0	0	0	0	0	0	0	0	0	0	0	0	1	0	0	0	0	0	1	4	0	1	0	2	0	0	0	0	0	0	0	0	0	0	1	0	1	0	0	0	0	2	0	0	1	0	0	1	0	0	0	0	0	0	0	1	0	2	0	1	0	0	0	0	0	0	2	0	0	0	0	0	0	0	0	0
C4543	0	0	0	0	0	0	0	0	0	0	0	0	0	0	0	0	0	0	0	0	0	0	0	0	0	0	0	0	1	6	5	0	0	0	0	2	0	0	0	0	0	1	0	0	0	0	0	0	0	0	1	0	0	0	0	0	0	0	0	0	0	0	0	0	0	0	0	0	0	0	0	0	0	0	0	0	6	0
C4545	0	0	0	2	2	0	1	1	0	1	0	0	2	0	0	0	0	2	0	1	2	2	2	0	0	0	2	0	0	0	0	4	1	1	0	0	2	3	0	1	0	0	0	1	0	0	0	0	0	0	0	0	0	1	0	1	0	0	0	2	0	2	0	1	0	0	1	1	0	0	0	3	0	0	1	1	0	0
C4546	0	0	0	1	0	0	0	0	0	1	0	0	0	0	0	0	0	0	0	0	4	0	1	0	0	2	0	0	0	0	0	0	18	0	0	0	0	6	0	9	0	0	0	0	0	0	0	0	7	0	0	0	0	0	0	0	0	0	1	1	4	0	0	0	2	0	0	0	0	0	1	0	0	0	0	0	0	1
C4550	0	0	0	4	1	0	0	0	0	0	1	0	0	0	0	0	0	0	0	0	1	1	0	0	2	1	4	2	0	0	0	1	3	1	0	0	2	0	1	0	0	0	0	1	0	1	0	0	0	1	0	0	0	0	0	0	0	0	1	0	2	2	0	2	2	0	1	1	1	0	0	5	0	0	0	0	0	0
C4552	0	0	0	0	0	0	0	0	0	0	3	0	0	0	2	0	0	0	0	0	0	0	0	0	3	0	0	6	0	0	0	40	0	0	5	0	0	0	0	0	0	0	0	0	0	0	1	0	1	0	0	0	0	4	0	0	0	0	0	1	1	0	0	3	1	0	0	0	12	0	0	0	0	0	0	0	0	0
C4553	1	0	0	0	0	0	0	39	0	0	35	0	0	0	10	0	0	0	0	0	0	0	0	0	3	0	0	48	0	0	0	5	0	0	8	0	0	1	0	0	0	0	0	0	0	0	8	0	0	1	0	0	0	11	0	4	0	5	1	0	22	3	0	44	1	1	1	0	57	0	0	0	0	0	2	1	0	0
C4554	0	0	0	1	0	0	2	0	0	1	0	0	1	0	0	0	0	0	0	1	0	0	0	0	0	0	1	1	0	0	0	0	0	1	0	0	0	0	0	1	0	0	0	0	0	0	0	0	1	0	0	0	0	1	1	0	0	0	0	0	1	0	0	1	0	0	1	0	0	0	0	0	0	0	0	1	0	0
C4556	0	0	0	0	0	28	0	0	0	0	0	0	0	0	0	0	1	0	0	0	0	0	0	0	0	0	0	0	8	3	0	0	0	0	0	158	0	0	0	0	0	32	0	0	0	0	0	0	0	0	7	0	0	0	0	0	0	0	0	0	0	0	0	0	0	0	0	0	0	0	0	0	0	0	0	0	26	0
C4557	0	0	0	0	0	0	0	4	0	0	0	0	0	0	0	0	0	0	0	0	0	0	0	0	0	0	0	0	1	0	0	3	0	0	4	0	0	0	0	0	0	0	0	0	0	0	0	0	0	0	0	0	0	0	0	2	0	0	1	2	0	1	0	0	0	0	0	0	0	0	0	0	0	0	0	0	0	0
C4560	0	0	0	0	3	0	83	5	0	0	12	0	2	0	0	0	0	0	0	0	3	0	26	0	1	2	0	0	0	0	0	15	1	0	1	0	3	4	0	2	0	0	0	24	4	0	13	0	1	0	0	0	0	3	8	0	0	2	6	72	2	17	0	0	22	0	3	0	0	0	0	0	0	0	4	0	0	0
C4561	0	0	0	0	0	1	0	0	0	0	0	0	0	0	0	0	0	0	0	0	0	0	0	0	0	0	0	0	0	0	0	0	0	0	0	7	0	0	0	0	0	4	0	0	0	0	0	0	0	0	0	0	0	0	0	0	0	0	0	0	0	0	0	0	0	0	0	0	0	0	0	0	0	0	0	0	2	0
C4562	0	0	0	0	0	0	0	0	0	0	1	0	0	0	0	0	0	0	0	0	1	0	0	0	0	1	0	0	0	0	0	0	1	1	0	0	0	0	1	1	0	0	0	1	1	0	0	0	0	0	0	0	0	0	1	1	0	0	1	0	1	0	0	1	0	0	0	0	0	0	0	0	0	0	1	0	0	0
C4566	0	0	0	0	0	0	0	0	0	0	0	0	0	0	0	0	0	0	0	0	0	0	0	0	0	0	0	0	0	0	0	0	0	0	4	0	0	0	0	0	0	0	0	0	0	0	0	0	0	0	0	0	0	0	0	0	0	0	0	0	8	0	0	0	4	0	0	16	0	0	0	0	0	0	0	0	0	0
C4569	0	0	0	0	0	0	0	0	0	0	1	0	1	0	1	0	0	0	0	0	1	3	0	0	0	0	0	0	0	0	0	0	3	1	0	0	3	0	1	1	0	0	0	2	0	1	0	0	0	0	0	0	0	4	0	0	0	1	0	0	0	2	0	0	0	0	1	0	1	0	0	0	0	0	5	0	0	0
C4572	0	0	0	3	4	0	0	4	0	2	0	0	1	0	3	0	0	1	0	4	0	1	4	0	0	4	0	5	0	0	0	0	1	0	1	0	0	0	3	2	0	0	0	1	0	0	0	0	1	2	1	0	0	0	1	16	0	1	3	1	0	0	0	0	0	0	4	0	1	7	0	0	0	0	0	0	0	0
C4574	0	0	0	0	0	3	0	0	0	0	0	0	0	0	0	0	0	0	0	0	0	0	0	0	0	0	0	0	0	0	0	0	0	0	0	7	0	0	0	0	0	4	0	0	0	0	0	0	0	0	0	0	0	0	0	0	0	0	0	0	0	0	0	0	0	0	0	0	0	0	1	0	0	0	0	0	0	0
C4576	0	0	0	0	0	0	0	0	0	0	0	0	0	0	0	0	0	0	0	0	0	0	0	0	0	0	0	3	0	0	0	1	0	0	1	0	0	0	0	0	0	0	0	0	0	0	0	0	0	0	0	0	0	0	0	1	0	0	0	0	0	0	0	2	0	0	0	0	3	0	0	0	0	0	0	0	0	0
C4577	0	0	0	2	1	0	1	0	0	0	0	0	2	0	2	0	0	0	0	1	1	0	0	2	0	0	1	0	0	0	0	0	0	0	0	0	0	0	0	0	0	0	0	1	0	1	1	0	0	0	0	0	0	1	1	0	0	0	0	1	1	0	0	0	1	0	0	0	1	0	0	1	0	0	1	0	0	0
C4578	0	0	0	1	1	0	0	4	0	0	0	0	0	0	1	0	0	0	0	2	2	1	0	0	0	2	1	3	0	0	0	1	2	0	0	0	2	0	2	2	0	0	0	0	1	1	0	1	4	1	0	0	0	2	1	9	0	2	8	0	3	2	3	2	0	0	1	1	1	3	0	0	0	0	1	3	0	0
C4579	0	0	0	1	3	0	0	1	0	0	1	0	6	0	8	0	0	1	0	0	2	0	0	0	0	1	0	1	0	0	0	3	0	2	0	0	1	1	0	2	0	0	0	4	3	1	1	0	0	0	0	0	0	3	0	0	0	3	3	0	1	5	9	11	0	0	2	0	1	3	0	0	0	0	0	4	0	0
C4581	0	0	0	0	0	0	0	1	0	0	2	0	0	0	1	0	0	0	0	0	0	0	0	0	0	0	0	22	0	0	0	3	0	0	2	0	0	0	0	0	0	0	0	0	0	0	0	0	0	0	0	0	0	4	0	0	0	4	0	0	2	4	0	4	0	0	0	0	6	0	0	0	0	0	1	0	0	0
C4583	0	0	0	0	0	0	0	1	0	0	0	0	0	0	0	0	3	0	0	0	0	0	0	0	0	0	0	0	8	0	0	0	0	0	1	0	0	2	0	0	0	3	0	0	0	0	0	0	0	0	0	0	0	0	0	0	0	0	0	1	0	0	0	0	25	0	0	0	0	0	0	0	0	0	0	0	0	0
C4584	0	0	0	0	2	0	1	0	0	0	0	0	1	0	1	0	0	0	0	0	1	1	1	0	0	0	0	0	0	0	0	1	2	0	0	0	6	0	1	1	0	0	0	3	0	1	0	0	1	0	1	0	0	2	0	0	0	0	0	0	0	1	0	0	1	0	0	0	1	0	0	0	0	0	0	0	1	0
C4585	0	0	0	4	3	0	1	1	0	4	14	0	2	0	5	0	0	3	0	1	1	0	0	0	0	0	0	0	0	0	0	2	3	7	0	0	2	3	0	0	0	0	0	5	2	3	9	0	1	4	0	0	0	6	2	2	0	26	1	2	5	7	0	0	1	0	1	0	3	0	0	0	1	0	2	3	0	0
C4586	0	0	0	0	0	0	0	0	0	0	0	0	0	0	0	0	0	0	0	0	0	0	0	0	0	0	0	0	1	5	3	0	0	0	0	10	0	0	0	0	0	1	0	0	0	0	0	0	0	0	3	0	0	0	0	0	0	0	0	0	0	0	0	0	0	0	0	0	0	0	3	0	0	0	0	0	6	0
C4590	0	0	0	0	1	0	0	0	0	0	1	2	2	0	1	0	0	0	1	0	0	0	0	0	0	1	0	0	0	0	0	0	0	0	2	0	0	0	0	0	0	0	0	1	2	0	0	0	1	0	0	0	0	2	0	0	0	0	2	0	1	0	0	0	0	0	0	0	0	0	0	0	0	0	1	0	0	0
C4591	0	0	0	0	0	0	1	2	0	0	0	0	0	0	0	0	0	0	0	0	0	0	0	0	0	1	0	0	0	0	0	0	0	0	1	0	0	0	0	1	0	0	0	0	0	0	0	0	0	0	0	0	0	0	0	0	0	0	1	5	1	2	0	0	0	0	0	0	0	0	0	0	0	0	0	0	0	0
C4592	0	0	0	1	1	0	6	0	0	6	5	0	2	0	1	0	0	6	0	3	2	0	0	0	0	3	0	0	0	10	37	1	2	1	0	0	4	9	0	1	0	0	0	5	0	19	1	1	11	13	0	0	1	2	3	0	0	0	0	3	5	1	0	0	0	0	18	0	1	0	0	0	4	0	2	0	0	0
C4593	0	0	0	0	1	0	0	0	0	0	0	0	0	0	0	0	0	1	0	0	0	0	0	0	0	0	0	0	1	7	5	0	0	0	0	0	0	0	0	1	1	0	0	0	0	0	0	0	0	0	0	0	0	0	0	0	0	0	0	0	0	0	0	0	0	1	0	0	0	0	0	0	0	0	0	0	0	0
C4594	0	0	0	0	0	1	0	0	0	0	0	0	0	0	0	0	0	0	0	0	0	0	0	0	0	0	0	0	0	3	5	0	0	0	0	3	0	0	0	0	0	0	0	0	0	0	0	0	0	0	0	0	0	0	0	0	0	0	0	0	0	0	0	0	0	0	0	0	0	0	0	0	0	0	0	0	0	0
C4597	0	0	0	0	0	0	2	0	0	1	0	0	0	0	0	0	0	0	0	0	0	0	0	0	0	0	0	0	0	0	0	0	0	6	0	0	0	0	0	0	0	0	0	0	0	0	1	0	0	0	0	0	0	0	0	0	0	0	0	0	5	0	0	0	0	0	0	0	0	0	0	0	0	0	1	1	0	0
C4598	0	0	0	0	0	0	1	0	0	0	0	0	0	0	0	0	0	0	0	0	0	0	0	0	0	0	1	0	0	5	4	0	0	0	0	2	0	0	0	0	0	0	0	0	0	0	1	0	0	0	0	0	0	0	0	0	0	0	0	0	0	0	0	0	0	0	0	0	0	0	0	0	0	0	0	0	0	0
C4599	0	0	0	0	0	0	0	0	0	0	0	0	0	0	0	0	0	0	0	0	0	0	0	0	0	0	0	0	8	0	0	0	0	0	0	0	1	1	0	0	0	0	0	0	0	0	0	0	0	0	1	0	0	0	0	0	0	0	0	1	0	0	0	0	0	0	0	0	0	0	0	0	0	0	0	1	0	0
C4600	0	0	0	0	4	0	4	0	0	0	0	0	0	0	0	0	0	0	0	0	0	0	0	0	1	0	1	0	0	3	1	1	0	0	0	1	0	0	0	0	0	0	0	0	0	0	0	0	0	0	0	0	0	0	0	0	0	0	1	0	0	0	0	0	0	0	0	0	0	0	0	0	0	0	0	0	1	0
C4602	0	0	0	0	0	0	0	0	0	0	0	0	1	0	0	0	0	0	0	0	1	0	0	0	0	0	0	0	0	0	0	0	0	0	0	0	2	0	0	0	0	0	1	2	0	0	0	0	0	0	0	0	0	0	0	0	0	0	0	0	1	0	0	0	0	0	0	0	2	0	1	0	0	0	0	0	0	0
C4603	0	0	0	0	0	0	0	0	0	0	7	0	0	0	6	0	0	0	0	0	0	0	0	0	4	1	1	0	0	0	0	1	0	0	1	0	1	0	0	0	0	0	0	0	0	0	2	0	1	0	0	0	0	14	0	0	0	1	1	0	0	0	0	1	0	0	0	0	3	0	0	0	0	0	0	0	0	0
C4604	0	0	0	0	0	0	0	0	0	0	0	0	0	0	0	0	0	1	0	0	3	0	0	0	0	1	0	0	0	0	0	0	2	0	0	0	0	1	0	0	0	0	0	0	0	1	0	0	1	0	0	0	0	0	0	0	0	0	0	0	0	0	0	0	0	0	1	0	0	0	0	0	0	0	0	0	0	0
C4606	0	0	0	0	0	0	0	2	0	0	8	0	0	0	0	0	0	0	0	0	1	0	0	0	2	0	0	2	0	0	0	2	0	0	3	0	0	0	0	0	0	0	0	1	0	0	0	1	0	0	0	0	0	1	0	1	0	0	5	0	2	0	0	2	0	0	0	0	3	0	0	1	0	0	1	1	0	0
C4608	0	0	0	0	1	0	0	0	0	1	0	0	1	0	0	0	0	0	0	0	0	1	0	0	1	1	0	0	0	0	0	0	0	1	0	0	0	1	0	0	0	0	0	0	0	1	0	0	0	1	0	0	0	0	0	1	0	0	0	0	1	0	0	2	0	0	0	0	0	0	0	0	1	0	0	0	0	0
C4613	0	0	0	1	2	0	0	1	0	0	1	0	3	0	3	0	0	2	0	0	0	3	0	0	0	3	2	2	0	0	0	0	3	0	0	0	1	0	1	1	0	0	0	0	4	1	0	0	1	1	0	0	0	0	0	0	0	1	1	2	0	0	1	1	2	0	1	1	2	0	0	4	0	0	2	2	0	0
C4615	0	0	0	0	10	0	1	12	0	3	3	0	0	0	0	0	0	2	0	1	0	3	2	0	2	2	1	3	0	0	0	1	0	1	0	0	2	1	1	1	0	0	0	3	0	0	0	0	2	0	0	0	0	5	1	26	0	0	11	0	1	0	0	1	0	0	4	1	0	3	0	1	0	0	0	1	0	0
C4617	0	0	0	1	0	0	1	1	0	0	0	0	0	0	0	0	0	0	0	1	0	0	1	0	2	0	0	1	0	0	0	1	1	0	0	0	1	2	0	0	0	0	0	0	1	0	0	0	0	0	0	0	0	0	0	2	0	0	0	0	0	1	0	1	0	0	0	0	0	0	0	0	0	0	0	0	0	0
C4619	0	0	0	0	0	0	1	0	0	0	1	0	0	0	0	0	0	1	0	0	1	1	0	0	1	1	0	0	0	0	0	0	0	1	0	0	2	0	0	0	0	0	0	0	0	0	0	0	0	1	0	0	0	0	0	0	0	1	0	1	0	0	0	0	0	0	0	1	0	0	0	0	0	0	0	1	0	0
C4621	0	0	0	0	0	0	0	0	0	0	1	0	0	0	1	0	0	0	0	0	0	0	0	0	1	0	0	5	0	0	0	1	0	0	2	0	0	0	0	0	0	0	0	0	0	0	0	0	0	0	0	0	0	0	0	2	0	0	0	0	1	0	0	1	0	0	0	0	5	0	0	0	0	0	0	0	0	0
C4624	0	0	0	2	2	0	0	0	0	0	0	0	0	0	2	0	0	0	0	0	0	2	0	0	0	4	1	0	0	0	0	1	1	1	0	0	0	0	0	0	0	0	0	0	0	1	1	1	0	0	0	0	0	0	1	0	1	1	1	1	0	1	0	0	0	0	0	0	0	0	0	1	0	0	1	0	0	0
C4625	0	0	0	0	0	0	0	0	0	0	0	0	0	0	0	0	0	0	0	2	0	0	0	0	0	0	1	9	0	0	0	0	0	0	3	0	0	0	0	0	0	0	0	0	0	0	0	0	0	0	0	0	0	0	0	1	0	1	0	0	0	0	0	0	3	0	0	0	0	0	0	0	0	0	0	0	0	0
C4626	0	0	0	0	0	0	0	19	0	0	18	0	0	0	1	0	0	0	0	0	0	0	1	0	3	0	0	14	0	0	0	3	0	0	2	0	0	0	0	0	0	0	0	0	0	0	1	0	1	1	0	0	0	5	1	0	0	6	0	0	14	3	0	8	0	0	0	0	26	0	0	0	0	0	1	2	0	0
C4629	0	0	0	4	0	0	0	0	0	0	3	0	2	0	0	0	0	6	0	1	0	0	2	0	16	5	2	3	0	0	0	4	0	0	2	0	5	4	3	4	0	0	0	1	0	0	2	1	2	0	0	0	0	0	0	0	0	3	4	2	2	3	0	0	3	0	0	0	3	1	0	2	0	0	0	4	0	0
C4630	0	0	0	0	0	0	0	0	0	0	5	0	0	0	1	0	0	0	0	0	0	0	0	0	0	1	0	5	0	0	0	6	0	0	6	0	0	0	0	0	0	0	0	0	0	1	2	0	0	0	0	0	0	2	0	2	0	0	0	1	4	2	0	10	0	0	0	0	13	0	0	2	0	0	1	2	0	0
C4631	0	0	0	1	0	0	2	0	0	0	0	0	0	0	0	0	0	0	0	0	1	0	0	0	0	0	0	0	0	0	0	0	0	2	0	1	0	0	2	0	0	0	0	0	0	0	0	0	0	0	0	0	0	0	0	0	0	0	0	2	0	0	0	0	6	0	0	0	0	0	0	0	0	0	0	0	0	0
C4635	0	0	0	2	0	0	4	1	0	1	1	2	0	0	1	0	0	2	0	2	2	3	1	1	1	1	1	4	0	0	0	2	0	2	2	0	1	7	2	1	0	0	0	3	3	10	0	1	4	1	0	0	0	3	1	4	1	0	1	3	5	0	0	0	0	0	2	0	1	0	0	2	3	0	1	0	0	1
C4637	0	0	0	0	0	0	0	0	0	0	0	0	0	0	0	0	0	0	0	0	0	0	0	0	0	0	0	0	0	0	0	0	0	0	1	0	1	2	0	0	0	0	0	0	0	0	0	0	0	0	0	0	0	0	0	0	0	0	0	0	3	0	0	0	1	0	0	0	5	0	0	0	0	0	0	0	0	0
C4641	0	0	0	0	0	0	3	0	0	0	3	0	0	0	0	0	0	1	0	0	0	0	0	0	0	1	0	0	0	0	0	0	1	1	0	0	1	1	0	0	0	0	0	1	0	3	1	0	0	2	0	0	0	1	0	0	0	1	0	1	2	0	0	0	0	0	3	0	1	0	0	0	0	0	0	0	0	0
C4643	0	0	0	0	1	0	0	0	0	0	0	0	0	0	1	0	0	0	2	0	1	2	0	5	1	2	0	0	0	0	0	0	1	0	0	0	0	0	0	0	0	0	1	0	1	1	0	0	0	2	0	0	0	0	0	0	0	0	0	0	0	1	0	0	0	0	0	0	1	0	0	0	0	0	2	0	0	0
C4647	0	0	0	0	0	0	1	0	0	0	2	0	0	0	0	0	0	0	0	0	1	2	0	0	0	1	0	0	0	0	0	1	1	1	0	0	1	0	1	0	0	0	0	0	1	0	0	0	0	2	0	0	0	1	0	0	0	1	0	0	0	0	0	0	0	0	1	0	0	0	0	0	0	0	0	0	0	0
C4649	0	0	0	0	0	0	0	0	0	0	0	0	0	0	2	0	0	0	0	0	0	0	1	0	0	0	0	8	0	0	0	0	0	0	4	0	0	0	0	0	0	0	0	0	0	0	0	0	0	0	0	0	0	0	0	0	0	0	0	0	0	2	0	0	0	0	0	0	0	0	0	0	0	0	0	0	0	0
C4650	0	0	0	0	0	0	0	0	0	0	0	0	0	0	0	0	0	0	0	0	0	0	0	0	0	0	0	0	7	0	0	0	0	0	0	6	0	0	0	0	0	2	0	0	0	0	0	0	0	0	1	0	0	0	0	0	0	0	0	0	0	0	0	0	0	0	0	0	0	0	9	0	0	0	0	0	1	0
C4653	0	0	0	0	10	0	0	3	0	2	0	0	1	0	0	0	0	0	0	4	0	1	1	0	1	3	0	2	0	0	0	1	2	0	1	0	0	3	1	0	0	0	0	2	1	2	1	0	0	0	0	0	0	1	0	18	0	1	1	1	1	4	1	5	0	0	0	1	0	5	0	0	0	0	2	4	1	0
C4654	0	0	0	0	2	0	0	14	0	0	0	0	0	0	1	0	0	0	0	0	1	0	0	0	2	0	0	0	0	0	0	1	0	0	0	0	0	4	0	0	0	0	0	2	2	1	0	0	1	0	1	0	0	0	0	22	0	0	12	6	2	3	1	7	0	0	1	1	1	2	0	0	0	0	1	4	0	0
C4656	0	0	0	1	0	0	0	0	0	0	1	0	2	0	0	0	0	0	0	0	0	0	0	0	0	2	0	0	0	0	0	0	0	1	0	0	2	0	0	0	0	0	0	0	0	0	0	0	0	1	0	0	0	0	0	0	0	0	3	0	0	1	0	0	0	0	0	0	1	0	0	2	0	0	1	1	0	0
C4658	0	0	0	0	2	0	0	2	0	1	1	0	1	0	2	0	0	0	0	1	0	1	0	0	0	3	0	1	0	0	0	1	2	0	0	0	2	0	0	1	0	0	0	0	0	0	0	0	2	1	0	0	0	0	1	5	0	0	3	0	0	1	0	2	0	0	0	1	0	2	0	0	0	0	0	1	0	0
C4659	0	0	0	11	0	0	0	3	0	0	1	0	0	0	0	0	0	2	0	1	0	0	5	0	0	14	13	4	0	0	0	0	0	0	11	0	0	11	0	0	0	0	0	1	2	0	2	1	2	2	0	0	0	0	0	0	2	1	3	0	3	0	0	0	0	0	0	0	5	16	0	5	0	0	1	0	0	0
C4660	0	0	0	0	2	0	9	0	0	0	4	0	4	0	3	1	0	2	1	1	4	4	2	3	6	6	4	1	0	0	0	3	3	1	0	0	6	0	7	1	0	0	0	5	5	3	2	0	0	4	0	0	0	9	2	0	0	12	2	6	4	1	0	1	3	0	7	0	16	0	0	3	1	0	16	0	0	0
C4662	0	0	0	0	0	0	0	0	0	0	0	0	0	0	0	0	0	0	0	0	0	0	0	0	0	1	0	0	0	0	0	1	1	0	0	0	2	0	0	1	0	0	0	0	0	0	1	0	0	0	0	0	0	0	0	0	0	0	0	0	0	1	1	3	0	0	0	0	0	1	0	0	0	0	0	0	0	0
C4664	0	0	0	0	0	0	0	0	0	0	3	0	0	0	0	0	0	3	0	0	0	0	0	0	0	0	0	0	0	0	0	0	1	1	1	0	1	0	0	0	0	1	0	0	0	0	0	0	0	0	0	0	0	0	0	0	0	1	0	0	1	0	0	0	7	0	0	0	0	0	0	0	0	0	1	2	0	0
C4666	0	0	0	1	1	0	3	0	0	0	1	0	1	0	0	0	0	0	0	1	2	1	0	1	3	0	1	0	0	0	0	2	1	1	1	0	1	1	2	0	0	0	0	0	2	0	0	0	0	1	0	0	0	1	0	1	0	0	1	0	0	0	0	0	0	0	1	1	4	0	0	1	0	0	1	0	0	0
C4668	0	0	0	0	0	0	1	19	0	0	0	0	5	0	0	0	0	0	0	0	0	0	0	0	0	1	0	0	0	0	0	7	0	0	15	0	0	0	0	0	0	0	0	2	0	0	0	0	0	0	0	0	0	0	0	5	0	0	1	4	1	20	0	0	0	0	0	0	0	0	0	0	0	0	0	0	0	0
C4669	0	0	0	0	0	0	0	1	0	0	0	1	0	0	0	0	1	0	3	0	0	0	1	3	1	0	0	0	0	0	0	0	0	1	0	0	0	0	0	0	0	0	2	0	0	0	0	0	0	0	0	0	0	1	0	1	2	1	0	0	0	0	0	0	0	0	0	0	0	0	0	0	1	0	0	0	0	0
C4671	0	0	0	0	0	0	0	0	0	2	4	0	0	0	0	0	0	0	0	1	1	1	0	0	0	0	0	1	0	0	0	0	1	0	2	0	0	0	0	0	0	0	0	5	0	2	0	0	0	1	0	0	0	1	0	0	0	1	0	0	2	0	0	0	1	0	1	1	0	0	0	0	0	0	1	1	0	0
C4674	0	0	0	0	0	0	0	0	0	0	1	0	0	0	1	0	0	1	0	0	3	2	0	0	1	2	0	1	0	0	0	1	0	0	0	0	1	1	3	1	0	0	0	1	0	1	0	0	0	0	0	0	0	0	0	0	0	2	0	1	0	3	1	0	0	0	1	0	0	0	0	0	0	0	0	0	0	0
C4677	0	0	0	0	1	0	1	1	0	0	0	0	0	0	0	0	0	0	0	1	0	2	0	0	0	0	0	1	0	0	0	2	0	0	0	0	0	0	0	1	0	0	0	0	0	1	1	0	1	0	0	0	0	0	0	0	0	1	0	0	0	0	0	0	0	0	1	0	0	0	0	0	0	0	1	2	0	0
C4679	0	0	0	0	0	0	0	0	0	0	0	0	0	0	0	0	0	0	0	0	0	0	0	0	1	0	0	6	0	0	0	4	0	0	1	0	0	0	0	0	0	0	0	0	0	0	0	0	0	0	0	0	0	0	1	0	0	0	0	0	0	1	0	0	0	0	0	0	0	0	0	0	0	0	0	0	0	0
C4681	0	0	0	0	2	0	0	0	0	0	0	0	0	0	1	0	0	0	0	0	0	0	0	0	0	0	0	4	0	0	0	0	1	0	1	0	1	0	0	1	0	0	0	1	0	0	0	0	1	1	0	0	0	1	0	0	0	0	1	1	1	0	1	0	0	0	0	0	0	1	0	0	0	0	1	1	0	1
C4682	0	0	0	3	0	0	0	0	0	0	1	2	0	0	0	0	0	0	1	1	4	0	1	1	1	1	2	0	0	0	0	1	0	5	0	0	1	0	2	0	0	0	0	5	3	0	0	0	0	3	0	0	1	0	2	0	0	0	0	2	2	0	0	1	1	0	1	1	0	0	0	1	0	0	1	1	0	0
C4683	0	0	0	0	4	0	1	1	0	0	1	0	0	0	2	0	0	2	0	1	2	1	0	0	4	2	1	3	0	0	0	2	0	0	0	0	3	0	3	1	0	0	0	1	3	1	0	0	0	1	0	0	0	0	1	1	1	1	1	3	3	0	0	1	1	0	0	1	1	0	0	0	0	0	1	2	0	0
C4684	1	0	0	0	5	0	2	0	0	0	1	0	4	0	2	0	0	0	0	0	6	2	1	0	0	9	1	2	0	0	0	0	0	2	0	0	4	0	2	0	0	0	0	4	0	0	0	0	1	1	0	0	0	2	0	0	0	2	1	6	1	5	2	0	1	0	5	0	0	0	0	0	0	0	1	0	0	0
C4685	0	0	0	0	0	0	1	13	0	0	0	0	2	0	0	0	0	0	0	0	0	0	0	0	0	0	0	0	0	0	0	3	0	0	9	0	0	0	0	0	0	0	0	0	0	0	0	0	0	0	0	0	0	0	1	1	0	0	0	4	0	6	0	0	0	0	0	0	0	0	0	0	0	0	0	1	0	0
C4686	0	0	0	0	0	0	0	0	0	0	0	0	0	0	0	0	2	0	0	0	0	0	0	0	0	0	0	0	17	0	0	0	0	0	0	0	0	0	0	0	0	1	0	0	0	0	0	0	0	0	0	0	0	0	0	0	0	0	0	0	0	0	0	0	0	0	0	0	0	0	0	0	0	0	0	0	0	0
C4687	0	0	0	0	0	0	0	1	0	0	4	0	0	0	0	0	0	0	0	0	0	0	0	0	1	1	0	25	0	0	0	1	0	0	3	0	0	0	0	1	0	0	0	0	0	0	0	0	0	0	0	0	0	4	0	3	0	0	0	0	1	3	0	10	0	0	0	0	8	1	1	0	0	0	0	2	0	0
C4688	0	0	0	0	2	0	0	0	0	0	0	0	1	0	1	0	0	2	0	0	1	2	0	0	0	3	0	1	0	0	0	0	1	0	0	0	0	0	1	1	0	0	0	0	0	0	0	0	0	0	0	0	0	0	0	0	0	1	0	0	0	1	0	0	0	0	0	0	0	0	0	0	0	0	1	0	0	0
C4696	0	0	0	0	0	0	0	6	0	0	79	0	0	0	1	0	0	0	0	0	1	0	0	0	8	6	0	16	0	0	0	8	0	0	3	0	0	0	0	1	0	0	0	0	0	0	0	0	1	0	0	0	0	1	0	3	0	1	1	0	0	1	0	3	0	0	0	0	4	0	0	0	0	0	0	5	0	0
C4700	0	0	0	0	0	0	0	0	0	0	2	0	0	0	0	0	0	1	0	0	0	0	1	0	0	0	0	0	0	7	15	0	0	0	0	0	0	0	0	0	0	0	0	1	0	1	0	0	1	0	0	0	1	0	1	0	0	0	0	0	0	0	0	0	0	0	0	0	0	0	0	0	1	0	0	0	0	0
C4701	0	0	0	0	0	0	0	1	0	0	0	0	0	0	0	0	0	0	0	0	0	0	0	0	0	0	0	0	7	0	0	0	0	0	0	0	0	0	0	0	0	1	0	0	0	0	0	0	0	0	0	0	0	0	1	0	0	0	0	0	0	1	0	0	0	0	0	0	0	0	1	0	0	0	0	0	0	0
C4703	0	0	0	0	0	0	0	1	0	0	0	0	1	0	0	0	0	1	0	0	2	0	1	1	0	2	2	0	0	0	0	2	2	1	0	0	0	0	1	0	0	0	0	1	0	0	0	0	1	1	0	0	0	0	0	1	0	1	0	2	1	0	0	0	0	0	0	0	1	0	0	1	0	0	0	0	0	0
C4704	0	0	0	0	0	0	0	4	0	0	11	0	0	0	0	0	0	0	0	0	0	0	0	0	4	3	0	15	0	0	0	8	0	0	8	0	0	0	0	0	0	0	0	0	0	0	2	0	2	0	0	0	0	5	0	10	0	0	1	0	6	5	0	34	0	0	0	0	9	0	0	2	0	0	0	3	0	0
C4706	0	0	0	3	0	0	0	0	0	0	0	0	0	0	0	0	0	1	0	1	0	0	1	0	0	2	0	0	0	0	0	0	0	0	3	0	0	0	0	1	0	0	0	0	0	0	0	0	3	0	0	0	0	0	0	0	0	0	0	0	1	0	0	0	0	0	0	0	0	1	0	1	0	0	0	0	0	0
C4708	0	0	0	1	0	0	0	1	0	0	2	0	7	0	2	0	0	1	0	4	4	0	1	0	2	0	0	14	0	0	0	1	6	1	1	0	3	0	2	9	0	0	0	6	3	4	0	1	0	3	0	0	0	5	1	1	0	1	1	1	4	3	0	0	0	0	4	0	1	0	0	0	0	0	3	1	0	0
C4711	0	0	0	1	0	0	0	0	0	0	1	0	0	0	1	0	0	0	0	0	1	1	0	0	2	1	1	1	0	0	0	0	2	1	2	0	1	0	2	0	0	0	0	0	1	0	0	0	0	1	0	0	0	0	0	0	1	0	0	0	1	1	0	0	1	0	0	1	0	0	0	0	0	0	0	2	0	0
C4712	0	0	0	0	0	0	0	13	0	0	21	0	0	0	3	0	0	0	0	0	0	0	0	0	5	1	0	28	0	0	0	10	0	0	9	0	0	1	0	1	0	0	0	0	0	1	1	0	2	0	0	1	0	8	0	2	0	1	2	0	9	6	0	25	0	0	0	0	43	1	0	0	0	0	0	1	0	0
C4714	0	0	0	0	0	0	0	0	0	0	0	0	1	0	1	0	0	0	0	0	1	2	0	0	0	2	0	0	0	0	0	0	0	0	0	0	1	0	1	0	0	0	0	0	0	0	0	0	0	0	0	0	0	1	0	0	0	1	0	1	0	1	0	0	0	0	1	0	0	0	0	0	0	0	0	0	0	0
C4719	0	0	0	0	0	0	0	4	0	0	0	0	1	0	0	0	0	0	0	0	0	0	0	0	0	0	0	0	1	0	0	0	0	0	2	0	0	2	0	0	0	0	0	0	0	0	0	0	0	0	0	0	0	0	2	1	0	0	0	4	0	1	0	0	0	0	0	0	0	0	0	0	0	0	0	0	0	0
C4721	0	0	0	0	0	0	0	1	0	0	4	0	0	0	2	0	0	0	0	0	0	0	0	0	0	0	0	2	0	0	0	0	0	0	1	0	0	0	0	0	0	0	0	0	0	0	0	0	0	0	0	0	0	1	0	0	0	0	0	0	5	2	0	4	0	0	0	0	1	0	0	0	0	0	1	0	0	0
C4722	0	0	0	0	0	0	2	2	0	0	0	0	0	0	0	0	0	0	0	0	0	1	0	0	0	0	0	0	0	0	0	1	0	1	0	0	1	0	0	0	0	0	0	0	0	0	0	0	0	0	0	0	0	0	0	0	0	0	0	0	0	0	0	1	0	0	0	1	0	0	0	0	0	0	0	0	0	1
C4724	0	0	0	0	1	0	0	0	0	0	2	0	0	0	0	0	0	0	0	2	0	0	0	0	0	0	0	0	0	0	0	0	0	0	0	0	3	0	0	0	0	2	0	0	2	0	5	0	1	0	0	0	0	0	0	0	0	0	0	0	20	0	0	0	2	0	0	0	0	0	14	0	0	0	0	0	0	0
C4725	0	0	0	0	0	0	1	1	0	0	0	0	0	0	0	0	0	0	0	0	0	0	0	0	0	1	0	0	0	0	0	5	0	0	1	0	0	0	0	0	0	0	0	1	0	0	0	0	0	0	0	0	0	0	1	0	0	0	0	4	0	2	0	0	0	0	0	0	0	0	0	0	0	0	0	1	0	0
C4726	0	0	0	0	0	1	0	0	0	0	0	0	0	0	0	0	0	0	0	0	0	0	0	0	0	0	0	0	3	0	0	0	0	0	0	14	0	0	0	0	0	5	0	0	0	0	0	0	0	0	1	0	0	0	0	0	0	0	0	0	0	0	0	0	0	0	0	0	0	0	0	0	0	0	0	0	3	0
C4727	0	0	0	0	0	0	3	0	0	0	0	0	0	0	0	0	0	0	0	0	0	0	0	0	0	0	0	0	4	4	0	0	0	0	0	9	1	0	0	0	0	2	0	0	0	0	1	0	0	0	1	0	0	0	0	0	0	0	0	0	0	0	0	0	0	0	0	0	0	0	3	0	0	0	0	0	0	0
C4728	0	0	0	0	1	0	0	1	0	0	0	0	0	0	1	0	0	3	0	1	0	0	0	0	0	1	2	0	0	0	0	1	2	2	1	0	3	1	0	0	0	0	0	1	1	0	1	0	0	1	0	0	0	0	0	1	1	1	0	0	1	1	0	1	0	0	0	1	1	0	0	4	0	0	0	0	0	1
C4732	0	0	0	0	1	0	2	0	0	0	0	0	0	0	0	0	0	1	0	0	1	0	0	0	2	2	0	0	0	0	0	0	0	0	0	0	1	0	0	0	0	0	0	1	0	1	0	0	0	1	0	0	0	0	3	0	0	2	0	1	0	1	0	0	4	0	0	0	0	0	0	0	0	0	0	0	0	0
C4733	0	0	0	0	1	0	0	0	0	0	0	0	0	0	0	0	0	0	0	0	0	0	0	0	0	0	0	2	0	0	0	0	0	1	0	0	1	0	0	0	0	0	0	0	0	1	0	0	0	0	0	0	0	0	0	0	0	0	12	0	0	0	0	0	0	0	0	0	0	0	0	0	0	0	0	0	0	0
C4735	0	0	0	2	1	0	2	0	0	0	0	0	0	0	0	0	0	0	0	1	0	1	0	0	1	0	0	0	0	0	0	1	1	0	0	0	1	0	0	0	0	0	0	0	2	1	0	0	0	0	0	0	0	0	0	0	0	0	0	0	0	1	1	0	0	0	0	1	1	0	0	1	0	0	2	0	0	0
C4737	0	0	0	0	0	0	0	0	0	0	0	0	0	0	1	0	0	2	0	0	3	0	0	0	0	8	0	0	0	0	0	0	0	1	0	0	0	0	0	0	0	0	0	1	0	0	0	0	0	0	0	0	0	2	0	0	0	2	0	5	0	0	0	0	0	0	3	0	0	0	0	0	0	0	0	0	0	0
C4740	0	0	0	0	0	0	2	0	0	2	1	0	1	0	1	0	0	1	0	0	0	0	0	0	0	1	0	0	0	0	0	0	1	2	0	0	2	2	0	0	0	1	0	4	0	6	1	0	2	7	1	0	0	0	0	0	0	0	0	1	0	1	1	0	0	0	5	0	0	1	0	0	0	0	2	1	0	0
C4741	0	0	0	0	0	4	0	0	0	0	0	0	0	0	0	0	0	0	0	0	0	0	0	0	0	0	0	0	1	0	0	0	0	0	0	20	0	0	0	0	0	6	0	0	0	0	0	0	0	0	0	0	0	0	0	0	0	0	0	0	0	0	0	0	0	0	0	0	0	0	0	0	0	0	0	0	1	0
C4742	0	0	1	0	0	0	0	8	0	0	9	0	0	0	0	0	0	0	0	0	0	0	0	0	3	0	0	5	0	0	0	2	0	0	5	0	0	0	0	0	0	0	0	0	0	0	3	0	0	0	0	0	0	1	0	0	0	4	0	0	5	1	0	5	0	0	1	0	11	0	0	0	0	0	0	0	0	0
C4743	0	0	0	0	0	0	0	0	0	0	0	0	0	0	0	0	0	0	0	0	1	0	0	0	0	0	0	0	0	0	0	4	0	0	0	0	0	0	0	1	0	0	0	0	0	0	0	0	0	0	0	0	0	0	0	0	0	0	1	0	0	6	0	0	1	0	1	2	0	0	0	0	0	0	0	0	0	0
C4744	0	0	0	0	0	0	4	0	0	0	1	0	3	0	3	0	0	1	0	0	3	6	1	0	0	7	0	0	0	0	0	3	1	0	0	0	1	1	1	0	0	0	0	7	0	1	0	0	0	2	0	0	0	1	0	0	0	2	2	1	0	0	0	0	2	0	3	0	1	0	0	0	0	0	2	0	0	0
C4745	0	0	0	0	2	0	0	0	0	2	0	0	0	0	5	0	0	8	0	6	4	2	0	0	0	11	0	7	0	0	0	4	2	0	0	0	0	0	1	3	0	0	0	2	0	0	0	0	0	0	0	0	0	0	1	0	0	15	0	0	1	3	2	0	3	0	21	0	0	0	0	0	0	0	21	0	0	0
C4746	0	0	0	0	1	0	0	0	0	0	0	0	1	0	0	0	0	0	0	0	0	0	0	0	0	1	0	2	0	0	0	0	2	0	0	0	0	0	0	0	0	0	0	0	0	2	0	1	0	0	0	0	0	1	0	0	0	0	2	1	0	1	0	0	1	0	0	0	0	1	0	0	0	0	0	0	0	0
C4747	0	0	0	0	1	0	1	0	0	0	1	0	0	0	0	0	0	0	2	0	0	0	0	0	0	1	0	0	0	0	0	0	0	1	0	0	0	0	0	0	0	0	0	1	0	0	0	0	0	0	0	0	0	0	0	0	0	3	0	0	1	0	0	0	0	0	0	0	0	0	0	0	0	0	0	0	0	0
C4749	0	0	0	1	2	0	4	0	0	0	7	1	2	0	2	0	0	1	0	2	4	1	0	0	1	1	0	1	0	0	0	0	2	0	1	0	1	3	1	1	0	1	0	0	0	5	2	0	1	2	1	0	0	6	0	0	0	7	0	2	1	7	0	0	0	0	1	0	1	1	0	1	0	0	2	0	1	0
C4750	0	0	0	0	0	17	0	0	0	0	0	1	0	0	0	0	2	0	0	0	0	0	0	0	0	0	0	0	50	21	9	1	0	0	0	141	0	0	0	0	0	28	0	0	0	0	0	0	0	0	41	0	0	0	0	0	1	0	0	0	0	0	1	0	0	0	0	0	0	0	30	0	0	0	0	0	127	0
C4752	0	0	0	0	1	0	1	0	0	0	0	0	0	0	0	0	0	0	0	0	0	0	0	0	0	0	3	0	3	21	11	0	0	0	0	14	0	0	0	0	0	3	0	0	0	0	0	0	0	0	5	0	0	0	0	0	0	0	1	0	0	0	0	0	0	0	0	0	0	0	1	0	0	0	0	0	5	0
C4753	0	0	0	0	1	0	0	0	0	0	1	0	0	0	0	0	0	2	0	1	1	1	0	0	0	0	0	0	0	0	0	1	0	1	0	0	1	0	1	0	0	0	0	1	0	0	0	0	0	1	0	0	0	0	0	0	0	0	0	0	0	0	0	0	0	0	2	0	0	0	0	0	0	0	0	0	0	0
C4755	0	0	0	0	0	0	0	1	0	0	0	0	0	0	2	0	0	1	0	9	1	0	5	0	0	1	0	40	0	0	0	0	0	1	12	0	0	1	0	0	0	0	0	0	1	0	0	0	0	0	0	0	0	0	0	0	0	3	0	0	0	3	0	0	34	0	0	0	0	1	0	0	0	0	0	0	0	0
C4756	0	0	0	5	13	0	12	2	0	1	6	6	7	0	4	0	13	4	23	0	4	10	0	32	2	6	3	3	0	0	0	2	4	3	3	0	8	6	4	1	0	0	12	9	3	3	2	1	0	2	0	0	1	6	4	7	23	5	6	7	12	0	1	3	2	0	2	0	11	0	0	9	0	0	3	5	0	12
C4758	0	0	0	3	1	0	0	2	0	0	2	0	6	0	6	0	0	1	0	4	3	1	1	0	1	0	0	12	0	0	0	2	0	1	0	0	4	1	3	8	0	0	0	6	1	3	0	2	0	0	0	0	0	5	2	0	0	4	1	3	2	6	8	13	0	0	7	0	4	16	0	0	0	0	3	5	0	0
C4759	0	0	0	1	0	0	0	0	0	0	1	0	0	0	1	0	1	2	0	1	0	0	0	0	0	5	0	0	0	0	0	2	0	0	47	0	0	0	0	1	0	0	0	0	0	0	0	0	0	0	0	0	0	0	0	0	0	0	14	0	1	0	0	0	0	0	0	0	0	0	0	0	0	0	0	0	0	0
C4760	0	0	0	0	2	0	2	0	0	0	0	0	1	0	0	0	0	0	0	1	0	0	0	0	0	0	0	0	0	0	0	0	0	0	0	0	1	0	0	0	0	0	0	0	0	0	0	0	0	0	0	0	0	0	0	0	0	0	0	0	2	0	0	1	0	0	1	0	0	1	0	0	0	0	0	0	0	0
C4764	0	0	0	0	0	0	0	0	0	0	1	0	0	0	1	0	0	0	0	0	1	0	0	0	1	0	0	13	0	0	0	3	0	0	7	0	0	0	0	0	0	0	0	0	0	0	1	0	0	0	0	0	0	2	0	3	0	1	1	0	1	1	0	5	0	0	0	0	4	0	0	1	0	0	0	0	0	0
C4766	0	0	0	0	0	0	0	0	0	0	0	0	0	0	2	0	0	1	0	0	0	0	0	0	0	0	0	0	0	0	0	0	0	0	0	0	1	1	0	1	0	0	0	1	0	0	2	0	0	0	0	0	0	1	0	0	0	0	0	0	1	1	0	0	0	0	0	0	0	1	0	0	0	0	0	1	0	0
C4768	0	0	0	0	1	0	1	0	0	0	0	0	0	0	0	0	0	0	0	0	0	0	0	0	0	1	1	0	5	15	10	0	0	0	0	11	0	0	0	1	0	1	0	0	0	0	0	0	0	0	3	0	0	0	0	0	0	0	0	0	0	0	0	0	0	0	0	0	0	0	1	0	0	0	0	0	7	0
C4769	0	0	0	0	1	0	0	0	0	0	0	0	4	0	3	0	0	2	0	1	21	7	2	0	1	22	0	18	0	0	0	3	0	3	0	0	6	0	1	6	0	0	0	5	0	4	0	0	0	21	0	0	0	11	0	0	0	0	0	7	1	3	1	0	1	0	7	0	0	0	0	0	0	0	5	0	0	0
C4770	0	0	0	5	2	0	1	2	0	1	1	0	3	0	0	0	0	1	0	0	0	3	0	0	1	0	3	0	0	0	0	1	1	0	0	0	2	1	3	0	0	0	0	2	0	0	0	1	0	1	0	0	0	1	0	0	1	1	0	0	1	0	1	0	0	0	0	3	0	0	0	2	0	0	3	0	0	0
C4771	0	0	0	0	1	0	0	1	0	0	0	0	0	0	1	0	0	0	0	0	0	0	0	0	0	0	0	0	0	0	0	0	0	0	0	0	1	0	0	0	0	0	0	0	2	0	0	0	0	0	0	0	0	0	0	0	0	0	0	0	0	0	1	2	0	0	0	0	0	0	0	0	0	0	0	2	0	0
C4773	0	0	0	0	0	0	0	4	0	0	40	0	0	0	9	0	0	0	0	2	2	0	0	0	5	6	1	118	0	0	0	33	0	0	57	0	0	1	1	5	0	1	0	0	0	0	10	0	2	3	0	0	0	22	0	30	0	5	1	2	17	31	0	96	0	0	0	0	42	0	0	7	0	0	1	9	0	0
C4774	0	0	0	0	0	0	0	0	0	0	0	0	0	0	0	0	0	0	0	0	0	0	0	0	0	0	0	0	0	0	0	0	2	0	0	0	0	3	0	2	0	0	0	0	0	0	0	0	1	0	0	0	0	0	0	0	0	0	0	0	2	0	0	0	1	0	0	0	0	0	0	0	0	0	0	0	0	0
C4775	0	0	0	0	0	0	0	0	0	0	2	0	0	0	0	0	0	0	0	0	0	0	0	0	0	2	0	0	0	0	0	1	0	0	8	0	0	0	0	0	0	0	0	0	0	0	6	0	0	0	0	0	0	0	0	0	0	0	0	0	4	0	0	0	0	0	0	0	0	0	0	0	0	0	1	0	0	0
C4778	0	0	0	3	4	0	1	1	0	1	2	1	2	0	4	0	1	4	0	5	1	1	0	0	2	1	1	5	0	1	0	2	2	0	0	0	8	3	0	3	0	1	0	3	0	3	0	0	4	2	1	0	0	2	0	2	0	2	3	0	1	1	2	4	2	0	4	0	0	6	0	1	0	0	1	2	0	0
C4780	0	0	0	0	0	0	0	0	0	2	0	0	0	0	0	0	0	0	0	4	0	0	0	0	0	0	0	12	0	0	0	0	0	1	5	0	0	0	0	0	0	0	0	1	1	0	0	0	0	0	0	0	0	1	0	3	0	2	0	1	0	0	0	0	3	0	0	0	0	0	0	0	0	0	0	2	0	0
C4782	0	0	0	1	8	0	2	1	0	2	7	0	2	0	7	0	0	2	0	2	2	0	2	0	1	1	7	21	0	2	1	0	2	2	0	1	4	2	3	4	0	2	0	7	3	7	2	2	0	6	4	0	0	5	2	0	0	2	6	3	2	4	4	5	2	0	10	0	0	4	0	0	0	0	4	3	3	0
C4783	0	0	0	0	0	3	0	0	0	0	0	0	0	0	0	0	0	0	0	0	0	0	0	0	0	0	0	0	5	0	0	0	0	0	0	16	0	0	0	0	0	3	0	0	0	0	0	0	0	0	3	0	0	0	0	0	0	0	0	0	0	0	0	0	0	0	0	0	0	0	3	0	0	0	0	0	11	0
C4785	0	0	0	0	0	0	0	0	0	0	0	0	0	0	1	0	0	0	0	0	1	0	0	0	0	0	0	8	0	0	0	0	0	1	0	0	0	0	0	0	0	0	0	0	0	0	0	0	0	0	0	0	0	0	0	0	0	0	0	0	0	1	0	0	4	0	0	0	0	0	0	0	0	0	0	0	0	0
C4786	0	0	0	3	0	0	7	1	2	0	7	0	0	2	0	0	0	7	0	0	0	0	0	0	0	5	0	0	0	5	0	9	0	6	190	0	5	12	1	4	0	2	0	15	0	0	32	0	0	0	0	0	0	0	0	2	0	0	0	25	14	2	1	0	6	0	0	0	0	0	1	0	0	0	0	14	0	0
C4787	0	0	0	0	0	0	0	0	8	0	2	0	0	0	0	0	0	0	0	0	0	0	0	0	3	1	3	1	0	0	0	7	0	0	3	0	0	0	0	0	0	0	0	0	1	0	1	0	0	0	0	0	0	1	0	0	0	0	2	0	0	0	0	0	0	0	0	0	1	0	0	1	0	0	1	1	0	0
C4790	0	0	0	1	0	0	0	0	0	0	1	0	0	0	0	0	0	1	0	0	1	0	0	0	11	0	2	3	0	0	0	2	0	0	0	0	0	2	2	0	0	0	0	0	0	0	1	1	2	0	0	0	0	0	0	0	0	0	1	4	0	2	0	0	2	0	0	0	1	0	0	0	0	0	1	5	0	1
C4791	0	0	0	5	0	0	0	1	14	0	4	0	0	0	6	0	0	1	0	1	0	1	3	0	9	9	4	7	0	0	0	9	1	0	15	0	0	1	0	4	0	0	0	0	0	0	2	0	5	1	0	0	0	4	0	3	0	3	2	1	8	6	0	8	0	1	0	0	20	4	0	3	0	0	1	1	0	0
C4793	0	0	0	0	0	0	0	8	0	0	9	0	0	0	1	0	0	0	0	0	0	1	0	0	0	0	0	8	0	0	0	3	0	0	1	0	0	0	0	1	0	0	0	0	0	0	1	0	0	0	0	0	0	1	0	0	0	0	0	0	9	1	0	5	0	0	0	0	19	0	0	1	0	0	0	0	0	0
C4794	0	0	0	1	1	0	0	0	0	1	0	0	6	0	1	0	0	0	0	1	2	1	0	0	1	2	1	0	0	0	0	0	2	0	1	0	3	1	0	1	0	0	0	1	0	0	0	0	1	1	0	0	0	3	1	0	0	0	0	0	0	1	0	0	2	0	2	0	2	0	0	4	0	0	0	0	0	0
C4798	0	0	0	0	0	0	0	0	0	0	1	0	0	0	1	0	0	1	0	0	2	0	0	0	0	0	0	0	0	0	0	0	0	0	0	0	0	1	0	0	0	0	0	0	0	1	0	0	0	0	0	0	0	0	0	0	0	0	1	0	1	0	0	0	0	0	0	1	0	0	0	0	0	0	1	0	0	0
C4799	0	0	0	1	0	0	0	0	0	0	0	0	1	0	0	0	0	0	0	2	0	0	0	0	0	0	0	2	0	0	0	1	0	0	0	0	3	1	0	0	0	0	0	1	0	0	0	0	0	0	0	0	0	0	0	0	0	0	0	0	0	0	0	0	0	0	0	0	0	0	0	0	0	0	0	0	0	0
C4801	0	0	0	6	7	0	6	3	0	3	0	0	6	0	4	0	0	3	1	2	8	2	0	0	3	2	3	5	0	0	0	2	2	0	0	0	4	3	7	1	0	0	0	6	4	3	2	0	0	4	0	0	0	4	2	2	0	1	7	2	7	0	1	6	2	0	3	3	2	0	0	7	0	0	4	6	0	0
C4804	0	0	0	0	0	0	0	0	0	0	0	0	2	0	2	0	0	1	0	0	1	0	0	0	0	0	0	0	0	0	0	0	0	0	0	0	1	0	0	0	1	0	0	0	0	2	0	0	0	0	0	0	0	0	0	0	0	0	0	0	0	0	2	0	0	0	0	0	0	0	0	0	0	0	0	0	0	0
C4805	0	0	0	0	0	0	0	2	0	0	4	0	0	0	2	0	0	0	0	0	1	0	0	0	1	2	0	41	0	0	0	12	0	0	7	0	0	0	0	2	0	0	0	1	0	0	3	0	1	0	0	0	0	2	0	7	0	0	0	2	4	7	0	10	0	0	0	0	13	1	0	4	0	0	0	1	0	0
C4810	0	0	0	0	0	0	0	0	0	0	0	0	0	0	0	0	0	0	0	1	0	0	2	0	0	1	0	0	0	0	0	1	0	0	0	0	1	1	1	1	0	0	0	0	0	0	0	0	0	1	0	0	0	3	0	0	0	1	0	0	1	1	1	0	0	0	0	0	0	0	0	0	0	0	0	1	0	0
C4811	0	0	0	0	3	0	1	4	0	0	5	0	2	0	3	0	0	2	0	1	2	2	2	1	3	3	0	4	0	0	0	2	1	3	0	0	4	3	1	0	0	0	0	4	1	7	2	1	2	3	0	0	0	4	0	5	0	2	4	4	1	4	2	0	5	0	2	0	2	1	0	0	0	0	0	0	0	0
C4813	0	0	0	2	2	0	1	0	0	0	1	0	1	0	2	0	0	0	1	1	1	0	1	0	0	1	3	0	0	0	0	2	1	2	0	0	2	1	2	1	0	0	0	2	0	2	0	0	0	0	0	0	0	3	0	0	0	1	2	2	3	0	0	1	1	0	0	0	2	0	0	1	0	0	3	1	0	0
C4814	0	0	0	1	1	0	0	41	0	0	1	0	4	0	0	0	0	0	0	0	0	0	0	0	0	0	1	0	0	0	0	17	0	0	30	0	1	2	0	0	0	0	0	1	0	0	0	0	0	0	0	0	0	0	0	14	0	0	2	8	0	21	0	0	1	0	0	0	0	0	0	0	0	0	0	1	0	0
C4817	0	0	0	0	0	0	0	0	0	1	1	0	0	0	0	0	0	1	0	0	0	0	0	0	0	0	0	0	0	5	8	0	0	0	0	0	0	0	0	0	0	0	0	0	0	0	0	0	1	0	0	0	1	0	0	0	0	0	1	0	0	0	0	0	0	0	0	0	0	0	0	0	2	0	0	0	0	0
C4819	0	0	0	1	0	0	1	0	0	0	1	0	0	0	0	0	0	0	0	2	0	0	0	0	0	0	1	0	0	0	0	0	0	1	0	0	3	0	2	2	0	0	0	0	0	1	0	1	0	0	0	0	0	0	0	0	0	0	0	1	0	1	1	4	1	0	0	0	0	0	0	0	0	0	0	1	0	0
C4821	0	0	0	0	1	0	0	1	0	0	0	0	1	0	1	0	0	0	0	1	0	0	0	0	0	0	0	0	0	0	0	1	0	0	0	0	1	0	0	1	0	0	0	0	0	0	0	1	0	0	0	0	0	1	0	0	0	0	1	0	0	0	0	1	0	0	1	0	2	0	0	1	0	0	1	0	0	0
C4822	0	0	0	1	1	0	2	1	0	0	0	1	0	0	1	0	2	0	6	1	1	1	0	9	0	0	0	0	0	0	0	1	1	0	0	0	0	1	2	0	0	0	3	2	1	0	0	1	0	1	0	0	0	1	0	0	8	0	0	0	0	1	0	1	1	0	1	0	0	0	0	2	0	0	0	1	0	2
C4823	0	0	0	0	0	3	0	0	0	0	0	0	0	0	0	0	0	0	0	0	0	0	0	0	0	0	0	0	0	0	1	0	0	0	0	8	0	0	0	0	0	1	0	0	0	0	0	0	0	0	0	0	0	0	0	0	0	0	0	0	0	0	0	0	0	0	0	0	0	0	0	0	0	0	0	0	0	0
C4824	0	0	0	1	1	0	2	0	0	1	0	0	1	0	0	0	0	3	0	0	0	0	0	0	0	1	2	2	0	0	0	0	3	1	2	0	0	1	0	0	0	0	0	0	2	0	0	1	0	1	0	0	0	0	0	1	0	0	2	1	2	1	0	3	0	0	0	3	2	0	0	0	0	0	0	3	0	0
C4825	0	0	0	0	0	0	0	8	0	0	6	0	0	0	1	0	0	0	0	0	0	0	0	0	0	2	0	13	0	0	0	0	0	0	2	0	0	0	0	0	0	0	0	0	1	0	0	0	0	1	0	0	0	1	0	0	0	2	1	0	5	1	0	2	0	0	0	0	21	0	0	0	0	0	1	0	0	0
C4827	0	0	0	1	0	0	0	1	0	0	1	0	1	0	1	0	0	0	0	0	1	0	0	0	1	0	0	1	0	0	0	0	2	2	1	0	2	1	0	0	0	0	0	1	1	0	0	0	0	0	0	0	0	1	0	0	1	0	0	0	1	0	0	0	0	0	0	0	0	0	0	0	0	0	0	0	0	0
C4828	0	0	0	0	1	0	0	0	0	0	2	0	3	0	3	0	0	1	0	0	1	4	0	0	0	0	0	1	0	0	0	0	0	1	0	0	2	0	0	1	0	0	0	3	0	0	0	0	0	2	0	0	0	0	0	0	0	2	1	0	0	1	0	0	1	0	0	0	2	0	0	0	0	0	2	0	0	0
C4829	0	0	0	2	0	0	1	0	0	0	0	0	0	0	0	0	0	0	0	0	0	0	0	0	0	0	0	0	0	0	1	0	2	0	0	0	2	0	1	0	0	0	0	0	0	0	3	2	0	0	0	0	0	0	1	0	0	0	0	0	0	0	0	0	0	0	1	0	0	3	0	0	0	0	0	0	0	0
C4830	0	0	0	0	0	0	0	0	0	0	0	0	0	0	0	0	0	0	0	0	1	3	1	0	0	3	0	0	0	0	0	0	0	0	0	0	1	0	0	0	0	0	0	1	0	0	0	0	0	2	0	0	0	1	0	0	0	1	0	0	0	0	0	0	0	0	1	0	0	0	0	0	0	0	0	0	0	0
C4833	0	0	0	3	1	0	6	0	0	0	2	0	2	0	1	0	0	1	0	0	0	0	1	0	1	1	0	0	0	0	0	1	1	2	0	0	1	5	0	0	0	0	0	1	0	6	0	1	1	0	0	0	2	1	0	0	0	1	0	0	2	0	2	0	0	0	0	0	0	0	0	1	4	0	3	0	0	0
C4834	0	0	0	0	1	0	0	1	0	0	0	0	0	0	0	0	0	3	0	1	1	0	0	0	0	1	0	0	0	0	0	2	0	0	0	0	1	1	0	0	0	0	0	0	0	2	0	0	4	0	0	0	0	1	0	0	0	0	0	0	0	0	1	0	0	0	2	0	1	0	0	0	0	0	0	0	0	0
C4837	0	0	0	0	0	0	0	1	0	1	0	0	0	0	1	0	2	0	0	0	2	0	0	0	0	0	0	1	0	0	0	0	0	3	0	0	0	1	1	0	0	0	1	0	1	0	0	0	3	0	0	0	0	0	0	0	0	0	2	0	0	0	0	0	0	0	0	0	0	0	0	1	0	0	0	0	0	4
C4838	0	0	0	0	2	0	1	1	0	0	0	0	2	0	0	0	0	0	0	1	4	2	0	0	1	0	1	0	0	0	0	1	1	0	0	0	2	0	1	0	0	0	0	0	0	0	2	0	0	0	0	0	0	0	1	1	0	2	0	3	1	2	0	1	0	0	0	0	1	0	0	1	0	0	0	1	0	0
C4841	0	0	0	2	3	0	5	1	0	2	1	0	1	0	0	0	0	2	0	0	1	3	2	1	2	5	2	0	0	0	0	1	0	0	0	0	3	1	1	0	0	0	0	0	1	1	0	0	1	3	0	0	0	0	1	1	0	1	2	4	3	0	0	1	2	0	0	3	5	0	0	6	0	0	1	3	0	0
C4842	0	0	0	0	1	0	0	0	0	0	0	0	0	0	2	0	1	1	0	0	1	1	0	0	0	2	0	0	0	0	0	2	0	0	0	0	5	1	1	1	0	0	0	0	0	0	0	0	0	1	0	0	0	0	0	2	0	2	0	0	1	2	0	0	0	0	3	0	0	2	0	0	0	0	0	0	0	0
C4843	0	0	0	9	94	0	10	1	0	1	8	0	22	1	46	0	0	9	1	6	26	3	19	0	11	17	2	52	0	0	0	25	10	10	0	0	20	5	10	32	1	0	0	31	6	16	6	4	4	17	1	0	0	59	8	4	0	11	10	17	15	35	42	32	7	0	21	0	7	20	0	2	0	0	10	7	0	0
C4846	0	0	0	6	0	0	0	0	0	0	1	0	0	0	0	0	0	0	0	0	0	0	0	0	0	4	2	0	0	0	0	0	1	0	1	0	1	2	0	0	0	0	0	0	0	0	0	0	0	0	0	0	0	0	0	1	0	0	1	0	0	0	0	0	0	0	0	0	0	3	0	0	0	0	0	0	0	0
C4848	0	0	0	0	1	0	0	1	0	0	1	0	0	0	0	0	0	0	0	1	0	1	0	0	1	0	0	1	0	0	0	0	1	1	1	0	0	2	1	0	0	0	0	1	1	0	1	0	2	0	0	0	0	0	0	1	0	1	2	1	0	0	0	1	0	0	3	0	0	0	0	0	0	0	0	0	0	0
C4849	0	0	0	1	3	0	1	0	0	0	1	0	1	0	1	0	0	2	0	0	0	0	1	0	0	0	0	1	0	0	0	1	0	1	0	0	5	2	0	0	0	2	0	2	0	1	3	2	1	0	0	0	0	3	1	1	0	3	0	0	1	1	3	7	2	0	2	0	0	3	0	0	0	0	1	5	0	0
C4850	0	0	0	0	0	0	0	0	0	0	0	0	0	0	0	0	0	0	0	0	0	0	0	0	0	0	0	0	0	0	0	0	0	0	9	0	0	0	0	0	0	0	0	0	0	0	5	0	0	0	0	0	0	0	0	0	0	0	0	0	0	0	0	0	0	0	0	0	0	0	0	0	0	0	0	0	0	0
C4851	0	0	0	0	0	0	0	0	0	0	0	0	0	0	2	0	0	0	0	0	1	0	0	0	0	2	0	0	0	0	0	0	0	0	0	0	3	0	0	0	0	0	0	2	0	0	0	0	0	0	0	0	0	0	0	0	0	1	0	0	0	0	0	0	1	0	0	0	0	0	0	0	0	0	0	0	0	0
C4852	0	0	0	0	1	0	0	0	0	0	0	0	0	0	0	0	0	2	0	0	1	2	1	3	0	1	3	0	0	0	0	0	0	0	1	0	0	1	0	0	0	0	0	0	0	0	0	0	0	0	0	0	0	1	2	0	0	0	1	1	0	0	0	1	0	0	2	0	0	0	0	2	0	0	0	1	0	0
C4853	0	0	0	1	0	0	1	0	0	1	1	0	2	0	0	0	0	2	0	0	1	1	0	0	0	1	1	2	0	0	0	2	0	1	2	0	1	2	0	0	0	0	0	0	2	1	0	0	1	0	0	0	2	1	0	0	0	0	2	0	1	0	0	0	0	0	0	2	1	0	0	4	1	0	1	1	0	0
C4855	0	0	0	1	0	0	0	1	12	0	1	0	1	0	2	0	0	4	0	4	0	0	8	0	5	4	2	2	0	0	0	9	0	0	0	0	0	5	0	6	0	0	0	2	0	2	4	1	15	0	0	0	0	1	0	0	0	1	5	0	0	0	0	0	1	0	0	0	4	25	0	0	0	0	0	1	0	0
C4856	0	0	0	0	2	0	1	0	0	0	0	0	4	0	0	0	0	0	0	0	0	1	0	0	0	1	0	0	0	0	0	0	0	0	0	0	4	0	0	0	0	0	0	1	0	0	0	0	0	0	0	0	0	0	0	0	0	1	0	0	0	1	0	0	0	0	0	0	0	0	0	0	0	0	0	0	0	0
C4858	0	0	0	0	0	0	0	0	0	0	1	0	0	0	0	0	0	0	0	0	1	0	0	0	0	0	0	0	0	0	0	0	0	0	0	0	0	1	2	0	0	0	1	1	1	0	0	0	0	0	0	0	0	0	0	1	0	1	0	0	0	0	0	0	0	0	0	0	0	0	0	1	0	0	1	0	0	0
C4859	0	0	0	3	2	0	1	0	0	1	2	0	1	0	0	0	0	4	0	1	2	2	0	0	2	2	0	1	0	0	0	0	1	0	1	0	0	3	2	0	0	0	0	3	0	1	0	0	0	0	0	0	0	3	0	2	0	2	0	1	2	1	0	2	2	0	0	2	0	0	0	3	0	0	1	0	0	0
C4860	0	0	0	1	1	0	0	1	0	2	1	0	2	0	2	0	1	3	0	0	2	1	1	0	1	0	3	1	0	0	0	0	1	1	0	0	3	2	3	0	0	0	0	0	1	0	2	0	0	1	0	0	0	3	1	1	0	0	5	1	2	1	1	0	2	0	0	2	2	0	0	5	0	0	2	1	0	0
C4861	0	0	0	0	2	0	1	0	0	0	1	0	3	0	3	0	1	4	0	0	14	1	1	0	0	0	1	0	0	0	0	1	5	1	0	0	1	0	0	0	0	0	0	2	2	3	0	0	14	1	0	0	0	2	0	0	0	0	0	3	0	0	2	0	1	0	2	0	0	0	0	0	0	0	0	0	0	0
C4863	0	0	0	0	3	0	31	3	0	0	4	0	0	0	1	1	0	3	0	1	3	0	4	0	0	0	1	0	0	0	4	1	0	0	0	0	6	2	0	5	0	0	0	1	1	0	12	0	5	0	0	0	0	0	0	8	0	0	1	3	3	1	0	0	11	0	1	4	0	0	1	0	0	0	1	1	0	0
C4864	0	0	0	0	2	0	0	0	0	1	1	0	0	0	1	0	0	0	0	1	0	0	0	0	0	1	0	0	0	0	0	1	0	0	0	0	1	4	0	0	0	0	0	0	0	4	0	1	1	1	0	0	0	1	0	0	0	0	0	0	0	0	0	0	0	0	1	0	0	0	1	0	0	0	0	0	0	0
C4865	0	0	0	0	0	0	0	0	0	0	1	0	1	0	2	0	0	0	0	0	2	1	0	0	0	1	0	1	0	0	0	0	1	0	0	0	2	0	1	0	0	0	0	1	0	0	0	0	0	1	0	0	0	0	0	0	0	0	0	0	0	0	0	0	0	0	0	0	0	0	0	0	0	0	1	0	0	0
C4866	0	0	0	0	0	0	2	5	0	0	0	0	0	0	0	0	0	1	0	0	0	0	0	0	0	1	0	0	1	0	0	2	0	0	5	0	0	1	0	0	0	0	0	1	1	0	1	0	0	0	0	0	0	0	1	3	0	0	1	1	0	3	0	0	0	0	0	0	0	0	0	0	0	0	0	0	0	0
C4867	0	0	0	0	0	0	0	0	0	0	0	0	0	0	0	0	0	0	0	0	0	0	0	0	0	0	0	1	0	0	0	0	0	0	0	0	3	0	0	0	0	0	0	0	0	0	0	0	0	0	0	0	0	1	1	0	0	0	0	0	0	0	0	2	1	0	0	0	1	1	0	0	0	0	0	1	0	0
C4869	0	0	0	0	0	0	1	0	0	0	1	0	0	0	1	0	0	0	0	0	0	4	0	0	0	1	0	0	0	0	0	0	0	0	0	0	3	1	0	0	0	0	0	3	0	0	0	0	1	1	0	0	0	2	2	0	0	0	0	1	0	0	0	0	0	0	1	0	1	0	0	0	0	0	1	0	0	0
C4872	0	0	0	0	0	1	0	0	0	0	0	0	0	0	0	0	0	0	0	0	0	0	0	0	0	0	0	0	0	0	0	0	0	0	0	18	0	0	0	0	0	5	0	0	0	0	0	0	0	0	0	0	0	0	0	0	0	0	0	0	0	0	0	0	0	0	0	0	0	0	0	0	0	0	0	0	0	0
C4873	0	0	0	0	0	0	1	9	0	0	0	0	0	0	0	0	0	0	0	0	0	0	0	0	0	0	0	0	0	0	0	3	0	0	13	0	0	2	0	0	0	0	0	5	0	0	2	0	0	0	0	0	0	0	1	6	0	0	0	2	0	8	0	0	0	2	0	0	0	0	0	0	0	1	0	0	0	0
C4874	0	0	0	0	0	0	0	0	0	0	0	0	2	0	2	0	0	0	0	1	2	0	0	0	0	1	0	0	0	0	1	0	0	0	0	0	1	1	0	0	0	0	0	0	0	0	0	0	2	0	0	0	0	0	0	0	0	0	0	0	0	0	1	0	0	0	0	0	0	0	0	0	0	0	0	0	0	0
C4875	0	0	0	0	0	0	0	0	0	0	0	0	0	0	0	0	0	0	0	0	0	1	0	0	0	0	0	0	0	0	0	0	1	1	4	0	0	0	0	0	0	0	0	0	0	0	0	0	0	0	0	0	0	0	0	0	0	0	0	3	0	3	0	0	3	0	0	0	0	0	0	0	0	0	0	0	0	0
C4877	0	1	0	1	3	0	0	0	0	0	2	1	0	0	0	0	0	0	2	0	1	0	0	2	1	1	2	0	0	0	0	0	3	2	0	0	4	1	1	0	0	0	0	2	0	0	0	1	0	1	0	0	2	1	1	2	2	7	0	2	4	2	1	2	1	0	1	2	0	2	0	2	0	0	1	1	0	1
C4883	0	0	0	4	2	0	0	0	0	1	1	0	1	0	1	0	0	0	0	0	3	1	0	0	1	2	1	1	0	0	0	4	5	1	2	0	2	1	2	0	0	0	0	0	0	0	1	0	0	3	0	0	0	1	1	1	0	0	1	2	2	0	0	1	2	0	2	0	2	1	0	4	0	0	1	0	0	0
C4884	0	0	0	0	0	1	0	0	0	0	0	0	0	0	0	0	0	0	0	0	0	0	0	0	0	0	0	0	3	0	0	0	0	0	0	12	0	0	0	0	0	2	0	0	0	0	0	0	0	0	1	0	0	0	0	0	0	0	0	0	0	0	0	0	0	0	0	0	0	0	0	0	0	0	0	0	2	0
C4885	0	0	0	0	0	0	2	0	0	0	0	0	0	0	1	0	0	2	0	0	1	1	0	0	1	1	0	0	0	0	0	0	1	0	0	0	1	0	0	0	0	0	0	0	0	1	0	0	0	1	0	0	0	1	2	0	0	1	2	0	1	0	0	1	1	0	1	0	2	0	0	2	0	0	0	0	0	0
C4888	0	0	0	1	0	0	0	0	0	0	0	0	0	0	1	0	0	1	2	0	0	1	0	0	1	1	1	0	0	0	0	0	1	0	0	0	1	0	0	0	0	0	0	0	1	1	0	0	0	0	0	0	0	0	1	0	0	2	0	0	0	0	0	1	1	0	0	0	0	0	0	1	0	0	2	0	0	0
C4889	0	0	0	0	0	0	0	0	0	0	0	1	0	0	0	0	2	0	2	0	0	0	0	6	0	0	0	0	0	0	0	0	0	0	0	0	0	0	0	0	0	0	2	0	0	0	0	0	0	0	0	0	0	0	0	0	0	0	0	0	0	0	0	0	0	0	0	0	0	0	0	0	0	0	0	0	0	2
C4890	0	0	0	0	0	0	0	0	0	0	0	0	0	0	0	0	0	0	0	0	0	19	0	0	0	2	0	0	0	0	0	5	1	0	141	0	0	0	0	0	0	0	0	0	0	0	2	0	0	0	0	0	0	0	0	0	0	0	0	9	0	16	0	0	24	0	0	0	0	0	0	0	0	0	0	0	0	0
C4894	0	0	0	3	0	0	0	0	0	0	2	0	3	0	0	0	0	1	0	2	0	2	5	0	19	2	0	5	0	0	0	0	2	0	2	0	1	2	2	7	0	0	0	0	0	2	1	3	5	0	0	0	0	0	0	1	0	2	1	9	1	3	0	0	2	0	0	0	3	0	0	2	0	0	2	0	0	1
C4896	0	0	0	0	0	0	3	0	0	0	2	1	3	0	0	0	0	0	0	0	3	4	0	1	2	3	0	1	0	0	0	0	3	4	0	0	3	0	1	0	0	0	0	4	0	0	0	0	1	3	0	0	0	1	1	0	0	1	1	0	1	1	1	0	0	0	0	1	3	0	0	0	0	0	2	0	0	0
C4899	0	0	0	0	0	0	0	0	0	0	0	0	1	0	0	0	0	1	0	0	1	0	1	0	0	0	0	0	0	1	0	0	2	0	0	0	0	0	0	0	0	0	0	1	0	1	0	0	2	0	0	0	0	1	0	0	0	0	0	0	2	0	1	0	0	0	2	0	0	0	0	0	0	0	0	0	0	0
C4900	0	0	0	2	3	0	1	0	0	2	0	0	1	0	2	0	0	2	0	0	2	1	0	0	2	2	0	1	0	0	0	1	3	1	3	0	2	0	2	0	0	0	0	3	0	1	0	0	0	0	0	0	0	0	1	1	1	0	0	0	0	0	0	0	1	0	1	2	3	0	0	3	0	0	0	0	0	0
C4901	0	0	0	0	0	0	2	0	0	0	0	0	2	0	1	0	0	0	0	0	0	0	0	0	0	1	0	0	0	0	0	1	0	0	0	0	2	0	0	0	0	0	0	0	0	0	0	0	1	0	0	0	0	0	0	0	0	0	0	0	0	0	0	0	0	0	0	0	0	1	0	0	0	0	0	0	0	0
C4902	0	0	0	0	0	0	1	0	0	0	0	0	1	0	1	0	0	0	1	0	1	0	1	2	0	3	0	0	0	0	0	0	0	0	0	0	0	0	0	0	0	0	0	0	0	0	0	0	0	0	0	0	0	0	0	0	0	1	0	0	0	1	0	0	1	0	1	0	0	0	0	0	0	0	0	0	0	1
C4904	0	0	0	0	0	0	0	0	0	0	0	0	0	0	0	0	0	0	0	0	0	2	0	0	0	0	0	1	0	0	0	0	0	0	0	0	2	0	2	2	0	0	0	0	0	0	0	0	0	1	0	0	0	0	0	0	0	0	0	0	0	0	0	1	0	0	0	0	0	0	0	0	0	0	0	0	0	0
C4907	0	0	0	0	0	1	0	0	0	0	0	0	0	0	1	0	0	0	0	0	0	0	0	0	0	0	0	0	0	0	0	0	0	1	0	0	3	0	2	0	0	0	0	0	0	0	0	0	0	0	0	0	0	0	0	0	0	3	0	0	0	0	1	0	1	0	0	1	0	0	0	0	0	0	0	2	0	0
C4911	0	0	0	2	1	0	1	0	0	0	0	0	0	0	0	0	0	0	0	0	0	0	0	0	0	1	0	0	0	0	0	0	1	0	0	0	16	0	2	2	0	0	0	0	0	0	0	1	0	0	0	0	0	1	0	0	0	0	0	0	1	1	0	2	0	0	0	0	0	2	0	0	0	0	0	1	0	0
C4912	0	0	0	0	0	0	0	0	0	0	0	0	0	0	0	0	0	0	0	0	0	0	0	0	0	1	0	1	0	0	0	0	0	0	0	0	1	1	1	0	0	0	0	0	0	0	1	0	0	0	0	0	0	0	0	0	0	0	0	0	0	0	2	2	0	0	0	0	0	2	0	0	0	0	0	0	0	0
C4913	0	0	0	1	0	0	0	0	0	0	0	0	2	0	0	0	0	0	0	0	1	0	0	0	5	0	4	6	0	0	0	0	0	1	0	0	1	1	3	4	0	0	0	0	0	1	0	1	2	0	0	0	0	0	0	0	0	1	0	3	0	0	0	0	1	0	0	0	0	0	0	1	0	0	2	0	0	1
C4914	0	0	0	0	0	0	0	0	0	0	1	0	0	0	0	0	0	1	0	3	2	0	0	0	0	1	0	0	0	1	2	0	0	0	0	0	0	1	0	1	0	1	0	0	0	1	0	1	4	1	0	0	0	0	0	0	0	1	0	2	0	0	1	0	0	0	1	0	0	0	0	0	0	0	0	0	0	0
C4915	0	0	0	0	0	0	0	0	0	0	0	0	0	0	0	0	2	0	6	0	0	0	0	2	0	0	0	0	0	0	0	0	0	1	0	0	0	0	0	0	0	0	0	0	0	0	0	0	0	0	0	0	0	0	0	0	0	0	0	0	0	0	0	0	0	0	0	0	1	0	0	0	0	0	0	0	0	3
C4917	0	0	0	0	0	0	0	1	0	0	0	0	0	0	0	0	0	0	0	0	0	0	0	0	0	0	0	0	0	0	0	1	0	0	2	0	0	1	0	1	0	0	0	0	1	0	0	0	0	0	0	0	0	0	0	1	0	0	2	4	0	0	0	0	0	0	0	0	0	0	0	0	0	0	0	0	0	0
C4918	0	0	0	1	29	0	32	1	0	1	15	0	12	0	53	0	1	65	0	10	51	2	36	0	4	54	2	2	0	0	1	1	13	11	0	0	16	12	0	39	0	0	0	45	4	35	6	0	12	20	0	0	0	26	5	0	0	11	2	55	9	19	14	0	0	0	123	0	1	0	0	0	0	0	22	1	0	1
C4920	0	0	0	0	0	0	0	0	0	0	0	0	0	0	0	0	0	0	0	0	0	0	0	0	0	0	0	0	0	0	0	0	0	1	0	0	2	0	0	0	0	2	0	1	0	0	2	0	0	0	2	0	0	0	0	0	0	1	0	0	0	0	0	0	1	0	0	0	0	0	0	0	0	0	2	0	0	0
C4923	0	0	0	0	0	0	0	0	0	0	1	0	1	0	0	0	0	2	0	0	0	0	0	0	0	1	0	0	0	0	0	0	0	2	0	0	0	1	0	0	0	0	0	1	1	2	1	0	1	2	0	0	0	0	0	0	0	3	0	0	0	1	0	0	0	0	0	0	0	0	0	0	0	0	0	0	0	0
C4924	0	0	0	1	1	0	2	0	0	1	1	0	1	0	0	0	0	1	0	1	0	0	0	0	0	0	1	4	0	0	0	0	3	1	0	0	2	0	1	0	0	0	0	0	1	0	0	1	0	1	0	0	0	0	0	0	0	1	1	0	1	0	0	1	2	0	1	0	1	0	0	2	0	0	0	1	0	0
C4925	0	0	0	0	0	0	0	0	0	0	0	0	0	0	0	0	0	0	0	0	1	1	0	0	1	2	1	0	0	0	0	1	0	0	0	0	0	0	0	0	0	0	0	0	0	0	0	0	0	1	0	0	0	0	0	0	0	1	0	0	1	1	0	0	0	0	0	0	0	0	0	0	0	0	0	0	0	0
C4928	0	0	0	1	2	0	3	0	0	0	0	0	0	0	3	0	0	4	0	1	4	1	4	0	0	0	1	0	0	0	2	1	2	0	0	0	5	3	2	3	0	0	0	0	0	4	2	0	18	1	0	0	0	1	1	0	0	1	0	3	1	0	1	0	0	0	3	0	0	1	0	0	0	0	1	0	2	0
C4931	0	0	0	0	0	0	0	0	0	0	0	0	0	0	0	0	0	0	0	0	0	0	0	0	0	0	1	0	0	2	1	0	0	0	0	3	0	0	0	1	0	1	0	0	0	0	0	0	0	0	0	0	0	0	0	0	0	0	0	1	0	0	0	0	0	0	0	0	0	0	1	0	0	0	0	0	0	0
C4932	0	0	0	0	1	0	0	0	0	0	0	0	1	0	0	0	0	0	0	1	2	2	0	0	0	0	0	3	0	0	0	0	0	0	0	0	1	3	1	2	0	0	0	1	0	0	1	0	2	0	0	0	0	0	0	0	0	0	0	0	1	0	0	0	10	0	0	0	0	0	0	0	0	0	0	0	0	0
C4933	0	0	0	0	0	0	0	5	0	0	17	0	0	0	4	0	0	0	0	0	0	0	1	0	2	0	0	29	0	0	0	13	0	0	18	0	0	1	0	0	0	0	0	0	0	0	3	0	0	1	0	0	0	11	1	16	0	0	0	0	6	8	0	25	0	0	0	0	18	0	0	3	0	0	1	2	0	0
C4936	0	0	0	0	2	0	0	0	0	2	0	0	2	0	0	0	0	0	0	0	0	0	4	0	0	0	0	0	0	0	0	0	0	0	0	0	0	2	1	0	0	0	0	0	0	1	0	0	0	0	0	0	0	0	0	0	0	0	0	4	0	0	0	0	0	0	0	0	0	0	0	0	0	0	0	0	0	0
C4938	0	0	0	0	0	0	0	1	0	0	0	0	1	0	0	0	0	0	0	0	0	0	0	0	0	0	0	0	0	0	0	2	0	0	3	0	0	0	0	0	0	0	0	0	0	0	0	0	0	0	0	0	0	0	0	1	0	0	0	0	0	3	0	0	0	0	0	0	0	0	0	0	0	0	0	0	0	0
C4939	0	0	1	10	9	0	11	0	0	0	4	1	1	0	8	0	0	19	0	9	14	0	6	0	0	7	0	0	0	0	0	1	15	4	0	0	12	7	3	5	2	3	0	17	1	16	8	4	11	3	0	0	0	10	3	0	0	1	1	3	2	2	8	0	31	1	30	0	0	1	0	0	0	0	3	0	1	0
C4940	0	0	0	0	0	0	1	1	0	0	0	0	1	0	1	0	0	0	0	0	1	0	0	0	1	0	1	0	0	0	0	0	2	1	0	0	1	0	1	0	0	0	0	0	2	0	0	0	0	2	0	0	0	1	0	0	0	1	1	2	0	0	0	1	1	0	0	0	1	0	0	1	0	0	0	1	0	0
C4942	0	0	0	0	0	0	0	0	0	0	0	0	0	0	0	0	0	0	0	0	0	0	0	0	3	0	0	1	0	0	0	4	0	0	0	0	0	0	0	0	0	0	0	0	0	0	0	0	1	0	0	0	0	0	0	0	0	0	0	1	0	2	0	0	0	0	0	0	0	0	0	0	0	0	0	0	0	0
C4943	0	0	0	0	0	0	0	0	0	0	0	0	0	0	0	0	0	1	0	0	0	0	0	0	0	0	0	0	0	0	0	1	0	1	0	0	0	1	0	0	0	0	0	1	0	1	1	0	1	1	0	0	0	0	0	1	0	0	0	0	0	1	0	0	0	0	1	0	0	0	0	0	0	0	0	0	0	0
C4944	0	0	0	2	0	0	0	2	0	0	0	0	0	0	0	0	0	0	0	0	0	0	2	0	2	11	7	0	0	0	0	3	0	0	1	0	0	3	0	1	0	0	0	0	0	0	0	0	1	2	0	0	0	2	0	0	0	1	0	0	4	0	0	0	0	0	0	0	2	3	0	1	0	0	0	1	0	0
C4946	0	0	0	1	1	0	1	0	0	0	0	0	0	0	3	0	0	0	0	0	1	0	1	0	2	0	1	1	0	0	0	0	1	0	0	0	0	1	0	0	0	0	0	0	0	0	0	1	0	1	0	0	0	1	0	0	0	0	0	2	0	1	0	1	0	0	0	1	1	0	0	0	0	0	0	3	0	0
C4948	1	0	1	5	2	0	2	0	0	0	1	0	0	0	0	0	0	1	1	2	6	0	1	0	2	0	3	2	0	0	0	1	3	0	3	0	3	0	0	0	0	0	1	1	0	0	1	0	0	0	0	0	0	1	2	1	0	0	2	3	1	0	1	1	1	0	1	1	2	0	0	2	0	0	1	1	0	0
C4949	0	0	0	0	1	0	0	0	0	0	0	0	0	0	1	0	0	0	0	0	1	0	2	0	2	7	0	0	0	0	0	0	0	0	0	0	2	0	0	0	0	0	0	0	0	2	0	0	0	2	0	0	0	1	1	0	0	1	0	1	0	6	1	0	0	0	7	0	0	0	0	0	0	0	0	0	0	0
C4951	0	0	0	0	1	0	0	0	0	0	1	0	4	0	5	0	0	0	1	0	0	1	0	0	0	1	0	2	0	0	1	1	0	1	0	0	5	2	0	1	0	0	0	3	1	2	5	0	0	0	0	0	1	0	0	0	0	3	2	0	3	1	7	9	10	0	3	0	1	7	0	0	0	0	1	2	0	0
C4952	0	0	0	0	0	0	0	0	0	0	0	0	1	0	0	0	0	0	0	0	0	0	0	1	0	1	0	2	0	0	0	0	2	1	0	0	1	0	0	0	0	0	0	1	1	0	0	0	0	0	0	0	0	0	0	0	0	1	0	0	0	0	0	0	1	0	0	0	0	0	0	0	0	0	0	0	0	0
C4955	0	0	0	0	13	0	0	0	0	0	0	0	1	0	0	0	0	0	0	1	0	0	0	1	0	0	0	0	0	0	0	0	2	0	0	0	1	2	0	2	0	5	0	0	0	0	0	0	3	0	21	0	0	0	0	1	0	0	0	0	1	0	2	0	0	0	0	0	0	2	1	0	0	0	0	0	16	0
C4956	0	0	0	0	0	0	0	0	0	0	0	0	0	0	0	0	0	0	0	0	0	0	0	0	0	0	0	5	0	0	0	0	0	0	0	0	3	0	0	3	0	0	0	0	0	1	0	0	0	0	0	0	0	1	1	0	0	0	0	0	0	0	1	0	0	0	1	0	0	2	0	0	0	0	0	1	0	0
C4961	0	0	0	1	1	0	0	0	0	0	1	0	1	0	0	0	0	0	0	0	0	0	0	0	1	0	1	0	0	0	0	0	0	0	0	0	2	1	0	0	0	0	0	0	0	0	0	0	1	1	0	0	0	0	1	0	0	0	0	1	0	0	1	0	0	0	0	0	0	0	0	0	0	0	0	0	0	0
C4962	0	0	0	0	1	0	0	0	0	0	1	0	2	0	2	0	0	0	0	0	2	1	2	0	0	1	0	0	0	0	0	0	0	2	0	0	4	0	0	3	0	0	0	2	0	0	1	0	0	1	0	0	0	1	0	0	0	1	0	1	0	0	2	0	0	0	3	0	0	0	0	0	0	0	0	0	0	0
C4964	0	0	0	0	0	2	0	0	0	0	0	0	0	0	0	0	0	0	1	0	0	0	0	0	0	0	0	0	1	0	0	0	0	0	0	4	0	0	0	0	0	1	0	0	0	0	0	0	0	0	1	0	0	0	0	0	0	0	0	0	0	0	0	0	0	0	0	0	0	0	0	0	0	0	0	0	4	0
C4967	0	0	0	0	0	0	0	0	0	0	0	2	0	0	0	0	0	1	0	0	0	1	0	3	0	0	0	0	0	0	0	0	0	0	0	0	0	1	0	0	0	0	1	0	0	1	0	0	0	0	0	0	0	0	0	0	3	0	0	0	0	0	0	0	0	0	0	0	0	0	0	0	0	0	0	0	0	0
C4969	0	0	0	0	0	0	1	0	0	2	2	0	1	0	2	0	0	2	0	1	0	1	0	0	0	1	0	1	0	0	1	0	4	1	0	0	2	1	0	0	0	0	0	3	0	7	2	0	2	5	0	0	0	1	0	0	0	1	0	0	0	0	0	0	0	0	5	0	0	0	0	0	0	0	0	0	0	0
C4973	0	0	0	0	0	0	0	0	0	0	0	0	0	0	0	0	0	0	1	0	1	2	0	0	0	1	0	0	0	0	0	1	1	0	1	0	0	0	0	0	0	0	0	0	0	1	0	1	1	0	0	0	0	1	1	1	2	0	0	0	0	1	1	1	0	0	0	1	1	0	0	1	0	0	0	2	0	0
C4974	0	0	0	0	0	0	1	0	0	0	0	0	0	0	1	1	0	0	0	0	0	0	0	0	0	3	0	0	0	0	0	2	0	1	0	0	4	1	0	0	0	0	0	1	0	0	0	0	0	1	0	0	0	0	1	0	0	1	0	1	2	0	0	0	0	0	0	0	1	0	0	0	0	0	1	0	0	0
C4975	0	0	0	0	0	0	0	0	0	0	0	0	0	0	1	0	0	0	0	0	1	0	0	0	1	0	0	0	0	0	0	0	0	0	0	0	3	0	0	0	0	0	0	0	0	1	1	0	0	0	0	0	0	0	0	0	0	1	0	0	0	2	0	0	0	0	2	0	0	0	0	0	0	0	1	0	0	0
C4976	0	0	0	0	0	0	0	0	0	0	0	0	0	0	0	0	0	0	0	0	1	0	0	1	0	1	1	0	0	0	0	0	1	0	0	0	0	1	0	0	0	0	0	1	0	0	0	0	0	0	0	0	0	0	1	0	0	0	1	1	0	0	0	0	1	0	1	0	1	0	0	0	0	0	2	0	0	0
C4977	0	0	0	0	1	0	0	1	0	1	0	0	0	0	1	0	0	2	0	0	0	0	0	0	0	0	1	0	0	0	0	0	0	0	0	0	0	1	0	2	0	0	0	0	0	0	0	0	0	0	0	0	0	0	0	3	0	2	0	1	1	0	1	2	0	0	0	0	0	4	0	0	0	0	0	0	0	0
C4980	0	0	0	0	6	0	2	0	0	2	0	0	0	0	0	0	0	1	0	1	0	0	2	1	0	0	0	0	0	0	0	0	1	0	0	0	5	3	0	1	0	0	0	1	0	5	1	0	3	3	0	0	0	3	2	0	0	0	2	5	0	0	0	0	0	1	3	0	1	1	0	0	0	0	0	0	0	0
C4983	0	0	0	0	0	0	0	0	0	0	0	0	1	0	0	0	0	1	0	0	0	0	0	0	0	0	0	0	0	0	0	0	3	0	0	0	4	0	2	1	0	0	0	0	1	0	0	0	1	0	13	0	0	1	0	0	0	0	0	0	0	0	0	0	0	0	0	0	0	0	0	0	0	0	0	1	11	1
C4984	0	0	0	0	4	0	1	0	0	0	0	0	0	0	0	0	0	0	0	0	0	0	0	0	0	0	0	0	0	0	0	0	2	0	0	0	1	0	2	0	0	0	0	0	0	0	1	0	0	0	0	0	0	0	1	0	0	0	0	1	0	0	0	0	0	0	0	0	0	0	0	0	0	0	0	0	0	0
C4985	0	0	0	0	0	0	0	0	0	0	0	0	0	0	1	0	0	0	0	0	0	2	0	0	0	3	0	0	0	0	0	0	0	0	0	0	1	0	1	0	0	0	0	0	0	0	1	0	0	0	0	0	1	0	0	0	0	0	0	1	0	0	0	0	0	0	1	0	0	0	0	0	0	0	0	0	0	0
C4988	0	0	0	0	0	0	0	1	0	0	0	0	0	0	1	0	0	0	0	0	2	1	0	0	0	1	0	0	0	0	0	0	1	0	0	0	1	0	0	1	0	0	0	0	0	0	0	0	0	0	0	0	0	0	0	0	0	0	1	2	0	0	0	0	0	0	0	0	0	0	0	0	0	0	0	0	0	0
C4989	0	0	0	2	0	0	0	0	0	0	0	0	0	0	0	0	0	0	0	0	0	0	0	0	0	0	0	0	0	0	0	0	0	0	0	0	2	0	1	4	0	0	0	0	0	0	0	0	0	0	0	0	0	0	0	0	0	0	0	1	0	0	0	0	0	0	0	0	0	1	0	0	0	0	0	0	0	0
C4990	0	0	0	0	0	0	0	0	0	0	1	0	1	0	1	0	0	1	0	0	0	0	1	0	0	0	0	0	0	0	0	0	0	1	0	0	2	1	0	0	0	0	0	0	0	0	0	0	0	0	0	0	0	0	0	0	0	0	0	1	2	0	0	1	0	0	0	0	1	0	0	1	0	0	0	0	0	0
C4994	0	0	0	0	1	0	0	0	0	0	2	0	1	0	1	0	0	0	0	0	1	2	0	0	0	0	0	0	0	0	0	0	1	2	0	0	0	0	0	0	0	0	0	0	1	0	0	1	0	0	0	0	0	2	1	0	0	0	0	0	2	0	0	1	0	0	0	0	2	0	0	0	0	0	0	0	0	1
C4996	0	0	0	0	0	0	0	12	2	0	113	0	0	0	25	0	0	1	0	2	1	0	2	0	19	34	2	254	0	0	0	95	0	0	176	0	1	3	0	14	0	0	0	4	0	1	18	0	18	4	0	0	0	57	1	56	0	4	6	0	55	50	0	117	1	0	0	0	106	4	1	16	0	0	4	14	1	1
C4997	0	0	0	0	0	7	0	0	0	0	0	0	0	0	0	0	1	0	0	0	0	0	0	0	0	0	0	0	18	0	0	0	0	0	0	45	0	0	0	0	0	7	0	0	0	0	0	0	0	0	6	0	0	0	0	0	0	0	0	0	0	0	0	0	0	0	0	0	0	0	18	0	0	0	0	0	23	0
C4998	0	0	0	0	0	0	0	0	0	0	0	0	0	0	0	0	0	0	0	0	0	0	0	0	0	0	2	0	0	0	0	0	0	0	0	0	0	0	0	11	0	0	0	0	0	0	0	2	0	0	0	0	0	0	0	0	0	0	0	0	0	0	0	0	4	0	0	0	0	0	0	0	0	1	2	0	0	0
C4999	0	0	0	22	0	0	0	5	0	0	2	0	1	0	2	0	0	7	0	3	0	1	12	0	8	49	30	4	0	0	0	4	0	0	31	0	0	20	1	8	0	0	0	0	0	1	3	2	18	1	0	0	0	1	0	1	0	0	7	0	6	1	0	1	0	0	0	0	14	30	0	5	0	0	0	2	0	0
C5001	0	0	0	1	0	0	2	53	0	0	0	0	11	0	0	0	0	0	0	0	0	0	2	0	0	0	0	0	0	0	0	14	0	0	43	0	0	3	0	0	0	0	0	1	0	0	0	0	0	0	0	0	0	0	0	16	0	0	1	2	0	36	0	0	0	0	0	1	0	0	0	0	0	0	1	1	0	0
C5002	0	0	0	0	0	0	0	0	0	0	0	0	0	0	0	0	1	0	0	0	1	0	0	0	0	1	0	0	0	0	0	0	0	0	0	0	0	4	0	8	0	0	0	0	0	0	1	0	0	0	0	0	0	0	0	0	0	0	0	0	21	0	0	0	23	0	0	0	2	0	0	0	0	0	0	0	0	0
C5006	0	7	0	9	4	0	29	1	0	31	5	0	8	0	0	0	0	5	0	0	6	8	0	0	20	11	190	2	0	0	0	17	7	0	9	0	1	141	1	434	0	1	0	1	0	0	88	0	816	11	1	0	2	1	5	0	0	1	10	3	78	0	0	0	70	0	0	15	16	1	0	0	0	0	5	391	0	13
C5008	0	0	0	3	0	0	0	0	0	0	0	0	0	0	0	0	0	0	0	0	0	0	0	0	0	1	1	0	0	0	0	1	0	0	8	0	0	0	0	0	0	0	0	0	0	0	0	0	0	0	0	0	0	0	0	0	0	0	2	0	0	0	0	0	0	0	0	0	0	0	0	0	0	0	0	0	0	0
C5011	0	1	0	3	1	0	0	2	0	0	0	0	3	0	1	1	1	2	0	0	3	1	1	3	4	2	0	1	0	0	0	1	0	1	1	0	2	0	1	0	0	0	1	3	1	4	0	3	0	3	0	1	0	3	0	0	3	0	1	1	1	2	0	1	1	0	1	1	4	0	0	3	0	0	2	1	0	1
C5012	0	0	0	3	1	0	1	0	0	1	3	0	9	0	15	0	0	0	0	6	0	2	0	0	1	3	0	6	0	0	0	0	2	4	0	0	7	5	1	12	0	0	0	6	5	2	3	5	1	1	0	0	0	8	3	0	0	12	0	0	5	11	17	37	4	0	4	0	3	21	0	0	0	0	6	3	0	0
C5013	0	0	0	11	0	0	0	4	0	0	0	0	0	0	2	0	0	5	1	0	0	1	9	0	4	19	19	1	0	0	0	2	0	0	20	0	1	11	0	2	0	0	0	1	0	2	4	1	14	1	0	0	0	2	0	0	1	1	1	0	2	0	0	0	0	0	0	1	5	17	0	10	0	0	0	2	0	1
C5016	0	0	0	21	0	0	0	1	2	0	5	0	3	0	8	0	0	5	0	0	2	0	26	0	33	16	11	15	0	0	0	18	2	0	31	0	1	10	0	27	0	0	0	1	0	2	6	4	16	0	0	0	0	1	0	3	0	6	6	1	4	14	0	1	1	0	0	0	19	2	0	9	0	0	0	0	0	1
C5018	1	0	1	0	0	0	0	0	0	0	0	0	0	0	0	0	0	0	0	0	2	1	0	1	0	0	0	0	0	0	0	3	0	0	0	0	0	5	2	0	0	1	0	0	0	0	1	0	19	0	1	0	0	0	0	0	0	0	0	0	2	0	0	0	0	0	0	0	0	0	1	0	0	0	0	0	0	1
C5021	0	0	0	0	0	0	0	0	0	0	0	0	0	0	0	0	0	0	0	0	0	0	0	0	0	0	0	0	0	0	0	0	0	0	0	0	0	0	0	15	0	0	0	0	0	0	0	2	0	0	0	0	0	0	0	0	0	0	0	0	0	0	0	0	1	0	0	0	0	0	0	0	0	0	0	0	0	0
C5022	0	0	0	0	0	0	0	27	0	0	0	0	0	0	0	0	0	0	0	0	0	0	11	0	0	0	2	0	2	0	0	2	0	0	0	0	0	17	0	1	0	0	0	0	0	0	3	0	0	0	0	0	0	0	2	0	0	0	12	3	9	2	0	0	1	0	0	0	0	0	0	0	0	0	0	9	0	0
C5027	0	0	0	0	0	0	3	0	0	0	0	0	2	0	0	0	0	2	0	1	3	1	1	0	0	2	3	0	0	0	0	1	0	0	0	0	2	2	3	0	0	0	0	0	0	0	0	0	0	0	0	0	0	0	0	0	0	0	3	0	0	0	0	0	0	0	0	1	1	0	0	0	0	0	0	0	0	0
C5029	0	0	0	1	8	0	2	0	0	1	4	0	11	0	2	0	0	2	0	0	2	2	0	0	1	1	0	3	0	0	3	1	7	3	0	0	6	1	7	2	0	0	0	2	2	0	3	0	1	1	0	0	0	5	1	0	0	1	0	1	2	3	1	1	2	0	4	0	2	4	0	0	0	0	1	4	0	0
C5030	0	0	0	1	0	0	2	0	0	0	0	0	1	0	1	0	0	2	0	1	0	1	0	0	0	2	1	1	0	0	0	1	1	0	0	0	1	1	2	1	0	0	0	1	0	0	0	0	0	0	0	0	0	0	0	0	0	0	0	0	1	0	0	2	0	0	1	0	0	0	0	0	0	0	1	0	0	0
C5033	0	0	0	0	0	0	0	6	0	0	10	0	0	0	2	0	0	0	0	0	0	0	1	0	3	1	1	11	0	0	0	14	0	1	24	0	0	0	0	2	0	0	0	0	0	0	2	0	0	3	0	0	0	9	0	0	0	0	1	1	2	1	0	6	0	0	0	0	8	0	0	0	0	0	0	0	0	0
C5034	0	0	0	0	0	0	1	0	0	11	0	0	0	0	0	0	0	0	0	1	1	0	0	0	0	0	0	0	0	0	0	0	0	0	4	0	0	0	0	40	0	0	0	0	0	0	8	0	40	0	0	0	0	0	0	2	0	0	0	0	49	0	2	0	27	0	0	5	0	0	0	0	0	0	2	0	0	0
C5037	0	0	0	0	2	0	0	0	0	0	0	0	0	0	0	0	0	0	0	0	0	0	2	0	0	0	0	0	0	0	0	0	4	0	0	0	0	0	0	17	0	0	0	0	0	0	0	0	206	0	0	0	0	0	0	0	0	0	1	0	4	0	0	0	0	0	0	0	0	0	0	0	0	0	0	0	0	0
C5041	0	0	0	0	3	0	0	2	0	0	2	0	2	0	0	0	0	0	0	0	2	2	2	0	0	2	0	0	0	0	0	1	1	1	0	0	1	5	0	1	0	0	0	0	0	0	7	0	3	0	0	0	0	0	0	1	0	0	0	2	0	0	0	0	1	0	0	0	1	0	0	2	0	0	0	0	0	0
C5045	0	0	1	1	2	0	5	0	0	7	7	0	3	0	7	0	0	16	0	4	0	0	1	0	0	3	0	0	0	1	2	2	1	5	0	0	8	14	0	1	0	0	0	10	0	37	4	1	5	16	1	0	0	6	1	0	0	1	0	1	3	0	1	0	1	0	26	0	1	1	0	0	0	0	7	2	0	1
C5047	0	0	0	0	2	0	1	0	0	0	0	1	2	0	0	0	0	0	0	0	0	0	0	0	0	2	1	1	0	0	0	0	0	0	1	0	0	0	2	0	0	0	0	0	0	1	1	0	0	1	0	0	0	0	1	0	0	1	3	1	0	1	1	1	0	0	0	0	2	0	0	0	0	0	0	0	0	0
C5048	0	0	0	5	8	0	6	1	0	0	5	0	3	0	6	0	0	0	0	0	2	10	0	0	0	1	3	0	0	0	0	2	11	0	0	0	57	1	24	7	0	0	0	1	5	0	3	1	1	1	0	0	0	3	1	0	0	5	0	1	4	3	1	0	6	0	3	0	0	6	0	0	0	0	1	1	1	0
C5050	0	0	0	0	1	0	1	1	0	0	2	0	1	0	3	0	0	3	0	1	0	3	2	0	2	4	0	1	0	0	0	2	2	1	2	0	3	0	5	0	0	0	0	3	1	3	0	0	2	2	0	0	0	4	0	1	0	2	0	1	0	2	0	0	1	0	3	0	0	0	0	1	0	0	3	0	0	0
C5054	0	0	4	0	0	0	0	0	0	0	0	0	0	0	0	0	0	0	0	1	0	1	0	0	0	0	0	0	0	0	0	0	0	0	0	0	0	63	0	0	0	0	0	0	0	0	1	0	1	0	0	1	2	0	0	0	0	0	1	0	0	0	0	0	0	0	0	0	0	0	0	0	0	0	0	0	0	0
C5056	0	0	0	0	0	0	0	0	0	0	0	0	0	0	0	0	1	0	0	0	0	0	0	0	0	0	0	0	8	0	0	0	0	0	0	0	0	0	0	0	0	2	0	0	0	0	0	0	0	0	0	0	0	0	0	0	0	0	0	0	0	0	0	0	0	0	0	0	0	0	0	0	0	0	0	0	0	0
C5057	0	0	0	3	0	0	1	79	0	0	0	0	8	0	0	0	0	0	0	0	1	0	3	0	0	1	0	0	0	0	0	22	0	0	63	0	0	4	0	1	0	0	0	3	0	0	2	0	2	0	0	0	0	0	2	20	0	0	9	12	0	44	0	0	1	0	0	0	0	0	0	0	0	0	0	4	0	0
C5059	0	0	0	0	1	0	8	1	0	0	4	0	4	0	11	0	0	3	0	1	8	16	6	1	3	16	1	8	0	0	0	5	5	7	0	0	18	1	8	5	0	0	0	18	3	6	2	0	0	12	0	0	0	7	0	1	0	6	2	8	6	5	1	0	9	0	6	0	3	1	0	0	0	0	13	0	0	0
C5061	0	0	0	1	1	0	0	0	0	0	0	0	0	0	0	0	0	0	0	1	3	0	0	0	0	0	0	0	0	0	0	0	1	0	0	0	0	1	0	5	0	0	0	0	0	0	0	1	0	0	0	0	0	0	2	0	0	0	0	0	11	0	0	0	15	0	0	1	1	0	0	0	0	0	0	1	0	0
C5062	0	0	0	1	1	0	0	0	0	1	0	0	0	0	0	0	1	1	0	0	1	0	1	0	0	4	2	3	0	0	0	0	0	1	0	0	1	1	1	0	0	0	0	0	1	0	1	0	0	1	0	0	0	1	0	1	1	0	0	1	0	0	0	1	0	0	0	0	1	0	0	1	0	0	3	1	0	0
C5063	0	0	0	1	2	0	0	0	0	99	0	0	0	0	2	0	0	8	0	8	2	1	0	0	2	4	2	0	0	0	0	1	0	0	1	0	1	6	0	50	0	3	0	1	0	0	0	0	8	0	0	0	0	2	1	0	0	1	2	3	12	0	4	0	24	0	31	0	0	0	0	0	0	0	10	30	0	0
C5065	0	0	0	0	1	0	2	0	0	1	1	0	1	0	0	0	0	3	0	2	10	1	0	2	0	3	0	0	0	0	0	0	0	2	2	0	2	5	0	0	0	1	1	4	0	13	1	1	8	3	0	0	0	2	0	0	0	0	0	0	3	1	0	0	3	0	5	0	2	1	0	0	0	0	0	0	0	0
C5067	0	0	0	0	0	0	1	0	0	0	1	0	2	0	1	0	0	1	0	0	2	4	0	0	1	0	0	5	0	0	0	0	0	5	0	0	5	1	0	5	0	0	0	3	1	2	0	1	0	0	1	0	0	4	3	0	0	1	2	0	4	0	0	7	0	0	1	0	1	5	0	1	0	0	6	2	0	0
C5068	0	0	0	0	0	0	0	0	0	0	0	0	0	0	0	0	0	0	0	0	0	0	0	0	0	0	4	0	0	0	0	0	0	0	0	0	0	0	0	10	0	0	0	0	0	0	0	0	0	0	0	0	0	0	0	0	0	0	0	0	4	0	0	0	0	0	0	0	0	0	0	0	0	0	0	0	0	0
C5072	0	0	0	0	0	0	2	0	0	0	1	0	1	0	2	0	0	2	0	1	1	5	2	2	4	1	0	1	0	0	0	1	3	0	0	0	2	0	0	0	0	0	0	2	0	1	0	0	0	1	0	0	0	1	4	0	0	9	0	2	0	3	1	0	1	0	0	0	4	0	0	0	0	0	3	0	0	0
C5073	0	0	0	1	1	0	0	0	0	0	0	0	0	0	1	0	0	0	0	1	0	0	0	0	0	1	1	0	0	0	0	0	1	2	0	0	0	1	1	0	0	0	0	0	1	2	0	1	0	4	0	0	0	3	0	0	0	0	1	1	0	1	0	0	0	0	0	0	1	0	0	3	0	0	0	0	0	0
C5074	0	0	0	0	0	0	0	0	0	2	5	0	0	0	0	0	0	0	0	0	4	0	2	0	0	0	19	0	0	0	0	1	0	0	0	0	0	1	0	0	0	0	0	0	0	0	16	4	6	3	0	0	0	0	1	0	0	0	0	16	297	0	0	0	10	0	0	29	12	0	0	0	0	0	0	6	0	0
C5076	3	0	0	3	4	0	3	4	0	3	6	0	3	0	3	0	0	2	1	0	2	0	0	1	4	2	3	27	0	0	2	6	0	2	2	0	0	1	2	5	2	0	0	1	5	1	4	2	4	2	5	1	0	4	1	9	0	0	4	1	9	20	6	40	4	0	1	0	6	5	0	0	0	0	2	1	4	1
C5081	0	0	0	0	2	0	0	4	0	1	0	0	2	0	0	0	0	1	0	3	1	2	3	0	1	1	1	0	0	0	0	0	0	0	0	0	1	1	0	1	0	0	0	1	0	1	0	0	1	1	0	0	0	3	1	11	0	1	4	0	3	1	1	1	0	0	2	0	0	3	0	0	0	0	1	0	0	0
C5082	0	0	0	2	0	0	0	0	0	0	0	0	0	0	0	0	0	0	0	1	0	0	0	0	1	1	0	0	0	1	0	1	0	0	26	0	0	0	0	1	0	0	0	0	0	0	1	0	0	0	0	0	0	0	0	0	0	0	8	1	0	0	0	0	0	0	0	0	0	0	0	0	0	0	0	0	0	0
C5083	0	0	0	0	0	0	0	1	0	0	7	0	0	0	1	0	0	0	0	0	0	0	0	0	8	0	0	11	0	0	0	13	0	0	41	0	0	0	0	3	0	0	0	0	0	0	6	0	1	0	0	0	0	1	0	0	0	9	4	0	14	10	0	0	0	0	0	0	16	0	0	0	0	0	0	0	0	0
C5084	0	0	0	3	12	0	10	4	0	0	16	0	5	0	20	0	1	11	1	4	5	6	6	0	1	3	3	6	0	0	0	10	8	3	0	0	28	5	8	9	0	0	1	23	3	12	18	0	2	7	1	0	0	15	4	0	0	19	16	7	8	14	10	5	31	0	16	0	7	2	0	0	0	0	8	1	1	0
C5085	0	0	0	0	2	0	0	0	0	0	1	1	0	0	3	0	0	2	0	6	4	0	3	0	0	1	0	1	0	0	1	1	0	1	0	0	4	0	1	4	0	0	0	6	0	11	1	1	0	0	0	0	1	3	0	1	0	0	0	2	2	2	4	0	1	0	9	0	0	1	0	0	0	0	2	0	0	0
C5088	0	0	0	1	0	0	0	0	0	0	1	0	0	0	0	0	0	0	0	0	0	1	0	0	0	1	0	0	0	0	0	0	0	0	0	0	1	2	1	0	0	0	0	0	0	0	1	0	0	0	0	0	0	1	0	1	0	0	1	1	0	1	0	2	0	0	0	0	0	0	0	1	0	0	0	0	0	0
C5090	0	0	0	0	0	1	0	0	0	0	0	0	0	0	0	0	0	0	0	0	1	0	0	0	0	0	1	0	0	0	0	0	0	0	0	0	0	3	0	2	0	0	0	0	0	0	1	0	0	0	0	0	0	0	0	0	0	0	0	0	3	0	0	0	3	0	0	0	0	0	0	1	0	0	0	0	0	0
C5091	0	0	0	0	2	0	0	3	0	0	2	0	1	0	1	0	0	1	0	2	0	2	0	0	0	0	1	3	0	0	0	0	2	1	1	0	9	2	0	5	0	0	0	0	0	2	0	0	1	0	0	0	0	0	2	2	0	2	1	0	0	2	0	0	0	0	1	0	1	5	0	0	0	0	3	1	0	0
C5092	0	0	0	0	0	0	0	0	0	0	1	0	0	0	1	0	0	0	0	0	0	0	0	0	0	1	0	4	0	0	0	0	0	0	2	0	0	0	0	0	0	0	0	0	0	0	0	0	0	0	0	0	0	0	0	5	0	0	0	0	0	1	0	1	0	0	0	0	1	1	0	0	0	0	0	0	0	0
C5093	0	0	0	0	0	0	2	1	0	0	0	0	0	0	0	0	0	0	1	0	0	1	1	0	0	0	0	0	0	0	0	0	0	0	0	0	0	2	1	1	0	0	0	0	0	0	0	0	0	0	0	0	0	0	0	0	0	0	1	2	0	0	0	0	2	0	0	0	0	0	0	0	0	0	0	0	0	0
C5096	0	0	0	0	0	1	0	0	0	0	0	0	0	0	0	0	0	0	0	0	0	0	0	0	0	0	0	0	0	0	0	0	0	0	0	8	0	0	0	0	0	1	0	0	0	0	0	0	0	0	0	0	0	0	0	0	0	0	0	0	0	0	0	0	0	0	0	0	0	0	1	0	0	0	0	0	0	0
C5099	1	0	0	1	0	0	0	0	0	0	0	0	1	0	1	0	1	0	0	2	2	1	0	4	0	1	2	0	0	0	0	2	2	1	1	0	0	0	1	0	0	0	0	1	0	0	1	1	0	0	0	0	0	1	0	0	0	1	0	2	0	0	1	4	4	0	0	0	1	0	0	0	0	0	1	1	0	2
C5102	0	0	0	4	7	0	3	4	0	6	5	0	4	0	3	0	0	8	0	1	6	5	1	1	6	4	6	4	0	0	0	2	4	4	1	0	6	6	4	0	0	0	0	2	5	4	2	3	3	9	0	0	0	2	1	3	0	4	2	2	3	1	2	2	1	0	2	4	1	0	0	4	0	0	2	3	0	0
C5105	0	0	0	0	0	0	4	0	0	0	0	0	0	0	0	0	0	1	0	0	0	0	0	0	0	0	0	0	0	0	0	0	0	0	0	0	0	0	0	1	0	0	0	0	0	0	2	0	0	0	0	0	0	0	0	0	0	0	0	0	0	0	0	0	6	0	0	0	0	0	0	0	0	0	0	0	0	0
C5107	0	0	0	0	0	0	0	1	3	0	12	0	2	3	0	0	0	0	0	0	0	0	1	0	0	1	1	0	0	0	0	4	0	0	17	0	0	14	0	0	0	0	0	1	0	0	8	0	0	0	0	0	0	2	7	0	0	0	0	34	0	28	2	0	0	0	0	0	0	0	0	0	0	0	0	3	0	0
C5109	0	0	0	0	0	0	0	0	0	2	0	0	0	0	0	0	0	0	0	0	0	0	1	0	0	3	0	0	0	0	0	0	1	0	0	0	0	3	5	1	0	0	0	0	0	0	1	0	13	0	3	0	0	0	0	0	0	0	0	0	26	0	0	0	25	0	0	1	0	3	0	0	0	0	1	0	0	0
C5111	0	0	0	2	0	0	0	0	0	2	1	0	1	0	1	0	0	2	0	0	1	2	0	0	0	2	0	1	0	0	0	0	1	1	1	0	0	2	0	0	0	0	0	0	0	0	0	0	2	0	0	0	0	1	1	1	0	0	1	3	1	0	0	2	0	0	1	0	1	0	0	3	0	0	0	2	0	0
C5114	0	0	0	0	0	0	0	0	0	0	0	0	0	0	0	0	0	0	0	0	0	0	0	0	0	0	2	0	0	0	0	0	0	0	4	0	0	5	0	19	0	0	0	0	0	0	2	0	1	3	0	0	0	0	0	0	0	2	0	0	0	0	0	0	0	0	0	0	0	0	0	0	0	0	1	5	0	0
C5116	0	0	0	0	0	0	0	0	0	0	0	0	0	0	0	0	0	0	0	0	0	0	0	0	0	0	0	0	0	0	0	0	0	0	0	0	0	0	0	6	0	0	0	0	0	0	0	0	8	0	0	0	0	0	0	0	0	0	0	0	4	0	0	0	8	0	0	0	0	0	0	0	0	0	0	0	0	0
C5117	0	0	0	2	2	0	2	2	0	0	1	1	3	0	0	0	0	2	1	0	0	2	1	1	1	1	1	2	0	0	0	2	3	1	1	0	2	1	0	0	0	0	0	1	1	1	1	2	0	3	0	0	1	2	0	0	3	0	0	1	0	0	0	1	0	0	1	3	2	0	0	2	0	0	1	1	0	0
C5121	0	0	0	0	1	0	0	0	0	0	0	0	2	0	2	0	0	0	0	0	1	0	0	0	1	1	0	1	0	0	0	0	2	0	0	0	0	0	1	1	0	0	0	1	0	0	0	0	0	0	0	0	0	0	0	0	0	1	0	0	0	0	0	0	0	0	4	0	0	0	0	0	0	0	0	0	0	0
C5122	0	0	0	1	0	0	0	1	0	0	0	0	1	0	1	0	0	0	0	0	0	0	0	0	0	0	0	0	0	0	0	1	0	0	0	0	1	0	2	3	0	0	0	0	0	0	0	0	0	0	0	0	0	0	0	3	0	0	0	0	2	0	0	4	0	0	0	0	0	1	0	0	0	0	0	1	0	0
C5125	0	0	0	4	0	0	2	1	0	2	0	0	5	0	1	0	0	1	0	0	2	2	0	0	4	3	0	1	0	0	0	5	5	3	0	0	4	1	6	1	0	0	1	1	0	2	1	0	0	4	0	0	1	1	2	1	0	1	1	3	2	2	1	1	0	0	0	2	6	0	0	4	0	0	5	1	0	0
C5126	0	0	0	0	3	0	1	1	0	0	1	0	0	0	1	0	0	0	0	0	0	1	0	0	1	0	0	0	0	0	0	1	1	0	0	0	1	0	4	0	0	0	0	2	0	2	0	1	0	1	0	0	0	0	0	1	0	2	1	0	1	0	0	0	0	0	0	0	0	0	0	0	0	0	0	1	0	0
C5127	0	0	0	0	4	0	0	0	0	0	1	0	5	0	4	0	0	2	0	0	4	3	1	0	5	6	0	2	0	0	0	1	1	0	0	0	4	0	2	2	0	0	0	3	1	1	0	0	0	5	0	0	0	4	0	0	0	0	0	9	0	7	0	0	0	0	4	0	0	0	0	0	0	0	3	0	0	0
C5129	0	0	0	0	4	0	2	5	0	2	2	2	2	0	3	0	1	2	8	1	3	3	2	7	3	8	1	5	0	0	0	5	5	0	0	0	2	1	2	2	0	0	3	6	0	3	2	1	5	4	0	0	0	2	0	4	9	2	8	0	4	0	0	1	0	0	1	0	2	0	0	2	0	0	4	0	0	4
C5132	0	0	0	0	0	0	1	0	0	0	0	0	0	0	1	0	0	0	0	1	1	0	0	0	0	0	0	0	0	0	0	0	0	0	0	0	5	1	2	0	0	0	0	1	0	0	0	0	2	1	2	0	0	0	0	0	0	0	1	0	1	1	0	1	0	0	0	0	0	0	0	0	0	0	0	0	0	0
C5134	0	0	0	0	0	0	1	0	0	0	0	0	2	0	0	0	0	0	1	0	1	2	0	0	0	0	0	0	0	0	0	0	1	0	0	0	1	0	1	0	0	0	0	1	0	0	0	0	0	1	0	0	0	0	2	0	0	0	0	0	0	0	0	0	0	0	0	0	0	0	0	0	0	0	0	0	0	0
C5136	0	0	0	1	0	0	0	0	0	0	0	0	0	0	0	0	0	1	0	1	0	1	0	0	2	1	1	0	0	0	0	0	0	0	1	0	0	0	1	0	0	0	0	0	0	1	0	0	0	1	0	0	0	0	1	0	2	0	2	0	2	0	0	0	1	0	0	0	0	0	0	2	0	0	0	2	0	1
C5137	0	0	0	0	0	0	0	0	0	0	0	0	0	0	0	0	0	0	0	0	0	0	0	0	0	0	0	0	0	0	0	0	0	0	0	0	0	0	0	8	0	0	0	0	0	0	0	0	0	0	0	0	0	0	0	0	0	0	0	0	0	0	0	0	3	0	0	0	0	0	0	0	0	0	0	0	0	0
C5138	0	0	0	1	1	0	2	0	0	0	0	0	1	0	0	0	0	0	0	0	2	2	0	0	0	1	0	1	0	0	0	0	0	1	0	0	0	0	1	0	0	0	0	0	0	0	0	0	0	1	0	0	0	0	0	0	0	0	0	0	0	1	1	0	0	0	0	0	0	0	0	0	0	0	0	0	0	0
C5139	0	0	0	0	1	0	0	0	0	0	1	0	0	0	0	0	0	1	0	0	0	0	0	0	0	0	0	1	0	0	0	1	0	0	0	0	1	0	1	1	0	1	0	0	1	0	0	0	0	0	0	0	0	1	0	0	0	0	0	0	0	1	0	0	0	0	0	0	0	0	0	0	0	0	0	0	0	0
C5140	0	0	0	0	0	0	1	0	0	0	0	0	0	0	0	0	0	0	0	0	0	1	0	0	0	1	1	0	0	0	0	0	0	0	0	0	0	0	0	1	0	0	0	0	0	1	0	0	1	0	0	0	0	0	0	0	0	0	2	0	0	0	0	0	1	0	0	0	0	0	0	0	0	0	2	0	0	0
C5141	0	0	0	0	0	0	0	0	0	2	0	0	0	0	0	0	0	0	0	0	2	0	0	0	0	0	0	0	0	0	0	0	0	0	0	0	0	0	0	12	0	0	0	0	0	0	0	0	1	0	0	0	0	0	0	0	0	0	0	0	0	0	0	0	0	0	0	0	0	0	0	0	0	0	0	0	0	0
C5145	0	0	0	3	4	0	1	0	0	0	0	0	2	0	1	0	0	1	0	0	1	0	0	0	0	0	1	0	0	0	0	0	2	1	0	0	8	0	4	4	0	0	0	2	1	1	1	1	0	1	0	0	0	1	0	0	0	2	1	0	0	0	6	12	4	0	1	0	1	3	0	0	0	0	0	3	0	0
C5146	0	0	0	1	0	0	0	0	0	0	0	1	0	0	0	0	0	0	0	0	1	0	0	0	0	0	0	0	0	0	0	1	0	0	1	0	0	4	0	0	0	0	0	0	0	0	3	0	0	0	0	0	0	0	2	0	0	0	0	1	0	0	0	0	6	0	0	0	0	0	0	0	0	0	0	0	0	0
C5148	0	0	0	0	0	0	1	0	0	2	0	0	0	0	0	0	0	1	0	0	1	0	1	0	0	0	0	0	0	0	0	0	1	1	0	0	1	6	0	0	0	1	0	2	0	5	1	2	0	2	0	0	0	1	1	0	0	0	0	0	1	0	0	0	1	0	0	0	0	0	0	0	0	0	0	0	0	0
C5151	0	0	0	0	0	0	0	1	0	0	0	0	0	0	0	0	0	0	0	0	0	0	0	0	0	0	0	0	0	0	0	0	0	0	0	0	0	0	0	2	1	0	0	0	0	0	0	0	0	0	0	0	0	0	0	0	0	0	0	0	0	0	10	0	0	0	0	0	0	0	0	0	0	0	0	0	0	0
C5153	0	0	0	0	0	0	1	0	0	0	0	0	1	0	0	0	0	1	0	0	0	0	0	0	24	0	0	0	0	0	0	0	0	1	0	0	1	0	0	2	0	1	0	0	0	0	0	0	1	0	0	0	0	0	0	0	0	0	1	0	0	6	0	0	10	0	0	8	0	0	0	1	0	0	0	1	0	0
C5157	0	0	0	1	6	0	11	0	0	1	1	0	0	0	2	0	0	6	0	2	3	0	3	0	0	1	1	1	0	5	20	1	2	1	0	0	7	1	1	0	0	0	0	1	0	4	1	1	7	2	0	0	3	1	0	0	0	0	1	2	3	0	1	0	0	0	0	0	1	0	0	0	0	0	1	0	0	0
C5158	0	0	0	2	0	0	0	0	0	0	0	0	0	0	0	0	0	0	0	0	0	0	1	0	0	0	1	1	0	0	0	1	0	0	1	0	0	0	1	1	0	0	0	2	0	0	0	0	0	0	0	0	0	0	0	1	0	0	2	0	1	1	0	2	0	0	0	0	0	0	0	1	0	0	0	0	0	0
C5160	0	0	0	0	0	0	1	1	0	0	0	0	0	0	1	0	0	0	0	0	2	1	0	0	0	1	0	1	0	0	0	0	0	2	2	0	2	1	2	0	0	0	0	0	0	0	0	0	0	1	0	0	0	0	0	0	0	0	0	2	0	0	0	0	0	0	0	0	1	0	0	1	0	0	1	1	0	0
C5165	0	0	0	0	0	0	1	0	0	0	0	0	1	0	1	0	0	0	0	0	0	0	0	0	0	0	1	2	0	0	0	1	1	0	0	0	2	0	1	2	0	0	0	1	0	1	0	2	0	0	0	0	0	1	1	0	0	0	0	1	0	1	2	7	0	0	3	0	2	2	0	0	0	0	1	2	0	0
C5167	0	6	0	0	0	0	0	19	0	0	1	0	0	0	0	0	0	0	0	0	0	0	0	0	0	4	1	0	0	0	0	7	1	0	12	0	0	37	0	1	0	0	0	0	1	1	1	0	0	0	0	0	0	0	4	13	0	0	4	30	1	9	0	0	1	0	0	1	0	0	0	0	0	0	0	29	0	0
C5168	0	0	0	0	1	0	0	2	0	0	0	0	1	0	0	0	0	0	0	0	0	0	3	0	0	1	0	0	0	0	0	2	0	0	2	0	1	3	0	0	0	0	0	0	0	0	1	0	1	0	0	0	0	0	0	0	0	0	1	10	0	2	0	0	0	0	0	0	0	0	0	0	0	0	0	0	0	0
C5171	0	0	0	0	0	0	0	0	0	1	0	0	1	0	1	0	0	0	0	0	0	1	1	0	0	0	0	0	0	0	0	0	1	0	0	0	0	0	1	0	0	0	0	0	1	2	0	0	0	0	0	0	0	0	0	0	0	0	0	0	0	0	0	3	0	0	1	0	0	0	0	0	0	0	0	0	0	0
C5172	0	0	0	0	1	0	1	0	0	0	1	0	1	0	0	0	0	0	0	0	1	0	0	0	0	0	0	0	0	0	0	0	1	0	0	0	4	0	3	2	0	0	0	1	0	1	0	0	1	0	0	0	0	0	0	0	0	0	0	5	0	1	0	2	2	0	0	0	0	1	0	0	0	0	0	1	0	0
C5173	0	0	0	1	2	0	2	4	0	2	1	0	2	0	1	0	0	2	1	0	2	1	0	3	1	2	0	0	0	0	0	0	1	2	0	0	4	2	5	0	0	0	0	1	1	1	0	1	1	1	0	0	0	1	1	0	0	2	1	1	1	1	1	0	0	0	2	2	0	0	0	2	0	0	3	1	0	0
C5174	0	0	0	0	1	0	0	0	0	0	0	0	0	0	0	0	0	1	0	0	0	1	0	0	0	3	0	1	0	0	0	1	0	0	0	0	0	2	0	3	0	0	0	0	0	0	0	0	0	0	0	0	0	0	0	0	0	1	0	0	0	2	0	0	0	0	7	0	0	0	0	0	0	0	3	1	0	0
C5175	0	0	0	0	0	0	0	0	0	0	1	0	1	0	0	0	0	1	0	0	2	0	0	0	1	1	0	2	0	0	0	2	0	0	0	0	5	0	3	1	0	0	0	0	0	0	0	0	0	4	0	0	0	2	0	0	0	3	0	0	0	1	0	0	0	0	0	0	0	0	0	0	0	0	0	0	0	0
C5176	0	0	0	0	0	0	0	0	0	0	1	0	0	0	0	0	0	0	0	0	0	0	1	0	0	1	0	0	0	0	0	1	0	0	0	0	0	0	0	3	0	0	0	0	0	0	0	0	0	0	0	0	0	0	0	1	0	0	0	0	2	0	0	0	0	0	0	0	0	0	0	1	0	0	0	0	0	1
C5178	0	0	0	0	0	0	0	1	0	0	0	0	0	0	0	0	0	0	0	1	0	0	0	0	0	1	0	0	0	0	0	0	0	0	1	0	3	1	0	0	0	0	0	0	0	0	0	0	1	1	0	0	0	0	0	0	0	0	0	0	0	0	0	0	0	0	0	0	0	0	0	1	0	0	0	0	0	0
C5180	0	0	0	0	3	0	0	0	0	0	0	0	1	0	0	0	0	0	0	0	0	1	0	0	1	0	0	0	0	0	0	0	0	0	0	0	0	2	0	2	0	0	0	1	1	1	0	0	1	1	0	0	0	1	0	0	0	0	2	1	0	0	2	4	0	0	2	0	1	1	0	0	0	0	0	2	0	0
C5181	0	0	0	0	1	0	1	0	0	0	0	0	0	0	0	0	0	0	0	0	0	0	0	0	0	0	0	0	0	3	3	0	0	0	0	2	0	0	0	0	0	1	0	0	0	0	0	0	0	0	0	0	0	0	0	0	0	0	0	0	0	0	0	0	0	0	0	0	0	0	0	0	0	0	1	0	0	0
C5183	0	0	0	0	0	0	0	16	0	0	11	0	0	0	7	0	0	0	0	0	0	0	1	0	2	3	0	8	0	0	0	10	0	0	6	0	0	0	0	1	0	0	0	0	0	0	7	0	0	0	0	0	0	6	0	1	0	3	3	0	19	0	0	4	0	0	0	0	21	0	0	0	0	0	4	0	0	0
C5184	0	0	0	0	0	1	0	0	0	0	0	0	0	0	0	0	0	0	0	0	0	0	0	0	0	0	0	0	0	1	0	0	0	0	0	9	0	0	0	0	0	1	0	0	0	0	0	0	0	0	0	0	0	0	0	0	0	0	0	0	0	0	0	0	0	0	0	0	0	0	0	0	0	1	0	0	2	0
C5185	0	0	0	4	6	0	6	3	0	2	2	0	6	0	8	0	0	4	2	1	7	6	1	4	3	8	1	7	0	0	0	1	4	7	1	0	9	0	5	1	0	0	1	2	4	5	2	2	0	2	0	0	13	6	2	6	2	4	3	6	3	4	3	2	3	0	5	3	7	0	0	6	0	0	5	2	0	2
C5186	0	0	0	1	2	0	2	1	0	1	1	0	3	0	1	0	0	0	0	1	2	7	1	0	3	3	5	1	0	0	0	2	3	4	2	0	1	2	2	0	0	0	0	2	4	1	0	3	2	2	0	0	0	0	1	1	0	1	4	0	2	1	0	3	2	0	3	2	6	0	0	2	0	0	2	1	0	0
C5187	0	0	0	0	0	0	0	1	0	0	0	0	1	0	2	0	0	0	0	0	1	1	0	0	1	0	0	3	0	0	0	0	1	1	0	0	2	1	0	3	0	0	0	0	1	3	0	0	1	1	0	0	0	1	1	0	0	0	0	1	2	0	0	1	0	0	2	0	0	2	0	0	0	0	0	1	0	0
C5188	0	0	0	0	0	0	0	0	0	0	0	0	0	0	0	0	0	0	0	0	0	0	0	0	0	0	0	0	0	0	0	0	0	0	0	0	1	0	0	4	0	0	0	0	0	0	0	0	2	0	0	0	0	0	1	0	0	0	0	0	3	0	0	0	0	0	0	0	0	0	0	0	0	0	0	0	0	0
C5190	0	0	0	0	2	0	0	0	0	0	0	0	1	0	0	0	0	0	0	0	1	1	0	0	0	4	0	1	0	0	0	0	0	1	0	0	1	0	0	1	0	0	0	0	1	1	0	0	0	1	0	0	0	0	0	1	0	0	2	0	0	1	0	0	0	0	2	0	0	0	0	0	0	0	1	0	0	0
C5191	0	0	0	2	1	0	1	0	0	0	1	0	0	0	0	0	0	1	0	0	0	0	0	0	1	0	1	1	0	0	0	1	0	1	0	0	4	3	0	0	0	0	0	0	0	1	0	2	6	0	0	0	0	1	0	0	0	0	2	2	1	1	1	1	0	0	0	1	0	0	0	3	0	0	0	2	0	0
C5192	0	0	0	0	1	0	0	0	0	0	0	0	0	0	0	0	0	0	0	0	1	0	0	0	0	0	0	0	0	0	0	0	1	1	0	0	1	0	3	0	0	0	0	0	0	0	0	0	0	0	0	0	0	0	1	0	0	1	0	0	0	0	0	1	0	0	0	0	1	0	0	0	0	0	0	0	0	0
C5193	0	0	0	0	0	0	0	0	0	0	0	0	0	0	0	0	0	0	0	0	0	0	0	0	0	0	0	0	0	3	0	0	0	0	0	0	0	0	0	6	0	0	0	0	0	0	0	0	0	0	0	0	0	1	0	0	0	0	0	0	0	0	0	0	3	0	0	0	4	0	0	0	0	0	0	0	0	0
C5195	0	0	0	0	0	0	0	0	0	0	0	0	0	0	0	0	0	0	0	0	0	0	0	0	0	0	0	0	0	0	0	2	0	0	0	0	0	2	0	2	0	0	0	0	0	0	0	0	0	0	0	0	0	0	0	0	0	0	0	0	0	0	0	0	6	0	0	0	0	0	0	0	0	2	0	0	0	0
C5197	0	0	0	0	19	0	2	6	0	5	6	0	7	0	3	0	0	7	0	1	0	4	2	2	4	6	2	4	0	0	0	5	4	6	0	0	14	1	10	10	0	0	0	4	4	3	1	0	1	2	0	0	0	4	3	8	0	10	8	5	1	5	3	6	4	0	4	0	4	2	0	2	0	0	6	0	0	1
C5200	0	0	0	2	0	0	5	4	0	2	0	0	0	0	0	0	0	0	0	2	0	0	3	0	0	0	0	0	0	0	0	0	1	0	0	0	0	15	0	0	0	0	0	1	0	0	1	1	0	0	0	0	0	0	0	0	0	0	1	0	0	0	0	0	0	0	0	0	0	0	0	0	0	0	0	5	0	0
C5202	0	0	0	1	0	0	0	0	0	0	0	0	1	0	1	0	0	0	0	1	0	1	0	0	0	1	1	1	0	0	1	2	3	0	0	0	15	0	4	0	0	0	0	0	0	0	2	0	0	1	0	0	0	2	1	0	0	0	3	0	3	0	0	0	0	0	0	0	0	5	0	0	0	0	0	0	0	0
C5203	0	0	0	0	0	1	0	1	0	0	0	0	0	0	0	0	0	0	0	1	1	1	0	0	0	0	0	5	0	0	0	0	0	0	0	0	0	0	0	2	0	0	0	0	1	0	1	0	0	0	0	0	0	0	0	0	0	1	0	0	0	0	0	0	0	0	0	0	0	2	0	0	0	0	0	1	0	2
C5204	0	0	0	0	1	0	0	0	0	1	0	0	0	0	1	0	0	0	0	0	0	1	1	0	0	1	0	0	0	0	0	0	0	0	0	0	0	0	1	0	0	0	0	0	0	0	0	0	1	0	0	0	0	2	2	0	0	0	1	2	0	0	0	0	1	0	0	1	2	0	0	0	0	0	0	2	0	0
C5205	0	0	0	0	0	0	0	0	0	0	0	0	0	0	0	0	0	0	0	0	0	0	0	0	0	0	0	0	0	0	0	0	0	0	0	0	0	0	0	0	0	0	0	0	0	0	0	0	0	0	0	0	0	0	0	0	0	0	4	0	8	0	0	0	12	0	0	0	0	0	0	0	0	0	0	0	0	0
C5206	0	0	0	0	1	0	0	0	0	0	0	0	0	0	1	0	0	0	0	0	0	0	0	0	0	0	0	0	0	0	1	0	2	0	0	0	3	0	0	2	0	0	0	0	0	1	0	0	0	0	0	0	0	0	0	0	0	0	0	0	0	1	1	1	0	0	0	0	0	1	0	0	0	0	0	0	0	0
C5208	0	0	0	3	2	0	0	3	0	0	0	0	2	0	2	0	0	2	0	1	2	3	0	0	1	1	4	1	0	0	0	0	2	0	1	0	1	1	4	0	0	0	0	3	3	1	0	0	1	3	0	0	0	1	0	3	0	0	2	2	0	1	3	0	0	0	0	1	0	0	0	9	0	0	1	2	0	0
C5209	0	0	0	2	0	0	0	0	0	1	0	0	1	0	1	0	0	0	1	0	0	1	0	1	0	0	0	0	0	0	0	0	0	1	1	0	0	0	1	0	0	0	0	0	1	1	0	0	0	0	0	0	0	1	0	1	0	0	0	1	0	0	0	1	0	0	0	0	0	0	0	2	0	0	0	0	0	1
C5211	0	0	0	1	1	0	2	1	0	0	1	0	0	0	1	0	0	1	4	0	1	1	0	7	4	0	0	3	0	0	0	1	0	1	1	0	0	2	4	1	0	0	3	2	0	0	2	2	0	1	0	0	1	0	3	1	4	1	2	2	2	0	0	2	1	0	0	0	2	0	0	1	0	0	1	4	0	2
C5212	0	0	0	0	5	0	3	2	0	0	1	0	1	0	5	0	0	6	0	1	3	1	3	0	0	4	0	2	0	0	1	0	5	0	0	0	4	2	4	1	0	0	0	4	0	3	3	0	6	5	0	0	0	5	1	0	0	1	1	4	1	2	1	0	1	0	2	0	0	0	0	0	0	0	1	1	0	0
C5214	0	0	0	0	2	0	3	0	0	1	1	0	0	0	0	0	0	5	0	0	1	0	0	0	1	0	0	0	0	1	3	0	1	0	0	0	0	3	0	0	0	0	0	0	0	3	0	1	17	1	0	0	0	0	0	0	0	0	0	1	3	1	0	0	0	0	2	0	0	0	0	0	0	0	1	0	0	0
C5216	0	0	0	0	2	0	7	1	0	0	6	0	14	0	3	0	0	5	0	2	4	11	2	0	5	6	1	2	0	0	0	6	10	4	0	0	14	0	11	0	0	0	0	10	0	0	1	0	1	3	0	0	0	5	3	0	0	7	1	3	1	8	2	0	4	0	2	0	7	0	0	0	0	0	8	0	0	0
C5217	0	0	1	0	0	0	0	8	0	0	0	0	1	0	0	0	0	0	0	0	0	0	0	0	0	0	0	0	0	0	0	1	0	0	3	0	0	2	0	0	0	0	0	0	0	0	0	0	0	0	0	0	0	0	2	0	0	0	0	3	0	11	0	0	0	1	0	0	0	0	0	0	0	0	0	1	0	0
C5218	0	0	0	1	0	0	0	1	0	0	1	0	5	0	1	0	0	0	0	3	0	1	0	0	0	0	0	7	0	0	0	0	0	1	0	0	3	1	0	4	0	0	0	1	0	4	1	1	0	0	0	0	0	0	0	0	0	0	0	2	0	0	1	0	0	0	2	0	2	5	0	0	0	0	2	0	0	0
C5225	0	0	0	0	1	0	1	4	0	0	0	0	4	0	4	0	1	0	0	5	3	1	2	0	1	0	1	6	0	0	0	1	0	2	0	0	4	0	0	4	0	0	0	1	0	0	1	0	1	1	0	0	0	3	4	0	0	2	1	1	4	4	6	2	1	0	1	0	0	8	0	0	0	0	0	2	0	0
C5226	0	0	0	0	1	0	10	0	0	0	8	0	25	0	5	0	0	9	0	3	8	17	6	0	8	10	1	5	0	0	0	11	9	12	0	0	27	0	22	1	0	0	0	16	1	3	1	0	1	14	0	0	0	14	4	0	0	9	6	7	1	8	2	0	3	0	5	0	10	1	0	0	0	0	9	0	0	0
C5227	0	0	0	1	0	0	0	0	0	0	0	0	1	0	0	0	0	1	0	1	0	0	0	0	0	1	0	0	0	0	0	5	0	0	0	0	0	2	0	0	0	0	0	3	0	2	0	1	3	0	0	0	0	0	0	0	0	0	0	1	1	0	0	0	0	0	0	0	0	0	0	0	0	0	0	0	0	0
C5228	0	0	0	0	0	0	0	0	0	2	2	0	1	0	2	0	0	0	0	0	0	2	0	0	0	0	0	0	0	0	0	0	0	1	0	0	0	0	2	0	0	0	0	0	1	0	1	0	0	1	0	0	0	1	0	1	0	4	0	1	1	2	0	0	0	0	2	0	2	0	0	0	0	0	1	1	0	0
C5230	0	0	0	5	2	0	4	1	0	1	1	0	5	0	4	0	0	3	0	0	1	2	1	0	3	3	4	3	0	0	0	3	3	2	4	0	1	2	6	0	0	0	0	1	1	1	1	4	2	3	0	0	0	4	1	1	0	3	1	2	3	1	1	5	1	0	3	5	4	0	0	3	0	0	5	1	0	0
C5232	0	0	0	1	1	0	0	0	0	0	0	0	0	0	0	0	0	0	0	0	0	0	0	0	0	0	0	0	0	0	0	0	0	0	0	0	5	0	3	0	0	0	0	0	0	0	0	0	0	0	0	0	0	2	0	0	0	0	0	0	0	0	1	1	0	0	0	0	0	0	0	0	0	0	0	1	0	0
C5235	0	0	0	0	0	0	0	1	0	0	0	0	0	0	0	0	0	0	0	0	0	0	1	0	0	0	0	0	0	0	0	0	0	0	1	0	0	0	2	0	0	0	0	0	0	0	0	0	0	0	0	0	0	0	1	0	0	0	1	1	0	0	0	0	3	0	0	0	1	0	0	0	0	0	0	0	0	0
C5236	0	0	0	1	2	0	0	0	0	0	0	0	0	0	1	0	0	0	0	2	2	0	1	0	0	1	0	0	0	0	0	0	1	0	0	0	3	0	0	2	0	0	0	0	0	1	0	0	8	0	0	0	0	0	0	0	0	0	0	0	0	0	0	0	0	0	1	0	0	0	0	0	0	0	0	0	0	0
C5240	0	0	0	0	0	0	0	28	2	0	2	0	2	0	0	0	2	0	0	0	0	0	3	0	0	2	0	0	0	0	0	12	0	0	21	0	0	5	0	2	0	0	0	0	0	0	0	0	0	0	0	0	0	0	1	13	0	0	2	12	0	16	0	0	0	2	0	1	0	0	0	0	0	0	0	0	0	0
C5242	0	0	0	0	0	0	0	0	0	0	0	0	0	0	0	0	0	0	0	0	0	0	0	0	1	0	0	0	0	0	0	2	0	0	13	0	0	0	0	0	0	0	0	0	0	0	0	0	1	0	0	0	0	0	0	0	0	0	6	0	0	0	0	0	0	0	0	0	0	0	0	0	0	0	0	0	0	0
C5243	0	0	0	0	1	0	0	0	0	0	0	0	2	0	0	0	0	0	0	0	0	0	0	0	0	0	1	0	0	0	0	0	0	0	0	0	0	1	1	0	0	0	0	0	0	0	0	0	0	2	0	0	0	0	0	1	0	0	0	0	0	0	0	0	0	0	0	2	0	0	0	0	0	0	0	0	0	0
C5245	0	0	0	0	1	0	0	0	0	0	0	0	0	0	1	0	0	0	0	1	1	0	0	0	2	0	1	1	0	0	0	0	0	1	0	0	0	0	0	1	0	0	0	0	0	0	0	0	0	0	0	0	0	0	0	1	0	0	0	0	0	0	0	0	0	0	1	0	0	0	0	0	0	0	1	1	0	0
C5246	0	0	0	3	3	0	0	2	0	0	0	0	0	0	1	0	0	0	0	1	0	0	0	0	1	3	4	1	0	0	0	3	3	1	1	0	2	1	1	0	0	0	0	0	0	0	0	1	0	1	0	0	0	2	3	1	0	0	0	2	3	0	0	1	0	0	1	0	2	0	0	3	0	0	0	0	0	0
C5249	0	0	1	2	3	0	0	0	0	3	2	0	0	0	3	0	0	4	0	5	4	1	0	0	1	3	1	0	0	0	1	0	1	0	1	0	4	6	1	1	0	0	0	3	0	12	0	1	12	10	0	1	0	3	3	0	0	0	0	0	0	0	1	0	1	0	8	0	0	0	0	0	0	0	4	1	0	0
C5251	0	0	0	0	0	0	3	18	0	0	0	0	1	0	0	0	0	0	0	0	0	0	0	0	0	0	0	0	1	0	0	5	0	0	7	0	0	6	0	1	0	0	0	1	1	0	10	0	0	0	0	0	0	0	1	7	0	1	3	9	0	14	0	0	0	0	0	0	0	0	0	0	0	0	0	1	0	0
C5254	0	0	0	0	0	0	1	1	0	0	1	0	3	0	0	0	0	0	0	0	0	0	0	0	0	1	0	0	0	0	0	0	0	0	1	0	1	1	2	0	0	0	0	1	0	0	0	0	0	0	0	0	0	0	1	0	0	1	0	0	0	0	0	1	2	0	2	0	2	1	0	0	0	0	1	0	0	0
C5255	0	0	0	0	1	0	0	7	0	1	3	0	0	0	0	0	0	0	0	1	0	1	1	0	2	0	1	1	0	0	0	1	1	0	0	0	0	1	0	2	0	0	0	0	0	2	0	0	0	0	0	0	0	0	0	4	0	1	3	0	0	1	0	1	0	0	0	0	0	1	0	0	0	0	0	0	0	0
C5256	0	0	0	3	1	0	13	0	0	0	0	0	0	0	5	0	0	0	2	1	9	1	3	3	0	14	0	0	0	9	25	0	34	1	2	0	21	4	4	4	0	287	0	0	1	0	4	1	2	0	0	0	5	2	0	0	0	0	96	86	53	0	5	0	5	0	0	0	0	0	2	0	0	0	0	0	0	0
C5258	0	0	0	0	0	0	1	0	0	0	0	0	0	0	0	0	0	0	1	0	0	2	0	1	0	1	0	1	0	0	0	2	0	0	0	0	4	0	2	0	0	0	0	0	0	0	0	0	0	0	0	0	0	1	0	0	0	1	0	0	1	0	0	0	0	0	1	0	0	2	0	0	0	0	0	0	0	0
C5261	0	0	0	0	0	0	0	0	0	0	0	0	0	0	0	0	0	0	0	0	0	0	0	0	0	0	0	0	0	0	0	0	0	0	0	0	0	1	0	6	0	0	0	0	0	0	0	0	0	0	0	0	0	0	2	0	0	0	0	0	0	0	0	0	11	0	0	0	0	0	0	0	0	0	0	0	0	0
C5262	0	0	0	0	0	0	0	0	0	0	1	0	0	0	0	0	0	0	0	0	0	0	2	0	0	0	0	1	0	0	0	0	0	0	2	0	0	10	0	1	0	0	0	0	0	0	0	0	1	0	0	0	0	1	4	0	0	0	2	16	0	1	0	0	0	1	0	0	0	0	0	0	0	0	0	1	0	0
C5263	0	0	0	0	0	0	0	0	0	0	2	0	0	0	0	0	0	1	0	3	5	0	0	0	0	1	0	0	0	0	0	0	1	0	0	0	5	3	0	0	0	0	0	0	0	5	0	0	0	2	1	0	0	1	1	0	0	1	0	1	1	0	0	0	1	0	7	0	0	0	0	0	0	0	0	0	0	0
C5264	0	0	0	2	0	0	0	9	0	0	0	0	3	0	0	0	0	0	0	0	0	0	0	0	1	0	1	0	0	0	0	7	0	0	3	0	0	3	0	0	0	0	0	0	0	0	0	0	1	0	0	0	0	0	0	8	0	0	0	0	0	2	0	0	0	0	0	0	0	0	0	0	0	0	0	0	0	0
C5265	0	0	0	0	0	0	1	1	0	0	0	0	1	0	2	0	0	0	0	0	1	2	0	0	1	1	1	1	0	0	0	0	1	0	0	0	2	0	2	1	0	0	0	1	0	0	0	0	0	1	0	0	0	1	1	0	0	0	0	2	0	0	0	0	0	0	0	0	0	0	0	0	0	0	0	0	0	0
C5266	0	0	0	1	1	0	0	0	0	0	0	0	2	0	0	0	0	0	0	0	1	0	0	0	0	1	0	1	0	0	0	0	0	0	0	0	1	1	1	0	0	0	0	0	0	1	0	0	0	0	0	0	0	1	0	0	0	1	1	0	0	1	0	0	0	0	0	0	1	0	0	0	0	0	0	1	0	0
C5268	0	0	0	0	0	0	1	0	0	0	0	0	1	0	1	0	0	3	0	0	0	1	0	0	0	1	1	0	0	0	0	0	0	0	0	0	0	0	2	0	0	0	0	0	1	0	0	0	0	0	0	0	0	0	0	0	0	0	1	1	0	0	0	0	0	0	2	0	1	0	0	0	0	0	0	1	0	0
C5271	0	0	0	1	5	0	1	0	0	0	0	0	3	0	1	0	0	1	0	2	1	0	0	0	0	2	0	2	0	0	0	0	2	0	0	0	2	1	2	1	0	0	0	0	2	0	0	0	0	0	3	0	0	1	0	0	0	0	0	0	1	0	0	0	0	0	0	0	0	1	0	0	0	0	0	0	0	0
C5272	0	0	0	0	1	0	0	0	0	0	0	0	0	0	0	0	0	1	0	0	2	3	0	0	0	3	1	0	0	0	0	0	0	0	1	0	0	0	1	0	0	0	0	0	1	1	0	0	0	0	0	0	0	1	0	0	0	0	0	1	4	0	0	1	0	0	0	0	1	0	0	4	0	0	1	1	0	0
C5273	0	0	0	0	0	0	1	1	0	1	2	0	0	0	1	0	0	0	0	0	1	0	3	0	0	0	0	0	0	0	0	0	0	0	2	0	0	5	0	0	0	0	0	0	0	1	1	0	0	0	0	0	0	1	4	3	0	0	2	7	1	0	0	0	0	0	0	0	0	0	0	0	0	0	0	0	0	0
C5274	0	0	0	1	0	0	0	0	0	2	0	0	4	0	0	0	0	0	1	0	1	3	1	0	0	2	0	1	0	0	0	2	1	1	0	0	2	0	3	0	0	0	0	1	0	0	0	0	0	3	0	0	0	1	1	1	0	0	2	1	2	0	0	2	0	0	1	1	0	0	0	2	0	0	2	0	0	1
C5279	0	0	0	0	2	0	0	0	0	0	2	0	0	0	0	0	0	0	0	0	1	0	0	0	0	0	1	0	0	0	0	0	0	0	0	0	0	0	2	0	0	0	0	0	0	0	0	0	0	0	0	0	0	0	1	1	0	0	1	0	0	1	0	0	0	0	0	0	0	0	0	0	0	0	0	0	0	0
C5280	0	0	0	0	0	0	0	13	0	1	0	0	0	0	0	0	0	0	0	0	0	0	0	0	0	2	1	0	0	0	0	3	0	0	12	0	0	4	0	0	0	0	0	0	0	0	0	0	0	0	0	0	0	0	2	3	0	0	1	5	0	7	0	0	0	0	0	1	0	0	0	0	0	0	0	0	0	0
C5282	1	0	0	7	18	0	5	0	0	0	0	0	3	0	6	0	0	1	0	2	3	15	0	3	0	5	2	0	0	2	9	9	7	1	0	0	73	0	29	2	0	1	0	2	1	1	8	1	3	1	5	0	0	6	2	0	0	2	0	0	9	3	3	0	36	0	2	0	2	3	1	0	0	0	2	1	3	0
C5283	0	0	0	0	0	0	0	0	0	0	0	0	0	0	2	0	0	0	0	2	4	0	0	0	0	0	0	0	0	0	0	0	1	0	0	0	2	1	2	0	0	0	0	0	0	0	0	0	5	0	0	0	0	4	0	0	0	0	0	0	0	0	0	0	0	0	0	0	0	0	0	0	0	0	0	0	0	0
C5286	0	0	0	0	0	0	0	0	0	0	0	1	0	0	0	0	2	0	4	0	0	0	0	4	0	0	0	1	0	0	0	0	0	0	0	0	0	1	0	0	0	0	0	0	0	0	0	0	0	1	0	0	0	1	0	0	4	0	0	0	0	0	0	0	0	0	0	0	0	0	0	1	0	0	0	0	0	9
C5287	0	0	0	1	0	0	1	0	0	0	0	0	0	0	1	0	0	0	0	0	1	2	1	1	1	1	0	2	0	0	0	1	0	1	0	0	3	0	0	0	0	0	0	0	0	1	0	1	1	2	0	0	0	1	0	1	0	0	0	0	1	0	2	1	0	0	0	0	1	0	0	2	0	0	0	0	0	0
C5288	0	0	0	0	0	0	0	0	0	0	0	0	0	0	0	0	0	1	0	0	0	0	1	0	0	0	0	0	0	0	0	0	0	0	0	0	1	1	1	0	0	0	0	1	0	1	0	0	1	2	0	0	0	0	0	0	0	0	0	0	0	0	0	0	0	0	0	0	0	0	0	1	0	0	0	0	0	0
C5290	0	0	0	0	3	0	17	3	0	0	1	0	0	0	0	0	0	0	0	0	0	0	0	0	0	0	0	0	0	0	0	1	0	0	0	0	0	5	0	5	0	0	0	0	2	0	4	0	3	0	1	0	0	1	0	36	0	0	1	0	1	1	2	0	0	0	0	0	0	2	0	0	0	0	0	3	1	0
C5292	0	0	0	2	1	0	13	0	0	0	0	0	0	0	1	0	0	0	0	3	0	1	0	0	0	0	0	2	0	0	0	2	0	0	0	0	7	9	2	2	0	0	0	0	1	0	0	1	0	0	1	0	0	0	0	0	0	0	0	0	0	1	0	0	2	0	0	0	0	2	0	0	0	0	0	0	0	0
C5294	0	0	0	0	0	0	1	0	0	2	0	0	4	0	3	0	0	0	0	1	1	0	0	0	0	0	0	2	0	0	0	1	3	1	0	0	5	0	0	2	0	0	0	1	0	0	3	2	0	0	0	0	0	1	3	0	0	0	1	1	0	0	6	5	2	0	1	0	1	5	0	0	0	0	0	1	0	0
C5295	1	0	1	0	0	0	1	2	0	0	1	0	1	0	1	0	0	1	0	0	0	1	0	0	1	4	1	1	0	0	0	4	1	1	1	0	0	0	0	0	0	0	0	0	0	0	0	0	0	1	0	0	0	0	1	0	0	1	2	0	2	1	0	1	0	0	0	1	0	0	0	2	0	0	1	0	0	0
C5297	0	0	0	9	1	0	1	1	0	0	2	0	2	0	2	0	0	2	0	1	2	2	1	0	1	3	2	1	0	0	0	0	0	2	1	0	2	2	2	0	0	0	0	1	2	0	1	1	2	2	0	0	0	2	2	2	1	0	2	1	1	1	1	3	0	0	2	2	1	0	0	4	0	0	2	1	0	0
C5298	0	0	0	1	0	0	0	0	0	0	0	0	0	0	1	0	0	1	0	0	2	1	0	0	0	0	1	0	0	0	0	0	0	0	1	0	1	0	1	0	0	0	0	0	1	0	0	1	1	2	0	0	0	1	0	1	0	2	1	1	0	0	1	0	0	0	0	0	1	0	0	0	0	0	0	1	0	0
C5304	0	0	0	4	1	0	1	0	0	1	0	0	1	0	1	0	0	3	0	0	0	1	0	0	0	1	1	0	0	0	0	0	0	2	0	0	1	2	2	0	0	0	0	0	1	0	0	0	0	1	0	0	0	0	0	0	0	2	4	2	0	0	0	0	0	0	0	1	2	0	0	3	0	0	0	2	0	0
C5306	0	0	0	2	0	0	1	1	0	0	1	0	2	0	1	0	0	0	0	1	1	1	1	0	1	0	1	2	0	0	0	1	0	1	0	0	2	0	0	3	0	0	0	2	0	2	2	2	0	0	0	0	0	3	0	0	0	3	1	0	3	0	2	2	0	0	1	0	0	2	0	0	0	0	1	0	0	0
C5308	0	0	0	0	0	0	0	4	0	0	0	0	0	0	0	0	0	1	0	0	0	0	1	0	0	0	0	0	1	0	0	0	0	0	3	0	0	3	0	0	0	0	0	0	0	0	0	0	0	0	0	0	0	0	3	2	0	0	0	6	0	1	0	0	0	0	0	0	0	0	0	0	0	0	0	1	0	0
C5310	0	0	0	0	4	0	3	0	0	1	1	0	2	0	6	0	0	0	0	0	8	2	2	0	1	6	1	7	0	0	0	2	2	0	0	0	3	1	1	0	0	0	0	1	0	2	0	0	0	4	0	0	0	1	0	1	0	1	1	3	0	4	0	0	5	0	2	0	0	0	0	0	0	0	0	0	0	0
C5314	0	0	0	28	4	0	0	0	0	1	1	0	3	0	0	0	0	155	1	3	1	1	8	0	1	913	83	2	0	0	0	8	1	0	10	0	33	2499	0	227	0	0	0	0	3	0	4	14	65	2	0	0	2	3	0	2	0	0	0	6	54	0	0	1	1	0	0	0	147	0	2	5	5	0	0	0	0	0
C5316	0	0	0	0	0	0	0	0	0	0	1	0	0	0	1	0	0	0	0	0	0	0	0	0	0	2	2	0	0	0	0	0	0	0	0	0	2	1	1	1	0	0	0	0	0	0	0	1	0	0	0	0	1	0	1	1	0	2	0	0	1	0	0	0	1	0	3	0	0	0	0	1	0	0	0	0	0	0
C5317	0	0	0	0	1	0	0	0	0	1	0	0	1	0	0	0	0	0	0	0	0	0	0	0	0	3	0	0	0	0	0	0	0	0	0	0	2	0	1	1	0	0	0	2	0	0	0	2	0	0	1	0	0	0	0	0	0	0	1	0	0	0	0	4	3	0	0	0	2	2	0	0	0	0	1	1	0	0
C5318	0	0	0	0	0	0	0	2	0	0	1	0	0	0	1	0	0	1	0	1	0	1	0	0	1	1	0	1	0	0	0	0	0	0	0	0	0	2	1	0	0	0	0	0	1	0	0	0	0	2	0	0	0	0	0	1	0	0	1	0	0	0	0	2	0	0	1	0	0	0	0	0	0	0	0	3	0	0
C5320	0	0	0	4	0	0	0	0	0	0	3	0	0	0	0	0	0	0	0	0	1	0	0	0	0	0	1	0	0	0	0	0	0	0	2	0	0	0	0	7	0	0	0	0	0	0	0	0	1	0	1	0	0	0	0	0	0	0	0	2	4	0	0	0	2	0	0	8	2	0	0	0	0	0	0	1	0	0
C5322	0	0	0	0	0	0	0	0	0	0	0	0	1	0	0	0	0	0	1	1	3	0	0	0	0	6	0	1	0	0	0	0	1	1	0	0	0	0	0	1	0	0	0	0	0	0	0	0	0	0	0	0	0	0	0	0	0	0	0	1	0	3	0	0	1	0	1	0	0	0	0	0	0	0	1	0	0	4
C5324	0	0	0	2	6	0	3	1	0	0	3	0	0	0	2	0	0	3	0	3	10	1	4	0	1	6	0	4	0	0	1	0	0	1	0	0	2	4	1	9	0	0	0	1	0	2	0	0	4	1	0	0	0	6	0	1	0	4	1	7	2	9	6	0	0	0	11	0	0	2	0	0	0	0	2	0	2	0
C5325	0	0	0	6	6	0	5	2	0	5	2	0	5	0	4	0	0	1	8	3	3	4	0	7	4	3	3	3	0	0	0	3	2	4	4	0	2	3	5	2	0	0	1	3	4	3	1	3	2	9	0	0	1	4	1	0	3	2	3	4	2	3	3	7	2	0	2	1	5	0	0	3	0	0	3	4	0	2
C5326	0	0	0	0	0	0	0	0	0	0	0	0	1	0	0	0	0	0	0	0	0	0	0	0	0	0	0	0	0	0	0	0	0	0	0	0	0	0	1	0	0	0	0	0	0	0	0	2	0	0	0	0	0	0	0	0	0	0	0	2	0	0	0	0	0	0	1	0	0	6	0	0	0	0	0	0	0	0
C5329	0	0	0	0	0	0	1	0	0	0	0	0	1	0	0	0	0	0	0	0	0	0	0	0	0	1	0	1	0	0	0	0	0	0	0	0	1	0	1	0	0	0	0	0	0	1	0	0	0	0	0	0	0	1	0	0	0	2	0	1	0	0	0	0	1	0	1	0	0	0	0	0	0	0	0	0	0	0
C5332	0	0	0	0	0	0	0	0	0	0	0	0	0	0	0	0	0	1	0	1	0	0	0	0	0	1	0	0	0	0	1	0	0	0	0	0	2	0	1	1	0	0	0	0	0	1	1	0	2	0	0	0	0	0	1	0	0	0	0	0	0	0	0	0	0	0	2	0	0	1	0	0	0	0	0	0	0	0
C5334	0	0	0	0	4	0	0	1	0	0	1	0	0	0	5	0	0	5	0	2	5	0	3	0	1	3	0	0	0	0	0	1	2	1	0	0	1	6	1	3	0	0	0	2	1	9	0	0	4	1	0	0	0	2	0	0	0	2	2	3	2	2	4	1	1	0	8	0	0	0	0	0	0	0	0	0	0	0
C5336	0	0	0	0	0	0	0	0	0	0	0	0	2	0	0	0	0	2	0	0	0	0	2	0	5	2	0	1	0	0	0	1	0	0	0	0	0	0	0	0	0	0	0	0	0	0	0	0	1	0	0	0	0	0	0	0	0	3	0	0	0	0	0	0	1	0	0	0	1	1	0	0	0	0	0	0	0	1
C5338	0	0	0	0	1	0	3	0	0	1	0	0	1	0	0	0	0	2	0	0	1	0	0	0	0	1	0	1	0	0	0	1	1	0	0	0	7	4	0	1	0	0	0	5	0	5	0	1	5	3	0	0	0	4	0	0	0	0	1	0	4	0	1	1	0	0	4	0	0	1	0	0	0	0	0	1	0	0
C5339	0	0	0	2	5	0	2	4	0	1	2	0	1	0	0	0	0	4	0	5	0	1	0	0	1	1	0	1	0	0	0	2	0	1	0	0	3	5	2	2	0	0	0	0	2	9	3	0	4	2	0	0	0	3	0	6	0	2	2	1	1	2	2	2	1	0	7	0	0	1	1	0	0	0	2	1	1	0
C5340	0	0	0	1	0	0	1	0	0	0	0	0	1	0	0	0	0	0	0	0	1	0	0	0	2	0	0	0	0	0	0	0	1	1	0	0	1	1	0	0	0	0	0	0	0	1	0	1	0	0	0	0	0	0	0	0	1	1	0	0	1	2	0	1	0	0	1	1	1	0	0	0	1	0	1	0	0	0
C5344	0	0	0	0	0	0	0	0	0	0	0	0	1	0	1	0	0	0	0	0	0	1	2	0	0	1	0	0	0	0	0	0	0	0	0	0	3	1	2	1	0	0	0	2	0	0	0	0	1	1	0	0	0	1	0	0	0	1	1	0	0	2	2	4	0	0	0	0	1	2	0	0	0	0	0	0	0	0
C5345	0	0	0	0	1	0	0	0	0	0	0	0	0	0	0	0	0	0	0	0	1	0	0	0	0	0	0	0	0	0	0	0	1	0	0	0	0	2	1	0	0	0	0	0	0	2	0	0	1	0	0	0	0	0	0	0	0	0	0	0	1	0	0	0	0	0	1	0	0	0	0	0	0	0	0	0	0	0
C5346	0	0	0	1	3	0	2	1	0	0	3	0	3	0	1	0	0	1	0	0	3	2	2	0	0	0	0	1	0	0	0	3	2	3	0	0	3	2	1	2	0	0	0	4	1	1	0	0	1	0	0	0	0	0	0	0	0	2	3	0	1	0	1	1	0	0	1	0	0	2	0	0	0	0	1	1	0	0
C5347	0	0	0	2	0	0	0	0	0	0	0	0	0	0	0	0	0	0	0	0	1	0	0	0	0	0	0	0	0	0	0	0	0	0	0	0	0	0	0	4	0	0	0	0	0	0	0	0	0	0	0	0	0	0	0	0	0	0	0	0	0	0	0	0	5	0	0	0	0	0	0	0	0	0	0	0	0	0
C5350	0	0	0	0	0	0	0	0	0	0	0	0	0	0	0	0	0	2	0	0	0	0	0	0	0	9	3	0	0	0	0	0	0	0	0	0	1	18	0	3	0	0	0	0	0	0	0	0	0	0	0	0	0	0	0	0	0	0	0	0	0	0	0	0	0	0	0	0	1	1	0	0	0	0	0	0	0	0
C5351	0	0	0	0	0	0	0	0	0	0	27	0	0	0	2	0	0	0	0	0	0	0	1	0	6	0	0	38	0	0	0	12	0	0	17	0	0	1	0	2	0	0	0	0	0	0	1	0	0	2	2	0	0	6	0	17	1	3	0	0	3	9	0	33	0	0	0	0	23	0	0	0	0	0	1	0	1	0
C5353	0	0	0	0	0	0	2	6	0	0	2	0	0	0	0	0	0	0	0	0	0	0	1	0	0	2	0	0	0	0	0	1	0	0	4	0	0	14	0	0	0	0	0	3	0	0	0	0	0	0	0	0	0	0	2	2	0	0	1	23	1	4	0	0	0	0	0	0	0	0	0	0	0	0	0	3	0	0
C5354	0	0	0	1	0	0	2	0	0	0	5	0	0	0	0	0	0	0	0	0	8	0	4	0	2	2	1	0	0	0	0	26	0	0	0	0	0	1	0	16	0	0	0	0	0	0	17	0	26	0	0	0	0	0	4	0	0	0	13	1	76	0	0	0	30	10	0	0	0	0	0	0	0	0	0	3	0	0
C5355	0	0	0	0	0	0	2	0	0	0	2	0	1	0	2	0	0	0	0	0	3	2	2	0	0	3	1	0	0	0	0	0	0	0	0	0	4	1	6	0	0	0	0	3	0	2	1	0	0	5	0	0	0	0	2	0	0	0	0	1	0	0	0	0	1	0	1	0	0	0	0	0	0	0	0	0	0	0
C5356	0	0	0	0	0	0	2	0	0	0	0	0	1	0	0	1	0	1	0	0	1	2	0	0	0	0	0	2	0	0	0	0	3	0	0	0	2	0	3	0	0	0	0	3	0	2	0	0	0	0	0	0	0	1	0	0	0	2	0	1	1	1	0	0	0	0	1	0	2	0	0	0	0	0	0	0	0	0
C5358	0	0	0	0	0	0	0	0	0	0	0	0	0	0	0	0	0	2	0	0	0	0	0	0	0	2	1	0	0	0	0	0	1	0	0	0	0	5	0	1	0	0	0	0	0	0	0	0	1	0	0	0	0	0	0	0	0	0	0	0	0	0	0	0	0	0	0	0	0	0	0	1	0	0	0	0	0	0
C5359	0	0	0	1	0	0	0	0	0	0	1	0	1	0	0	0	0	2	0	0	0	0	0	0	0	0	0	0	0	0	0	0	0	0	0	0	0	3	0	1	0	0	0	2	0	1	1	0	1	2	0	0	0	0	0	0	0	0	0	0	0	0	0	0	0	0	0	0	0	0	0	0	0	0	0	0	0	0
C5363	0	0	0	5	2	0	6	3	0	2	0	0	5	0	1	0	1	3	0	3	2	5	0	0	6	3	3	3	0	0	0	1	0	2	1	0	5	2	3	0	0	0	1	1	3	0	0	1	0	2	0	0	0	3	2	6	0	0	4	1	1	1	0	6	4	0	1	1	2	0	0	2	0	0	4	3	0	0
C5364	0	0	0	1	0	0	0	12	0	1	0	0	0	0	0	0	0	0	0	0	0	0	11	0	0	1	1	0	0	0	0	8	0	0	17	0	0	24	0	2	0	0	0	0	3	0	0	0	1	0	0	0	0	1	7	7	0	0	19	38	5	13	0	0	0	0	0	0	0	0	0	0	0	0	1	6	0	0
C5367	0	0	0	0	1	0	0	5	0	0	0	0	0	0	0	0	0	0	0	0	0	0	0	0	0	0	0	0	2	0	0	1	0	0	4	0	0	14	0	0	0	0	0	0	0	0	0	0	0	0	0	0	0	0	1	2	0	0	1	9	0	1	0	0	1	0	0	0	0	0	0	0	0	0	0	2	0	0
C5368	0	0	0	0	0	0	0	0	0	1	1	0	0	0	0	0	0	1	0	0	0	0	1	0	1	0	0	0	0	0	0	0	0	1	1	0	0	1	0	0	0	0	0	0	0	6	0	0	0	0	0	0	0	1	0	0	0	0	0	0	0	0	0	0	0	0	0	0	0	1	0	0	1	0	0	0	0	0
C5369	0	0	0	1	0	0	0	0	0	0	0	0	0	0	0	0	0	0	0	0	1	0	0	0	0	0	0	0	0	0	0	0	0	0	0	0	1	1	1	0	0	0	0	0	0	0	0	0	0	1	0	0	0	1	1	2	0	0	2	1	1	0	1	1	0	0	2	0	0	0	0	0	0	0	0	0	0	0
C5372	0	0	0	3	1	0	1	1	0	0	1	0	3	0	0	0	0	1	1	1	4	2	0	1	0	1	1	1	0	0	0	1	1	1	0	0	1	3	0	1	0	0	0	1	0	2	0	0	1	2	0	0	0	0	2	2	1	1	0	1	2	0	0	0	0	0	0	0	3	0	0	2	0	0	2	0	0	1
C5374	2	3	0	0	0	0	0	0	0	0	2	0	1	0	0	0	0	0	1	0	3	1	0	0	1	0	0	0	0	0	0	0	1	1	0	0	1	0	2	0	0	0	0	1	1	0	0	0	0	1	0	0	0	0	1	1	0	0	1	1	1	0	0	0	0	1	0	1	2	0	0	0	0	1	0	0	0	0
C5377	0	0	0	0	0	0	0	0	0	1	2	0	0	0	0	0	0	1	0	0	2	0	0	0	0	1	0	1	0	1	0	0	0	0	0	0	1	2	0	0	0	0	0	2	0	2	0	0	4	0	0	0	0	1	0	0	0	0	0	0	0	0	0	0	0	0	1	0	0	0	0	0	0	0	1	0	0	0
C5379	0	0	0	0	0	0	4	5	0	0	3	0	0	0	0	0	0	1	0	0	0	0	1	0	0	0	2	0	0	0	0	0	0	0	3	0	1	21	0	0	0	0	0	1	0	0	6	0	0	0	0	0	0	0	8	3	0	0	7	19	2	2	0	0	0	0	0	1	0	0	0	0	0	0	0	4	0	0
C5380	0	0	1	8	2	0	2	68	0	1	198	0	3	0	50	0	0	8	0	3	5	1	6	0	41	28	10	191	0	0	0	110	0	4	87	0	7	7	1	14	0	0	0	5	5	7	21	5	23	10	0	0	0	77	4	59	2	55	17	23	77	48	1	161	6	2	1	0	142	0	0	18	0	0	17	17	0	2
C5381	0	0	0	0	0	0	0	1	1	0	9	0	0	0	3	0	0	0	0	1	0	0	3	0	1	3	3	6	0	0	0	5	0	0	9	0	0	0	0	0	0	0	0	0	1	0	3	0	2	0	0	0	0	2	0	0	0	1	0	0	16	2	0	0	0	0	0	0	4	1	0	2	0	0	0	1	0	0
C5382	0	0	0	0	0	0	0	0	0	0	0	0	1	0	0	0	0	1	0	0	0	0	0	0	1	0	0	1	0	0	0	0	0	0	0	0	0	1	0	1	0	0	0	0	0	1	0	1	0	0	0	0	0	0	0	0	0	0	0	0	0	2	1	1	0	0	0	0	0	0	0	0	0	0	1	0	0	0
C5386	0	0	0	0	0	6	0	0	0	0	0	12	0	0	0	0	14	0	0	0	0	0	0	2	0	0	0	0	0	0	0	0	0	0	0	1	0	0	0	0	0	25	2	0	0	0	0	0	0	0	6	0	0	0	0	0	8	0	0	0	0	0	0	0	0	0	0	0	0	0	3	0	0	0	0	0	9	5
C5387	0	0	0	0	0	0	0	0	0	0	0	0	0	0	0	0	0	0	0	0	0	0	0	0	0	0	0	0	0	0	0	0	0	0	0	0	0	0	0	0	0	14	0	0	0	0	0	0	0	0	0	0	0	0	0	0	0	0	0	0	0	0	0	0	0	0	0	0	0	0	0	0	0	0	0	0	0	0
C5389	0	0	4	0	0	0	0	0	0	0	0	0	0	0	0	2	0	0	0	0	0	0	0	0	0	0	0	0	0	0	0	0	0	0	0	0	0	0	0	0	5	0	0	0	0	0	0	0	0	0	0	5	0	0	0	0	0	0	0	0	0	0	0	0	0	7	0	0	0	0	0	0	0	0	0	0	0	0
C5390	0	0	0	0	0	0	0	0	0	0	0	0	0	0	0	0	0	0	0	0	2	0	0	0	0	6	0	0	0	0	0	0	0	0	2	0	0	11	0	2	0	31	0	3	0	0	0	0	0	0	0	0	0	1	0	0	0	0	1	0	1	0	0	0	0	0	1	3	1	0	0	0	0	0	0	0	0	0
C5396	1	3	2	1	0	0	0	0	0	0	0	10	0	0	0	1	17	0	55	0	0	0	0	124	0	0	0	0	0	0	0	0	0	1	0	0	0	0	0	0	0	0	36	0	0	0	1	0	0	1	0	0	0	0	0	2	59	0	0	0	1	0	0	0	0	0	0	0	0	0	0	0	1	0	0	0	0	44
C5397	0	0	0	0	0	0	0	0	0	0	0	0	0	0	0	0	0	0	0	0	0	0	0	0	0	0	0	0	0	0	0	0	0	0	0	0	0	0	0	0	0	50	0	0	0	0	2	0	0	0	0	0	0	0	0	0	0	0	0	0	2	0	0	0	0	0	0	0	0	0	0	0	0	0	0	0	0	0
C5401	0	0	0	0	0	0	0	0	0	0	0	0	0	0	0	0	1	0	0	0	0	0	0	0	0	0	0	0	7	0	0	0	0	0	0	0	0	0	0	0	0	1	2	0	0	0	0	0	0	0	0	0	0	0	0	0	0	0	0	0	0	0	0	0	0	0	0	0	0	0	0	0	0	0	0	0	0	0
C5402	0	0	0	0	0	0	0	0	0	0	0	0	0	0	0	1	0	0	0	0	0	0	0	0	0	0	0	0	0	0	0	0	0	0	0	0	0	0	0	0	26	0	0	0	0	0	0	0	0	0	0	0	0	0	0	0	0	0	0	0	0	0	0	0	0	0	0	0	0	0	0	0	0	0	0	0	0	0
C5403	0	0	0	0	0	0	0	0	0	0	0	0	0	0	3	0	0	3	0	3	0	1	0	0	0	3	0	3	0	0	0	1	0	2	0	0	0	0	0	5	0	0	0	0	0	0	1	0	0	0	0	0	0	0	0	0	0	5	0	0	0	0	1	0	1	0	10	0	0	0	0	0	0	0	20	0	0	0
C5410	0	0	0	0	1	0	0	0	0	0	1	2	0	0	0	0	5	0	10	0	0	0	0	14	0	0	0	1	0	0	0	0	0	0	0	0	0	1	0	0	0	0	7	0	0	0	0	0	0	0	0	0	0	1	0	0	7	0	0	1	0	0	0	0	0	0	0	0	0	0	0	0	0	0	1	1	0	5
C5412	0	0	0	2	3	0	0	4	0	2	2	0	5	0	3	0	0	4	1	9	2	1	1	2	2	4	0	6	0	0	0	3	4	1	1	0	2	3	2	8	0	0	0	3	0	3	4	1	1	2	0	0	0	7	3	8	0	7	3	1	3	6	7	17	3	0	3	0	1	4	0	1	0	0	2	12	0	0
C5413	0	0	0	0	0	0	0	0	0	0	0	0	0	0	0	0	0	0	0	0	0	0	0	0	0	0	0	0	0	0	0	0	0	0	0	0	0	0	0	0	34	0	0	0	0	0	0	0	0	0	0	0	0	0	0	0	0	0	0	0	0	0	0	0	0	0	0	0	0	0	0	0	0	0	0	0	0	0
C5414	0	2	5	0	0	0	0	0	0	0	0	0	0	0	0	6	0	0	0	0	0	0	0	0	0	0	0	0	0	0	0	0	0	0	0	0	0	0	0	0	9	0	0	0	0	0	0	0	0	0	0	3	0	0	0	0	0	0	0	0	0	0	0	0	0	0	0	0	0	0	0	0	0	0	0	0	0	0
C5415	26	32	51	0	0	0	1	0	6	0	0	0	0	2	0	219	0	0	0	0	0	0	1	0	0	0	0	0	0	0	3	0	0	0	0	0	2	0	0	0	60	8	0	0	0	0	0	0	0	0	0	13	0	0	0	0	0	0	3	3	0	0	0	0	0	21	0	0	0	0	0	0	0	4	0	0	0	0
C5416	0	0	0	0	0	0	0	0	0	0	0	0	0	0	0	0	3	0	1	0	0	0	0	1	0	0	0	0	0	0	0	0	0	0	0	0	0	0	0	0	0	5	0	0	0	0	0	0	0	0	0	0	0	0	0	0	0	0	0	0	0	0	0	0	0	0	0	0	0	0	1	0	0	0	0	0	0	0
C5417	1	1	3	0	0	0	0	0	0	0	0	0	0	1	0	0	0	0	0	0	0	0	0	0	0	0	0	0	0	0	0	0	0	0	0	0	0	0	0	0	4	0	0	0	0	0	0	0	0	0	0	0	0	0	0	0	0	0	0	0	0	0	0	0	0	3	0	0	0	0	0	0	0	0	0	0	0	0
C5418	0	0	0	0	0	0	0	0	0	0	0	0	0	0	0	0	0	0	0	0	0	0	0	0	0	0	0	0	0	0	0	0	0	0	0	0	0	0	0	0	0	12	0	0	0	0	0	0	0	0	0	0	0	0	0	0	0	0	0	0	0	0	0	0	0	0	0	0	0	0	0	0	0	0	0	0	0	0
C5421	0	0	0	0	1	0	3	0	0	0	0	0	0	0	0	0	0	1	2	0	0	0	0	0	0	1	0	0	0	2	7	0	3	0	0	0	11	0	1	0	0	453	0	0	0	0	0	1	0	0	0	0	3	0	0	0	0	0	3	2	6	0	0	0	0	0	0	0	0	0	4	0	3	0	0	0	0	3
C5423	0	0	0	3	0	0	0	0	0	0	1	0	0	0	0	0	0	2	0	0	1	0	0	0	0	1	0	0	0	0	0	1	6	4	0	0	7	0	0	0	0	0	0	2	0	0	2	0	0	0	0	0	0	0	0	0	0	1	0	0	2	0	0	0	1	0	0	0	0	0	0	0	0	0	1	32	0	0
C5425	0	0	0	1	0	0	0	0	0	1	0	0	0	0	0	0	1	0	0	0	0	0	1	1	0	1	0	0	0	0	0	0	0	0	0	0	0	1	0	0	0	4	0	1	0	1	2	0	1	1	0	0	0	0	0	0	0	0	0	0	0	0	0	0	0	0	2	0	0	0	0	0	0	0	0	0	1	1
C5426	0	0	0	0	0	0	0	4	0	0	18	0	0	0	3	0	0	0	0	0	0	0	0	0	3	2	0	45	0	0	0	16	0	0	8	0	0	1	0	1	0	0	0	0	0	0	2	0	1	0	0	0	0	14	1	16	0	0	0	2	5	10	0	37	0	0	0	0	8	0	0	1	0	0	0	0	0	0
C5428	0	0	0	0	0	0	0	0	0	1	0	0	10	0	6	0	1	3	0	2	4	1	0	0	0	0	0	10	0	0	0	0	3	0	1	0	8	1	1	8	0	0	0	2	1	7	0	0	0	2	2	1	0	6	3	0	0	4	1	0	5	2	3	0	0	0	3	0	1	17	0	0	0	0	2	1	0	0
C5429	0	0	0	0	0	0	0	14	0	0	0	0	0	0	0	0	0	0	0	0	0	0	1	0	0	0	0	0	0	0	0	3	0	0	5	0	1	5	0	0	0	0	0	0	0	0	0	0	0	0	0	0	0	0	2	4	0	0	2	4	0	6	0	0	1	0	0	0	0	0	0	0	0	0	0	0	0	0
C5431	0	0	0	0	0	0	0	0	0	0	0	0	0	0	2	0	0	0	0	0	0	0	0	0	0	0	0	0	0	0	0	0	0	0	0	0	0	0	0	0	0	12	0	0	0	0	0	0	0	0	9	0	0	0	0	0	0	0	0	0	0	1	0	0	0	0	0	0	0	0	0	0	0	0	0	0	0	0
C5432	0	0	0	0	3	0	0	0	0	0	1	0	1	0	1	0	0	4	0	1	2	2	3	3	8	0	3	3	0	0	0	3	0	0	1	0	1	4	0	28	0	0	1	0	2	0	2	1	22	0	0	0	0	1	0	1	0	3	0	4	3	4	3	0	5	0	0	0	1	5	0	1	0	2	2	1	0	1
C5443	0	0	0	0	0	0	0	0	0	0	1	0	1	0	1	0	0	0	0	0	1	4	0	0	0	3	0	1	0	0	0	1	1	1	0	0	1	1	1	0	0	0	0	3	0	0	0	0	2	0	0	0	0	0	0	0	0	0	1	1	0	2	0	0	0	0	3	0	0	0	0	0	0	0	1	0	0	0
C5445	0	0	3	0	0	0	0	0	0	0	0	0	0	0	0	1	0	0	0	0	0	0	0	0	0	0	0	0	0	0	0	0	0	0	0	0	0	0	0	0	3	0	0	0	0	0	0	0	0	0	0	2	0	0	0	0	0	0	0	0	0	0	0	0	0	4	0	0	0	0	0	0	0	0	0	0	0	0
C5447	0	0	0	0	0	0	0	0	0	0	0	0	0	0	0	0	3	0	1	0	0	0	0	0	0	0	0	0	0	0	0	0	0	0	0	0	0	0	0	0	0	6	0	0	0	0	0	0	0	0	2	0	0	0	0	0	0	0	0	0	0	0	0	0	0	0	0	0	0	0	1	0	0	0	0	0	0	0
C5450	0	0	0	0	0	0	0	0	0	0	0	0	1	0	0	0	0	0	0	0	0	1	0	0	0	0	0	1	0	0	0	0	0	0	0	0	1	0	0	3	0	0	0	1	0	0	0	0	0	0	0	0	0	0	1	0	0	2	0	0	1	1	1	3	0	0	0	0	1	4	0	0	0	0	0	0	0	0
C5451	0	0	0	2	51	0	5	4	0	2	2	0	12	0	12	0	0	4	1	5	0	0	0	0	3	1	3	8	0	2	4	0	17	1	1	0	14	1	12	9	0	0	0	4	1	6	2	4	14	0	5	0	0	6	1	3	1	3	8	2	4	6	13	15	2	1	2	0	1	6	0	2	0	0	5	7	4	0
C5453	0	0	0	0	1	0	0	0	0	0	0	0	3	0	1	0	0	0	0	0	1	0	0	1	1	0	2	2	0	0	0	0	1	0	1	0	3	0	4	0	0	2	0	4	0	0	2	0	1	3	1	0	0	1	0	0	0	2	0	1	0	1	2	10	1	0	0	0	1	4	0	0	0	0	0	5	0	0
C5456	0	0	0	0	2	1	4	0	0	0	0	0	0	0	0	0	0	0	0	0	0	0	0	0	0	0	0	0	1	18	7	0	0	0	0	0	2	0	0	0	0	0	0	0	1	0	0	0	0	0	0	0	0	0	0	0	0	0	0	0	1	0	0	0	0	0	0	0	0	0	0	0	0	0	0	0	2	0
C5458	0	0	0	0	0	0	0	0	0	0	0	0	0	0	0	0	0	0	0	0	0	0	0	0	0	0	0	0	0	0	0	0	0	0	0	0	0	0	0	0	2	0	0	0	0	0	0	0	0	0	0	6	0	0	0	0	0	0	0	0	0	0	0	0	0	0	0	0	0	0	0	2	0	33	0	0	0	0
C5459	1	0	1	0	1	0	0	0	0	0	1	0	0	0	0	1	0	1	0	1	2	0	0	0	1	2	0	1	0	0	0	1	0	0	0	0	11	0	4	0	0	0	0	2	0	1	0	0	0	4	0	0	0	0	0	0	0	2	0	0	0	1	1	0	4	0	1	0	0	0	0	0	0	0	0	0	0	0
C5460	0	0	13	0	0	0	0	0	0	0	0	0	0	1	0	6	0	1	0	0	0	0	1	0	0	0	0	0	0	0	0	0	0	0	0	0	0	0	0	1	15	0	0	0	0	0	0	0	0	0	0	7	0	0	0	0	0	0	0	0	0	0	0	0	0	6	0	0	0	0	0	0	0	1	0	0	0	0
C5467	0	0	0	0	0	0	0	0	0	0	0	0	0	0	0	0	0	0	0	0	0	0	0	0	0	0	0	0	0	0	0	0	0	0	0	0	0	0	0	0	0	33	0	0	0	0	0	0	0	0	0	0	0	0	0	0	0	0	0	0	0	0	0	0	0	0	0	0	0	0	0	0	0	0	0	0	0	1
C5468	0	0	0	0	0	0	0	0	0	0	0	0	0	1	0	0	0	0	0	0	0	0	0	0	0	0	0	0	0	0	0	0	0	0	0	0	0	0	0	0	51	0	0	0	0	0	0	0	0	0	0	0	0	0	0	0	0	0	0	0	0	0	0	0	0	4	0	0	0	0	0	0	0	0	0	0	0	0
C5469	0	0	0	0	0	0	0	36	0	0	0	0	7	0	0	0	0	0	0	0	0	0	0	0	0	0	0	0	0	0	0	19	0	0	30	0	0	2	0	0	0	0	0	1	0	0	0	0	0	0	0	0	0	0	0	16	0	0	2	0	0	19	0	0	0	0	0	0	0	0	0	0	0	0	0	1	0	0
C5470	0	0	0	0	0	0	2	0	0	0	1	0	1	0	0	0	0	0	0	0	1	0	0	0	0	1	0	0	0	0	1	0	1	2	0	0	2	1	0	1	0	0	0	1	0	5	0	1	2	0	0	0	0	0	0	0	0	0	0	1	1	0	0	0	0	0	4	0	0	0	0	0	0	0	0	0	0	0
C5471	2	0	3	0	0	0	0	0	0	0	0	0	0	0	0	0	0	0	0	0	0	0	0	0	0	0	0	0	0	0	0	0	0	0	0	0	0	0	0	0	4	0	0	0	0	0	0	0	0	0	0	0	0	0	0	0	0	0	0	0	0	0	0	0	0	4	0	0	0	0	0	0	0	0	0	0	0	0
C5472	0	0	0	0	0	0	0	0	0	0	2	0	0	0	5	0	0	0	0	0	0	0	3	0	0	1	0	0	0	0	0	4	0	0	3	0	2	1	0	2	0	0	0	0	0	0	2	2	0	0	1	0	0	1	1	1	0	4	1	10	1	9	3	0	0	0	0	0	0	0	0	0	0	0	0	2	0	0
C5474	0	0	0	2	8	0	4	0	0	0	1	1	4	0	2	0	1	10	0	8	1	1	2	1	2	1	0	1	0	1	0	0	5	0	0	0	12	9	0	6	0	2	0	3	4	10	4	0	18	7	1	0	1	6	2	0	0	5	4	6	4	1	12	2	1	0	4	0	2	7	1	0	1	0	2	5	0	0
C5478	0	0	0	1	0	0	0	0	0	0	0	0	0	0	0	0	2	0	0	0	0	0	0	0	1	1	0	1	0	0	0	0	0	0	1	0	1	0	3	0	0	4	0	0	0	1	0	0	0	0	0	0	0	0	0	0	1	0	0	1	0	0	0	0	0	0	0	0	0	1	0	0	0	0	0	0	0	0
C5480	0	0	0	0	0	0	0	0	0	0	0	0	0	0	0	0	0	0	1	0	0	0	0	1	0	0	0	0	0	0	0	0	0	0	0	0	0	5	0	0	0	1	0	0	1	0	0	0	0	0	2	0	0	0	0	0	0	0	1	0	0	0	0	0	0	0	1	0	0	0	0	0	0	0	0	1	0	0
C5481	0	0	0	0	2	0	2	0	0	0	0	0	0	0	0	0	0	0	0	0	1	0	0	0	0	0	3	0	0	0	0	0	0	0	0	0	0	1	0	15	0	1	0	0	0	0	0	0	1	0	0	0	0	0	0	0	0	0	0	2	0	0	0	0	0	0	0	0	0	0	0	0	0	0	0	0	0	0
C5482	0	0	0	2	3	0	1	1	0	1	2	0	2	0	3	0	0	1	4	0	3	1	0	5	1	0	1	2	0	0	0	1	0	2	1	0	1	1	1	1	0	0	2	3	0	2	1	0	3	1	0	0	0	1	1	0	2	0	0	2	2	0	0	2	1	0	2	0	0	0	0	3	0	0	1	1	0	0
C5483	0	0	0	8	0	0	1	1	0	0	0	0	1	0	0	0	0	3	0	0	0	0	3	2	1	11	11	1	0	0	0	1	0	0	5	0	1	3	0	2	0	0	0	1	0	1	1	2	5	1	0	0	0	1	0	0	0	3	2	0	1	1	0	0	1	0	0	0	7	8	0	0	0	0	1	0	0	0
C5484	2	4	4	0	0	0	0	0	1	0	0	0	0	1	0	4	0	0	0	0	0	0	0	0	0	0	0	0	0	0	0	0	0	0	0	0	0	0	0	0	4	0	0	0	0	0	0	0	0	0	0	2	0	0	0	0	0	0	0	0	0	0	0	0	0	1	0	0	0	0	0	0	0	0	0	0	0	0
C5485	0	0	0	7	4	0	3	1	0	4	0	0	3	0	1	0	0	0	0	1	3	3	1	0	2	4	2	1	0	0	0	5	8	3	1	0	2	3	4	1	0	0	0	4	3	1	1	2	2	5	0	0	0	1	1	2	0	4	1	5	0	0	0	6	1	0	5	1	4	0	0	7	0	0	3	3	0	0
C5486	0	0	0	1	0	0	1	0	0	0	2	0	0	0	0	0	0	0	0	0	1	0	0	0	0	0	0	0	0	0	0	0	0	0	0	0	0	0	0	20	0	0	0	0	0	0	2	0	0	0	0	0	0	0	0	0	0	0	0	0	4	0	0	0	3	0	0	0	0	0	0	0	0	0	0	0	0	0
C5492	2	0	16	0	0	8	0	0	2	0	0	9	0	43	0	3	24	0	1	0	0	0	0	1	0	0	0	0	160	0	0	0	0	0	0	0	0	0	0	0	0	42	88	0	0	0	0	0	0	0	7	0	0	0	0	0	0	0	0	0	0	0	0	0	0	1	0	0	0	0	123	0	0	8	0	0	0	1
C5494	0	0	0	4	3	0	2	0	0	0	2	0	4	0	5	0	0	2	0	1	3	2	0	0	3	0	0	2	0	0	0	2	9	0	0	0	32	1	16	26	0	0	0	1	2	0	1	2	5	0	0	0	0	3	1	0	0	0	1	0	2	2	1	4	6	0	2	0	0	6	0	0	0	0	0	3	1	0
C5497	0	0	0	2	9	1	3	0	0	3	3	2	0	0	3	0	1	4	0	4	2	0	6	0	0	3	1	0	0	8	2	0	6	0	0	0	9	9	3	11	1	0	0	2	0	1	3	0	18	0	3	1	3	4	0	0	0	0	1	2	2	1	5	0	0	1	1	0	0	3	0	0	0	0	2	1	0	0
C5499	0	0	0	0	0	0	0	2	0	0	0	0	0	0	1	0	0	1	0	0	0	1	1	0	0	0	2	1	0	0	0	0	1	0	0	0	2	2	1	0	0	0	0	0	0	0	1	0	0	0	0	0	0	1	0	0	0	0	0	0	0	0	0	0	3	0	0	2	2	0	0	1	0	0	0	0	0	0
C5501	0	0	0	0	0	0	0	0	0	0	0	1	0	0	0	0	14	0	3	0	0	0	0	1	0	0	0	0	0	0	0	0	0	0	0	0	0	0	0	0	0	12	0	0	0	0	0	0	0	0	2	0	0	0	0	0	0	0	0	0	0	0	0	0	0	0	0	0	0	0	4	0	0	0	0	0	0	2
C5503	0	0	0	0	0	0	2	0	0	0	0	0	0	0	0	0	0	2	0	0	0	1	0	0	0	0	0	0	0	0	1	0	1	0	0	0	0	0	0	0	0	4	0	0	0	0	0	0	0	0	0	0	0	0	0	0	0	0	2	3	1	0	0	0	0	0	0	0	0	0	0	0	0	0	0	0	0	0
C5507	0	0	0	0	0	0	0	0	0	0	1	0	0	0	0	0	1	1	0	0	0	0	2	0	0	0	1	0	4	0	0	0	0	0	0	0	0	0	0	0	1	0	0	0	0	0	0	0	0	0	0	0	0	0	0	1	0	0	0	0	0	0	0	0	1	2	0	1	0	0	0	0	0	0	0	0	0	0
C5510	0	0	0	0	0	0	1	0	0	0	1	0	0	0	0	0	0	0	0	0	0	0	0	0	0	0	0	1	0	0	0	0	1	0	0	0	2	0	3	0	0	0	0	0	0	0	1	0	0	1	0	0	0	0	0	0	0	1	0	0	0	0	0	0	2	0	0	0	0	0	0	0	0	0	0	0	0	0
C5512	0	0	0	1	0	0	0	0	0	0	0	0	0	0	0	0	0	2	0	0	0	0	0	1	0	0	0	0	0	0	0	1	1	0	0	0	0	2	2	0	0	0	0	0	0	0	1	0	0	0	0	0	0	0	0	0	1	1	0	1	0	0	0	0	0	0	0	0	1	0	0	0	0	0	0	0	0	1
C5514	0	0	0	0	0	0	0	0	0	0	0	0	0	0	0	0	0	2	2	0	0	0	0	0	0	0	0	0	0	0	2	0	1	0	0	0	1	0	0	1	0	2	0	0	0	0	1	0	1	0	1	0	1	1	0	0	0	0	0	0	0	0	1	1	0	0	0	0	1	0	0	0	0	0	0	1	1	0
C5515	0	0	0	2	1	0	0	0	0	0	0	0	1	0	0	0	0	0	1	0	0	1	0	1	1	0	2	1	0	0	0	0	0	0	3	0	0	0	0	0	0	0	0	0	0	0	0	0	0	0	0	0	0	0	0	0	0	0	1	1	1	2	0	1	0	0	0	0	1	1	0	2	0	0	4	0	0	0
C5517	0	0	0	3	1	0	0	0	0	0	0	0	0	0	0	0	0	1	0	0	2	0	0	0	0	1	0	0	0	0	0	0	0	2	0	0	3	1	1	0	0	1	0	0	1	1	0	2	3	2	0	0	0	2	0	1	0	0	0	3	0	1	0	0	1	0	3	0	0	0	0	0	0	0	1	0	0	1
C5518	0	0	0	0	0	2	0	0	0	0	0	1	0	0	0	0	3	0	0	0	0	0	0	0	0	0	0	0	0	0	1	0	0	0	0	0	0	1	0	0	0	4	0	0	0	0	0	0	1	0	0	0	0	0	0	0	0	0	0	0	0	0	0	0	0	0	0	0	0	0	0	0	0	0	0	0	0	0
C5520	0	0	0	0	0	0	1	0	0	0	0	0	0	0	0	0	0	2	0	2	1	0	0	0	0	0	0	0	0	0	0	1	1	1	0	0	2	2	1	0	0	0	0	2	0	0	0	0	0	0	0	0	0	1	0	0	0	0	0	0	0	0	0	0	0	0	0	0	0	0	0	0	0	0	0	0	0	0
C5522	0	0	0	0	2	0	3	0	0	0	1	0	4	0	1	0	0	2	0	1	8	3	3	0	2	3	0	11	0	0	0	2	0	1	0	0	0	0	0	28	0	0	0	5	1	2	0	0	0	0	0	0	0	2	2	0	0	5	0	3	1	5	0	1	0	0	11	0	1	1	0	0	0	0	6	3	0	0
C5524	0	0	0	0	0	2	2	0	0	1	4	0	0	0	1	0	2	3	0	0	6	0	0	0	1	1	0	0	0	2	5	0	2	0	0	0	0	7	1	0	0	6	0	3	0	7	0	2	9	1	3	0	1	1	0	0	0	0	0	0	0	2	0	0	0	0	4	0	1	2	0	0	0	0	0	1	0	1
C5525	0	0	0	0	0	0	0	2	0	0	0	0	2	0	0	0	0	0	0	0	0	0	1	0	0	0	0	0	0	0	0	1	0	1	7	0	0	7	0	0	0	0	0	0	0	0	0	0	0	0	0	0	0	0	1	1	0	0	1	10	0	6	0	0	0	0	0	0	0	0	0	0	0	0	0	1	0	0
C5532	0	0	6	0	0	0	0	0	0	9	0	0	0	0	0	0	0	0	0	0	0	0	0	0	0	0	0	0	0	0	0	0	0	0	0	0	0	0	0	0	0	2	0	0	0	0	0	0	0	0	0	0	0	0	0	0	0	0	1	0	0	0	0	0	2	1	0	0	0	0	1	0	0	0	0	2	0	0
C5534	0	0	0	0	1	0	0	1	0	1	0	0	0	0	0	0	0	0	0	0	1	0	0	0	0	0	0	0	0	0	0	0	0	0	0	0	0	0	0	0	0	2	0	0	0	1	0	0	0	0	0	0	0	0	1	1	0	0	0	0	2	0	0	0	1	0	0	0	1	0	0	0	0	0	0	0	0	0
C5537	0	0	0	1	0	0	2	1	0	1	1	0	1	0	1	0	0	1	0	1	0	1	0	0	0	3	2	2	0	0	0	0	0	1	2	0	6	1	1	0	0	0	0	0	1	3	0	1	2	2	0	0	0	0	1	3	0	1	1	2	3	0	0	0	0	0	3	2	1	0	0	3	0	0	2	3	0	0
C5540	0	0	0	0	0	0	0	0	0	0	0	0	0	0	0	0	0	0	2	1	0	0	0	0	0	0	0	0	0	0	0	0	0	0	0	0	0	0	0	0	0	0	4	0	0	2	0	0	0	0	0	0	0	0	0	0	2	0	0	0	0	0	0	0	0	0	1	0	0	0	0	0	0	0	0	0	0	0
C5541	0	0	0	0	0	0	0	0	0	0	0	0	0	0	0	0	0	0	0	0	0	0	0	7	0	0	0	0	0	0	0	0	0	0	0	0	0	0	0	0	0	13	0	0	0	0	0	0	0	0	1	0	0	0	0	0	0	0	0	0	0	0	0	0	0	0	0	0	0	0	0	0	0	0	0	0	1	0
C5542	0	0	0	0	0	0	0	0	0	0	0	0	0	0	0	0	2	0	1	0	0	0	0	3	0	0	0	0	0	0	0	0	0	0	0	0	0	0	0	0	0	6	0	0	0	1	0	0	0	0	0	0	0	0	0	0	0	0	0	0	0	0	0	0	0	0	0	0	0	0	0	0	0	0	0	0	2	0
C5543	0	0	0	2	0	0	1	2	1	0	0	0	0	0	0	0	0	0	0	0	0	1	11	0	0	0	0	0	1	0	1	0	0	0	1	0	0	5	0	2	0	1	0	0	1	0	0	0	0	0	0	0	0	0	3	2	0	0	3	19	2	0	0	0	0	5	0	0	0	0	0	0	0	0	0	1	0	0
C5544	1	0	1	0	0	0	0	0	0	0	0	0	0	1	0	3	0	0	0	0	0	0	0	0	0	0	0	0	0	0	0	0	0	0	0	0	0	0	0	0	8	0	0	0	0	0	0	0	0	0	0	5	0	0	0	0	0	0	0	0	0	0	0	0	0	0	0	0	0	0	0	0	0	0	0	0	0	0
C5545	0	0	0	0	0	0	0	0	0	0	0	0	0	1	0	0	0	0	0	0	0	0	0	0	0	0	0	0	0	0	0	0	0	0	0	0	0	2	0	0	6	0	0	0	0	0	0	0	0	0	0	0	0	0	0	0	0	0	2	0	0	0	0	0	0	5	0	0	0	0	0	0	0	0	0	0	0	0
C5546	0	0	0	1	2	0	0	0	0	0	0	0	0	0	0	0	0	0	1	0	2	0	0	0	2	0	0	0	0	0	0	0	1	1	0	0	0	1	2	1	0	0	0	0	0	0	0	1	2	0	0	0	0	0	0	0	0	0	0	0	0	0	0	0	0	0	0	0	0	0	0	1	0	0	2	0	0	0
C5548	0	0	0	1	0	0	1	0	0	0	0	0	1	0	1	0	0	3	0	0	1	1	0	1	0	1	1	0	0	0	0	0	0	1	2	0	0	1	0	2	0	0	0	0	0	1	0	1	0	1	0	0	1	5	0	2	1	2	2	2	2	1	0	0	0	0	1	0	0	0	0	0	0	0	0	1	0	0
C5550	0	0	0	0	0	0	0	0	0	0	1	0	0	0	0	0	0	0	0	0	1	0	0	0	1	0	0	0	0	0	0	0	0	1	0	0	0	1	3	0	0	0	0	1	0	0	0	1	0	0	0	0	0	0	0	1	0	0	0	0	0	0	0	0	0	0	0	0	0	0	0	1	0	0	0	0	0	0
C5553	3	1	11	0	0	0	0	0	0	0	0	0	0	1	0	8	0	0	0	0	0	0	0	0	0	0	0	0	0	0	0	0	0	0	0	0	0	0	0	0	23	0	0	0	0	0	0	0	0	0	0	3	0	0	0	0	0	0	0	0	0	0	0	0	0	14	0	0	0	0	0	0	0	0	0	0	0	0
C5554	0	0	0	0	0	0	0	0	0	1	0	1	0	0	0	0	0	0	0	0	0	0	0	0	0	2	0	0	0	0	1	1	0	0	0	0	0	0	0	2	0	3	1	1	0	0	0	0	2	0	0	0	0	1	0	0	0	0	1	0	1	0	7	0	0	0	0	1	0	0	0	0	0	0	0	0	0	0
C5557	0	0	0	0	0	0	0	0	0	0	0	0	0	0	0	0	0	0	0	0	0	0	0	0	0	0	0	3	0	0	0	4	0	0	3	0	0	0	0	0	0	0	0	0	0	0	0	0	1	0	0	0	0	0	0	3	0	0	0	0	0	3	0	0	0	0	0	0	0	0	0	0	0	0	0	1	0	0
C5558	0	0	0	0	0	1	2	0	0	1	0	0	0	0	0	0	0	0	0	0	0	0	0	0	1	1	0	0	0	0	0	0	0	0	0	0	1	0	0	1	0	1	0	0	0	2	1	0	2	1	0	0	0	0	0	0	0	0	0	0	0	0	0	0	0	0	0	0	0	0	0	0	0	0	0	0	1	0
C5559	0	0	0	1	12	0	6	1	0	0	5	0	2	0	4	0	0	7	0	5	5	3	7	0	1	15	0	5	0	0	0	0	5	2	0	0	7	2	2	7	0	0	0	3	0	3	3	0	2	12	0	0	0	8	0	0	0	11	2	15	1	9	6	0	1	0	10	0	1	0	0	0	0	0	6	0	0	0
C5562	0	4	2	0	0	0	0	0	0	0	0	0	0	0	0	0	0	0	0	0	0	0	0	0	0	0	0	0	0	0	0	0	0	0	0	0	0	0	0	0	11	0	0	0	0	0	0	0	0	0	0	0	0	0	0	0	0	0	0	0	0	0	0	0	0	19	0	0	0	0	0	0	0	0	0	0	0	0
C5563	0	0	0	0	1	0	1	0	0	0	0	0	0	0	1	0	0	0	0	1	0	1	0	0	1	1	0	1	0	0	0	0	1	0	1	0	0	0	1	0	0	0	0	1	1	1	0	0	0	0	0	0	0	0	0	0	0	0	0	0	2	0	0	3	0	0	0	0	0	0	0	0	0	0	1	2	0	0
C5564	0	0	0	0	7	0	5	0	0	0	0	0	0	0	0	4	0	0	0	0	0	0	0	0	0	0	0	0	0	14	6	1	0	0	0	6	0	0	0	5	0	1	0	0	0	0	1	0	1	0	1	0	0	0	0	0	0	0	1	0	0	0	1	0	0	0	0	0	0	0	2	0	0	2	0	0	2	0
C5567	0	0	0	0	2	0	2	0	0	0	1	0	0	0	0	0	0	1	0	0	0	0	0	0	0	0	0	1	0	0	0	0	0	0	0	0	0	0	1	1	0	0	0	0	0	1	0	0	1	0	0	0	0	0	1	5	0	0	1	0	0	0	2	0	0	0	1	0	0	0	0	0	0	0	0	0	0	0
C5572	12	1	9	0	1	0	0	0	0	1	1	0	0	2	2	1	0	1	0	2	2	1	0	0	0	0	0	1	0	0	0	0	0	0	0	0	0	1	0	0	14	0	0	4	1	3	0	0	0	0	0	0	0	3	0	0	0	1	0	0	2	0	6	0	1	5	3	0	0	0	0	0	0	0	1	0	0	0
C5573	0	0	0	1	4	0	1	0	0	2	1	2	0	0	2	0	3	1	9	1	2	0	0	15	0	1	1	1	0	0	0	0	1	0	2	0	0	1	0	0	0	0	6	1	0	2	0	0	4	2	0	0	0	1	0	0	3	3	0	1	1	1	2	0	0	0	2	1	2	0	0	0	0	0	3	0	0	5
C5574	0	0	0	4	0	0	0	0	0	0	0	0	0	0	0	0	0	3	1	1	0	0	0	0	1	8	10	0	0	0	0	1	0	0	4	0	0	1	0	0	0	0	0	0	0	0	0	0	2	0	0	0	0	0	0	0	0	0	0	0	4	0	0	0	0	0	0	0	1	2	0	1	0	0	0	0	0	0
C5579	0	0	0	0	0	1	0	0	0	0	0	1	0	0	0	0	0	0	0	0	1	0	0	0	0	0	0	0	0	0	1	0	0	0	0	1	0	1	0	0	0	1	0	0	0	0	0	0	3	0	6	0	0	0	0	0	0	0	0	0	0	0	1	0	0	0	0	0	0	0	1	0	0	0	0	0	0	0
C5582	0	0	0	0	0	0	0	0	0	0	0	0	0	0	0	0	12	0	4	0	0	0	0	0	0	0	0	0	0	0	0	0	2	1	0	0	0	0	0	0	0	20	0	1	0	0	0	0	0	0	1	0	1	0	0	0	0	0	0	0	0	0	0	0	2	0	0	0	0	0	10	0	0	0	0	3	0	2
C5587	0	0	0	1	0	0	0	1	0	1	0	0	1	0	1	0	0	0	4	0	3	1	0	3	0	1	1	0	0	0	0	2	0	0	0	0	2	0	1	0	0	0	1	1	0	0	0	1	0	1	0	0	1	0	0	2	2	1	1	1	1	0	0	0	0	0	0	1	2	0	0	1	0	0	1	2	0	0
C5588	0	0	0	0	4	2	32	0	0	0	0	1	0	0	0	0	0	0	0	0	0	0	0	0	0	0	0	0	0	0	0	0	0	0	2	0	0	0	0	3	0	1	0	0	0	0	1	0	0	0	0	0	0	0	0	21	0	0	0	2	5	0	0	0	1	0	0	24	1	0	3	0	0	0	0	5	0	0
C5590	0	0	0	1	2	0	1	0	0	1	3	0	5	0	3	0	0	2	0	4	1	2	0	0	1	0	0	10	0	0	0	2	1	0	0	0	5	0	1	9	0	0	0	4	1	4	1	1	0	0	0	0	0	2	3	2	0	2	2	1	2	3	5	20	0	0	4	0	2	10	0	0	0	0	2	5	0	0
C5591	0	0	0	0	0	0	0	0	0	0	0	0	0	5	0	0	0	0	0	0	0	0	0	0	0	0	0	0	0	0	0	0	0	0	0	0	0	0	0	0	6	0	0	0	0	0	0	0	4	0	0	0	0	0	0	0	0	0	0	0	0	0	0	0	0	0	0	0	0	0	0	0	0	0	0	0	0	0
C5592	0	0	0	0	0	0	0	0	0	0	0	1	0	0	0	0	0	0	5	0	0	0	0	5	0	0	0	0	0	0	0	0	0	0	0	0	0	0	1	0	0	0	1	0	0	0	0	0	0	0	0	0	0	0	0	0	2	1	0	0	0	0	0	0	0	0	0	0	0	0	0	0	0	0	0	0	0	1
C5594	0	0	0	1	0	0	0	0	0	0	0	0	0	0	0	0	0	0	0	0	0	1	0	0	0	0	0	0	0	0	0	0	0	1	0	0	0	3	2	0	0	0	0	0	0	0	1	0	0	1	0	0	0	0	0	0	0	0	0	1	0	0	0	0	0	0	0	0	0	0	0	0	0	0	0	0	0	0
C5599	0	0	0	0	2	0	0	0	0	0	2	0	0	0	1	0	0	0	0	0	1	0	0	0	0	0	0	0	0	0	0	0	2	0	0	0	3	0	1	1	0	0	0	1	0	0	0	0	0	0	0	0	0	1	1	0	1	2	0	1	0	3	2	0	0	0	1	0	0	0	0	0	0	0	0	0	0	0
C5601	0	0	0	0	0	0	0	0	0	0	0	0	0	0	0	0	0	0	0	0	0	0	0	2	0	0	0	0	0	0	0	0	0	0	0	0	0	0	0	0	0	5	0	0	0	0	0	0	0	0	1	0	0	0	0	0	0	0	0	0	0	0	1	0	0	0	0	0	0	0	0	0	0	0	0	0	2	2
C5602	0	0	0	10	10	0	6	0	0	2	2	0	2	0	6	0	1	13	0	5	7	1	2	1	0	3	1	0	0	1	97	1	7	0	0	0	44	3	4	0	0	1	0	3	2	4	34	9	9	5	2	0	0	2	2	0	0	0	1	0	9	0	2	0	5	0	12	0	0	13	0	0	0	0	0	0	2	0
C5605	0	0	0	0	0	0	1	0	0	0	0	0	0	0	0	0	0	0	1	0	1	0	0	0	0	1	0	0	0	2	3	0	0	0	0	0	1	1	0	0	0	9	0	0	0	0	0	0	0	0	0	0	0	1	0	0	0	0	0	0	0	0	0	0	10	0	0	0	0	0	0	0	0	0	0	0	1	0
C5609	0	0	0	0	1	0	2	0	0	0	2	0	2	0	0	0	0	1	0	1	0	2	0	0	0	2	0	0	0	0	0	0	0	0	0	0	1	0	0	0	0	0	0	2	0	0	0	0	0	1	0	0	0	0	0	0	0	0	0	1	0	0	0	0	1	0	1	0	1	1	0	0	0	0	0	0	0	0
C5611	0	0	0	0	0	0	0	1	0	1	0	0	0	0	0	0	0	0	0	0	0	0	0	0	0	0	0	0	0	0	0	0	0	0	0	0	0	4	1	0	0	0	1	1	0	1	1	0	1	0	0	0	0	0	0	4	0	1	1	0	0	0	1	0	0	0	0	1	0	0	2	0	0	0	0	1	0	0
C5614	0	0	0	1	0	0	1	4	0	0	1	0	0	0	0	0	0	0	0	0	0	0	0	0	0	0	0	0	0	0	0	1	0	0	7	0	0	1	1	0	0	0	2	2	0	0	0	0	0	0	0	0	0	0	2	1	0	0	1	4	0	1	0	0	1	0	0	2	0	0	0	0	0	0	0	2	0	0
C5621	0	0	0	0	1	0	1	0	0	0	1	0	0	0	1	0	1	3	0	0	1	0	0	0	0	1	0	0	0	0	0	0	0	0	0	0	2	3	1	0	0	1	0	5	0	3	2	0	1	3	0	0	0	2	1	0	0	0	0	2	1	1	1	0	0	0	4	0	0	1	0	0	0	0	1	0	0	0
C5622	1	0	3	0	0	0	0	0	0	0	0	0	0	0	0	2	0	0	0	0	0	0	0	0	0	0	0	0	0	0	0	0	0	0	0	0	0	0	0	0	9	0	0	0	0	0	0	0	0	0	0	0	0	0	0	0	0	0	0	0	0	0	0	0	0	5	0	0	0	0	0	0	0	0	0	0	0	0
C5624	0	0	0	0	1	0	0	0	0	0	0	0	1	0	0	0	0	0	0	0	0	0	0	0	1	0	0	0	0	0	0	0	1	0	0	0	1	1	0	1	0	0	0	1	1	0	0	0	0	0	0	0	0	1	0	0	0	0	0	0	0	1	0	1	0	0	1	0	0	0	0	0	0	0	0	0	0	0
C5625	0	0	0	2	8	0	0	4	0	1	1	0	1	0	4	0	0	4	0	2	4	0	0	0	2	2	1	3	0	0	0	4	1	0	0	0	1	1	2	3	0	0	0	3	2	1	2	0	1	2	0	0	0	3	0	11	0	0	5	0	3	1	4	6	0	0	2	0	0	1	0	1	0	0	1	5	0	0
C5628	0	0	0	0	0	0	0	0	0	0	0	0	0	0	0	0	0	0	0	0	0	2	0	0	0	1	0	1	0	0	0	1	1	1	0	0	0	0	1	2	0	0	0	0	3	0	0	0	0	0	0	0	0	0	1	0	0	0	1	0	0	0	1	0	0	0	0	0	0	0	0	2	0	0	0	0	0	0
C5629	0	0	0	0	1	0	0	0	0	0	0	0	0	0	0	0	0	0	0	0	1	0	0	0	0	0	0	0	0	0	0	0	1	0	0	0	0	0	3	0	0	0	0	0	0	0	0	0	0	0	0	0	0	0	0	0	0	0	0	0	0	0	0	0	1	0	0	0	1	0	0	2	0	0	0	1	0	0
C5630	0	0	0	1	11	0	0	0	0	0	2	0	0	0	2	0	0	0	0	2	0	1	0	0	0	2	0	1	0	0	0	3	3	1	0	0	10	3	4	4	0	0	0	2	0	1	0	0	1	1	1	0	0	1	0	0	0	1	3	1	0	3	2	1	0	0	0	0	3	6	0	0	0	0	0	3	0	0
C5632	0	0	0	0	0	0	0	0	0	0	0	0	1	0	0	0	0	0	0	0	0	0	0	0	1	0	0	0	0	0	0	0	1	1	0	0	3	0	3	1	0	0	0	0	0	0	0	0	0	0	0	0	0	0	0	0	0	1	0	0	0	0	0	1	0	0	1	0	0	2	0	0	0	0	0	0	0	0
C5633	0	0	0	0	3	0	0	0	0	0	0	0	2	0	0	0	1	1	0	0	9	1	0	0	0	11	0	3	0	0	0	0	0	0	0	0	1	0	0	1	0	0	0	0	0	0	0	0	0	1	0	0	0	1	1	0	0	1	0	4	0	0	1	0	0	0	0	0	0	0	0	0	0	0	0	0	0	7
C5635	0	0	0	0	1	0	0	1	0	0	1	0	1	0	0	0	0	0	0	0	2	1	1	0	0	0	0	0	0	0	0	0	1	1	0	0	3	0	2	1	0	0	0	3	0	0	0	0	0	1	0	0	0	0	1	0	0	0	0	4	0	2	0	0	1	0	1	0	0	0	0	0	0	0	0	0	0	0
C5636	0	0	0	1	0	0	0	0	0	0	0	0	1	0	1	0	0	0	0	1	0	0	0	0	0	0	0	0	0	0	0	0	3	0	0	0	8	0	3	3	0	0	0	0	0	0	0	1	0	0	0	0	0	0	0	0	0	1	0	0	0	0	0	0	0	0	0	0	0	1	0	0	0	0	0	0	0	0
C5637	0	0	0	0	0	0	0	0	3	0	0	0	0	0	0	0	0	0	0	0	0	0	0	0	0	0	0	0	0	0	0	0	0	0	0	0	0	0	0	0	2	0	0	0	0	0	0	0	0	0	0	0	0	0	0	0	0	0	0	2	0	0	0	0	0	0	0	0	0	0	0	0	0	13	0	0	0	0
C5639	0	0	0	0	0	0	0	0	0	0	1	0	4	0	2	0	0	2	0	1	0	0	0	0	0	1	0	3	0	0	0	1	1	0	0	0	5	0	0	0	0	0	0	2	0	1	0	1	1	0	0	0	0	0	0	0	0	0	0	0	3	4	1	2	1	0	0	0	0	8	0	0	0	0	1	0	0	0
C5646	0	0	0	1	7	0	1	2	0	1	1	0	3	0	1	0	0	1	0	2	0	0	1	0	2	0	0	2	0	0	0	3	4	0	0	0	0	0	1	3	0	0	0	2	1	1	1	1	4	0	0	0	0	3	0	4	0	1	6	3	2	1	1	2	0	0	4	0	0	1	0	0	0	0	0	0	0	0
C5647	0	0	0	0	0	1	1	0	0	0	0	0	0	0	0	0	0	0	0	0	0	0	0	0	0	0	1	0	2	9	4	0	0	0	0	11	0	0	0	0	0	2	0	0	1	0	0	0	1	0	5	0	0	0	0	0	0	0	0	0	0	0	0	0	0	0	0	0	0	0	1	0	0	0	0	0	2	0
C5649	0	0	0	2	1	0	0	0	0	0	0	0	1	0	0	0	0	0	0	0	0	0	0	0	1	1	0	0	0	0	0	0	0	1	0	0	1	0	0	0	0	0	0	1	0	0	0	0	0	1	0	0	0	1	0	0	0	0	1	0	1	0	0	0	0	0	0	0	0	0	0	0	0	0	0	0	0	0
C5651	0	0	0	0	1	0	1	0	0	0	1	0	0	0	0	0	0	7	0	0	2	0	2	1	1	2	0	0	0	0	3	1	1	1	0	0	3	8	0	1	0	1	0	1	0	10	1	1	3	4	1	0	0	1	1	3	0	0	1	0	4	0	1	3	0	0	3	0	1	2	0	0	0	0	0	0	0	0
C5652	0	0	0	1	1	0	0	0	0	0	1	0	4	0	1	0	0	0	0	0	1	1	0	0	0	0	0	3	0	0	0	0	0	1	0	0	8	0	0	2	0	1	0	0	0	1	2	0	0	0	0	0	0	0	1	0	0	1	0	0	1	0	2	4	0	0	1	0	0	3	0	0	0	0	0	0	1	0
C5654	0	0	1	0	0	0	2	0	0	0	0	0	0	0	0	4	0	0	0	0	0	0	0	0	0	0	0	0	0	0	0	0	0	0	0	0	0	0	0	0	5	0	0	0	0	0	2	0	0	0	0	1	0	0	0	0	0	0	0	0	0	0	0	0	0	0	0	0	0	0	0	0	0	0	0	0	0	0
C5655	0	0	0	0	0	0	0	0	0	0	0	0	1	0	0	0	1	0	0	0	0	0	0	0	0	0	0	0	5	0	0	0	0	0	3	0	0	0	0	0	0	0	0	0	0	0	0	0	0	0	0	0	0	0	0	0	0	0	0	0	0	0	0	0	0	0	0	0	0	0	0	0	0	0	0	1	0	0
C5662	0	0	0	3	1	0	0	0	0	0	0	0	1	0	0	0	0	0	0	1	0	0	0	0	0	0	0	1	0	0	1	1	1	0	0	0	12	0	4	10	0	0	0	0	0	1	0	1	1	0	0	0	0	1	0	0	0	0	0	0	2	2	1	1	1	0	2	0	0	1	0	0	0	0	1	1	2	0
C5664	0	0	0	0	0	0	0	0	0	0	0	0	0	0	0	0	0	1	0	0	1	0	0	0	0	0	0	3	0	0	0	0	0	0	1	0	1	1	0	0	0	0	0	1	0	0	0	0	0	0	0	0	0	0	0	0	0	1	0	0	0	0	0	0	0	0	1	0	0	0	0	0	0	0	0	0	0	0
C5665	0	1	0	8	0	0	0	0	1	0	2	0	0	0	0	0	0	0	0	1	0	1	5	0	2	4	11	0	0	0	0	2	0	0	5	0	1	2	0	0	0	0	0	0	0	0	2	0	1	0	0	0	0	1	0	0	1	0	3	0	2	0	0	0	0	0	0	0	0	11	0	3	0	0	0	0	0	0
C5666	0	0	0	0	3	0	0	0	0	0	1	0	1	0	0	0	0	4	0	0	1	0	0	0	0	1	0	0	0	0	0	0	0	1	0	0	0	2	0	1	0	2	0	1	1	2	0	0	2	0	0	0	1	2	0	0	0	0	1	1	1	0	2	0	0	0	1	0	0	0	0	0	0	0	0	0	1	0
C5668	0	0	0	1	0	0	1	0	0	0	0	0	0	0	0	0	0	1	2	0	2	0	0	0	1	0	0	0	0	0	0	0	2	3	1	0	2	0	0	0	0	0	0	1	0	0	0	0	0	0	0	0	1	1	0	0	3	0	0	0	0	0	0	0	0	0	0	0	0	0	0	1	0	0	0	0	0	1
C5670	0	0	0	4	4	0	0	30	1	0	12	0	9	0	1	0	4	5	0	2	2	0	24	0	1	1	0	0	0	0	22	19	0	0	2	0	0	67	2	19	7	7	0	0	1	0	3	1	6	0	8	0	0	0	12	42	0	0	47	31	4	4	8	0	0	2	2	0	0	0	0	0	0	0	0	12	0	0
C5672	0	0	0	1	0	0	0	0	0	0	1	0	0	0	0	0	0	2	0	0	0	0	0	1	0	0	0	0	0	0	6	0	1	0	0	0	0	0	0	0	0	7	0	1	0	1	0	0	0	0	0	0	0	1	0	0	0	0	0	0	0	1	1	0	0	0	0	0	0	0	0	0	0	0	0	0	1	1
C5674	0	0	0	0	0	0	1	0	0	1	0	0	1	0	1	0	0	0	0	0	0	1	0	0	1	3	0	1	0	0	0	0	0	1	0	0	0	0	2	0	0	0	1	2	2	0	0	1	0	0	0	0	0	0	1	0	1	0	1	0	1	2	0	1	0	0	0	0	0	0	0	4	0	0	0	3	0	0
C5675	0	0	0	3	1	0	1	0	0	0	0	0	0	0	0	0	0	0	0	0	0	1	0	0	1	0	2	1	0	0	0	0	0	0	2	0	3	1	2	0	0	0	0	1	1	2	0	1	0	0	0	0	0	1	0	1	0	0	3	2	0	0	0	0	0	0	0	2	0	0	0	3	0	0	0	1	0	0
C5676	0	0	0	0	0	0	0	0	0	0	0	0	0	0	0	0	0	0	0	0	0	0	0	0	0	0	0	0	0	0	0	0	0	0	0	0	0	0	0	0	0	0	0	1	0	0	22	0	0	2	0	0	0	0	0	0	0	0	0	0	6	0	0	0	8	0	0	0	0	0	1	0	0	0	0	0	0	0
C5677	0	0	0	27	3	0	0	4	0	0	3	0	3	0	0	0	0	50	0	1	0	1	6	0	3	265	33	2	0	0	0	3	0	0	24	0	11	827	0	59	0	0	0	1	1	0	4	4	28	3	0	0	0	2	0	0	0	2	5	3	21	1	0	0	0	1	0	0	52	13	0	14	0	0	0	1	0	0
C5678	0	0	0	0	0	0	1	15	0	0	0	0	3	0	0	0	0	1	0	0	0	0	1	0	0	2	2	0	0	0	0	5	0	0	14	0	0	5	0	0	0	0	0	0	0	0	1	0	0	0	0	0	0	0	2	8	0	0	2	15	0	7	0	0	0	0	0	0	0	0	0	0	0	0	0	1	0	0
C5680	0	0	0	0	0	0	0	0	0	0	1	0	4	0	4	0	0	1	0	1	1	0	1	0	0	0	0	5	0	0	0	0	2	0	0	0	5	1	0	4	0	2	0	1	0	2	0	0	2	0	0	0	0	1	1	0	0	5	10	3	8	1	0	0	0	0	3	0	0	2	0	0	0	0	0	0	0	0
C5681	0	7	0	2	1	0	5	1	0	5	1	0	0	0	0	0	0	1	0	2	1	0	15	0	0	20	9	5	0	0	0	0	1	0	0	0	2	150	0	4	0	1	0	1	24	0	2	7	2	1	0	0	0	0	0	0	0	0	10	2	3	1	0	0	5	0	0	4	0	0	11	0	0	0	0	215	0	0
C5682	0	0	0	0	0	0	0	0	0	0	0	1	0	0	0	0	1	0	0	0	0	0	0	0	0	0	0	0	0	0	0	0	0	0	0	0	0	0	0	0	0	13	0	0	0	0	0	0	0	0	1	0	0	0	0	0	0	0	0	0	0	0	0	0	0	0	0	0	0	0	0	0	0	0	0	0	0	0
C5683	0	0	0	0	0	0	0	0	0	0	0	0	0	0	0	0	0	0	0	0	0	0	0	0	0	0	0	0	0	0	0	0	0	0	0	0	0	0	0	0	0	20	0	0	0	0	0	0	0	0	0	0	0	0	0	0	0	0	0	0	0	0	0	0	0	0	0	0	0	0	0	0	0	0	0	0	0	1
C5684	2	0	1	38	142	0	36	7	0	12	37	0	22	3	33	0	0	17	7	15	47	19	19	9	24	18	15	22	0	0	0	28	64	13	4	0	40	5	28	11	0	0	0	23	27	18	9	2	12	31	0	0	0	40	7	5	0	18	25	28	24	11	5	6	18	0	14	0	23	0	0	18	0	0	31	20	0	1
C5685	0	0	0	0	1	0	0	0	0	0	1	0	0	0	0	0	0	0	0	0	0	2	0	0	1	0	2	0	0	0	0	3	1	2	0	0	3	0	1	0	0	0	0	1	1	0	0	1	0	3	0	0	0	0	2	0	0	1	2	0	0	0	0	0	1	0	1	0	2	0	0	2	0	0	1	0	0	0
C5686	0	0	0	0	0	0	0	0	0	0	2	0	0	0	0	0	0	0	0	0	0	0	0	0	0	1	0	0	0	0	0	0	0	1	1	0	0	0	0	0	0	0	0	4	1	1	0	0	0	1	0	0	0	0	3	6	0	1	0	0	0	0	0	0	1	0	0	0	3	0	0	0	0	0	0	0	0	0
C5688	0	0	0	2	1	0	0	0	0	0	0	0	0	0	1	0	0	3	0	0	1	0	1	0	1	0	1	0	0	0	0	1	1	0	1	0	2	1	1	0	0	0	0	0	0	1	0	0	0	1	0	0	0	0	1	0	0	0	0	0	1	1	0	1	0	0	1	0	0	0	0	2	0	0	1	2	0	0
C5690	0	0	0	0	0	1	0	0	0	0	0	0	0	0	0	0	0	0	0	0	0	0	0	0	0	0	0	0	0	0	0	0	1	0	0	0	0	0	0	0	0	2	0	0	23	0	0	0	2	0	0	0	0	0	0	0	0	0	2	0	0	0	0	0	0	0	0	0	0	0	0	0	0	0	0	0	0	0
C5691	0	0	4	0	0	0	0	0	0	0	0	0	0	0	0	2	0	0	0	0	0	0	0	0	0	0	0	0	0	0	0	0	0	0	0	0	1	1	0	0	136	3	0	0	0	0	0	0	0	0	0	2	0	0	0	0	0	0	2	2	0	0	0	0	0	51	0	0	0	0	0	0	0	0	0	0	0	0
C5692	823	15	1048	2	0	0	0	4	3	0	0	0	0	1354	2	150	1	0	0	0	2	0	4	0	0	0	0	0	0	0	0	2	0	0	2	0	0	5	0	3	1999	0	0	3	6	0	4	0	0	0	2	540	0	2	5	0	0	0	4	0	1	11	0	0	9	385	0	0	2	1	0	0	0	36	0	4	0	0
C5696	0	0	0	0	0	0	5	0	0	0	0	0	0	0	0	0	0	0	0	0	0	0	0	0	0	0	0	0	0	0	0	0	0	0	0	0	0	0	0	0	0	0	0	0	7	0	0	0	0	0	0	0	0	0	0	5	0	0	0	0	0	0	0	0	0	0	0	0	0	1	7	0	0	0	0	0	0	0
C5702	0	0	0	1	0	0	1	0	0	1	0	0	2	0	1	0	0	1	0	0	0	3	0	0	0	3	0	1	0	0	0	0	3	4	1	0	1	1	3	0	0	0	0	1	2	0	0	1	2	0	0	0	0	0	0	0	0	1	1	2	1	2	0	1	0	0	2	0	4	0	0	5	0	0	1	1	0	0
C5706	0	0	0	0	0	1	0	0	0	0	0	7	0	0	0	0	12	0	0	0	0	0	0	0	0	0	0	0	0	1	0	0	0	0	0	1	0	1	0	0	0	22	0	0	0	0	0	0	0	0	3	0	0	0	0	0	1	0	0	0	0	0	0	0	0	0	1	0	0	0	5	0	0	0	0	0	4	1
C5707	0	0	0	0	0	0	1	0	0	0	0	0	0	0	0	0	0	0	0	0	0	0	0	0	0	0	0	0	0	0	0	0	0	0	0	0	0	3	0	0	1	16	0	0	0	0	0	0	0	0	0	0	0	0	0	0	0	0	0	0	0	0	0	0	0	0	1	1	0	0	0	0	0	0	0	0	0	0
C5708	0	0	0	0	0	0	0	0	0	0	0	0	0	0	1	0	0	1	1	0	0	1	0	0	0	0	0	0	0	0	0	0	0	0	0	0	0	0	0	2	0	0	0	2	0	0	1	0	0	0	0	0	0	1	0	0	0	1	0	0	0	0	0	3	0	0	0	0	1	0	0	0	0	0	2	0	0	0
C5711	0	0	0	0	0	0	1	0	0	0	0	0	2	0	1	0	0	1	0	0	0	3	0	0	1	2	0	1	0	0	0	1	1	0	0	0	4	0	5	0	0	0	0	4	0	1	0	0	0	1	0	0	0	0	1	0	0	2	0	1	0	0	0	1	2	0	0	0	0	0	0	0	0	0	0	0	0	0
C5714	0	5	4	7	0	0	0	3	53	0	2	0	0	1	0	1	0	0	0	0	1	0	21	0	1	4	1	0	1	0	1	6	0	0	1	0	1	33	0	6	102	0	0	0	1	0	0	2	0	0	1	0	0	1	18	1	0	0	21	59	2	1	1	0	0	259	0	0	0	0	0	0	0	0	0	2	0	0
C5715	0	0	0	0	0	0	0	0	0	1	0	0	0	0	0	0	0	0	0	1	1	1	0	0	0	0	1	0	0	0	0	1	0	1	1	0	0	0	1	0	0	0	0	0	1	0	0	0	0	1	0	0	0	0	0	1	0	1	0	1	1	0	0	0	1	0	0	1	1	0	0	0	0	0	0	0	0	0
C5716	0	0	0	0	0	0	0	0	0	0	0	0	0	0	0	0	0	0	0	0	0	0	0	0	0	0	0	0	0	0	0	0	0	0	0	0	0	0	0	0	0	0	0	8	0	0	0	0	2	0	0	0	0	0	0	0	0	0	0	3	9	0	0	0	14	0	0	0	0	0	0	0	0	0	0	0	0	0
C5717	0	0	0	1	3	1	0	0	0	0	0	0	0	0	0	0	0	0	0	0	0	0	1	0	0	0	0	0	8	13	5	0	0	0	0	15	1	0	0	2	0	2	0	0	0	0	0	0	1	0	8	0	0	0	0	0	0	0	0	0	0	0	0	0	0	0	0	0	0	0	2	0	0	0	0	0	12	0
C5721	0	0	0	1	1	0	0	0	0	1	1	2	2	0	1	0	0	0	6	0	1	2	0	1	1	0	2	2	0	0	0	3	0	0	1	0	2	1	2	1	0	0	2	1	0	0	2	1	1	0	0	0	0	1	0	0	1	0	0	0	1	0	1	2	0	0	1	1	2	0	0	2	0	0	1	0	0	0
C5723	0	0	0	0	0	0	1	0	0	1	2	0	2	0	1	0	0	1	0	1	1	1	0	0	1	0	0	4	0	0	0	0	1	0	0	0	1	4	1	2	0	0	0	1	0	2	1	0	0	0	0	0	0	1	1	0	0	0	0	1	1	0	2	0	0	0	2	0	0	1	0	0	0	0	0	1	1	0
C5726	0	0	0	0	0	0	0	0	0	0	0	0	0	0	0	0	0	0	0	0	0	0	1	0	0	3	0	0	0	0	0	0	1	0	3	0	0	0	0	0	0	0	0	0	0	0	0	1	1	0	0	0	0	0	0	0	0	0	1	0	0	0	0	0	0	0	0	0	0	2	0	0	0	0	0	0	0	0
C5728	0	0	0	0	1	0	0	0	0	0	6	0	0	0	0	0	0	0	0	3	0	0	0	0	0	0	0	0	0	0	0	2	0	0	0	0	1	0	0	0	0	0	0	0	0	0	5	0	0	0	0	0	0	2	0	0	0	0	0	0	0	1	2	3	0	0	0	0	0	0	0	0	0	0	1	2	0	0
C5734	2	0	2	0	0	0	0	0	0	0	0	0	0	1	0	0	0	0	0	0	0	0	0	0	0	0	0	0	0	0	0	0	0	0	0	0	0	0	0	0	9	0	0	0	0	0	0	0	0	0	0	0	0	0	0	0	0	0	0	0	0	0	0	0	0	1	0	0	0	0	0	0	0	0	0	0	0	0
C5735	0	0	0	0	0	0	0	0	0	0	0	0	0	0	1	0	0	0	0	0	0	0	0	0	0	1	0	0	0	0	0	0	0	0	0	0	1	0	0	0	0	6	0	0	0	0	0	0	0	0	0	0	0	0	0	0	0	0	1	0	1	0	0	0	0	0	0	0	0	0	0	0	0	0	0	0	0	0
C5738	0	0	0	0	0	0	2	1	0	0	1	0	0	0	2	0	0	0	0	0	0	0	0	1	0	1	0	0	0	0	0	0	0	0	0	0	3	1	1	0	0	0	0	0	0	0	0	0	0	1	0	0	0	0	0	0	0	1	1	0	1	0	0	0	0	0	2	0	0	0	0	0	0	0	2	0	0	0
C5740	0	0	0	2	0	0	0	0	0	0	1	0	0	0	2	0	0	0	0	0	0	0	0	1	0	1	1	0	0	0	1	1	4	0	0	0	7	0	4	0	0	0	0	0	1	0	1	0	0	1	1	0	0	0	0	0	0	0	0	0	0	1	2	0	0	0	0	0	0	1	0	1	0	0	0	0	0	0
C5743	0	0	0	0	0	0	1	0	0	0	0	0	3	0	0	0	0	1	0	1	0	0	0	0	0	2	0	0	0	0	0	0	2	1	0	0	0	0	4	1	0	0	0	1	0	0	0	0	0	2	0	0	0	2	1	0	0	1	0	1	0	0	0	0	0	0	2	0	1	0	0	0	0	0	1	0	0	0
C5748	0	0	0	0	0	0	0	0	0	0	1	0	2	0	2	0	0	0	0	0	0	1	0	0	0	1	1	2	0	0	0	0	1	0	0	0	1	0	1	0	0	0	0	2	0	0	0	0	0	1	0	0	0	0	0	0	0	0	0	0	1	0	0	0	2	0	2	0	0	1	0	0	0	0	0	0	0	0
C5749	0	0	0	1	1	0	0	0	0	0	3	0	0	0	2	0	0	0	0	2	1	0	3	0	0	4	0	0	0	0	0	0	1	0	0	0	3	3	1	7	0	0	0	0	1	2	2	2	5	5	0	0	0	1	0	0	0	1	1	1	3	1	4	1	0	0	2	0	0	0	0	0	0	0	1	0	0	1
C5750	0	0	0	2	3	0	2	1	0	0	1	0	2	0	0	0	0	0	0	0	6	1	0	0	2	2	1	0	0	0	0	1	3	2	2	0	0	6	1	0	0	0	1	0	2	2	0	2	0	0	0	0	0	0	2	1	0	0	1	1	0	1	0	1	1	0	1	2	3	0	0	1	2	0	3	2	0	0
C5751	0	0	0	0	0	4	0	0	0	0	0	0	0	0	0	0	0	0	0	0	0	0	0	0	0	0	0	0	1	0	0	0	0	0	0	8	0	0	0	0	0	4	0	0	0	0	0	0	0	0	0	0	0	0	0	0	0	0	0	0	0	0	0	0	0	0	0	0	0	0	0	0	0	0	0	0	1	0
C5752	0	0	0	1	0	0	0	1	0	0	0	0	0	0	0	0	1	0	6	0	0	0	0	2	0	0	0	0	0	0	0	0	0	0	1	0	0	1	0	0	0	11	0	0	0	0	0	0	1	0	0	0	0	0	0	0	0	0	1	2	0	0	0	0	0	0	0	0	0	1	1	0	0	0	0	0	0	3
C5754	0	0	0	0	1	0	0	0	0	0	2	0	0	0	1	0	0	0	0	0	0	0	0	0	0	0	0	0	0	0	0	0	0	0	0	0	0	1	0	0	0	0	0	1	0	3	0	0	0	1	0	0	0	0	0	0	0	0	0	0	1	1	0	0	0	0	1	0	0	0	0	0	0	0	0	0	0	0
C5756	0	0	0	0	0	0	0	0	0	0	0	0	0	0	0	0	0	0	0	0	0	0	0	0	0	0	0	0	0	0	0	0	0	0	0	0	0	0	0	0	0	22	0	0	0	0	0	0	0	0	0	0	0	0	0	0	0	0	0	0	0	0	0	0	0	0	0	0	0	0	0	0	0	0	0	0	0	0
C5760	0	0	0	0	0	0	0	1	0	0	0	0	1	0	3	0	0	0	0	0	2	0	0	0	0	1	0	0	0	0	0	0	0	1	1	0	0	0	1	1	0	0	1	1	1	0	0	0	1	0	0	0	0	0	0	0	1	1	0	1	2	0	0	0	1	0	0	2	0	0	0	1	0	0	0	1	0	0
C5763	0	0	0	0	2	0	2	0	0	0	0	0	0	0	0	2	0	0	0	0	0	0	0	0	2	0	1	0	1	1	3	0	0	0	0	1	0	0	0	3	0	0	0	0	5	0	0	0	1	0	0	0	0	0	0	0	0	0	0	2	0	0	0	0	0	0	0	0	0	0	0	1	0	0	0	0	0	0
C5765	0	0	0	0	0	0	0	0	0	0	0	0	0	0	0	0	0	0	0	0	0	0	0	0	0	0	1	0	0	0	0	0	0	0	0	0	0	0	0	0	0	0	0	0	16	0	1	0	0	0	0	0	0	0	0	0	0	0	1	1	0	0	0	0	0	0	0	0	0	0	0	0	0	0	0	1	0	0
C5766	0	0	0	2	0	0	1	2	0	0	0	0	0	0	2	0	0	0	0	1	1	0	0	0	0	0	0	0	0	0	0	0	0	0	0	0	0	0	1	0	1	0	0	1	0	0	0	0	0	1	0	0	0	1	0	5	0	0	1	0	0	0	0	0	0	0	0	0	0	0	0	0	0	0	0	0	0	1
C5767	0	0	0	0	0	0	0	0	0	0	9	0	0	0	4	0	0	0	0	0	0	0	0	0	3	1	0	44	0	0	0	9	1	0	9	0	0	0	0	2	0	0	0	0	0	0	3	0	0	0	0	0	0	11	0	12	0	1	0	0	4	10	0	30	0	0	0	0	16	0	0	3	0	0	1	1	0	0
C5768	0	0	0	1	2	0	1	0	0	1	1	0	0	0	0	0	1	0	0	0	0	0	0	0	1	0	0	0	0	0	0	0	0	1	0	0	1	1	1	0	0	0	1	1	3	0	0	1	0	0	0	0	0	0	0	1	0	0	0	1	0	0	0	1	2	0	3	1	0	0	0	0	0	0	0	2	0	1
C5769	0	0	0	1	0	0	1	2	0	1	0	0	1	0	1	0	0	0	0	1	1	1	1	0	0	1	1	0	0	0	0	1	2	1	0	0	0	0	1	0	0	0	0	1	2	2	0	1	1	0	0	0	1	0	3	0	0	0	2	2	1	0	1	2	1	0	1	1	0	0	0	2	1	0	2	0	0	0
C5770	0	0	0	0	0	0	0	0	0	0	0	0	1	0	0	0	0	0	0	0	0	1	1	0	0	0	0	0	0	0	0	0	1	0	0	0	1	0	3	0	0	0	0	2	0	1	1	0	1	0	0	0	0	2	0	1	0	1	0	0	4	0	0	0	2	0	1	0	0	0	0	0	0	0	0	0	0	0
C5772	0	0	0	0	0	0	1	0	0	0	0	0	2	0	0	0	0	0	0	0	0	0	0	0	1	0	1	1	0	0	0	0	0	0	0	0	0	1	2	0	0	0	0	0	0	1	0	0	0	1	0	0	0	0	0	0	0	0	1	0	1	0	1	1	0	0	0	0	0	0	0	2	0	0	1	0	0	0
C5773	0	0	0	3	3	0	2	3	0	0	3	0	3	0	2	0	0	1	0	0	4	3	1	1	4	2	3	2	0	0	0	0	0	3	1	0	3	1	2	1	0	0	0	1	2	2	1	1	4	1	0	0	0	5	1	1	0	1	1	1	3	0	0	1	1	0	0	1	7	0	0	2	0	0	2	2	0	0
C5774	0	0	0	1	0	0	0	0	0	0	0	0	0	0	0	0	0	0	0	0	1	0	0	0	0	1	1	0	0	0	0	2	0	1	0	0	2	1	0	1	1	0	0	2	0	0	0	0	0	0	0	0	0	1	0	1	0	0	0	0	0	1	0	0	0	0	0	0	0	0	0	0	0	0	1	1	0	0
C5775	0	0	0	0	1	0	1	2	0	2	0	0	0	0	0	0	0	0	0	0	0	0	0	0	0	3	0	1	0	0	0	0	1	1	0	0	2	0	1	0	0	0	0	0	0	0	0	0	0	0	0	0	0	0	0	0	0	1	0	1	0	0	0	0	2	0	0	0	0	0	0	0	0	0	0	0	0	0
C5777	1	0	0	2	1	0	0	0	0	0	1	0	0	0	0	0	0	0	0	1	1	0	0	0	0	0	0	0	0	0	0	0	3	0	0	0	17	0	3	8	0	0	0	1	0	0	1	0	0	0	0	0	0	2	0	0	0	0	0	0	2	0	1	1	0	0	0	0	0	3	0	0	0	0	0	0	0	0
C5778	0	0	0	0	0	0	0	0	0	0	0	0	3	0	0	0	0	0	0	0	0	1	0	0	0	4	0	0	0	0	0	0	0	0	0	0	1	0	0	0	0	0	0	4	0	0	0	0	1	0	0	0	0	1	0	0	0	0	0	1	0	0	0	0	0	0	0	0	0	1	0	0	0	0	0	0	0	0
C5780	0	0	0	0	0	0	0	0	0	0	2	0	1	0	0	0	0	0	0	0	0	1	0	0	0	0	0	0	0	0	0	1	1	0	0	0	0	0	1	0	0	0	0	0	1	0	0	0	0	1	0	0	0	0	0	0	0	0	0	0	0	0	0	1	0	0	0	0	0	0	0	1	0	0	0	0	0	0
C5782	0	0	0	0	0	2	0	0	0	0	0	3	0	0	0	0	0	0	0	0	0	0	0	1	0	0	0	0	1	0	0	0	0	0	0	0	0	0	0	0	0	8	0	0	0	0	0	0	0	0	0	0	0	0	0	0	0	0	0	0	0	0	0	0	0	0	0	1	0	0	48	0	0	0	0	0	0	0
C5786	0	0	0	1	1	0	0	0	0	1	1	0	2	0	2	0	0	0	1	0	0	1	1	0	0	1	0	3	0	2	1	1	3	1	0	0	0	2	1	1	0	2	0	3	2	0	3	0	0	0	1	0	0	0	2	0	0	1	1	3	0	1	1	7	1	0	1	0	2	8	0	0	1	0	1	0	0	0
C5787	0	0	0	0	0	0	0	0	0	0	0	0	1	0	0	0	0	1	0	0	0	2	0	0	0	0	0	1	0	0	0	1	0	0	0	0	0	0	0	0	0	0	0	1	0	0	0	0	0	0	0	0	0	1	0	0	0	1	0	2	0	1	0	0	0	0	0	0	0	0	0	0	0	0	0	0	0	0
C5788	0	0	0	1	1	0	18	0	0	1	0	0	0	0	5	0	0	2	1	0	0	0	0	2	0	0	0	0	0	4	0	1	0	0	2	0	2	12	0	0	0	0	0	36	0	0	5	0	0	1	0	0	0	1	2	0	0	0	0	5	1	1	0	0	0	0	0	0	0	0	0	0	0	0	2	0	0	0
C5791	0	0	0	1	2	0	2	1	0	2	1	0	4	0	0	0	0	5	0	0	4	7	1	0	2	5	4	0	0	0	0	0	2	1	5	0	2	1	0	0	0	0	0	0	1	1	0	2	0	0	0	0	0	0	0	1	2	2	2	1	2	1	0	2	1	0	2	0	1	0	0	7	0	0	1	3	0	1
C5792	0	0	0	0	1	0	5	1	0	0	4	0	1	0	1	0	0	2	0	0	2	1	3	0	2	2	0	3	0	0	0	1	2	3	0	0	4	1	0	1	0	0	0	4	1	3	2	0	1	3	0	0	0	1	1	0	0	3	0	1	2	2	1	0	0	0	5	0	0	0	0	1	0	0	2	0	0	0
C5800	0	0	1	7	0	0	4	21	1	0	1	0	1	0	0	0	0	0	0	1	1	0	14	0	0	3	2	0	1	0	0	17	0	0	13	0	0	18	0	4	0	0	0	5	1	0	3	0	1	1	0	0	0	2	7	4	0	0	20	46	2	14	1	0	2	1	0	0	0	0	0	1	0	0	0	4	0	0
C5801	0	0	0	3	1	0	0	0	0	0	0	0	1	0	0	0	0	2	0	0	1	0	0	0	0	0	0	0	0	0	5	0	3	1	0	0	2	0	4	1	0	0	0	0	0	0	0	0	1	0	1	0	0	0	0	0	0	0	0	0	0	1	0	0	0	0	0	0	0	0	0	0	0	0	0	0	0	1
C5803	0	0	0	0	0	0	2	0	0	0	0	0	0	0	1	0	0	1	0	1	0	1	0	0	0	0	0	1	0	0	0	1	0	0	0	0	1	0	3	1	0	0	0	0	2	0	0	1	0	1	0	0	0	1	0	0	0	1	2	1	1	0	0	1	0	0	1	1	1	0	0	3	0	0	1	0	0	0
C5810	0	0	0	0	0	0	2	0	0	0	0	1	0	0	0	2	0	1	0	1	0	0	0	2	0	0	1	1	0	0	0	0	1	0	0	0	1	0	1	1	0	0	0	0	0	1	0	0	0	0	0	0	0	0	0	0	0	0	0	2	0	0	0	0	0	0	0	0	0	0	0	0	0	0	0	0	0	0
C5813	0	0	0	0	1	0	0	0	0	0	4	0	4	0	4	0	0	4	0	0	6	3	2	0	1	4	1	2	0	0	0	8	7	3	0	0	5	1	4	0	0	0	0	1	1	1	1	0	1	6	0	0	0	6	1	0	0	4	1	4	3	3	0	0	1	0	1	0	4	0	0	0	0	0	6	0	0	0
C5814	0	0	0	0	0	1	0	2	0	0	2	0	1	0	0	0	2	0	0	0	2	0	0	0	0	0	1	0	0	0	0	0	0	0	0	0	0	2	0	0	0	1	0	0	2	0	1	0	1	1	0	0	0	2	1	0	0	1	0	0	0	0	1	1	0	0	0	1	0	0	0	0	0	0	0	0	0	0
C5815	0	0	0	1	0	0	4	7	0	0	2	0	2	0	0	0	0	1	0	0	1	0	1	0	0	0	0	0	0	0	0	1	0	0	9	0	0	24	0	0	0	0	0	16	0	0	3	0	0	0	0	0	0	0	3	2	0	0	6	37	0	7	0	0	1	0	0	2	0	0	0	0	0	0	0	7	0	0
C5821	0	0	0	1	0	0	0	0	0	2	0	1	0	0	0	0	0	0	0	5	0	0	0	0	0	0	0	0	0	0	0	0	0	0	0	0	0	0	0	0	0	0	0	0	4	0	0	1	0	0	0	0	1	0	0	0	0	0	0	0	0	0	0	0	0	0	0	2	0	1	0	0	0	0	0	0	0	0
C5824	0	0	0	0	1	0	0	0	0	0	0	1	0	0	0	0	1	0	1	0	1	1	0	1	0	3	0	0	0	0	0	0	0	0	0	0	0	0	3	0	0	0	3	0	0	0	0	0	2	1	0	0	0	1	0	0	0	0	0	0	0	0	0	0	0	0	2	0	0	0	0	1	0	0	0	0	0	2
C5825	0	0	0	0	0	0	0	0	0	0	0	0	0	0	0	0	4	0	0	0	0	0	0	4	0	0	0	0	0	0	0	0	0	0	0	0	0	0	0	0	0	13	0	0	0	0	0	0	0	0	3	0	0	0	0	0	0	0	0	0	0	0	0	0	0	0	0	0	0	0	1	0	0	0	0	0	2	0
C5826	0	0	0	0	0	0	1	0	0	0	0	0	0	0	0	0	0	0	0	0	1	2	1	0	1	1	0	1	0	0	0	0	4	3	0	0	1	0	0	0	0	0	0	1	0	0	0	0	0	1	0	0	0	1	0	0	0	3	0	0	1	0	0	0	3	0	0	0	2	0	0	0	0	0	0	0	0	0
C5828	0	0	0	0	0	0	0	0	0	0	0	0	2	0	0	0	0	0	0	1	2	2	0	0	0	3	0	0	0	0	0	3	1	1	0	0	2	3	2	0	0	0	0	2	0	1	0	3	0	1	0	0	0	2	2	0	0	1	0	1	1	1	1	5	1	0	1	0	0	10	0	0	0	0	0	1	0	0
C5831	0	0	0	3	0	0	1	0	0	1	2	0	3	0	0	0	0	2	0	0	3	1	1	0	0	1	2	1	0	0	0	1	2	0	1	0	3	1	2	0	0	0	0	0	1	0	0	1	1	2	0	0	0	1	1	2	0	3	1	3	2	0	1	1	1	0	1	1	1	0	0	1	0	0	0	0	0	0
C5832	0	0	0	0	1	0	1	1	0	1	0	0	0	0	0	0	0	0	0	0	0	0	0	0	1	1	0	0	0	0	0	1	1	0	1	0	2	1	0	0	0	0	0	2	1	0	0	1	0	0	0	0	0	1	0	0	0	1	0	0	0	0	0	0	0	0	0	2	1	0	0	0	0	0	1	1	0	0
C5833	0	0	0	0	0	1	0	0	0	0	0	5	0	0	0	0	5	0	0	0	0	0	0	0	0	0	0	0	0	0	0	0	0	0	0	0	0	0	0	0	0	20	0	0	0	0	0	0	0	0	2	0	0	0	0	0	0	0	0	0	0	0	0	0	0	0	0	0	0	0	2	0	0	0	0	0	1	1
C5834	0	0	0	3	2	0	0	3	0	0	0	0	0	0	4	0	0	1	0	1	0	0	0	0	0	0	0	3	0	0	0	5	3	0	0	0	9	1	7	5	0	0	0	0	1	1	0	2	0	1	0	0	0	0	0	4	0	1	1	0	1	4	1	1	1	0	0	0	0	6	0	1	0	0	1	4	0	0
C5836	0	0	0	0	3	0	3	0	0	0	0	0	0	0	2	0	0	1	0	0	3	2	2	0	1	3	0	2	0	0	0	0	0	0	0	0	3	1	3	4	0	0	0	2	0	2	2	0	0	4	0	0	0	1	0	0	0	0	0	3	0	2	1	0	2	0	4	0	0	0	0	0	0	0	0	0	0	0
C5841	0	0	0	0	0	0	0	0	0	0	0	0	0	0	0	0	0	0	0	0	0	0	0	0	0	0	0	0	0	0	0	0	0	0	0	0	0	0	0	0	35	0	0	0	0	0	0	0	0	0	0	0	0	0	0	0	0	0	0	0	0	0	0	0	0	8	0	0	0	0	0	0	0	0	0	0	0	0
C5842	0	0	0	1	2	0	1	0	0	0	1	1	1	0	0	0	0	0	1	0	1	1	2	2	0	0	0	2	0	0	0	1	0	0	0	0	1	3	1	1	0	0	2	0	0	1	0	0	1	0	0	0	0	0	1	0	1	0	1	2	1	1	0	1	1	0	1	2	1	0	0	2	1	0	2	4	0	1
C5844	0	0	0	0	0	0	1	0	0	0	0	0	0	0	0	0	2	0	0	0	0	0	0	1	0	0	0	0	0	0	2	0	0	1	0	0	1	1	0	0	0	10	0	0	0	0	0	0	0	0	1	0	0	0	0	0	0	0	0	0	0	0	0	0	0	0	1	0	0	0	0	0	0	0	0	0	1	0
C5845	0	0	0	2	1	0	2	0	0	0	0	0	0	0	0	0	0	0	0	1	2	1	0	0	1	1	1	1	0	0	0	0	2	1	1	0	0	0	2	0	0	0	0	0	0	0	0	1	0	1	0	0	0	1	0	0	0	0	0	1	1	1	0	1	0	0	2	0	1	0	0	2	0	0	0	0	0	0
C5848	0	0	0	0	0	0	0	0	0	0	0	0	1	0	3	0	0	1	0	1	6	1	2	0	0	6	0	0	0	0	0	0	0	1	0	0	1	0	1	1	0	0	0	0	0	0	1	0	0	0	0	0	0	1	0	0	0	2	0	6	0	3	0	0	1	0	1	0	1	0	0	0	0	0	1	0	0	0
C5850	1	2	1	0	0	0	0	0	0	0	0	0	0	2	0	2	0	0	0	0	0	0	0	0	0	0	0	0	0	0	0	0	0	0	0	0	0	0	0	0	5	0	0	0	0	0	0	0	0	0	0	4	0	0	0	0	0	0	0	0	0	0	0	0	0	1	0	0	0	0	0	0	0	0	0	0	0	0
C5851	0	0	0	1	2	0	0	0	0	0	0	0	0	0	1	0	0	0	0	0	1	1	0	0	0	1	0	0	0	0	0	0	0	0	0	0	5	0	1	2	0	0	0	0	0	1	2	0	0	0	0	0	0	0	0	0	0	0	0	0	0	1	1	0	0	0	0	0	0	0	0	0	0	0	0	0	0	0
C5854	0	0	1	0	2	0	0	0	0	0	1	0	1	0	1	0	0	0	0	3	1	0	0	0	1	1	0	1	0	0	0	2	4	1	0	0	4	2	3	1	0	0	0	0	1	2	0	1	0	0	0	0	0	0	2	0	0	0	0	1	0	1	2	0	0	0	2	0	0	2	0	0	0	0	0	1	0	0
C5856	0	0	0	0	1	0	0	0	0	0	0	0	3	0	1	0	0	1	0	1	2	0	0	0	1	1	0	2	0	0	0	0	0	0	0	0	3	1	3	2	0	0	0	1	1	1	1	1	0	0	1	0	0	3	1	0	0	1	1	0	1	3	5	9	1	0	1	0	0	3	0	0	0	0	0	2	0	0
C5858	2	0	6	0	0	0	0	0	0	0	0	0	0	0	0	1	0	0	0	0	0	0	0	0	0	0	0	0	0	0	0	0	0	0	0	0	0	0	0	0	15	0	0	0	0	0	0	0	0	0	0	3	0	0	0	0	0	0	0	0	0	0	0	0	0	2	0	0	1	0	0	0	0	0	0	0	0	0
C5859	0	0	0	1	0	0	0	0	0	1	1	0	0	0	1	0	0	0	0	0	2	4	1	0	0	0	2	1	0	0	0	0	0	0	0	0	3	0	1	1	0	0	0	0	0	1	2	0	1	1	0	0	0	1	1	0	0	1	2	2	1	0	0	0	1	0	1	2	2	0	0	4	0	0	1	1	0	0
C5862	0	0	0	0	0	0	0	0	0	0	0	0	1	0	1	0	0	0	1	0	1	0	0	1	0	0	0	1	0	0	0	0	1	0	0	0	2	0	0	1	0	5	0	0	0	0	0	0	0	0	11	0	0	1	0	0	0	0	0	0	0	0	1	0	0	0	0	0	0	2	0	0	0	0	0	1	5	0
C5864	0	0	0	0	0	0	0	0	0	0	0	0	0	0	0	0	0	0	0	0	1	0	0	2	0	0	0	0	0	0	0	0	0	0	0	0	0	0	0	0	0	7	0	0	0	0	0	0	1	0	0	0	0	0	0	0	1	0	0	0	0	0	0	0	0	0	1	0	0	0	2	0	0	0	0	0	1	0
C5867	0	0	0	2	0	0	0	2	0	1	0	0	4	0	1	0	0	0	0	5	1	3	0	0	2	0	2	10	0	0	0	2	1	2	0	0	8	1	2	5	0	0	0	3	1	3	0	1	0	0	1	0	0	5	3	0	0	2	0	2	6	3	1	0	0	0	1	0	2	6	0	0	0	0	2	3	0	0
C5870	0	0	0	0	1	0	0	0	0	0	1	0	2	0	0	0	2	0	6	0	0	1	0	1	0	0	1	0	0	0	0	0	0	0	0	0	1	0	0	2	0	9	0	2	0	0	1	0	0	2	4	0	0	0	0	0	1	0	0	0	1	0	1	5	1	0	0	0	0	2	0	0	0	0	0	1	1	1
C5871	0	0	0	0	0	0	2	1	0	0	0	0	2	0	3	0	0	0	0	1	3	3	0	1	0	0	0	0	0	0	0	0	1	3	0	0	4	0	1	0	0	0	0	2	0	0	1	0	0	1	0	0	0	1	0	0	0	0	0	4	0	0	0	0	0	0	0	0	0	0	0	0	0	0	0	0	0	0
C5872	0	0	0	0	0	0	0	0	0	0	1	0	0	0	2	0	0	0	0	0	0	0	0	0	0	0	0	0	0	0	0	1	0	0	0	0	3	0	0	0	0	0	0	0	1	1	0	0	0	0	0	0	0	1	0	0	0	0	0	0	0	0	1	3	2	0	1	0	0	0	0	0	0	0	1	0	0	0
C5873	0	0	0	0	0	0	1	0	0	0	3	0	0	0	1	0	0	2	0	0	1	0	0	0	0	3	0	0	0	0	0	2	0	0	0	0	1	0	1	0	0	0	0	4	0	2	1	0	1	2	0	0	0	0	0	0	0	0	0	0	0	0	0	0	0	0	1	0	1	0	0	0	0	0	0	0	0	0
C5874	0	0	0	0	2	0	0	0	0	0	1	0	0	0	1	0	0	2	2	1	0	0	1	2	0	3	0	2	0	0	0	2	1	0	0	0	2	0	2	2	0	0	1	6	1	0	0	0	1	0	2	0	0	0	2	0	0	3	0	1	1	2	2	1	3	0	1	0	1	0	0	0	0	0	2	2	1	0
C5875	0	0	0	0	0	0	1	0	0	2	0	0	2	0	0	0	0	0	0	0	2	3	0	0	1	2	2	3	0	0	0	2	1	0	1	0	1	0	1	0	0	0	0	5	1	1	0	0	0	1	0	0	0	1	0	0	0	2	0	0	0	1	0	2	0	0	0	0	1	0	0	0	0	0	0	2	0	0
C5877	0	0	0	0	0	0	0	0	0	0	0	0	0	0	0	0	0	0	0	0	0	0	0	0	0	0	0	0	0	0	1	0	1	0	0	0	1	0	0	0	1	8	0	0	0	0	0	0	0	0	0	0	0	0	0	0	0	0	1	0	1	0	0	0	1	0	0	0	0	0	0	0	0	0	0	0	0	0
C5879	0	0	0	0	0	0	0	0	0	0	5	0	5	0	3	0	0	0	0	0	1	2	3	0	1	6	1	1	0	0	0	0	5	2	0	0	7	1	1	1	0	0	0	4	0	0	0	0	2	2	0	0	0	0	1	0	0	4	1	5	0	2	0	0	1	0	1	0	2	0	0	0	0	0	4	0	0	0
C5880	0	0	0	0	0	0	0	3	0	0	1	0	0	0	1	0	0	1	0	1	1	0	0	0	0	1	0	0	0	0	0	0	0	0	0	0	1	0	1	0	0	1	0	1	0	1	0	0	1	0	0	0	0	0	0	4	0	0	2	1	0	1	0	3	0	0	0	0	0	0	0	0	0	0	0	2	0	0
C5881	0	0	0	1	0	0	0	0	0	0	0	0	0	0	0	0	0	21	0	0	0	0	0	0	2	41	19	1	0	0	0	1	0	0	7	0	0	1	0	0	0	0	0	0	2	0	0	1	0	0	0	0	0	0	0	0	0	0	0	0	0	0	0	0	0	0	0	0	2	0	0	0	0	0	0	0	0	0
C5882	0	0	0	0	0	0	8	0	0	0	0	0	0	0	0	0	0	0	0	0	0	0	0	0	0	0	0	0	0	0	0	0	0	0	1	0	0	0	0	0	0	0	0	21	0	0	1	0	0	0	0	0	0	0	0	0	0	0	0	0	0	0	0	0	0	0	0	0	0	0	0	0	0	0	0	0	0	0
C5883	0	0	0	4	4	0	2	1	0	0	0	0	2	0	3	0	0	2	0	2	4	1	0	1	1	4	4	2	0	0	0	1	3	3	0	0	1	2	3	1	0	0	0	3	1	1	3	2	2	3	0	0	0	2	1	1	0	1	2	6	5	1	0	3	1	0	0	2	5	0	0	6	0	0	2	5	0	0
C5890	0	0	0	0	0	0	1	0	0	0	0	0	0	0	0	0	0	0	0	0	1	0	0	0	0	0	0	2	0	0	2	1	0	0	0	0	2	0	0	0	0	0	0	0	0	0	0	0	2	0	0	0	0	0	0	2	0	0	0	0	0	0	0	0	1	0	0	0	0	0	0	0	0	0	0	1	0	0
C5891	0	0	0	1	1	0	1	0	0	0	0	0	0	0	1	0	0	0	0	0	0	3	0	0	0	0	4	0	0	0	0	0	4	0	1	0	1	0	2	1	0	0	0	0	1	0	0	2	0	3	0	0	0	1	0	0	0	4	1	2	0	0	0	0	0	0	0	0	2	0	0	0	0	0	2	1	0	0
C5895	0	0	0	0	0	0	1	0	0	0	1	0	0	0	4	0	0	0	0	0	0	3	0	0	0	1	1	0	0	0	0	0	2	0	1	0	20	0	6	1	0	0	0	0	0	0	2	0	2	1	1	0	0	1	0	0	0	0	0	0	1	1	0	0	3	0	0	0	0	3	0	0	0	0	0	0	1	0
C5898	0	0	0	2	0	1	1	0	0	2	2	0	1	0	2	0	0	1	1	1	0	0	1	0	0	0	1	0	0	0	0	0	0	3	0	0	3	6	1	0	0	0	0	6	0	12	2	0	0	4	0	0	0	2	0	0	0	0	0	2	0	0	1	0	0	0	2	0	0	0	0	0	0	0	0	0	0	0
C5899	0	0	0	0	0	0	0	0	0	0	0	0	0	0	0	0	0	0	0	0	0	0	0	0	0	0	0	0	0	0	0	0	0	0	0	0	0	0	0	0	0	0	0	0	0	0	63	0	5	0	0	0	0	0	0	0	0	0	0	0	0	0	0	0	3	0	0	0	0	0	0	0	0	0	0	0	0	0
C5901	0	0	0	7	0	0	0	0	0	0	2	0	0	0	0	0	8	3	0	0	0	3	1	0	0	12	22	0	0	1	0	7	13	0	64	2	0	3	0	4	0	1	11	0	0	0	376	0	9	0	0	0	0	0	0	0	2	0	23	2	211	0	9	1	18	0	0	0	1	0	0	1	0	0	0	1	0	0
C5905	0	0	3	3	5	0	6	43	0	0	97	2	5	0	0	1	0	9	0	6	127	0	25	0	11	5	9	2	0	1	0	82	1	0	51	0	47	8	2	5	0	0	0	0	2	0	68	0	116	0	0	0	2	0	0	17	0	8	1	99	40	31	0	0	424	0	0	34	8	58	1	0	0	0	1	5	0	3
C5911	0	0	0	0	0	0	2	0	0	0	0	0	0	0	0	0	0	0	0	2	0	0	0	0	0	0	0	0	0	0	0	0	1	1	0	0	0	0	0	2	0	0	0	0	0	0	11	0	1	0	0	0	1	0	0	1	0	0	0	2	9	0	0	0	0	0	0	1	0	0	2	0	0	0	0	0	0	0
C5912	0	0	1	1	6	0	4	0	0	3	0	0	1	0	0	0	0	0	0	0	3	0	0	0	1	0	7	0	0	0	0	3	0	0	0	0	0	0	0	7	0	3	0	1	0	0	401	2	51	1	1	0	3	0	0	0	0	0	2	1	78	0	2	0	11	0	0	2	12	10	0	1	0	0	0	3	0	2
C5913	0	0	0	0	0	0	0	1	0	0	1	0	0	0	2	0	0	0	0	0	0	0	0	0	0	0	0	0	0	0	0	1	0	0	4	0	0	0	0	0	0	0	0	0	0	0	5	0	0	0	0	0	0	2	0	3	0	0	1	1	0	0	0	0	0	0	0	0	0	0	0	0	0	0	0	0	0	0
C5916	0	0	0	0	0	0	0	0	0	2	0	0	0	0	0	0	0	0	0	0	0	0	0	0	0	0	0	0	0	0	0	0	0	0	0	0	0	0	0	2	0	0	0	0	0	0	10	0	0	0	0	0	0	0	0	0	0	0	0	0	0	0	0	0	10	0	0	0	0	0	0	0	0	0	0	0	0	0
C5917	0	0	0	2	0	0	0	0	0	2	1	0	0	0	0	0	0	0	0	0	0	0	0	0	0	0	1	0	0	0	0	0	0	0	0	0	0	1	0	1	0	0	0	0	0	0	7	0	0	0	0	0	0	0	0	0	0	0	0	0	1	0	0	0	0	0	0	1	0	0	0	0	0	0	0	0	0	0
C5920	0	0	0	0	0	0	59	1	0	0	0	0	0	0	0	0	0	0	0	0	0	0	0	0	0	10	0	0	0	0	0	1	0	0	1	0	0	1	0	0	0	0	1	208	0	0	27	0	0	0	0	0	0	0	1	0	0	0	0	0	0	0	0	0	3	0	0	0	0	0	0	0	0	0	0	0	0	0
C5921	0	0	0	0	0	0	5	0	0	0	0	0	0	0	0	0	0	0	0	1	0	0	0	0	0	0	0	0	0	0	0	0	0	0	0	0	0	0	0	1	0	0	0	6	0	0	0	0	0	0	0	0	0	0	0	2	0	0	0	0	0	0	0	0	0	0	0	2	0	0	0	0	0	0	0	0	0	0
C5922	0	0	0	0	0	0	0	0	0	0	0	0	1	0	0	0	0	0	0	0	0	0	0	0	0	0	0	0	0	0	0	0	0	0	0	0	0	1	2	0	0	0	0	1	0	2	0	0	0	0	0	0	0	1	0	1	0	0	1	0	0	0	0	1	0	0	0	0	1	2	0	0	0	0	0	0	0	0
C5923	0	0	0	0	0	0	0	0	0	0	0	0	0	0	0	0	0	0	0	0	0	0	0	0	0	0	0	0	0	0	0	0	0	0	0	0	0	0	0	3	0	0	0	0	0	0	27	0	1	0	0	0	0	0	0	0	0	0	2	0	6	0	0	0	2	0	0	0	0	0	0	0	0	0	0	0	0	0
C5937	0	0	0	0	0	0	0	1	0	0	0	0	0	0	0	0	0	0	0	0	1	0	0	0	0	0	1	0	0	0	0	1	0	0	0	0	0	0	0	0	0	0	0	0	0	0	42	0	1	0	0	0	0	0	0	0	0	0	1	0	0	0	0	0	0	0	0	0	0	0	0	0	0	0	0	0	0	0
C5938	0	0	0	4	2	1	2	0	0	0	5	0	1	0	2	0	0	4	0	4	1	0	3	0	0	5	3	0	0	0	0	0	2	0	0	0	1	10	0	4	1	1	0	6	1	8	1	0	5	3	1	0	0	3	1	0	1	0	1	6	0	0	3	0	0	1	4	0	0	0	1	0	0	0	1	1	0	0
C5942	0	0	0	5	1	0	0	1	0	0	1	0	3	0	4	0	0	0	0	2	3	0	0	0	0	2	1	5	0	0	0	0	0	2	1	0	1	1	0	4	0	0	0	2	1	3	5	0	0	3	0	0	0	2	1	0	0	7	2	0	2	1	6	19	0	0	2	0	1	13	0	1	0	0	1	2	0	0
C5943	0	0	0	0	3	0	0	0	0	1	2	0	0	0	0	0	1	1	0	0	2	0	0	0	0	0	2	1	0	0	0	2	0	1	0	0	0	1	1	0	0	0	0	2	1	0	0	0	0	1	0	0	0	1	0	0	0	0	0	0	2	0	0	2	0	0	0	0	1	0	0	0	0	0	1	0	0	0
C5944	0	0	0	1	1	0	9	6	0	0	16	1	8	0	17	0	0	3	0	2	0	0	5	0	0	7	0	3	0	3	3	8	6	2	1	0	3	9	3	4	0	0	0	6	3	0	40	3	0	2	6	0	0	10	5	5	0	119	6	2	10	42	17	0	11	0	1	0	7	9	0	0	0	0	1	6	1	0
C5945	0	0	0	0	0	0	11	0	0	0	3	0	7	0	3	0	0	1	0	2	8	5	2	0	1	3	0	3	0	0	0	2	1	2	0	0	9	2	10	1	0	0	0	11	2	6	1	0	0	10	0	0	0	6	1	0	0	2	2	2	1	3	2	0	18	0	3	0	1	0	0	0	0	0	2	1	0	0
C5947	0	0	0	0	0	0	1	0	0	0	0	0	0	0	0	0	0	0	0	0	2	1	0	0	0	0	0	0	0	0	0	0	0	0	0	0	0	0	1	0	0	0	0	0	0	0	1	1	1	0	0	0	0	0	0	0	0	0	1	0	1	0	0	0	0	0	1	0	0	0	0	0	0	0	0	0	0	0
C5950	0	0	0	1	0	0	0	0	0	0	0	0	0	0	0	0	0	0	0	0	0	0	0	0	0	0	0	0	0	0	0	0	2	0	0	0	3	0	0	3	0	0	0	0	0	0	0	0	1	0	0	0	0	0	0	0	0	0	0	0	0	0	0	0	1	0	0	0	0	0	0	0	0	0	0	0	1	0
C5952	0	0	0	0	0	0	0	0	0	0	0	0	0	0	0	0	0	0	0	0	0	0	0	0	0	0	0	0	0	0	0	0	0	0	0	0	0	0	1	0	0	0	0	0	0	0	10	0	0	0	0	0	0	0	0	0	0	0	0	0	0	0	0	0	1	0	0	0	0	0	0	0	0	0	0	0	0	0
C5953	0	0	0	6	27	0	70	2	0	2	0	0	0	0	38	0	0	14	25	6	70	9	4	11	2	111	23	6	0	56	202	0	321	41	1	0	174	25	18	26	0	3293	0	0	7	0	15	11	2	0	0	0	113	4	0	0	0	1	306	182	266	2	22	0	21	0	2	0	2	0	28	0	31	0	0	0	0	18
C5954	0	0	0	1	0	0	0	0	0	0	6	0	0	0	1	0	0	2	0	0	0	0	0	0	0	0	0	0	0	0	0	3	0	0	0	0	4	1	0	0	0	0	0	0	0	0	16	0	1	0	0	0	0	0	0	0	0	8	0	6	7	3	0	0	67	0	0	0	0	9	0	0	0	0	0	0	0	0
C5956	0	1	0	0	0	0	0	5	0	0	0	0	0	0	0	0	0	0	0	0	0	0	1	0	0	0	0	0	0	0	0	0	0	0	0	0	0	5	0	0	1	0	0	0	0	0	0	0	0	0	0	0	0	0	0	2	0	0	0	3	1	1	0	0	0	0	0	0	0	0	0	0	0	0	0	0	0	0
C5958	0	0	0	0	0	0	0	0	0	0	1	0	0	0	0	0	0	0	0	0	3	1	0	0	0	0	1	0	0	0	0	0	2	2	0	0	0	0	1	0	0	0	0	2	0	0	0	0	0	1	0	0	0	1	0	0	0	0	0	1	0	0	0	0	0	0	1	0	0	0	0	0	0	0	0	0	0	0
C5961	0	0	0	2	5	0	3	2	0	1	4	0	4	0	1	0	0	1	0	2	4	1	1	0	5	1	3	0	0	0	0	2	1	3	2	0	1	0	3	0	0	0	0	2	3	1	0	1	1	3	0	0	0	3	1	0	0	0	1	1	2	5	1	2	2	0	0	2	7	0	0	7	0	0	0	1	0	0
C5964	0	0	0	1	0	0	0	0	0	0	1	0	0	0	0	0	0	2	0	0	0	1	0	0	0	0	0	4	0	0	0	0	0	0	0	0	2	0	0	1	0	1	0	0	0	1	1	0	0	0	0	0	0	1	0	2	0	0	0	2	0	0	1	4	0	0	1	0	0	6	0	0	0	0	1	1	0	0
C5968	0	0	0	0	0	0	1	0	0	0	0	0	2	0	0	0	0	0	0	0	2	5	0	0	0	2	0	1	0	0	0	0	0	0	0	0	2	0	3	0	0	0	0	5	0	0	0	0	0	0	0	0	0	2	0	0	0	1	0	1	0	1	0	0	5	0	1	0	0	0	0	0	0	0	4	0	0	0
C5970	0	0	0	2	2	0	3	2	0	2	2	0	5	0	0	0	0	1	0	0	6	1	1	0	0	4	1	1	0	0	0	2	2	4	2	0	2	3	3	0	0	0	0	3	1	2	0	2	4	2	0	0	0	4	0	1	0	4	3	4	2	1	0	0	2	0	2	4	1	0	0	3	0	0	4	4	0	0
C5972	0	0	0	0	0	1	0	0	0	0	0	0	1	0	0	0	0	0	0	0	0	0	1	0	0	0	0	0	0	0	0	0	1	1	0	0	0	1	0	1	0	0	0	0	0	0	5	0	1	0	1	0	1	0	0	0	0	0	0	1	2	0	0	0	6	0	0	0	0	2	0	1	0	0	0	0	0	1
C5974	4	0	14	0	0	0	0	0	0	0	0	0	0	0	0	1	0	0	0	0	0	0	0	0	0	0	0	0	0	0	0	0	0	0	0	0	0	0	0	0	4	0	0	0	0	0	0	0	0	0	0	1	0	0	0	0	0	0	0	0	0	0	0	0	0	3	0	0	0	0	0	0	0	0	0	0	0	0
C5975	0	0	0	0	0	0	0	0	0	0	1	0	1	0	0	0	0	0	0	0	3	0	0	0	1	0	0	0	0	0	0	0	1	0	0	0	0	0	2	1	0	0	0	0	0	0	0	0	0	0	0	0	0	0	1	0	0	3	1	0	1	0	0	0	0	0	0	0	0	0	0	0	0	0	0	0	0	0
C5976	1	1	0	1	0	0	0	10	0	0	81	0	0	0	1	0	0	0	0	0	0	0	0	0	11	6	0	33	0	0	0	16	0	0	20	0	0	0	0	2	0	0	0	0	0	0	10	0	2	1	0	0	0	5	0	4	0	0	5	0	12	2	0	24	0	0	0	0	11	0	0	1	0	0	0	5	0	0
C5977	0	0	0	0	7	0	0	0	0	0	2	0	0	0	0	0	0	2	0	2	1	2	3	0	0	0	0	1	0	0	0	2	0	1	0	0	2	1	1	4	0	0	0	2	0	0	0	0	0	0	0	0	1	2	0	0	0	4	4	1	0	0	1	0	2	0	0	0	3	0	0	0	0	0	2	0	0	0
C5979	0	0	0	0	0	0	0	1	0	0	2	0	1	0	2	0	0	0	0	0	0	0	1	0	1	3	1	0	0	0	0	0	0	0	2	0	0	11	0	1	1	0	0	1	0	0	0	0	0	0	0	0	0	0	0	0	0	0	0	2	0	1	0	0	0	0	0	1	0	0	0	0	0	0	0	0	0	0
C5982	0	0	0	0	0	0	0	0	0	0	0	0	0	0	0	0	0	0	0	0	0	0	0	0	0	0	1	0	0	0	0	0	0	0	0	0	0	0	0	0	0	0	0	0	0	0	4	0	0	0	0	0	0	0	0	0	0	0	0	0	0	0	0	0	162	0	0	0	0	0	0	0	0	0	2	0	0	0
C5984	1	0	0	0	0	0	0	0	0	0	2	0	0	0	1	0	0	0	0	0	1	1	0	0	0	4	1	0	0	0	0	0	0	0	0	0	1	2	2	0	0	0	0	1	0	0	0	0	0	0	0	0	0	2	0	0	0	0	0	0	0	0	0	0	0	0	1	0	1	1	0	0	1	0	0	0	0	0
C5986	0	1	0	0	0	0	0	1	0	0	7	0	0	0	0	0	0	0	0	0	0	0	0	0	2	0	0	11	0	0	0	6	0	0	3	0	0	0	0	0	0	0	0	0	0	0	1	0	1	0	0	0	0	2	0	0	0	0	0	0	1	2	0	7	0	1	0	0	1	0	0	0	0	0	1	1	0	0
C5989	0	0	0	7	5	0	4	0	0	1	2	0	2	0	2	0	0	0	0	1	6	4	2	0	3	2	0	1	0	0	0	2	3	0	0	0	7	1	5	3	0	0	0	4	3	0	2	1	2	4	0	0	0	2	0	2	0	2	7	5	6	0	0	5	4	0	2	3	3	0	0	3	0	0	1	0	0	0
C5992	0	0	0	0	1	0	0	0	0	0	0	0	1	0	0	0	0	0	0	0	0	2	0	0	0	0	2	0	0	0	0	0	0	0	3	0	0	3	0	23	0	0	0	0	0	0	17	0	1	5	0	0	0	0	0	0	0	2	0	0	0	0	1	0	0	0	0	0	0	0	0	0	0	0	1	5	0	0
C5993	0	0	0	0	0	0	0	0	0	0	0	0	0	0	0	0	0	0	0	0	0	0	0	0	0	0	0	0	0	0	0	0	0	0	0	0	0	0	0	0	0	0	0	0	1	0	6	0	2	0	0	0	0	0	0	0	0	0	0	0	2	0	0	0	0	0	0	0	0	0	0	0	0	0	0	0	0	0
C5994	0	0	0	0	0	0	0	8	0	0	20	0	0	0	6	0	0	0	0	0	2	0	0	0	7	0	0	82	0	0	0	15	1	0	20	0	0	0	0	1	0	0	0	0	0	0	2	0	1	3	0	0	0	10	0	17	0	5	1	0	7	8	0	37	0	0	0	0	22	0	0	1	0	0	0	2	0	0
C5995	0	0	0	97	81	0	41	0	0	431	0	0	14	0	0	0	2	6	0	1	101	20	0	0	0	51	11	16	0	4	0	0	37	26	8	0	16	35	30	53	0	194	10	29	0	0	50	16	21	13	0	0	0	3	81	4	2	0	6	57	536	0	4	0	1829	0	6	508	38	0	0	0	0	0	0	7	0	14
C5999	0	0	0	0	0	0	0	1	0	0	0	0	0	0	0	0	0	0	0	0	0	1	0	0	0	0	0	0	0	0	1	0	0	0	1	0	1	0	0	0	0	0	0	1	2	0	0	0	0	0	0	0	5	0	0	0	0	0	1	1	1	0	0	0	0	0	0	0	0	0	0	0	10	0	0	0	0	0
C6001	0	0	0	45	33	0	15	3	0	15	121	0	2	0	5	0	2	26	0	2	113	99	53	0	119	501	70	59	0	0	0	216	5	10	2	0	5	211	3	962	0	0	0	2	10	2	852	2	1506	43	0	0	4	4	80	0	0	6	637	41	631	16	2	0	40	0	6	192	12	0	0	196	0	0	8	99	0	7
C6002	0	0	0	0	0	0	0	0	0	2	2	0	0	0	0	0	0	0	0	0	0	0	0	0	0	0	0	0	0	0	0	0	0	0	0	0	0	0	0	0	0	0	0	0	0	0	2	0	0	0	0	0	0	0	0	0	0	0	3	0	0	0	0	0	0	0	0	0	0	0	0	0	0	0	0	4	0	0
C6006	0	0	0	0	0	0	0	0	0	0	0	0	0	0	0	0	0	0	0	0	2	0	0	0	0	0	0	0	0	0	0	0	0	0	0	0	0	0	0	0	0	0	0	0	0	0	12	0	2	0	0	0	2	0	0	0	0	0	0	0	0	0	0	0	0	0	0	0	0	0	0	0	0	0	0	0	0	0
C6008	0	0	0	0	13	0	20	0	0	0	9	0	10	0	11	0	0	13	0	2	13	14	0	3	1	7	2	5	0	0	3	23	65	5	0	0	128	3	29	11	0	0	0	3	1	2	11	1	3	7	0	0	0	10	2	0	0	5	2	6	8	7	6	0	40	0	8	0	2	3	0	0	0	0	5	0	0	0
C6010	0	0	0	3	10	0	7	2	0	0	1	0	3	0	7	0	0	7	0	3	3	5	2	0	10	1	4	7	0	0	0	11	4	0	0	0	15	3	7	7	0	0	0	3	0	4	3	1	2	5	1	0	0	18	0	0	0	7	6	0	4	3	8	1	9	0	6	0	0	4	0	0	0	0	4	1	0	0
C6012	0	2	1	0	1	0	0	0	7	0	1	0	0	0	0	0	1	0	0	1	0	0	9	0	0	0	1	0	3	0	0	1	0	0	0	0	0	22	0	0	39	1	0	0	0	0	0	0	0	0	0	0	0	0	9	0	0	0	2	43	0	1	0	0	1	33	0	0	0	0	0	0	0	0	0	1	0	0
C6013	0	1	0	0	0	0	0	0	0	0	0	0	0	0	0	0	0	0	0	0	0	0	0	0	0	0	0	0	0	0	0	0	1	0	0	0	0	1	0	0	0	0	0	0	21	0	0	0	0	0	0	0	0	0	0	0	0	0	2	0	0	0	0	0	0	0	0	0	0	0	0	0	0	0	0	0	0	0
C6020	0	0	0	1	2	0	0	0	0	0	0	0	0	0	0	0	0	0	0	1	1	0	0	0	0	0	0	0	0	0	1	0	0	0	0	0	0	0	0	1	0	0	0	0	0	0	7	0	0	0	0	0	0	0	0	0	0	0	0	0	2	0	0	0	13	0	0	0	0	0	0	1	0	0	0	0	0	0
C6021	0	0	0	0	1	0	0	0	0	0	0	0	1	0	1	0	0	0	0	0	1	0	2	1	0	2	2	0	0	0	0	0	0	0	0	0	1	0	0	0	0	0	0	1	0	0	0	0	0	1	0	0	0	2	0	0	0	1	0	0	0	0	0	2	0	0	0	0	2	0	0	1	0	0	0	0	0	0
C6022	0	0	0	0	0	0	0	0	0	0	0	0	0	0	0	0	0	0	0	0	0	0	0	0	0	0	0	0	0	0	0	0	0	0	0	0	0	0	0	0	0	0	0	0	0	0	16	0	0	0	0	0	1	0	0	0	0	0	0	0	0	0	0	0	1	0	0	0	0	0	0	0	0	2	0	0	0	0
C6025	0	0	0	4	1	0	1	1	0	3	3	0	4	0	0	0	0	4	0	1	4	2	1	0	2	2	0	0	0	0	0	1	1	3	2	0	5	1	4	3	0	0	0	2	0	3	1	0	1	0	0	0	0	1	1	1	0	1	3	1	3	1	0	0	1	0	2	1	2	0	0	6	0	0	0	3	0	0
C6027	0	0	0	1	14	0	4	8	0	4	2	0	2	0	1	0	0	5	0	2	1	0	1	0	3	4	0	3	0	0	0	4	0	1	2	0	3	1	1	5	0	0	0	6	0	7	3	0	3	4	0	0	0	2	1	33	0	2	19	0	3	1	2	20	2	0	3	0	3	9	0	1	0	0	6	1	0	0
C6030	0	0	0	0	1	0	1	1	0	0	0	0	0	0	0	0	0	0	0	0	0	1	0	0	0	1	1	1	0	0	0	0	1	1	0	0	1	0	1	0	0	0	0	0	0	0	0	2	0	1	0	0	0	0	0	0	0	0	0	0	0	0	0	0	0	0	0	0	1	0	0	0	0	0	0	0	0	0
C6032	0	0	0	3	6	0	5	2	0	3	1	0	7	0	3	0	0	1	1	1	2	7	0	5	3	2	1	2	0	0	0	3	3	3	1	0	2	1	0	1	0	0	1	5	6	3	1	4	0	5	0	0	0	4	3	4	1	2	1	10	5	3	1	3	2	0	3	4	4	0	0	8	0	0	7	12	0	4
C6033	0	0	0	0	0	0	0	0	0	0	0	0	0	0	0	0	0	0	0	2	0	0	0	0	0	0	0	0	0	0	0	0	0	0	0	0	0	0	0	0	0	0	0	0	0	0	8	0	0	0	0	0	0	0	0	0	0	0	0	0	0	0	0	0	0	0	1	0	0	0	0	0	0	0	0	0	0	0
C6034	0	0	0	0	0	0	0	0	0	0	1	0	1	0	0	0	0	0	0	0	1	0	1	0	0	1	0	0	0	0	0	0	0	1	0	0	1	0	0	0	0	0	0	1	1	3	0	0	1	0	0	0	0	0	0	0	0	0	0	0	0	0	0	0	0	0	2	0	0	0	0	0	0	0	0	0	0	0
C6035	0	0	0	0	0	0	0	0	0	0	0	0	0	0	1	0	0	1	0	0	3	2	0	0	0	0	1	0	0	0	0	0	3	2	0	0	0	0	1	0	0	0	0	0	0	0	1	1	0	1	0	0	0	0	0	0	1	0	0	0	1	1	0	0	1	0	1	1	0	0	0	1	0	0	1	0	0	0
C6039	0	0	0	1	0	0	0	0	0	0	0	0	1	0	0	0	0	0	0	0	1	0	0	0	0	0	0	1	0	0	0	1	0	0	1	0	1	0	0	0	0	0	0	0	0	1	1	0	0	0	0	0	0	0	0	0	0	0	0	1	0	0	0	0	1	0	0	0	0	0	0	0	0	0	0	0	0	0
C6042	0	0	0	0	0	0	0	0	0	0	0	0	0	0	1	0	0	0	0	0	0	0	0	0	0	1	0	1	0	0	0	0	0	0	0	0	1	0	1	3	0	0	0	2	0	0	0	1	0	0	0	0	0	1	1	0	0	0	0	0	0	0	1	2	0	0	0	0	0	2	0	0	0	0	0	0	0	0
C6048	0	0	0	0	1	0	3	3	0	0	5	0	10	0	7	0	0	2	0	2	16	4	3	0	1	2	0	14	0	0	0	4	2	2	0	0	8	0	2	3	0	0	0	18	1	9	3	0	0	3	0	0	0	9	5	0	0	14	1	3	2	9	7	2	3	0	8	0	5	2	0	0	0	0	5	1	0	0
C6051	0	6	0	0	0	0	0	2	0	0	0	0	0	0	0	0	0	0	0	0	0	0	0	0	0	0	0	0	0	0	0	0	0	0	1	0	0	5	0	0	0	0	0	0	1	0	1	0	0	0	0	0	0	0	0	0	0	0	0	1	1	0	0	0	0	0	0	0	1	0	0	0	0	0	0	1	0	0
C6053	0	0	0	5	1	0	5	1	0	3	2	0	3	0	1	0	0	1	0	0	2	2	0	0	2	3	3	2	0	0	0	4	1	1	1	0	1	1	3	1	0	0	0	0	1	2	1	0	1	0	0	0	0	1	0	0	0	0	2	3	7	1	0	2	0	0	0	1	3	0	0	8	0	0	2	3	0	0
C6058	0	0	0	0	0	0	2	0	0	0	0	0	0	0	0	0	0	0	0	0	1	0	0	0	1	0	0	0	0	0	0	0	0	0	1	0	0	0	1	0	0	0	0	0	0	0	2	0	0	0	0	0	0	1	1	0	0	1	0	3	2	0	0	2	0	0	0	1	0	0	0	0	0	0	0	0	0	0
C6061	0	0	0	0	0	0	0	0	0	0	0	0	0	0	0	0	0	0	0	0	0	0	0	0	0	2	0	0	0	0	0	0	0	0	1	0	0	0	1	0	0	0	0	0	0	0	12	0	0	0	0	0	0	1	0	0	0	0	0	1	0	0	0	0	0	0	0	0	0	0	0	0	0	0	0	0	0	0
C6063	0	0	1	0	3	0	7	0	0	0	4	0	6	0	1	0	0	3	0	0	0	7	1	0	0	7	0	0	0	0	0	1	3	0	0	0	3	1	9	1	0	0	1	5	0	1	3	0	0	3	0	0	0	7	1	0	0	4	2	2	5	0	0	0	5	0	2	0	1	0	0	0	0	0	2	0	0	0
C6071	0	0	0	1	1	0	2	0	0	0	1	0	3	0	0	0	0	1	0	0	1	4	2	1	7	2	0	2	0	0	0	1	3	0	3	0	5	1	0	0	0	0	0	3	3	1	2	0	0	0	0	0	0	3	3	0	0	0	0	2	4	1	2	5	2	0	1	2	3	0	0	11	0	0	1	2	0	0
C6074	0	0	0	0	1	0	0	0	0	1	0	0	1	0	3	0	0	0	0	1	0	4	0	0	1	1	2	1	0	0	0	2	1	1	1	0	0	1	1	1	0	0	0	2	3	0	0	0	0	4	0	0	1	1	0	1	0	1	1	1	0	0	0	1	0	0	1	2	0	0	0	3	0	0	0	1	0	0
C6075	0	0	0	0	1	0	0	0	0	0	0	0	0	0	0	0	0	0	0	0	0	1	0	0	0	1	0	1	0	0	0	0	0	0	0	0	0	0	1	0	0	0	0	2	0	0	0	0	0	1	0	0	0	0	0	1	0	0	0	0	1	0	0	1	0	0	0	0	0	0	0	0	0	0	0	0	0	0
C6076	0	0	0	0	0	0	2	0	0	0	0	0	0	0	0	0	0	0	0	0	0	0	1	0	0	0	0	0	0	0	0	0	0	0	1	0	0	0	0	0	0	0	0	1	0	0	14	0	0	0	0	0	0	0	0	1	0	0	0	0	0	0	0	0	1	0	0	1	0	0	0	0	0	0	0	0	0	0
C6077	0	0	4	0	0	0	0	0	0	0	0	0	0	0	0	1	0	0	0	0	0	0	0	0	0	0	0	0	0	0	0	0	0	0	0	0	0	0	0	0	5	0	0	0	0	0	0	0	0	0	0	0	0	0	0	0	0	0	0	0	0	0	0	0	0	2	0	0	0	0	0	0	0	0	0	0	0	0
C6083	0	0	0	1	0	0	0	0	0	0	0	0	0	0	0	0	1	2	0	0	1	0	0	2	0	0	0	0	0	0	0	0	0	0	0	0	0	0	1	0	0	4	0	1	0	1	0	0	1	0	1	0	0	0	0	0	0	1	0	0	0	0	0	0	0	0	0	0	0	0	1	0	0	0	1	0	0	0
C6084	0	0	0	2	0	0	0	6	0	0	4	0	0	0	0	0	0	0	0	0	0	0	1	0	0	0	0	0	0	0	0	1	0	0	0	0	0	0	0	0	0	0	0	0	0	0	2	0	0	0	0	0	0	0	0	0	0	0	1	0	1	0	0	0	0	0	0	0	0	0	0	0	0	0	0	0	0	0
C6088	0	0	0	0	3	0	1	0	0	1	2	0	11	0	13	0	0	1	0	3	1	3	1	1	2	2	1	6	0	0	0	11	0	5	1	0	3	0	4	12	0	0	0	7	4	1	5	4	0	3	0	0	0	4	2	2	0	11	1	1	7	8	14	28	4	0	4	0	3	9	0	2	0	0	5	1	0	0
C6091	0	0	0	9	0	0	0	0	0	0	0	0	1	0	0	0	0	1	1	1	1	0	0	0	0	0	0	0	0	0	0	1	0	1	0	0	1	1	0	1	0	0	0	0	0	0	0	0	0	1	0	0	0	0	1	0	0	10	0	1	0	2	0	0	14	0	1	0	1	0	0	0	0	0	2	13	0	0
C6093	0	0	0	0	0	0	4	0	0	0	0	0	0	0	0	0	0	0	0	0	0	0	0	0	0	0	0	0	0	0	0	0	0	0	0	0	0	0	0	0	0	0	0	7	0	0	1	0	0	0	0	0	0	0	0	1	0	0	0	1	0	1	0	0	0	0	0	0	0	0	0	0	0	0	0	0	0	0
C6094	0	0	0	0	0	0	0	0	0	0	0	0	0	0	0	0	0	0	0	0	0	0	0	0	0	0	0	0	0	0	0	0	0	0	0	0	0	0	0	0	0	0	0	0	0	0	4	0	0	0	0	0	4	0	0	0	0	0	0	0	3	0	0	0	0	0	0	0	2	0	0	0	0	0	0	0	0	0
C6095	0	0	0	1	0	0	1	11	0	0	0	0	4	0	0	0	0	0	0	0	0	0	2	0	0	0	0	0	0	0	0	10	0	0	8	0	0	5	0	0	0	0	0	17	0	0	4	0	1	0	0	0	0	0	1	2	0	0	0	12	2	8	0	0	0	0	0	0	0	0	0	0	0	0	0	4	0	0
C6096	0	0	0	3	0	0	2	0	0	0	2	0	0	0	1	0	0	4	0	2	0	0	0	0	0	0	0	2	0	0	0	0	2	1	0	0	3	2	0	0	0	0	0	4	0	12	1	0	4	4	1	0	0	1	3	0	0	0	0	2	1	0	0	0	0	0	8	0	0	0	0	0	0	0	0	0	0	0
C6098	0	0	0	0	0	0	0	0	0	0	0	0	0	0	0	0	0	0	0	0	2	0	0	0	0	0	0	0	0	0	0	0	1	2	0	0	0	0	1	0	0	0	0	1	0	5	0	1	0	0	0	0	0	0	0	0	0	0	0	0	0	0	0	1	0	0	1	0	0	0	0	0	0	0	0	0	0	0
C6099	0	0	0	0	0	0	0	3	0	0	0	0	5	0	1	0	0	0	0	4	2	2	0	0	0	1	0	11	0	0	0	0	0	2	0	0	7	1	2	11	0	0	0	4	0	6	0	2	0	1	0	0	0	2	2	0	0	2	0	2	4	3	3	2	2	0	9	0	0	11	0	0	0	0	4	2	0	0
C6100	0	0	0	2	1	0	0	4	0	0	0	0	11	0	6	0	0	2	0	2	4	3	1	0	1	0	0	23	0	0	1	1	0	2	1	0	5	1	1	13	0	0	1	1	2	8	1	2	0	3	5	0	0	6	5	0	0	4	3	3	7	5	10	4	2	0	9	0	1	18	0	1	0	0	6	4	1	0
C6104	0	0	0	0	0	0	2	0	0	0	0	0	0	0	1	0	0	0	0	0	0	0	0	0	0	0	0	9	0	0	0	1	1	0	0	0	0	0	0	2	0	0	0	0	0	0	1	0	0	0	0	0	0	0	0	0	0	2	6	0	2	2	0	0	0	0	0	0	0	0	0	0	0	0	4	0	0	0
C6109	0	0	0	0	0	0	0	1	0	0	0	0	3	0	4	0	0	0	0	3	0	0	0	0	1	1	0	0	0	0	0	0	0	2	0	0	3	1	1	0	0	0	0	4	1	2	0	0	0	0	0	0	0	0	1	0	0	0	1	0	1	2	5	6	0	0	0	0	1	3	0	0	0	0	0	1	0	0
C6111	0	0	0	1	1	0	0	0	0	0	1	0	1	0	1	0	0	2	0	1	1	0	0	1	0	0	0	3	0	0	0	1	6	0	0	0	21	1	5	9	0	0	0	0	1	2	1	0	1	1	0	0	0	1	2	3	0	0	0	1	0	0	5	7	0	0	2	1	0	6	0	0	0	0	3	2	0	0
C6113	0	0	0	0	0	0	1	3	0	0	0	0	0	0	0	0	0	0	0	0	0	0	0	0	0	1	0	0	0	0	0	1	0	0	1	0	0	1	0	0	0	0	0	5	0	0	2	0	0	0	0	0	0	0	0	0	0	0	0	0	0	4	0	0	0	0	0	0	0	0	0	0	0	0	0	0	0	0
C6115	0	0	0	1	0	0	1	1	0	0	1	0	0	0	0	0	0	0	0	0	0	0	1	0	0	0	1	0	0	0	0	0	0	0	1	0	0	2	0	0	1	0	0	0	1	0	10	0	0	0	0	0	0	1	0	0	0	0	1	3	0	0	0	0	0	0	0	0	0	0	0	0	0	0	0	0	0	0
C6117	0	0	0	1	0	0	0	0	0	1	0	0	1	0	1	0	0	0	0	0	3	2	1	0	1	2	3	0	0	0	0	2	2	0	0	0	0	1	0	0	0	0	0	1	0	2	1	2	0	1	0	0	0	0	1	0	0	0	3	0	0	0	1	4	1	0	0	0	0	0	0	2	0	0	2	1	0	0
C6119	0	0	0	0	2	3	1	0	0	0	0	0	0	0	0	1	4	0	4	0	0	1	0	0	0	9	0	2	0	0	0	0	0	0	0	2	1	0	2	0	0	1	0	0	0	0	4	0	1	0	4	0	0	0	0	0	0	0	0	4	1	0	1	0	0	0	0	0	2	0	1	0	0	0	0	0	0	0
C6125	0	0	0	0	0	0	2	0	0	0	0	0	0	0	0	0	0	0	0	0	0	0	0	0	0	0	0	0	0	0	0	0	0	0	0	0	0	0	0	0	0	0	0	1	13	0	0	0	0	0	0	0	0	0	0	3	0	0	0	0	0	0	0	0	1	0	0	1	0	3	0	0	0	0	0	0	0	0
C6126	0	0	0	0	0	0	0	0	0	0	0	0	0	0	0	0	0	1	0	1	0	0	0	0	0	0	0	2	0	0	0	1	0	0	0	0	1	0	0	3	0	0	0	0	1	1	3	2	0	0	0	0	0	0	1	0	0	1	0	0	3	0	1	0	2	0	0	0	1	5	0	0	0	0	1	0	0	0
C6127	0	0	0	0	0	0	0	0	0	0	0	0	0	1	0	0	0	0	0	0	0	0	0	0	0	0	0	0	0	0	0	0	0	0	0	0	0	0	0	0	0	0	0	0	0	0	4	0	0	0	0	0	0	0	0	0	0	0	1	0	136	0	0	0	107	0	0	0	0	0	0	0	0	0	0	0	0	0
C6131	0	0	0	0	14	0	1	5	0	3	7	0	2	0	6	0	0	2	0	7	2	4	0	0	2	3	0	4	0	0	0	6	5	0	2	0	5	5	4	10	0	2	0	2	3	1	4	1	2	0	2	0	0	4	0	5	0	2	6	0	2	6	12	34	1	0	4	0	3	10	0	0	0	0	1	11	3	0
C6132	0	0	0	0	0	0	0	0	0	0	1	0	0	0	1	0	0	0	0	0	0	0	1	0	0	0	0	0	0	0	0	0	0	0	0	0	0	0	0	1	0	0	0	0	0	0	2	0	0	0	0	0	0	0	0	0	0	1	1	0	0	0	2	1	2	0	0	0	0	0	0	0	0	0	0	0	0	0
C6133	0	0	0	1	2	0	1	1	0	0	2	0	2	0	3	0	0	1	0	0	1	2	2	1	2	2	2	2	0	0	0	0	1	0	1	0	2	1	2	2	0	0	0	1	0	2	0	3	0	2	0	0	0	3	0	2	0	1	0	1	1	0	1	1	1	0	2	5	1	0	0	2	0	0	0	3	0	0
C6137	0	0	0	0	0	0	1	0	0	0	0	0	1	0	1	0	0	1	0	0	0	3	0	0	0	2	0	0	0	0	0	0	1	1	0	0	2	0	1	0	0	0	0	4	0	1	1	0	0	0	0	0	0	1	1	0	0	0	0	0	0	0	0	0	0	0	0	0	0	0	0	0	0	0	1	0	0	0
C6141	0	0	0	1	0	0	2	0	0	0	0	0	0	0	0	0	0	0	0	1	1	0	0	0	2	0	0	1	0	0	0	0	1	0	1	0	0	3	0	0	0	0	0	0	0	2	0	0	0	2	0	0	0	0	0	0	0	0	0	1	1	0	1	1	0	0	1	0	2	0	0	0	0	0	0	0	0	0
C6142	0	0	0	0	0	0	1	1	0	1	0	0	4	0	1	0	0	0	0	0	0	2	0	0	0	1	3	0	0	0	0	0	1	1	0	0	2	0	0	0	0	0	0	0	3	0	0	0	0	0	0	0	0	0	0	0	0	1	0	1	0	0	0	1	0	0	0	0	0	0	0	1	0	0	0	0	0	0
C6146	0	0	0	1	11	0	5	0	0	0	0	0	0	0	2	0	0	5	0	17	6	0	0	1	2	1	0	0	0	4	14	1	2	0	0	0	2	1	1	2	0	10	0	0	0	0	1	4	58	1	1	0	0	0	1	0	0	1	0	2	6	0	0	0	3	1	1	0	0	3	0	0	0	0	0	0	0	2
C6148	0	1	2	0	0	0	0	0	0	0	0	0	0	0	0	7	0	0	0	0	0	0	0	0	0	0	0	0	0	0	0	0	0	0	0	0	0	0	0	0	1	2	0	0	0	0	0	0	0	0	0	3	0	0	0	0	0	0	0	0	0	0	0	0	0	2	0	0	0	0	0	0	0	0	0	0	0	0
C6149	0	0	0	1	0	0	2	0	0	1	2	0	0	0	1	0	0	1	0	0	1	0	0	0	0	1	0	0	0	0	0	0	0	1	0	0	0	2	0	0	1	0	0	1	0	6	0	0	1	1	0	0	0	0	0	0	0	0	0	0	1	0	0	0	0	0	0	0	0	0	0	0	0	0	0	0	0	0
C6151	0	0	0	0	0	0	0	0	0	0	0	0	1	0	1	0	0	0	0	0	0	0	0	1	0	1	0	0	0	0	0	2	3	0	0	0	2	1	1	3	0	1	0	0	0	0	0	0	0	0	0	0	0	0	0	0	0	0	0	0	2	0	0	0	0	0	0	0	0	0	0	0	0	0	1	1	0	0
C6153	1	0	0	0	0	0	1	0	0	0	0	0	3	0	0	0	0	0	0	0	0	1	0	0	0	0	0	1	0	0	0	0	0	0	0	0	1	0	2	0	0	0	0	3	0	0	0	0	1	3	0	0	0	0	0	0	0	1	0	1	1	0	0	0	0	0	2	0	0	0	0	0	0	0	1	0	0	0
C6154	0	0	0	0	1	0	0	0	0	0	3	1	0	0	0	0	0	0	0	0	1	2	0	4	0	1	0	0	0	0	0	0	1	0	0	0	2	0	3	0	0	0	2	0	0	0	1	0	0	1	0	0	0	1	1	0	1	0	0	0	0	0	1	0	0	0	1	0	1	0	0	0	0	0	0	0	0	1
C6155	0	0	0	0	0	0	0	0	0	0	0	0	0	0	2	0	0	0	0	0	0	2	0	0	0	7	0	0	0	0	0	5	8	0	5	0	1	1	13	0	0	0	0	1	0	0	10	0	0	0	0	0	0	2	0	0	0	0	0	5	1	1	0	0	13	0	0	0	0	0	0	0	0	0	0	0	0	0
C6156	0	0	0	0	0	0	0	0	0	0	0	0	0	0	0	0	0	0	1	0	0	0	0	0	0	0	0	0	0	0	0	0	0	0	0	0	0	0	0	0	0	13	0	0	0	0	0	0	0	0	0	0	0	0	0	0	0	0	0	0	0	0	0	0	0	0	0	0	1	0	1	0	0	0	0	0	0	0
C6159	0	0	0	0	0	0	0	0	0	0	0	0	1	0	0	0	0	1	0	0	0	0	0	0	0	0	0	0	0	1	0	0	3	1	2	0	1	0	0	0	0	0	0	2	0	0	21	0	0	0	0	0	0	0	1	0	0	0	0	2	2	1	0	0	0	0	0	0	0	0	0	0	0	0	0	0	0	0
C6162	0	0	0	0	0	0	0	2	0	0	0	0	0	0	0	0	0	0	0	0	0	0	0	0	0	0	0	0	0	0	0	0	0	0	2	0	0	3	0	0	2	2	0	0	0	0	0	0	0	0	0	0	0	0	1	1	0	0	2	6	0	0	0	0	0	0	0	0	0	0	0	0	0	0	0	0	0	0
C6167	0	0	0	0	0	0	0	0	0	0	1	0	0	0	0	0	0	0	0	0	0	0	0	0	0	0	0	0	0	0	0	0	0	0	0	0	3	0	0	0	0	0	0	2	0	3	0	0	0	0	0	0	0	2	0	0	0	0	0	0	0	0	0	0	0	0	0	0	0	0	0	0	0	0	0	0	0	0
C6168	0	0	0	0	0	0	1	0	0	0	0	0	0	0	0	0	0	0	0	0	0	0	0	0	0	0	0	0	0	0	2	1	0	0	0	0	0	0	0	0	0	0	0	0	0	2	3	0	1	0	0	0	0	0	0	0	0	0	0	0	0	0	0	0	0	0	1	0	0	0	0	0	0	0	0	0	0	0
C6169	0	0	0	0	3	0	0	0	0	2	2	0	3	0	5	0	0	2	0	1	2	0	0	0	1	4	0	4	0	0	0	3	1	0	0	0	8	6	3	6	0	0	0	0	2	1	0	1	0	2	1	0	0	1	0	1	0	1	2	0	2	7	4	6	0	0	1	1	0	17	0	0	0	0	1	9	0	0
C6173	0	0	0	0	0	0	2	0	0	0	0	0	0	0	0	0	0	0	0	0	0	0	0	0	0	1	0	0	0	0	0	1	0	0	0	0	0	0	0	0	0	0	0	5	0	0	2	0	0	0	0	0	0	0	0	0	0	0	0	0	0	0	0	0	0	0	1	0	0	0	0	0	0	0	0	0	0	0
C6175	0	0	0	0	0	0	3	0	0	0	0	0	0	0	0	0	0	1	1	1	0	0	0	0	0	0	0	0	0	0	0	1	1	0	2	0	0	0	0	5	0	0	0	0	3	2	18	2	0	1	0	0	0	2	0	0	0	40	0	2	2	3	0	1	19	0	0	0	2	1	0	0	0	0	1	9	0	0
C6183	0	0	0	0	0	0	1	0	0	0	1	0	0	0	0	0	0	0	0	0	0	0	0	1	0	0	0	0	0	0	0	0	0	0	1	0	1	1	0	2	0	0	0	0	0	0	4	0	0	0	0	0	0	0	0	0	0	0	3	1	10	0	0	0	8	0	0	0	0	0	0	0	0	0	0	0	0	0
C6184	0	0	0	1	1	0	2	0	0	0	1	0	1	0	1	0	0	0	0	0	1	0	1	0	1	1	0	1	0	0	0	0	0	0	0	0	0	3	1	0	0	0	0	0	3	0	0	0	0	1	0	0	0	0	0	1	0	1	0	1	1	0	0	0	0	0	0	0	2	0	0	3	0	0	0	1	0	0
C6190	0	0	0	1	1	0	0	0	0	2	0	0	1	0	6	0	0	1	0	0	0	0	0	0	0	0	0	1	0	0	0	0	0	1	0	0	0	0	0	2	0	0	0	0	0	2	0	0	0	0	0	0	0	5	2	0	0	1	0	0	0	4	6	6	1	0	0	0	1	2	0	0	0	0	2	1	0	0
C6198	0	0	0	0	12	0	1	2	0	1	1	0	1	0	1	0	0	2	0	0	4	0	1	0	1	3	1	1	0	0	0	5	3	2	0	0	2	1	3	0	0	0	0	8	1	1	0	0	1	1	0	0	0	1	1	9	0	5	14	3	1	3	2	0	3	0	5	0	2	2	0	0	0	0	3	0	0	0
C6200	0	0	0	0	1	0	0	0	0	0	0	0	0	0	0	0	0	0	0	2	0	0	1	0	0	0	0	0	0	0	0	0	1	0	0	0	1	2	1	2	0	0	0	1	0	1	0	0	0	0	0	0	0	1	0	0	0	0	0	1	1	0	0	0	0	0	1	0	0	0	0	0	0	0	0	0	0	0
C6202	0	0	0	1	2	0	0	2	0	0	3	0	3	0	1	0	0	0	0	1	2	1	1	0	2	1	2	2	0	0	0	1	0	2	1	0	1	1	3	0	0	0	0	1	2	0	0	0	0	3	0	0	0	1	1	1	0	2	0	3	2	1	1	3	0	0	0	0	0	0	0	2	0	0	0	0	0	0
C6207	0	0	0	0	0	0	14	0	0	0	2	0	0	0	0	0	0	1	0	0	0	0	1	0	0	0	0	0	0	1	1	0	0	0	0	0	0	2	0	0	0	4	0	0	1	1	4	0	1	0	0	0	0	0	0	0	0	1	0	3	0	0	0	0	1	0	0	0	0	0	0	0	0	0	0	0	0	0
C6209	0	0	0	2	8	0	14	1	0	0	10	1	6	0	5	0	0	20	0	11	14	3	25	0	1	30	2	7	0	0	0	8	20	2	1	0	21	5	5	39	0	1	0	10	2	3	5	2	12	4	2	0	1	13	1	1	0	6	5	21	7	3	16	0	0	0	14	0	1	11	0	0	0	0	10	2	0	0
C6211	0	0	0	0	0	0	0	0	0	0	0	0	0	0	0	0	0	0	0	0	0	0	0	0	0	0	0	0	0	0	0	0	0	0	0	0	0	0	0	0	0	0	0	0	30	0	0	0	0	0	0	0	0	0	0	0	0	0	0	0	0	0	0	0	0	0	0	0	0	0	0	0	0	0	0	0	0	0
C6212	0	0	0	0	1	0	0	0	0	0	0	0	0	0	0	0	0	0	0	0	0	0	0	0	0	0	0	0	0	0	0	1	0	1	0	0	1	0	0	0	0	0	0	0	0	2	0	0	1	0	0	0	0	0	0	2	0	0	0	0	0	0	0	0	1	0	0	0	0	0	0	0	0	0	2	0	0	0
C6213	0	0	0	0	0	0	0	0	0	0	5	0	0	0	0	0	0	1	0	0	0	0	0	0	1	0	0	3	0	0	0	16	0	0	65	0	0	0	0	0	0	0	0	0	0	0	18	0	3	0	0	0	0	1	0	0	0	0	7	0	12	0	0	0	0	0	0	0	1	0	0	0	0	0	0	0	0	0
C6216	0	0	0	0	0	0	0	2	0	1	0	0	0	0	0	0	0	0	0	0	0	0	0	0	0	0	0	0	0	0	0	0	0	0	0	0	0	0	0	4	0	0	0	1	0	1	0	0	0	0	0	0	0	0	0	3	0	0	1	0	0	1	0	0	0	0	0	0	0	4	0	0	0	0	1	1	0	0
C6217	0	0	0	0	0	0	0	0	0	0	0	0	0	0	0	0	0	1	0	0	0	0	0	0	0	0	0	0	0	0	0	0	0	0	0	0	0	0	0	0	0	0	0	0	0	0	9	0	0	0	0	0	0	0	0	0	0	0	0	0	5	1	0	0	1	0	0	0	0	0	0	0	0	0	0	0	0	0
C6218	0	0	0	0	0	0	1	0	0	0	2	0	0	0	0	0	0	0	0	0	0	1	0	1	0	0	0	0	0	0	0	0	0	1	0	0	0	0	1	0	0	0	1	2	0	0	0	0	0	0	0	0	0	0	2	0	0	0	0	0	0	0	0	0	2	0	0	0	1	0	0	1	0	0	1	0	0	0
C6224	0	0	0	0	0	0	0	0	0	1	0	0	0	0	0	0	0	0	0	0	0	0	0	0	0	0	2	0	0	0	0	0	0	0	0	0	0	3	0	0	0	0	0	0	0	0	5	0	0	0	0	0	0	0	0	0	0	0	2	0	0	0	0	0	4	0	0	0	1	0	0	0	0	0	0	0	0	0
C6228	0	0	0	1	1	0	0	0	0	0	0	0	0	0	0	0	0	1	0	0	1	1	0	0	0	1	0	1	0	0	0	1	0	0	0	0	0	0	0	0	0	0	0	0	0	2	0	0	0	1	0	0	0	0	0	0	0	0	0	0	0	0	1	0	1	0	0	0	0	0	0	1	0	0	0	0	0	0
C6229	0	0	0	0	1	0	1	0	0	0	0	0	1	0	1	0	0	0	0	0	1	0	0	0	0	0	0	1	0	0	0	0	0	0	0	0	1	0	0	0	0	0	0	1	0	0	0	0	0	0	0	0	0	0	0	1	0	0	1	1	0	1	0	0	0	0	2	0	0	0	0	0	0	0	0	0	0	0
C6230	0	0	0	0	1	0	1	0	0	0	0	0	0	0	1	0	0	1	0	2	0	1	1	0	0	1	0	4	0	0	0	0	0	0	0	0	6	0	1	3	0	0	0	0	0	0	5	1	0	0	0	0	0	4	0	0	0	7	0	1	1	0	1	1	4	0	1	0	0	0	0	0	0	0	3	0	0	0
C6234	0	0	0	0	6	0	2	3	0	0	3	0	4	0	1	0	0	4	0	1	0	2	2	0	1	2	0	2	0	0	0	2	3	0	0	0	5	1	4	1	0	0	0	3	1	1	2	0	2	1	0	0	0	3	0	2	0	4	6	3	1	4	1	0	1	0	3	0	1	0	0	0	0	0	2	1	0	0
C6238	0	0	0	1	2	0	2	0	0	0	1	0	0	0	0	0	1	1	0	0	1	0	0	0	0	0	0	0	0	1	1	0	1	0	0	0	1	1	0	0	0	2	0	1	0	6	1	0	1	1	2	0	0	1	0	0	0	0	0	0	0	0	0	0	0	0	1	0	0	1	1	0	0	0	0	1	2	0
C6239	0	0	0	2	7	0	0	6	0	0	3	0	2	0	0	0	0	2	0	1	0	1	0	0	3	2	1	1	0	0	0	0	3	0	0	0	3	1	3	1	0	0	0	1	1	3	1	2	1	2	0	0	0	0	1	7	0	0	5	0	1	0	2	4	0	0	1	0	1	2	0	0	0	0	0	0	1	0
C6242	0	0	0	1	0	0	0	0	0	0	0	0	4	0	1	0	0	0	0	2	1	2	0	0	0	0	0	3	0	0	0	2	1	1	0	0	4	0	1	2	0	0	0	0	1	1	0	2	0	2	0	0	0	0	1	0	0	0	0	0	2	0	0	1	0	0	2	0	1	3	0	0	0	0	1	2	0	0
C6245	0	0	0	1	1	0	0	0	0	0	3	0	0	0	1	0	0	0	0	0	1	0	1	0	0	1	0	0	0	0	0	0	1	0	1	0	0	3	0	2	0	0	0	0	0	1	0	0	0	0	0	0	0	0	0	0	0	1	0	0	0	2	4	3	0	0	1	0	0	0	0	0	0	0	0	1	0	1
C6246	0	0	1	0	1	0	449	56	0	0	1	0	9	0	0	2	0	0	0	0	0	0	2	0	0	32	2	0	0	3	0	47	1	0	4	0	7	12	2	9	0	0	40	686	0	0	118	0	0	0	0	0	0	1	5	45	0	0	4	21	5	66	0	0	12	1	0	3	0	0	2	0	0	0	0	15	0	0
C6248	0	0	9	0	0	0	0	0	0	0	0	0	0	0	0	0	0	0	0	0	1	0	0	0	0	0	0	0	0	0	0	1	0	0	0	0	0	0	0	0	0	0	0	0	0	0	0	0	5	0	0	5	0	0	0	0	0	0	0	0	0	0	0	0	0	0	0	0	0	0	0	0	0	0	0	0	0	0
C6250	0	0	1	0	5	0	0	0	0	0	0	0	0	0	0	0	1	0	0	0	2	0	0	0	0	0	0	0	0	0	0	2	0	0	0	0	0	0	0	0	0	0	0	0	0	0	0	0	206	0	1	1	0	0	0	0	0	0	1	0	4	0	1	0	0	0	0	0	0	1	1	0	0	0	0	0	0	0
C6251	0	0	0	0	0	0	0	0	0	0	0	0	0	0	0	0	0	0	0	0	0	0	0	0	0	0	0	0	0	0	0	0	0	0	0	0	0	0	0	1	0	0	0	0	0	0	0	0	10	0	0	0	10	0	0	0	0	0	0	0	0	0	0	0	3	0	0	0	0	0	0	0	4	0	0	0	0	0
C6253	0	0	0	8	4	0	3	0	0	0	0	0	0	0	0	0	0	0	2	0	0	7	0	2	1	0	0	1	1	0	0	0	0	0	0	0	0	0	0	0	0	2	0	1	0	0	0	0	9	0	4	0	0	1	0	0	1	0	0	4	0	0	0	0	0	0	3	0	0	0	1	0	0	0	0	0	3	0
C6255	1	0	0	6	0	0	0	0	0	0	2	0	0	0	2	0	0	0	0	0	3	0	0	0	0	2	0	0	0	0	0	10	0	0	29	0	0	34	0	17	0	0	0	0	0	0	2	0	292	0	0	0	0	0	0	0	0	0	76	0	3	0	11	0	0	0	0	0	0	0	0	0	0	0	0	0	0	0
C6259	0	0	0	0	0	0	0	1	0	1	1	0	0	0	0	0	0	0	0	0	1	0	0	0	0	0	0	0	0	0	0	0	0	0	0	0	0	0	0	0	0	0	0	1	0	1	0	0	2	2	0	0	0	0	0	0	0	0	0	0	1	0	0	0	0	0	2	0	0	0	0	0	0	0	1	0	0	0
C6260	1	0	2	0	0	0	1	2	0	0	0	0	0	0	1	2	0	0	0	0	0	0	0	0	1	0	0	0	0	0	0	1	0	0	1	0	0	0	1	1	0	0	0	1	0	0	1	0	0	0	0	0	0	2	0	1	0	1	0	0	1	1	0	0	0	0	2	0	0	1	0	0	0	0	0	0	0	0
C6261	0	0	0	0	0	0	0	0	0	0	0	0	0	0	0	0	0	0	0	0	0	0	0	0	0	0	0	0	0	0	0	0	0	0	0	0	0	0	0	0	0	0	0	0	0	0	0	0	26	0	0	0	0	0	0	0	0	0	0	0	0	0	0	0	0	0	0	0	0	0	0	0	0	0	0	0	0	0
C6262	0	0	0	0	0	0	0	0	0	4	2	0	0	0	0	0	0	0	0	0	23	0	4	0	0	4	0	0	0	0	0	0	0	1	0	0	0	4	0	2	0	0	0	0	0	0	0	0	25	0	0	0	0	0	0	0	0	0	0	0	1	0	0	0	0	0	0	0	0	0	0	0	0	0	2	0	0	0
C6263	0	0	2	0	0	0	0	0	0	0	0	0	0	0	0	0	0	0	0	0	0	0	2	0	0	0	0	0	0	0	0	0	0	0	0	0	0	0	0	0	0	0	0	0	0	0	0	0	8	0	0	0	0	0	0	0	0	0	0	0	0	0	0	0	0	0	0	0	0	0	0	0	0	0	0	0	0	0
C6265	0	0	0	0	0	0	0	0	0	0	0	0	0	0	0	0	0	1	0	0	0	0	0	0	2	2	0	0	0	0	0	1	1	0	0	0	0	2	1	0	0	0	0	0	0	0	0	0	141	0	0	0	0	0	0	0	0	2	0	0	0	0	0	0	0	1	0	0	0	0	0	1	0	0	0	0	0	1
C6266	0	0	0	0	0	0	0	0	0	0	0	0	0	0	0	0	0	0	0	0	0	0	0	0	0	0	0	0	0	0	0	0	0	0	0	0	1	0	0	0	0	0	0	0	0	0	0	0	74	0	3	0	0	0	0	0	1	0	0	0	0	0	0	0	0	0	0	0	0	0	0	0	0	0	0	0	0	0
C6267	0	0	0	0	0	0	0	0	0	0	0	0	0	0	0	0	0	0	0	0	0	0	0	0	0	0	0	0	0	0	0	0	1	1	2	0	0	0	0	0	0	0	0	0	0	0	107	0	0	0	0	0	0	0	0	0	0	0	0	0	10	0	0	0	16	0	0	0	0	0	1	0	0	0	0	2	0	0
C6268	0	0	0	0	0	0	0	0	0	0	0	0	0	0	0	0	0	0	0	0	0	0	0	0	0	0	0	0	0	0	0	0	1	0	0	0	0	0	0	2	0	0	0	0	0	0	0	0	12	0	0	0	0	0	0	0	0	0	0	0	6	0	1	0	0	0	0	0	0	1	0	0	0	0	0	0	0	0
C6269	0	0	0	0	0	0	0	0	0	0	0	0	0	0	0	0	0	0	0	0	0	0	0	0	0	0	1	0	0	0	0	0	0	0	0	0	0	0	0	0	0	0	0	0	0	0	0	0	228	0	0	0	0	0	0	0	0	0	0	0	2	0	0	0	0	0	0	0	0	0	0	0	0	0	0	0	0	0
C6270	0	0	0	0	0	0	0	0	0	1	0	0	0	0	0	0	0	0	0	0	0	0	0	0	0	0	0	0	0	0	0	0	0	0	0	0	0	0	0	0	0	1	0	0	1	0	1	0	4	0	0	0	0	0	0	0	0	0	0	0	0	0	0	0	11	0	0	0	0	0	1	0	0	0	0	5	0	0
C6273	0	0	0	1	1	0	1	0	0	0	0	0	0	0	1	0	0	0	1	0	1	2	0	0	1	2	2	3	0	0	0	0	0	1	2	0	2	3	1	0	0	0	0	2	2	1	0	0	0	2	0	0	1	0	1	1	0	2	3	0	2	1	0	2	0	0	1	0	0	0	0	2	0	0	0	2	0	0
C6275	0	0	3	1	0	0	0	0	0	2	6	0	0	0	0	0	0	0	7	32	0	4	0	0	0	4	4	0	0	0	3	14	0	0	519	0	0	18	0	3	0	0	0	0	0	0	171	5	65	0	0	0	6	0	0	1	0	0	0	0	112	0	0	0	1	0	0	0	0	0	0	0	8	0	0	0	0	1
C6278	0	0	0	1	0	0	0	0	0	0	1	0	0	0	0	0	0	0	0	0	0	0	0	0	0	0	0	0	0	0	0	0	0	0	0	0	0	0	0	0	0	0	0	0	0	0	0	0	5	0	0	0	0	0	0	0	0	0	0	0	0	0	2	0	2	0	0	0	0	0	0	0	0	0	0	0	0	0
C6279	0	0	0	1	0	0	2	0	0	2	0	0	0	0	0	0	0	1	0	1	1	0	1	0	0	1	0	0	0	0	0	0	1	0	0	0	0	0	0	5	0	0	0	0	0	0	16	0	4	1	0	2	0	0	0	0	0	0	0	0	2	0	2	0	2	0	0	0	0	0	0	0	0	0	0	3	0	1
C6285	0	0	0	6	9	0	1	0	0	0	3	0	2	0	9	0	0	3	0	2	2	10	0	0	1	2	1	1	0	0	1	10	15	0	0	0	58	0	16	10	0	0	0	1	0	0	4	4	2	2	0	0	0	0	1	1	0	0	2	1	5	6	7	5	8	0	4	0	2	16	0	0	0	0	2	4	1	0
C6286	0	0	0	0	0	0	0	0	0	0	0	0	0	0	1	0	0	1	0	0	0	0	0	0	0	0	0	0	0	0	0	0	1	0	0	0	1	3	0	0	0	0	0	1	0	0	0	0	2	0	0	0	0	0	0	0	0	0	0	0	0	0	1	0	0	0	0	0	0	0	0	0	0	0	0	0	0	0
C6290	0	0	0	1	1	0	2	0	0	0	0	0	0	0	0	0	0	1	0	1	0	0	3	0	0	0	0	0	0	0	1	0	0	0	0	0	3	2	0	3	0	0	0	0	0	0	1	0	3	0	0	0	0	0	0	0	0	0	0	3	2	0	1	0	0	0	0	0	0	0	0	0	0	0	0	0	0	0
C6291	0	0	0	0	0	0	1	0	0	0	2	0	2	0	0	0	0	0	0	0	0	0	0	0	0	0	0	1	0	0	0	0	1	2	0	0	2	0	0	0	0	0	0	4	0	3	0	0	0	0	0	0	0	0	1	0	0	0	0	0	0	0	0	0	0	0	1	0	0	0	0	0	0	0	1	0	0	0
C6292	0	0	0	9	1	0	0	0	0	8	0	0	0	0	1	0	0	1	0	2	5	0	1	0	1	2	4	7	0	0	0	0	20	1	0	0	0	4	0	9	0	0	0	1	0	0	2	0	19	1	1	0	0	0	0	0	0	0	2	1	9	0	0	0	4	0	0	0	0	0	0	0	0	0	0	0	0	1
C6297	0	0	0	0	0	0	4	0	0	0	1	0	0	0	0	0	0	0	0	0	2	0	0	0	0	4	0	0	0	0	0	1	0	0	0	0	4	0	4	0	0	0	0	2	0	2	0	0	0	2	0	0	0	1	0	0	0	1	1	1	0	0	0	0	2	0	0	0	0	0	0	0	0	0	0	0	0	0
C6298	0	0	0	0	0	1	0	0	0	0	0	0	0	0	0	0	0	0	0	0	0	0	0	0	0	1	0	0	0	0	0	0	0	0	0	0	1	0	0	1	0	1	0	0	2	0	0	0	0	0	1	0	0	0	0	0	0	0	2	0	0	0	0	1	0	0	0	0	0	0	0	0	0	0	0	1	0	0
C6301	0	0	0	0	4	1	1	0	0	0	0	3	0	0	0	0	1	5	2	4	0	0	0	0	1	0	0	0	0	1	12	0	2	1	0	0	3	2	0	3	0	17	0	0	1	0	0	0	17	0	5	0	0	0	0	1	0	0	1	3	1	1	2	0	0	0	0	0	0	0	0	0	1	0	1	0	1	0
C6303	0	0	0	8	2	0	2	1	0	0	1	0	0	0	1	0	0	0	0	0	3	2	0	0	1	2	1	2	0	0	0	0	1	0	0	0	19	1	7	1	0	1	0	1	0	2	9	2	0	2	0	0	0	0	1	0	0	1	0	0	3	0	0	0	2	0	2	0	1	9	0	0	0	0	0	1	0	0
C6311	0	0	0	0	0	0	0	0	0	0	0	0	0	0	0	0	0	1	0	0	0	0	0	0	0	1	0	0	0	0	0	0	0	0	0	0	0	0	0	0	0	0	0	0	0	0	0	0	16	0	20	0	0	0	0	0	1	0	0	0	0	0	0	0	0	0	0	0	0	90	1	0	0	0	2	0	0	0
C6314	0	0	0	3	0	0	0	0	0	0	0	0	0	0	0	0	0	0	0	1	1	0	0	0	0	0	0	0	0	0	0	0	0	0	0	0	0	0	0	2	0	0	0	1	0	1	0	0	3	0	0	0	0	0	0	0	0	0	2	0	1	0	1	0	0	0	1	0	0	0	0	0	0	0	0	0	0	0
C6316	0	0	0	1	1	0	372	88	3	2	4	0	9	2	0	0	0	0	0	0	1	0	1	0	0	51	3	0	0	0	0	46	0	0	58	0	2	28	0	4	0	0	20	1192	1	0	201	0	2	0	0	0	0	0	7	111	0	0	3	39	6	62	0	0	19	0	0	18	0	0	0	0	0	0	0	11	0	0
C6320	0	0	0	0	0	0	1	0	0	1	5	0	0	0	0	0	0	1	0	0	0	0	0	0	0	0	0	2	0	0	0	0	0	0	0	0	1	0	1	0	0	0	0	5	0	4	0	0	2	5	0	0	0	0	0	1	0	0	1	4	0	1	0	0	0	0	8	0	0	0	0	0	0	0	2	0	0	0
C6323	4	2	1	0	0	0	1	2	0	3	1	0	3	0	1	0	0	2	0	0	2	3	1	0	0	0	1	1	0	0	0	2	1	2	2	0	0	2	2	2	0	0	0	0	1	1	0	3	1	2	0	0	0	0	2	1	0	1	2	3	3	0	1	1	2	0	1	3	1	0	0	3	0	0	2	3	0	0
C6325	0	0	0	0	0	0	0	0	0	0	0	1	0	0	0	0	0	0	0	0	0	0	0	2	0	0	0	0	0	0	0	0	0	0	0	0	0	0	0	0	0	8	1	0	0	0	0	0	0	0	2	0	0	0	0	0	1	0	0	0	0	0	0	0	0	0	0	0	0	0	0	0	0	0	0	0	4	0
C6327	0	0	0	4	3	0	4	0	0	0	1	2	0	0	0	0	3	2	1	5	3	0	1	0	3	3	0	0	0	1	0	0	2	1	0	0	10	3	3	3	0	3	0	1	1	1	2	0	9	3	1	0	0	2	0	0	1	3	0	1	3	0	8	0	0	0	6	0	0	1	0	0	1	0	1	1	0	0
C6329	0	0	0	0	1	0	2	1	0	0	0	0	2	0	0	0	0	0	0	1	0	3	2	0	1	2	1	1	0	0	0	2	2	1	2	0	3	1	2	2	0	0	0	3	2	1	1	2	1	2	0	0	0	2	1	1	0	1	1	3	2	0	0	0	0	0	0	0	2	0	0	2	0	0	4	0	0	0
C6331	0	0	0	1	1	0	0	0	0	1	0	0	1	0	0	0	0	0	0	0	0	0	0	0	0	0	1	1	0	0	0	0	0	0	0	0	0	0	2	0	0	0	0	0	1	1	0	0	0	2	0	0	1	0	0	0	0	1	0	1	0	0	0	0	0	0	0	0	0	0	0	0	0	0	1	1	0	0
C6332	0	0	0	0	0	0	0	0	0	0	0	0	0	0	1	0	0	0	0	0	0	2	0	0	1	0	1	0	0	0	0	0	0	0	0	0	0	0	0	3	0	0	0	0	0	0	0	1	1	0	0	0	0	0	3	1	0	3	1	1	3	1	0	0	0	0	0	0	1	1	0	0	0	0	0	0	0	1
C6333	0	0	0	2	2	0	2	0	0	1	2	0	3	0	1	0	0	0	0	0	2	0	1	0	4	2	2	3	0	0	0	2	2	2	0	0	2	0	1	0	0	0	0	1	1	2	0	0	1	2	0	0	0	3	1	4	1	0	1	0	0	0	0	3	0	0	0	1	1	0	0	1	0	0	5	1	0	0
C6335	0	0	0	0	2	0	0	5	0	1	0	0	1	0	2	0	0	2	0	2	4	3	0	0	0	1	0	5	0	0	0	0	0	0	0	0	3	2	1	7	0	0	0	2	0	6	0	1	0	1	0	0	0	3	1	3	0	2	0	0	0	3	5	2	0	0	4	0	1	5	0	0	0	0	1	1	0	0
C6336	1	0	0	0	0	0	0	0	0	1	0	0	0	0	0	0	0	0	0	0	0	0	0	0	0	0	0	0	0	0	0	0	1	1	0	0	0	0	0	1	0	0	0	0	0	0	1	0	4	0	0	0	0	0	0	0	0	0	0	0	0	0	0	0	5	0	0	0	0	1	0	0	0	0	1	0	0	0
C6337	0	0	0	0	1	0	0	0	0	0	0	0	1	0	0	0	0	0	0	0	0	0	1	0	0	1	0	1	0	0	0	0	1	1	2	0	1	1	0	0	0	0	0	0	1	1	0	1	0	0	0	0	0	0	0	2	0	0	1	0	0	0	0	0	0	0	0	0	2	0	0	1	0	0	0	0	0	0
C6338	0	0	0	0	0	0	0	0	0	0	0	0	0	0	0	1	0	0	0	1	1	0	0	0	0	0	0	0	0	1	0	0	0	0	0	0	0	0	0	2	0	0	0	0	0	0	0	0	0	6	0	0	0	0	0	0	0	0	0	0	0	0	0	0	0	0	0	0	0	0	0	0	1	0	0	0	0	0
C6339	0	0	0	0	0	0	0	0	0	0	0	0	0	0	0	0	0	0	0	0	0	0	0	0	0	0	0	0	0	0	0	0	0	0	0	0	0	0	0	0	0	0	0	0	0	0	0	0	0	12	0	0	0	0	0	0	0	0	0	0	0	0	0	0	0	0	0	0	0	0	0	0	0	1	0	0	0	0
C6341	0	0	0	0	0	0	0	0	0	0	1	0	0	0	0	0	0	0	0	5	0	0	1	0	0	0	0	1	0	3	0	0	0	0	0	0	0	0	0	1	0	0	0	0	0	0	0	0	60	0	0	0	0	1	0	0	0	0	1	0	3	0	0	0	0	0	0	0	0	0	0	1	0	0	0	0	0	0
C6342	0	0	0	0	5	0	0	0	0	0	0	0	0	0	1	0	1	3	0	0	1	0	1	1	1	0	0	0	0	0	0	0	0	0	0	0	0	1	0	0	0	0	0	1	0	1	0	0	11	0	0	0	0	2	0	1	0	2	0	2	0	0	1	0	0	0	1	0	0	0	0	0	0	0	0	0	0	0
C6343	0	0	0	1	0	0	2	0	0	0	57	0	0	0	2	0	0	0	0	3	55	0	25	0	3	5	0	0	0	0	0	45	0	0	0	0	13	3	0	1	0	0	0	0	0	0	10	0	58	0	0	0	0	0	0	5	0	3	1	33	5	15	0	0	115	0	0	7	1	20	0	0	0	0	1	0	0	0
C6344	9	0	0	36	0	0	0	0	0	1	2	0	0	0	0	0	0	0	0	0	0	0	0	0	0	0	2	0	0	0	0	0	0	0	0	0	0	0	0	0	0	0	0	0	0	0	0	0	164	2	0	0	0	0	0	0	0	0	0	0	0	0	0	0	0	0	0	0	0	0	0	0	0	0	0	0	0	0
C6347	0	0	0	0	2	0	1	0	0	0	0	0	0	0	0	0	0	2	0	1	1	0	0	0	1	0	0	0	0	0	0	0	0	0	0	0	0	2	0	0	0	0	0	0	0	2	0	0	7	0	0	0	0	0	0	0	0	0	1	0	0	1	1	0	0	0	1	0	0	0	0	0	0	0	0	0	0	0
C6348	0	0	0	0	0	0	0	0	0	0	0	0	0	0	0	0	0	0	0	0	0	0	0	0	1	0	2	0	0	0	0	0	0	0	0	0	0	4	0	2	0	0	0	0	0	0	0	0	15	0	0	0	0	1	0	0	0	0	0	0	0	0	0	0	0	0	0	0	0	0	0	0	0	0	0	1	0	0
C6349	0	0	0	0	0	0	0	0	0	0	0	0	0	0	0	0	0	0	0	0	0	0	0	0	0	0	0	0	0	0	0	0	0	0	0	0	0	0	0	0	0	0	0	0	0	0	0	0	0	0	0	1	0	0	0	0	0	0	0	0	0	0	0	0	0	0	0	0	0	0	0	0	0	22	0	0	0	0
C6352	0	0	0	0	1	0	2	1	0	1	4	0	4	0	2	0	0	0	0	0	0	5	0	1	2	6	2	2	0	0	0	0	4	4	1	0	2	3	2	1	0	0	1	2	0	1	2	0	0	4	0	0	0	0	0	0	0	1	3	1	3	2	0	1	0	0	2	1	2	0	0	2	0	0	2	1	0	0
C6354	0	0	1	0	0	0	1	0	0	0	1	0	1	0	1	0	0	0	0	0	0	0	0	0	0	2	0	0	0	0	0	0	0	0	0	0	1	3	1	0	0	0	0	1	0	9	0	1	3	2	0	0	0	0	1	0	0	0	0	0	0	0	0	0	0	0	0	0	0	0	0	0	0	0	1	0	0	0
C6355	0	0	0	2	0	0	3	0	0	2	0	0	0	0	0	0	0	2	0	0	4	0	2	0	0	1	0	0	0	0	0	0	0	0	0	0	2	1	0	2	0	0	0	5	0	9	0	0	5	3	0	0	0	1	0	0	0	0	0	1	0	1	0	0	0	0	7	0	1	1	0	0	0	0	3	0	0	0
C6356	0	0	0	2	0	0	0	0	0	0	0	0	0	0	1	0	0	1	0	0	2	0	1	0	0	1	1	0	0	0	1	0	0	0	0	0	3	3	0	0	0	4	0	2	0	2	0	0	2	3	1	0	0	2	0	0	0	0	0	1	1	0	0	0	0	0	2	0	0	0	0	0	0	0	0	0	0	0
C6360	0	0	0	0	3	0	1	0	0	0	0	0	0	0	0	0	0	0	0	2	0	0	0	0	0	2	0	0	0	0	0	0	0	0	0	0	0	2	1	0	0	0	0	0	157	1	0	0	0	0	0	0	0	0	0	2	0	0	10	0	4	0	0	0	0	0	0	0	0	7	0	0	0	0	0	4	0	0
C6362	0	0	0	0	3	0	1	1	0	0	0	0	1	0	0	0	0	0	0	0	0	2	0	0	0	2	0	0	0	0	0	0	0	1	0	0	0	0	2	0	0	0	0	0	1	0	0	0	0	0	0	0	0	1	1	0	0	0	0	0	1	1	0	0	0	0	0	2	2	0	0	2	0	0	0	2	0	0
C6364	0	0	0	2	0	0	0	0	0	0	0	0	0	0	0	0	0	0	0	0	0	0	0	0	0	1	0	0	0	0	0	0	0	0	1	0	0	0	0	0	0	0	0	0	0	0	1	0	1	1	0	0	0	0	0	0	0	0	0	0	4	0	0	0	1	0	0	0	0	0	1	0	0	0	0	0	0	0
C6365	0	0	0	1	0	0	0	0	0	0	1	0	0	0	1	0	0	0	0	0	0	0	0	0	0	1	1	0	0	0	0	0	0	0	0	0	0	0	1	0	0	0	0	0	1	1	0	0	0	0	0	0	0	0	0	0	0	0	0	2	0	1	0	1	1	0	1	0	3	0	0	1	0	0	0	0	0	0
C6370	0	0	0	0	0	0	0	0	0	0	0	0	0	0	0	0	0	0	0	0	0	0	0	0	0	0	0	0	0	0	0	0	0	0	0	0	0	0	0	0	0	0	0	0	0	0	0	0	21	0	1	0	0	0	0	0	0	0	0	0	0	0	0	0	0	0	0	0	0	0	0	0	0	0	0	0	0	0
C6371	0	0	0	1	6	0	1	0	0	2	1	0	1	0	0	0	1	2	0	2	0	0	1	0	0	0	0	1	0	3	3	1	1	0	2	0	3	1	0	2	0	0	0	2	0	2	0	1	0	2	1	0	1	0	0	1	0	0	0	0	0	0	1	0	0	0	6	0	1	0	0	0	0	0	0	0	0	0
C6372	0	0	0	0	0	1	0	0	0	0	0	0	0	0	0	0	0	0	0	0	2	0	0	0	0	0	0	0	0	0	0	0	0	0	0	0	0	0	2	1	2	0	0	0	0	0	0	0	10	0	0	22	0	0	0	0	0	0	0	0	0	0	0	0	0	0	0	0	0	0	4	0	0	0	0	0	0	0
C6377	0	0	0	3	0	0	1	0	0	0	0	0	0	0	0	0	0	0	0	1	1	0	0	0	0	0	1	0	0	0	0	0	0	0	0	0	1	0	2	0	0	0	0	1	0	0	0	0	1	0	0	0	0	0	0	0	0	0	1	0	0	0	1	0	0	0	1	0	0	0	0	0	0	0	0	0	0	0
C6378	0	0	0	0	0	0	0	14	0	0	0	0	1	0	0	0	0	1	0	0	0	0	0	0	0	0	0	0	0	0	0	0	0	0	1	0	0	0	0	0	0	0	0	1	0	0	30	0	0	0	0	0	0	0	0	2	0	0	0	1	0	3	0	0	0	0	0	0	0	0	0	0	0	0	0	0	0	0
C6379	0	0	0	1	1	0	0	0	0	0	0	0	0	0	0	0	0	1	0	0	0	1	0	0	0	0	0	0	0	0	0	2	2	0	0	0	10	0	2	2	0	0	0	0	0	0	1	1	0	0	0	0	0	2	0	0	0	0	0	0	1	1	0	0	0	0	0	0	0	3	0	0	0	0	0	1	0	0
C6382	0	0	0	12	24	0	2	2	0	11	2	0	1	0	0	0	0	0	0	18	19	22	2	0	0	4	8	2	0	0	0	4	127	6	2	0	0	0	0	74	0	0	0	0	0	2	6	0	137	0	0	0	12	0	12	0	0	0	11	4	451	0	2	0	312	0	0	71	14	6	0	0	0	0	3	14	0	2
C6384	0	0	0	0	0	0	2	0	0	0	1	0	0	0	0	0	0	2	0	0	0	0	0	0	0	1	0	0	0	0	1	0	0	1	0	0	1	1	0	0	0	0	0	1	0	5	0	0	1	3	0	0	0	0	1	0	0	0	0	2	0	0	0	0	1	0	2	0	0	0	0	0	0	0	0	0	0	0
C6385	0	0	0	0	0	1	0	0	0	0	0	0	0	0	0	0	0	0	0	0	0	0	0	0	0	0	0	0	0	0	0	0	0	0	0	0	0	0	0	1	0	1	0	0	1	0	0	0	11	0	0	0	0	0	0	0	0	0	0	0	22	0	0	0	4	0	0	0	0	0	0	0	0	0	0	0	0	0
C6387	0	0	0	0	7	0	2	0	0	1	2	0	1	0	2	0	0	2	0	0	2	2	0	0	0	2	0	1	0	0	0	5	0	1	0	0	4	6	3	3	0	0	0	0	0	2	1	2	5	1	0	0	0	5	1	1	0	0	2	4	3	1	4	0	2	0	9	0	0	1	0	1	0	0	1	0	0	0
C6389	0	0	0	0	0	0	9	0	0	0	0	0	0	0	0	0	0	0	0	0	0	0	0	0	0	3	0	0	0	0	0	0	0	0	0	0	0	0	0	0	0	0	0	49	0	0	8	0	0	0	0	0	0	0	0	2	0	0	0	0	0	0	0	0	1	0	0	1	0	0	0	0	0	0	1	0	0	0
C6390	0	0	0	0	0	0	0	0	0	0	0	0	0	0	0	0	0	0	0	0	0	0	0	0	0	0	0	0	0	0	2	0	0	0	0	0	1	0	1	0	0	14	0	0	0	0	0	0	0	0	0	0	0	0	0	0	0	0	0	0	0	0	1	0	0	0	0	0	0	0	0	0	0	0	0	0	0	0
C6393	0	0	0	1	0	0	3	0	0	1	4	0	0	0	0	0	0	4	0	0	0	0	1	0	0	0	0	0	0	1	1	0	1	0	0	0	3	3	0	0	0	1	0	2	0	12	2	1	4	5	0	0	0	0	1	0	0	0	0	1	1	1	0	0	0	0	7	0	1	0	0	0	0	0	0	0	1	0
C6400	0	0	0	1	0	0	0	0	0	0	0	0	0	0	0	1	0	0	0	0	0	0	1	0	0	0	2	0	0	0	0	0	0	0	2	0	0	0	0	0	0	0	0	0	1	0	0	0	4	0	0	0	0	0	0	0	0	1	0	0	0	0	0	0	0	0	0	0	0	1	0	2	0	0	0	0	0	0
C6401	0	0	0	1	0	0	0	0	0	0	1	0	0	0	0	0	0	1	0	0	2	0	0	0	0	0	0	0	0	0	3	0	0	0	0	0	0	1	0	0	0	0	0	1	0	2	0	0	1	1	0	0	0	0	0	0	0	0	0	0	0	0	0	0	0	0	1	0	0	0	0	0	0	0	0	0	0	0
C6404	0	0	0	6	9	0	3	0	0	0	1	0	6	0	2	0	0	2	0	0	2	4	0	0	1	2	0	0	0	0	0	5	15	0	1	0	59	1	20	33	0	0	0	0	0	0	5	5	3	0	0	0	0	1	1	0	0	2	1	2	2	5	8	5	7	0	3	0	3	4	0	0	0	0	3	3	0	0
C6405	0	0	0	1	3	0	2	1	0	2	1	0	3	0	3	0	0	0	0	3	4	0	0	0	1	2	0	0	0	0	1	1	1	2	0	0	2	6	0	0	0	0	0	6	0	17	7	0	11	7	0	0	0	2	0	0	0	1	0	0	0	1	1	0	1	0	11	0	0	0	0	0	0	0	1	0	0	0
C6406	0	0	2	8	0	0	14	1	0	9	17	0	5	0	6	0	0	7	0	6	5	2	4	0	0	6	0	2	0	2	9	1	2	9	1	0	8	37	2	0	0	2	0	24	0	78	4	1	10	17	0	0	0	10	4	0	0	1	0	5	12	2	0	0	1	0	47	0	2	2	1	0	0	0	5	1	0	1
C6408	0	0	0	0	0	0	0	0	0	0	15	0	0	0	0	0	0	0	0	0	11	0	2	0	0	1	0	0	0	0	0	8	0	0	1	0	0	1	0	0	0	0	0	0	0	0	0	0	17	0	0	0	0	0	0	0	0	0	0	3	1	3	0	0	3	0	0	2	1	0	0	1	0	0	0	0	0	0
C6410	0	0	0	1	0	0	1	1	0	1	0	0	0	0	0	0	0	0	0	1	0	0	0	0	1	0	0	0	0	0	0	0	0	1	0	0	0	1	0	1	0	0	0	0	0	2	0	0	0	3	0	0	0	0	0	0	0	1	2	1	2	0	0	0	0	0	0	1	0	0	0	1	0	0	1	0	0	0
C6420	0	0	0	14	0	0	0	1	0	0	1	0	2	0	1	0	0	3	0	3	1	4	2	0	3	30	22	3	0	0	0	4	1	0	15	0	1	6	0	2	0	0	0	1	3	0	5	1	3	1	0	0	0	1	0	0	0	1	4	0	12	0	0	0	1	0	0	0	7	22	0	6	0	0	0	1	0	0
C6424	0	0	0	1	0	0	0	0	0	0	0	0	0	0	0	0	0	0	0	0	1	0	0	0	0	0	0	0	0	0	0	0	0	0	0	0	0	0	0	0	0	0	0	0	0	0	1	0	5	0	0	0	0	0	0	0	0	0	0	0	6	0	0	0	1	0	0	0	0	0	0	0	0	0	0	0	0	0
C6427	0	0	0	0	0	0	0	0	0	0	0	0	0	0	0	0	0	0	0	0	0	0	2	0	0	0	0	0	0	0	0	0	0	0	0	0	0	0	0	0	0	0	0	0	0	0	0	0	9	0	0	0	0	0	0	0	0	0	0	0	0	0	0	0	0	0	0	0	0	0	0	0	0	0	0	0	0	0
C6429	0	0	0	0	1	0	5	0	0	1	3	1	1	0	6	0	0	2	0	5	5	0	0	0	0	0	2	0	0	0	0	0	1	1	1	0	0	2	0	0	0	0	0	1	0	10	1	1	9	7	0	0	0	0	0	3	0	0	1	0	1	0	0	0	0	0	3	0	0	0	0	0	0	0	2	0	0	0
C6430	0	0	0	0	0	0	0	3	0	0	0	0	0	0	0	0	0	0	0	0	0	0	0	0	0	0	0	0	0	0	0	0	0	0	2	0	0	2	0	0	0	0	0	0	0	0	4	0	1	0	0	0	0	1	1	2	0	0	2	0	0	0	0	0	0	0	0	0	0	0	0	0	0	0	0	0	0	0
C6433	0	0	0	6	1	0	4	2	0	1	2	0	7	0	5	0	0	4	0	1	2	0	0	1	2	4	3	0	0	0	0	2	4	4	1	0	2	0	4	1	0	0	0	4	1	4	1	2	0	3	0	0	0	5	2	2	0	0	1	5	4	1	2	1	0	0	0	2	5	0	0	6	0	0	4	4	0	1
C6434	0	0	0	0	0	0	0	0	0	0	0	0	0	0	0	0	0	0	0	0	0	0	0	0	0	0	0	0	0	0	0	0	0	0	0	0	0	1	0	0	0	0	0	0	0	0	0	0	0	0	3	0	0	0	0	0	0	0	0	0	1	0	0	0	0	0	0	0	0	0	7	0	0	1	0	0	0	2
C6435	0	0	0	0	0	0	0	0	0	0	0	0	0	0	0	0	0	0	0	0	0	0	0	0	0	0	0	0	0	0	0	0	0	0	0	0	2	0	0	0	0	0	0	0	0	0	0	0	6	0	0	0	0	0	0	0	0	0	0	2	0	0	0	0	1	0	0	0	0	0	0	0	0	0	0	0	0	0
C6436	0	0	0	0	0	0	1	0	0	1	0	0	0	0	0	0	0	0	0	0	0	0	0	0	0	0	0	0	0	0	0	0	1	0	0	0	0	0	0	0	0	0	0	0	0	0	4	0	0	0	0	0	0	0	0	0	0	0	0	0	1	0	0	0	3	0	0	1	0	0	0	0	0	0	0	0	0	0
C6437	0	0	0	1	8	0	0	0	0	0	0	0	0	0	3	0	0	4	0	3	6	0	0	0	3	1	1	0	0	0	0	0	0	0	0	0	1	3	0	0	0	0	0	1	1	1	0	0	42	0	0	0	0	1	0	0	0	0	0	0	0	1	0	0	0	0	0	0	0	0	0	0	0	0	0	0	0	0
C6439	1	0	0	0	0	0	0	0	0	10	0	0	0	0	0	0	0	0	0	0	3	0	0	0	0	0	3	0	0	0	0	0	4	0	0	0	0	4	0	1	0	0	0	0	0	0	2	1	10	0	1	0	0	0	0	0	2	0	7	0	31	0	0	0	16	0	0	12	4	0	0	0	0	0	0	1	0	0
C6440	1	0	2	2	3	0	6	0	0	2	8	0	2	0	5	0	0	17	0	4	7	1	1	0	0	1	0	0	0	8	22	2	2	4	1	0	7	18	0	1	2	2	0	10	2	30	2	3	27	18	0	0	4	5	4	0	0	0	0	2	2	1	1	0	0	0	27	0	1	3	0	0	4	0	7	0	0	0
C6442	0	0	0	0	0	0	0	0	0	0	0	1	0	0	0	0	4	0	0	0	0	0	0	1	0	0	0	0	0	0	0	0	0	0	0	0	0	0	0	0	0	6	0	0	0	0	0	0	0	0	1	0	0	0	0	0	0	0	0	0	0	0	0	0	0	0	0	0	0	0	0	0	0	0	0	0	0	0
C6443	0	0	0	0	1	0	0	0	0	0	0	1	0	0	0	0	0	0	1	0	1	1	0	1	0	0	1	0	0	0	0	0	1	1	1	0	1	0	0	0	0	0	1	0	0	1	0	0	0	0	0	0	1	1	0	0	0	0	0	0	0	0	0	0	0	0	0	1	0	0	0	0	0	0	0	0	0	1
C6444	0	0	0	0	0	0	0	0	0	0	1	0	0	0	0	0	0	0	0	0	2	0	0	0	0	0	0	0	0	0	0	0	0	0	0	0	0	0	0	0	0	0	0	0	0	0	0	0	0	0	5	0	6	0	0	0	0	0	0	0	0	0	0	0	0	0	0	0	0	0	0	0	0	0	0	0	3	0
C6445	0	0	0	0	0	0	0	0	0	0	1	0	1	0	0	0	0	0	0	0	0	0	0	0	0	1	0	0	0	0	1	0	0	0	0	0	0	0	0	1	0	0	0	0	0	0	0	0	3	0	0	0	0	0	0	0	0	0	0	0	0	0	2	0	0	0	0	0	0	0	0	0	0	0	1	0	0	0
C6447	0	0	0	1	0	0	0	0	0	1	2	0	0	0	0	0	0	1	0	2	3	0	1	0	3	2	0	2	0	0	0	2	2	1	0	0	2	1	1	3	0	0	0	0	1	1	1	3	0	0	0	0	0	1	0	4	0	3	1	1	0	1	3	7	0	0	1	0	0	2	0	0	0	0	2	2	0	0
C6450	0	0	0	0	4	0	2	3	0	0	1	0	1	0	4	0	0	1	0	1	0	1	0	0	0	1	1	0	0	0	0	3	2	2	0	0	5	0	3	2	0	0	0	6	0	2	0	0	1	0	0	0	2	1	0	4	0	2	2	0	7	3	1	4	3	0	3	0	0	0	0	0	1	0	2	1	0	0
C6453	0	0	0	0	0	0	1	0	0	0	0	0	0	0	2	0	0	2	0	0	2	0	0	0	0	2	1	0	0	0	1	0	1	0	0	0	2	3	0	4	0	0	0	1	0	2	1	1	3	0	0	0	0	2	0	0	1	0	0	2	0	0	0	0	0	0	1	0	0	0	0	0	0	0	0	0	0	0
C6457	0	0	0	0	1	0	2	2	0	1	0	0	1	0	0	0	0	1	0	0	2	2	0	0	0	0	0	1	0	0	0	1	1	0	1	0	0	2	0	1	0	0	0	2	1	1	0	0	0	1	0	0	0	0	0	2	0	1	0	1	0	0	0	0	0	0	0	0	1	0	0	1	0	0	1	0	0	0
C6458	0	0	0	0	0	0	0	0	0	1	2	0	0	0	1	0	0	1	0	1	0	0	0	0	0	0	0	0	0	0	1	0	0	0	0	0	0	0	1	0	0	0	0	1	0	2	0	0	0	1	0	0	0	1	0	0	0	0	0	1	0	0	0	0	0	0	1	0	0	0	0	0	0	0	0	0	0	0
C6462	0	0	0	0	2	0	0	0	0	0	0	0	0	0	0	0	0	0	0	0	1	0	0	0	0	2	0	3	0	0	0	0	0	0	0	0	1	0	1	1	0	0	0	0	0	1	0	0	0	1	0	0	0	0	0	0	0	0	0	0	0	0	0	0	0	0	0	0	0	0	0	0	0	0	0	0	0	0
C6463	0	0	0	2	0	0	1	0	0	0	0	0	0	0	0	0	0	1	0	0	1	0	0	0	0	1	0	0	0	0	0	0	1	0	0	0	0	2	0	0	0	0	0	1	0	4	0	0	4	3	0	0	0	0	0	0	0	0	0	1	0	1	0	0	0	0	2	0	0	0	0	0	1	0	0	0	0	0
C6464	0	0	0	0	0	0	0	0	0	0	0	0	0	0	0	1	0	0	0	0	0	0	0	0	0	0	0	0	0	0	0	0	0	0	0	0	0	0	0	0	14	0	0	0	0	0	0	0	0	0	0	0	0	0	0	0	0	0	0	0	0	0	0	0	0	0	0	0	0	0	0	0	0	0	0	0	0	0
C6466	0	0	0	0	0	0	0	0	0	0	0	0	0	0	0	0	0	0	0	0	1	0	0	0	0	0	0	0	0	0	0	0	0	0	0	0	0	0	0	0	0	0	0	0	0	0	0	0	10	0	0	0	0	0	0	0	0	0	0	0	0	0	0	0	0	0	0	0	0	0	0	0	0	0	0	0	0	0
C6468	0	0	0	0	0	0	0	0	0	0	0	0	0	0	0	0	0	0	0	0	0	0	2	0	0	1	0	0	0	0	0	0	2	0	0	0	0	0	0	0	0	0	0	0	1	0	0	0	3	0	0	0	0	0	0	0	0	0	0	0	0	0	0	0	0	0	0	0	0	0	0	1	0	0	1	0	0	0
C6471	0	0	0	0	3	0	1	0	0	0	5	0	5	0	3	0	0	1	0	0	1	3	1	0	6	0	0	0	0	0	0	3	8	0	0	0	6	0	2	4	0	0	0	1	0	0	1	0	0	0	0	0	0	3	0	0	0	2	0	4	0	5	2	0	0	0	2	0	1	0	0	0	0	0	0	0	0	0
C6473	0	0	0	0	0	0	2	0	0	0	2	0	0	0	0	0	0	2	0	0	6	0	0	0	0	1	0	0	0	0	0	0	1	1	0	0	2	2	0	0	0	0	0	0	0	8	1	0	1	1	0	0	0	0	0	0	0	1	0	0	1	0	1	0	0	0	2	0	0	0	0	0	0	0	0	0	0	0
C6476	0	0	0	1	2	0	0	2	0	0	2	0	3	0	0	0	0	0	1	0	2	3	0	0	1	4	2	1	0	0	0	0	0	0	0	0	5	2	2	1	0	0	0	3	1	0	1	1	0	2	0	0	0	1	0	2	0	2	3	0	4	0	1	2	3	0	3	1	2	0	0	4	0	0	0	1	0	0
C6477	0	0	0	0	3	0	1	0	0	0	0	0	0	0	0	0	0	4	0	2	2	0	1	0	1	0	0	0	0	0	0	0	1	0	0	0	0	1	0	0	0	1	0	0	0	0	0	0	12	0	0	0	0	0	0	0	0	0	1	0	0	0	1	0	0	0	0	0	0	0	0	0	0	0	0	0	0	0
C6485	0	0	0	2	0	0	4	0	0	1	4	0	1	0	0	0	0	9	0	1	4	0	2	0	0	3	0	0	0	0	1	0	1	2	0	0	2	3	0	0	0	0	0	0	1	12	2	1	3	1	0	0	0	1	0	0	0	0	0	5	3	0	2	0	2	0	5	0	1	1	0	0	0	0	0	2	0	0
C6488	0	0	0	0	0	0	0	0	0	0	0	0	0	0	0	0	0	0	0	0	0	0	0	0	0	0	1	0	0	0	0	0	0	0	0	0	0	2	0	1	0	0	0	0	0	0	0	0	6	0	0	0	0	0	0	0	0	0	1	0	0	0	0	0	1	0	0	0	0	0	0	0	0	0	0	0	0	0
C6492	0	0	0	1	15	0	6	0	0	0	0	0	0	0	2	0	0	7	0	10	5	0	4	0	5	1	5	0	0	0	0	0	3	0	0	0	3	6	0	0	0	0	0	1	0	0	0	0	72	0	0	0	0	2	1	0	0	2	0	0	0	1	0	0	0	0	0	0	0	0	0	0	0	0	0	1	0	0
C6496	0	0	0	1	0	0	9	4	0	0	0	0	0	0	0	0	0	0	0	0	0	0	0	0	0	0	0	0	0	0	0	1	0	0	2	0	0	5	0	1	0	0	0	36	0	0	5	0	0	0	0	0	0	0	0	1	0	0	1	2	0	0	0	0	0	0	0	0	0	0	0	0	0	0	0	1	0	0
C6498	0	0	0	0	2	0	0	0	0	0	0	0	1	0	0	0	0	0	0	0	0	0	0	0	0	0	0	1	0	0	0	0	0	0	0	0	3	0	0	1	0	0	0	0	0	0	0	0	2	0	0	0	0	1	0	1	0	1	0	0	0	0	0	2	0	0	0	0	0	0	0	1	0	0	0	0	0	0
C6499	0	0	0	2	3	0	1	3	0	1	3	0	5	0	2	0	0	0	0	0	1	2	0	0	3	1	0	0	0	0	0	3	3	1	1	0	2	0	3	0	0	0	1	3	2	0	0	0	1	2	0	0	1	2	0	0	0	3	4	1	2	0	0	1	2	0	1	2	2	0	0	2	1	0	0	5	0	0
C6501	0	0	0	1	1	0	0	0	0	0	1	1	0	0	1	0	0	2	0	1	1	0	0	0	0	0	0	0	0	0	1	0	0	2	0	0	0	1	0	0	0	3	0	1	0	1	0	0	3	1	0	0	0	0	0	0	0	1	0	0	1	0	0	0	0	0	0	0	0	0	1	0	0	0	0	0	0	0
C6506	0	0	0	0	0	0	0	0	0	0	0	0	0	0	0	0	0	0	0	0	0	0	0	0	0	0	0	0	0	0	0	0	0	0	0	0	0	0	0	0	0	0	0	0	0	0	0	0	3	0	0	0	0	0	0	0	0	0	0	0	0	0	0	0	28	0	0	0	0	0	0	0	0	0	0	0	0	0
C6507	0	0	0	1	0	0	4	1	0	0	0	0	0	0	0	0	0	0	0	0	2	3	0	0	0	1	0	0	0	0	0	1	0	0	0	0	1	0	1	1	0	0	0	1	0	1	0	0	1	1	0	0	0	2	1	0	0	0	0	1	0	0	0	0	1	0	0	0	2	0	0	3	0	0	1	1	0	0
C6511	0	0	0	0	0	0	86	4	0	0	0	0	1	0	0	0	0	0	0	0	0	0	0	0	0	3	0	0	0	0	0	0	0	0	7	0	0	1	0	0	0	0	1	207	0	0	32	0	0	0	0	0	0	0	0	3	0	0	0	0	0	1	0	0	5	0	0	0	0	0	0	0	0	0	0	6	0	0
C6514	0	0	0	2	11	0	2	0	0	0	4	0	1	0	2	0	0	7	0	5	5	0	2	0	4	0	0	1	0	16	0	1	5	3	0	0	7	1	2	0	0	1	0	1	2	5	17	0	29	0	2	0	0	2	0	0	0	3	0	2	6	2	3	0	1	0	2	0	0	1	0	0	0	0	0	1	0	0
C6520	0	0	0	0	0	0	0	2	0	1	3	0	0	0	1	0	0	1	1	0	1	2	0	0	0	1	0	1	0	0	0	0	1	3	0	0	0	2	1	0	0	0	0	0	2	0	0	0	1	1	0	0	0	0	1	0	1	1	1	0	2	0	0	0	1	0	1	1	1	0	0	3	0	0	0	1	0	0
C6522	0	0	0	3	2	0	11	0	0	1	1	1	1	0	2	0	0	4	0	0	5	0	1	0	2	6	0	1	0	0	2	0	2	1	0	0	6	5	0	1	0	0	0	4	0	7	0	0	3	5	0	0	0	3	1	0	0	0	1	2	0	1	1	0	1	0	5	0	1	0	0	0	0	0	2	0	0	0
C6527	0	0	0	0	0	0	0	0	0	0	0	0	0	0	0	0	0	0	0	0	1	0	0	0	1	0	0	0	0	0	0	1	0	0	0	0	2	1	0	0	0	0	0	0	0	0	0	0	5	0	0	0	0	0	0	0	0	0	0	0	0	0	0	0	0	0	0	0	0	0	0	0	0	0	0	2	0	0
C6531	0	0	0	0	0	0	0	0	0	1	1	0	0	0	0	0	0	0	0	0	1	0	0	0	0	0	0	0	0	0	0	0	2	0	0	0	1	0	0	0	0	0	0	0	0	1	0	0	2	1	0	0	0	0	0	0	0	0	0	0	0	0	0	0	0	0	1	0	0	0	0	0	0	0	0	0	0	0
C6533	0	0	0	0	1	0	0	0	0	0	0	0	0	0	0	0	0	0	1	0	0	1	0	0	0	0	0	0	0	0	0	0	0	0	1	0	0	0	0	0	0	0	0	1	0	0	0	0	0	3	0	0	0	0	0	0	0	0	0	1	0	0	0	0	1	0	0	0	0	2	0	0	0	2	0	0	0	0
C6536	0	0	0	6	0	0	2	0	0	3	3	0	2	0	3	0	0	5	0	2	2	0	0	0	0	1	0	0	0	0	0	0	2	2	0	0	6	13	0	0	0	0	0	6	0	11	5	3	7	14	0	0	0	3	3	0	0	1	0	1	5	0	1	0	0	0	13	0	0	0	0	0	0	0	3	0	0	0
C6537	0	0	0	1	1	0	1	0	0	0	1	3	0	0	0	0	2	2	0	0	0	0	3	0	0	0	0	0	0	0	6	0	2	0	0	0	4	1	2	0	0	0	0	1	0	0	0	0	6	0	3	0	1	0	0	0	0	0	0	2	2	0	1	0	0	0	0	0	0	0	0	0	1	0	1	0	2	0
C6542	0	0	0	0	4	0	0	0	0	0	0	0	0	0	0	0	0	0	0	0	0	0	0	0	0	0	0	0	0	0	0	0	0	0	0	0	0	0	0	1	0	0	0	0	0	0	0	0	17	0	0	0	0	0	0	0	0	0	2	0	0	0	0	0	0	0	0	0	0	0	0	0	0	0	0	0	0	0
C6543	0	0	0	1	0	0	0	0	0	0	0	0	0	0	0	0	0	0	0	0	0	0	0	1	0	2	0	0	0	0	0	0	0	0	2	0	0	0	1	0	0	0	0	0	0	0	0	0	0	1	0	0	0	0	0	0	0	0	0	0	0	0	0	0	0	0	0	0	0	0	0	3	0	0	0	0	0	0
C6544	22	29	126	2	0	2	0	1	0	1	0	1	1	0	0	19	0	0	0	0	0	0	0	0	0	0	0	0	0	0	0	0	0	0	0	0	0	0	0	5	10	0	0	0	0	0	1	0	0	1	5	519	0	0	0	0	0	0	0	0	2	0	0	0	7	8	0	0	0	0	13	0	0	29	0	0	0	0
C6545	0	0	0	0	0	1	1	0	0	3	3	0	0	0	0	0	0	1	0	1	2	0	0	0	0	2	0	1	0	0	1	0	0	2	0	0	2	3	0	0	0	4	0	2	0	6	0	0	2	4	0	0	0	0	0	0	0	0	0	2	2	0	1	0	0	0	5	0	1	0	0	0	0	0	2	0	0	0
C6546	0	0	0	0	2	0	0	0	0	0	0	0	2	0	2	0	0	1	0	1	16	0	0	0	0	1	1	0	0	1	1	0	0	0	0	0	0	0	0	0	0	0	0	3	2	1	1	0	8	3	0	0	0	0	0	0	0	1	0	0	0	1	2	0	0	0	2	0	0	0	0	0	0	0	0	0	0	0
C6547	0	0	0	0	0	0	1	0	0	0	1	0	0	0	0	0	0	0	0	0	0	1	0	0	1	1	2	0	0	0	0	0	0	0	0	0	0	1	0	0	0	0	0	0	0	0	2	0	7	0	0	0	0	0	0	0	0	0	0	0	2	0	0	0	0	0	0	0	0	0	0	0	0	0	0	8	0	0
C6548	0	0	0	0	0	0	0	0	0	0	0	0	0	0	0	0	0	1	0	0	1	0	0	0	0	0	0	0	0	0	0	0	0	0	0	0	1	0	0	0	0	0	0	1	2	1	0	0	2	1	0	0	1	0	0	0	0	0	0	0	0	0	0	0	0	0	1	0	0	0	0	0	0	0	1	0	0	0
C6552	0	0	0	0	1	0	0	0	0	3	0	0	0	0	0	0	0	1	0	0	0	0	0	0	0	0	0	0	0	0	0	0	0	0	0	0	0	0	0	1	0	0	0	0	0	0	6	0	9	0	0	0	0	0	0	0	0	0	0	1	2	0	2	0	0	0	0	0	0	0	0	0	0	0	0	0	0	0
C6554	0	0	0	0	0	0	0	0	0	0	0	0	0	0	0	0	0	0	0	0	0	0	0	0	0	0	0	0	0	0	0	0	0	0	0	0	0	0	0	0	0	0	0	0	0	0	0	2	0	0	0	0	0	0	0	0	0	0	0	0	0	0	0	0	18	0	0	0	0	0	0	0	0	0	0	0	0	0
C6556	0	0	0	0	1	0	0	0	0	0	0	0	1	0	1	0	0	0	0	0	1	0	0	0	0	1	0	0	0	1	1	0	0	1	0	0	1	1	1	1	0	0	0	0	0	1	1	0	2	0	0	0	0	1	0	0	0	0	0	0	0	0	0	0	0	0	0	0	0	0	0	0	0	0	0	0	1	0
C6560	0	0	0	0	2	0	3	0	0	0	0	0	1	0	0	0	0	0	0	2	0	0	0	2	0	0	0	0	0	1	3	0	0	2	0	0	0	4	0	1	0	0	0	2	0	5	0	0	2	2	0	0	0	2	1	0	0	1	1	2	2	0	2	0	1	0	2	0	0	0	0	0	0	0	0	0	0	0
C6562	0	0	0	1	0	0	3	0	0	0	5	0	0	0	1	0	0	2	0	2	0	0	2	1	0	1	1	0	0	0	0	0	1	0	0	0	0	3	0	0	0	0	0	1	0	9	2	0	3	2	1	0	0	4	0	0	0	0	0	0	4	0	1	0	0	0	4	0	0	0	0	0	0	0	1	0	0	0
C6565	0	0	0	1	0	0	0	0	0	0	0	0	0	0	0	0	0	1	0	1	0	2	0	0	8	4	2	5	0	0	0	0	0	0	0	0	1	0	1	1	0	0	0	0	0	0	0	1	6	0	0	0	0	0	1	0	0	0	0	3	0	2	0	0	2	0	0	0	3	0	0	0	1	0	0	0	0	1
C6567	0	0	0	1	0	0	0	1	0	0	0	0	0	0	1	0	0	1	1	0	0	1	0	1	0	0	1	1	0	0	0	2	2	0	0	0	0	0	1	0	0	0	1	0	2	0	1	2	1	1	0	0	0	0	0	1	2	2	1	0	1	0	0	1	1	0	0	0	0	0	0	0	0	0	0	1	0	1
C6569	0	0	0	0	1	0	5	0	0	0	2	0	1	0	0	0	0	1	0	1	0	2	0	0	0	2	0	0	0	0	0	3	4	0	0	0	10	2	3	0	0	0	0	1	0	0	1	0	1	1	0	0	0	2	0	1	0	1	1	0	0	1	2	0	0	0	0	0	0	0	0	0	0	0	0	0	0	0
C6570	0	0	0	3	12	0	6	1	0	0	0	0	2	0	0	0	0	1	0	1	1	3	1	0	0	1	0	0	0	0	0	2	9	0	0	0	12	1	7	2	0	0	0	0	0	0	1	1	1	0	2	0	0	0	0	3	0	1	0	2	2	0	1	0	2	0	0	0	0	1	0	0	0	0	0	0	0	0
C6571	0	0	0	2	19	0	9	1	0	0	0	0	1	0	6	0	0	6	0	1	7	1	1	0	1	0	0	1	0	3	7	0	7	2	0	0	15	0	11	10	0	0	0	0	1	2	5	1	19	0	5	0	0	1	0	4	0	0	3	2	4	0	6	0	1	0	2	0	0	6	0	0	0	0	0	0	3	0
C6573	0	0	0	0	0	0	0	0	0	1	0	0	0	0	1	0	0	0	0	0	0	0	1	1	0	0	0	0	0	0	1	0	0	0	0	0	0	3	0	0	0	0	0	1	0	0	0	1	3	3	0	0	0	1	0	0	0	0	0	0	1	0	0	0	0	0	1	0	0	0	0	0	0	0	0	0	0	0
C6575	0	0	0	1	5	0	2	1	0	0	2	0	4	0	3	0	1	1	0	4	4	4	0	0	0	1	0	5	0	1	4	2	2	1	0	0	12	1	4	4	0	3	0	3	1	8	0	0	3	3	1	0	0	4	4	0	0	4	0	2	5	2	5	2	2	0	6	0	1	10	0	0	0	0	0	3	1	0
C6577	0	0	0	1	4	0	1	1	0	0	3	0	0	0	2	0	0	0	0	1	0	0	0	0	0	0	0	0	0	0	0	0	0	0	0	0	0	1	0	0	0	0	0	3	0	3	1	0	4	1	0	0	1	1	0	0	0	0	0	1	2	0	1	0	0	0	2	0	0	0	0	0	0	0	0	1	1	0
C6583	0	0	0	1	0	0	2	0	0	1	0	0	0	0	0	0	0	3	0	0	1	0	0	0	0	3	0	0	0	0	0	0	0	0	0	0	0	4	0	0	0	0	0	2	0	3	1	0	2	4	0	0	0	0	1	0	0	1	0	0	1	0	0	0	0	0	3	0	0	0	0	0	0	0	1	0	1	0
C6585	0	0	0	4	3	0	1	7	0	1	2	0	11	0	6	0	0	2	0	5	3	4	1	0	3	2	0	14	0	0	0	4	2	1	2	0	6	8	4	19	0	0	0	8	3	9	2	2	2	5	0	0	0	5	3	6	0	6	8	3	5	3	13	12	2	0	14	0	2	25	0	0	0	0	3	5	0	0
C6591	0	0	0	0	0	0	0	0	0	0	0	0	0	0	0	0	0	0	0	0	0	0	0	0	0	0	0	0	0	0	0	1	0	0	0	0	0	1	0	3	0	0	0	0	0	0	0	0	5	0	0	0	0	0	0	0	0	0	0	0	1	0	0	0	0	0	0	0	0	0	0	0	0	0	0	0	0	0
C6592	0	0	0	1	0	0	0	0	0	0	0	0	0	0	0	0	0	0	0	0	0	0	0	0	0	7	0	0	0	0	0	0	0	0	0	0	0	1	0	0	0	0	0	0	0	0	0	0	2	0	0	0	0	0	0	0	0	0	0	0	0	0	0	0	0	0	0	0	0	0	0	1	0	0	0	0	0	0
C6593	0	0	0	0	0	0	0	0	0	0	0	0	0	0	0	0	0	0	0	1	0	0	0	0	0	0	0	0	0	1	1	0	1	0	0	0	0	2	0	0	0	1	0	0	0	2	0	0	3	0	1	0	0	0	0	0	1	1	0	1	0	0	0	0	0	0	1	0	0	0	0	0	0	0	0	0	0	0
C6599	0	0	0	0	0	0	0	0	0	0	2	0	0	0	1	0	0	0	0	0	0	0	0	0	0	0	0	0	0	0	0	0	0	1	0	0	1	0	0	1	0	0	0	0	0	0	0	0	0	1	0	0	0	0	0	0	0	1	1	0	0	0	0	1	0	0	0	2	0	0	0	0	0	0	0	1	0	0
C6602	0	0	0	0	0	0	0	0	0	0	1	0	3	0	0	0	0	0	0	0	0	1	0	0	0	0	0	0	0	0	0	1	1	0	0	0	0	0	2	0	0	0	0	1	0	0	0	0	1	0	0	0	0	0	0	0	0	2	0	0	0	0	0	0	1	0	0	0	0	0	0	0	0	0	0	0	0	0
C6604	0	0	0	0	2	0	0	0	0	2	1	0	0	0	2	0	0	2	0	2	0	0	1	0	0	0	0	0	0	0	0	0	0	0	0	0	1	3	0	1	0	0	0	0	0	4	1	0	0	3	0	0	0	0	0	0	0	0	0	0	2	0	0	0	0	0	1	0	0	0	0	0	0	0	1	0	0	0
C6606	0	0	0	0	0	0	0	0	0	0	0	0	0	0	0	0	1	2	1	0	1	0	0	0	0	0	0	0	0	0	0	0	0	1	0	0	2	0	0	2	0	2	0	0	0	0	0	3	0	0	2	0	0	0	0	0	0	5	0	1	1	3	0	1	1	0	0	0	1	0	0	0	0	0	2	4	0	0
C6607	0	0	0	0	3	0	0	2	0	0	0	0	0	0	2	0	0	4	0	2	5	0	4	0	2	0	0	0	0	0	2	1	1	1	0	0	0	0	0	2	0	0	0	1	2	0	0	0	12	0	1	0	2	2	0	4	0	1	2	0	1	0	1	1	0	0	0	1	1	2	0	1	0	0	0	1	1	0
C6613	0	0	0	0	1	0	0	0	0	0	0	0	0	0	0	0	1	1	0	0	0	0	0	1	0	0	0	0	0	1	0	0	0	0	0	0	0	0	0	0	0	0	0	0	0	1	0	0	2	0	0	0	0	0	0	0	0	0	0	0	0	0	2	1	0	0	0	0	0	0	0	0	0	0	0	0	0	0
C6616	0	0	0	0	1	0	0	0	0	1	1	0	0	0	0	0	0	0	0	1	0	0	0	0	0	0	0	0	0	0	0	0	0	0	0	0	0	2	0	0	0	0	0	1	0	0	1	0	0	0	0	0	0	1	0	0	0	0	1	0	0	1	1	4	0	0	0	0	0	0	0	0	0	0	0	3	0	0
C6617	0	0	0	0	1	0	1	0	0	0	0	0	0	0	0	0	0	0	0	0	0	4	0	0	0	0	0	1	0	0	0	0	0	0	0	0	0	0	1	0	0	0	0	5	0	0	3	0	0	0	0	0	0	0	0	0	0	0	0	0	0	0	0	0	0	0	0	0	0	0	0	0	0	0	1	0	0	0
C6618	0	0	1	4	2	0	18	0	0	7	12	1	3	0	6	0	2	11	0	3	14	2	1	3	1	7	0	1	0	43	124	2	4	2	0	0	11	18	0	0	3	6	0	16	0	61	4	3	26	24	2	1	10	7	2	0	1	1	1	3	4	2	5	0	0	0	17	0	2	2	0	0	4	0	7	0	0	3
C6619	0	0	0	0	1	1	0	0	0	0	0	0	0	0	0	0	0	1	1	0	0	0	0	1	0	0	0	0	0	0	1	0	0	0	0	0	0	0	0	0	0	2	0	0	0	0	0	1	1	0	0	0	0	0	0	0	0	0	0	0	1	0	0	0	0	0	0	0	0	0	0	0	0	0	0	0	0	1
C6621	0	0	0	1	2	1	0	0	0	1	2	0	4	0	0	0	0	0	0	5	4	0	0	0	0	2	0	1	0	0	0	0	0	0	0	0	5	7	0	1	0	0	0	4	2	6	2	1	5	1	0	0	0	5	2	2	0	1	1	0	2	1	4	0	0	0	7	0	0	2	0	0	0	0	1	0	0	0
C6623	0	0	0	1	0	0	0	0	0	0	0	0	0	0	0	0	0	0	0	0	0	1	0	0	1	4	0	0	0	0	0	1	0	0	1	0	0	2	0	0	0	0	0	0	0	1	0	1	0	0	0	0	0	0	0	0	0	0	1	0	0	0	0	0	0	0	0	0	0	1	0	1	0	0	0	0	0	0
C6625	0	0	0	0	3	0	0	0	0	0	1	0	0	0	1	0	0	1	0	0	25	2	0	1	0	2	0	0	0	1	0	0	1	2	0	0	0	2	0	0	0	0	0	1	1	5	0	0	25	1	0	0	0	5	1	0	0	0	0	1	0	3	5	0	0	0	3	0	2	0	0	0	0	0	0	0	0	0
C6627	0	0	0	0	2	0	0	0	0	0	1	0	0	0	0	0	0	1	0	0	0	0	0	0	0	0	0	0	0	0	0	0	0	0	0	0	0	2	0	0	0	0	0	1	0	0	0	0	5	0	0	0	0	0	1	0	0	0	0	0	0	0	0	0	0	0	0	0	0	0	0	0	0	0	0	0	0	0
C6634	0	0	0	0	1	0	0	0	0	0	2	0	0	0	0	0	0	1	0	0	0	0	2	0	0	0	0	3	0	0	0	1	1	1	0	0	3	0	2	0	0	0	0	2	0	0	1	0	0	3	0	0	0	0	0	0	0	1	1	1	0	1	0	0	2	0	0	0	0	0	0	0	0	0	0	0	0	0
C6637	0	0	0	0	0	0	0	0	0	0	1	0	0	0	0	0	0	0	2	0	0	0	0	0	0	1	0	1	0	0	0	1	0	1	0	0	0	0	0	0	0	0	0	0	0	0	0	1	0	2	0	0	0	0	1	0	1	1	0	2	0	0	0	2	0	0	0	0	1	0	0	2	0	0	1	0	0	0
C6640	0	0	0	9	0	0	1	0	0	0	1	1	0	0	3	0	0	2	0	2	1	10	0	8	0	1	0	0	0	0	11	4	7	0	0	0	33	0	10	1	0	1	0	0	1	1	5	5	1	0	4	0	0	2	0	0	2	0	1	0	7	4	2	0	5	0	3	0	0	12	0	0	0	0	0	0	0	0
C6641	0	0	0	0	1	0	0	0	0	0	1	0	0	0	0	0	0	0	0	0	1	0	0	0	0	0	0	0	0	0	0	0	0	0	0	0	0	1	0	0	0	0	0	1	0	6	0	0	0	4	0	0	0	0	1	0	0	0	0	0	0	0	0	0	0	0	3	0	0	0	0	0	0	0	1	0	0	0
C6643	0	0	0	0	2	0	0	0	0	0	0	0	1	0	1	0	0	3	0	0	2	0	2	0	0	11	0	6	0	0	0	3	0	0	0	0	1	1	1	1	0	0	0	2	0	1	0	0	0	0	0	0	0	1	0	0	0	1	0	5	0	2	0	0	0	0	2	0	0	0	0	0	0	0	0	0	0	0
C6645	0	0	0	0	0	0	0	0	0	0	0	0	2	0	0	0	0	1	0	1	0	0	0	0	1	0	1	3	0	0	0	0	0	0	0	0	0	0	0	2	0	0	0	0	0	0	0	0	7	0	0	0	0	0	0	0	0	0	0	2	0	3	0	0	2	0	0	0	2	0	0	0	0	0	0	0	0	0
C6646	0	0	0	0	5	0	1	6	0	0	4	0	1	0	3	0	0	1	0	7	1	1	0	0	6	2	1	1	0	0	0	3	3	1	0	0	0	5	2	5	0	0	0	0	0	0	0	2	5	7	0	0	1	0	0	9	0	0	2	1	1	2	3	7	0	0	2	1	3	1	0	1	0	0	1	3	0	0
C6649	0	0	0	3	3	0	0	0	0	0	0	1	0	0	0	0	0	0	0	3	1	0	0	0	2	0	0	0	0	0	1	0	0	0	0	0	2	1	0	0	0	0	0	0	1	0	0	0	8	0	1	0	1	0	0	0	0	0	0	1	0	0	0	0	0	0	0	0	0	0	0	0	0	0	0	0	0	0
C6650	0	0	0	0	0	0	1	3	0	0	0	0	0	0	0	0	0	0	0	0	1	0	0	0	0	0	0	0	0	0	0	0	0	0	0	0	0	0	0	0	0	0	0	0	0	0	16	0	2	0	0	0	0	0	0	3	0	0	0	0	2	0	0	0	5	0	0	4	0	0	2	0	0	0	0	0	0	0
C6653	0	0	0	2	2	0	1	0	0	1	0	0	0	0	0	0	0	2	0	0	0	1	0	0	0	1	1	1	0	0	0	0	1	0	0	0	0	0	0	0	0	0	0	1	1	0	0	0	0	0	0	0	0	3	0	0	1	0	1	1	0	0	0	0	1	0	1	0	1	0	0	0	0	0	1	1	0	0
C6654	0	0	0	0	1	0	0	0	0	0	0	0	0	0	0	0	0	0	0	0	1	0	0	0	0	1	0	0	0	0	2	0	0	2	0	0	2	1	0	0	0	3	0	0	0	0	3	0	14	0	2	0	0	1	0	0	0	0	0	1	0	0	0	0	0	0	0	0	0	0	0	0	0	0	0	0	1	0
C6656	0	0	0	1	0	0	3	0	0	0	0	0	0	0	0	0	0	7	0	4	1	0	2	0	2	3	0	0	0	0	0	0	2	1	0	0	0	1	0	0	0	0	0	0	0	0	0	1	17	0	0	1	0	2	0	0	0	0	0	2	1	0	1	0	0	0	2	0	0	0	0	0	0	0	1	0	0	0
C6657	0	0	0	0	1	0	2	0	0	0	0	0	1	0	1	0	0	3	0	0	3	1	1	0	2	0	0	0	0	1	0	0	0	0	0	0	1	1	0	0	0	2	0	0	0	0	0	0	19	1	0	0	0	0	0	0	0	0	1	2	0	1	0	0	0	0	1	0	0	0	0	1	0	0	0	0	0	0
C6658	0	0	0	3	1	0	3	0	0	0	0	0	0	0	1	0	0	1	0	1	2	1	3	0	0	7	0	0	0	0	1	0	1	2	0	1	3	4	0	1	0	2	0	0	0	0	0	0	5	3	1	0	0	0	0	0	1	0	0	3	2	1	3	0	0	0	1	0	0	0	0	0	0	0	3	0	0	0
C6659	0	0	0	0	0	0	4	0	0	0	2	0	1	0	0	0	0	0	0	0	0	3	0	0	0	1	1	0	0	0	0	0	0	2	0	0	0	1	2	0	0	0	0	2	0	0	0	0	1	1	0	0	0	0	0	0	0	0	0	0	0	1	0	0	0	0	0	0	0	0	0	0	0	0	1	0	0	0
C6664	0	0	0	2	0	0	0	1	0	0	0	0	0	0	0	0	0	0	0	0	1	1	0	0	0	1	0	0	0	0	0	0	0	1	0	0	0	0	2	1	0	0	0	0	0	0	0	0	1	1	0	0	0	1	0	0	0	0	0	1	0	0	0	0	1	0	1	0	1	0	0	1	0	0	0	0	0	0
C6666	0	0	0	2	0	0	3	0	0	1	0	0	0	0	0	0	0	1	0	1	3	1	0	0	0	1	4	1	0	0	0	2	0	3	1	0	0	1	3	0	0	0	0	2	1	1	1	2	1	2	0	0	1	0	2	0	0	1	0	1	1	0	0	3	1	0	0	1	1	0	0	1	0	0	2	1	0	0
C6667	0	0	0	0	1	1	0	0	0	0	0	0	0	0	0	0	0	0	0	0	0	0	0	0	0	0	0	0	0	0	1	0	0	0	0	0	0	0	0	0	0	0	0	0	0	1	0	0	2	0	0	0	1	2	1	0	0	0	0	2	0	0	0	0	0	0	2	0	0	0	0	0	0	0	0	0	0	0
C6668	0	0	0	0	2	0	0	0	0	0	1	0	0	0	1	0	0	0	0	1	0	0	1	0	0	0	0	0	0	0	0	1	0	0	0	0	0	1	0	0	0	0	0	0	0	0	0	0	4	1	0	0	0	0	0	0	0	0	0	0	0	0	0	0	0	0	1	0	0	0	0	0	0	0	1	0	0	0
C6669	0	0	1	1	0	0	0	0	0	1	0	0	0	0	1	0	0	1	0	0	1	0	0	0	0	2	0	0	0	0	0	0	0	0	0	0	1	0	0	0	0	0	0	3	0	9	1	0	0	5	0	0	0	0	1	0	0	0	0	0	0	0	1	0	0	0	3	0	1	0	0	0	0	0	1	0	0	0
C6673	0	0	0	0	0	0	0	0	0	0	0	0	0	0	0	0	0	0	3	0	0	0	0	5	0	0	0	0	0	0	0	0	0	0	0	0	0	0	0	0	0	5	0	0	0	0	0	0	0	0	62	0	0	0	0	0	0	0	0	0	0	0	0	0	0	0	0	0	0	0	0	0	0	0	0	0	27	0
C6675	0	0	1	0	0	2	0	0	0	0	0	2	0	0	0	0	11	0	4	0	0	0	0	22	0	0	0	0	0	0	0	0	0	0	0	3	0	0	0	0	1	29	2	0	0	0	0	0	0	0	419	0	0	0	0	0	0	0	0	0	0	0	0	0	0	0	0	0	0	0	1	0	0	0	0	0	224	2
C6676	0	2	65	0	1	0	0	0	2	0	0	0	0	0	0	1	0	0	0	0	0	0	0	0	0	2	1	0	0	0	0	0	0	0	0	0	2	0	1	1	0	0	0	0	0	0	0	0	1	1	1	110	0	0	0	0	0	0	0	1	42	0	0	0	59	4	0	0	0	1	0	1	0	9	0	0	0	0
C6681	0	0	5	0	0	0	0	0	0	0	0	0	0	0	0	8	0	0	0	0	0	0	0	0	0	0	0	0	0	0	0	0	0	0	0	0	0	0	0	0	0	0	0	0	0	0	0	0	0	0	0	12	0	0	0	0	0	0	0	0	0	0	0	0	0	0	0	0	0	0	0	0	0	2	0	0	0	0
C6682	0	0	0	0	0	0	0	0	0	0	0	0	0	0	0	1	0	2	2	0	0	1	0	0	0	1	0	0	0	1	0	0	2	0	0	0	1	0	0	0	0	0	0	0	0	0	0	0	0	0	32	0	1	0	0	0	4	0	0	0	0	0	0	1	1	0	0	0	0	6	1	1	0	0	0	0	2	2
C6683	0	0	0	0	0	0	0	0	0	0	0	0	0	0	0	0	0	0	0	0	0	0	0	1	2	0	0	0	0	0	0	0	0	0	0	0	0	0	0	0	0	0	1	0	0	0	0	0	0	0	9	0	0	0	0	0	0	0	0	0	0	0	0	0	0	0	0	0	0	1	1	0	5	0	0	0	0	2
C6685	0	0	0	29	7	0	3	1	0	1	4	0	0	0	17	0	0	11	0	8	5	7	2	4	0	6	5	1	0	0	1	10	50	0	0	0	124	0	48	73	0	0	0	0	6	1	7	7	6	5	17	0	0	2	1	0	0	1	4	3	7	9	13	3	22	0	8	0	3	29	0	3	0	0	1	7	10	0
C6686	0	0	0	0	0	0	0	0	0	0	0	0	0	0	0	0	3	0	5	0	0	0	0	3	0	0	0	0	0	0	0	0	0	0	0	0	0	0	0	0	0	0	1	0	0	0	0	0	0	0	12	0	0	0	0	0	1	0	0	0	0	0	0	0	0	0	0	0	0	0	1	0	0	0	0	0	0	5
C6689	0	0	0	0	29	0	12	3	0	0	24	0	9	0	21	0	0	25	0	1	11	15	8	0	12	14	0	14	0	0	0	20	18	9	1	0	20	5	15	9	0	0	1	26	0	11	10	0	4	17	0	0	0	18	4	0	0	32	10	16	1	18	6	0	3	0	17	0	10	0	0	0	0	0	7	0	0	1
C6691	0	0	0	1	0	0	1	0	0	0	2	0	0	0	2	0	0	0	0	0	0	3	0	7	0	0	1	0	0	0	9	0	6	0	0	0	15	0	13	2	0	0	0	0	0	0	2	1	0	0	4	0	0	2	0	0	0	1	0	0	0	1	0	0	3	0	1	0	0	3	0	0	0	0	1	0	5	1
C6695	0	0	0	3	0	0	0	1	0	2	0	0	1	0	0	0	0	2	0	2	2	0	1	0	0	0	3	0	0	0	0	1	4	2	1	0	1	0	2	0	0	0	0	1	2	0	0	0	0	0	0	0	0	0	2	0	0	0	1	3	1	0	0	2	0	0	0	1	0	0	0	3	0	0	1	1	0	0
C6696	0	0	0	0	23	0	4	6	0	0	16	0	1	0	11	0	0	9	0	4	2	1	3	0	5	1	0	7	0	0	0	2	3	0	0	0	2	4	1	5	0	0	0	7	3	8	34	0	2	3	0	0	0	11	0	0	0	7	12	5	7	4	7	0	31	0	9	0	0	0	0	0	0	0	2	1	0	0
C6704	0	0	0	0	0	1	0	0	0	0	0	0	0	0	0	0	0	0	0	0	0	0	0	0	0	0	0	0	0	2	0	0	0	0	0	0	1	0	0	0	0	1	0	0	0	0	0	0	0	0	5	5	3	0	0	0	0	0	0	0	0	0	0	0	0	0	1	0	0	0	0	0	2	0	0	0	1	2
C6705	0	0	0	0	0	0	0	0	0	0	0	0	0	0	0	0	0	0	0	0	0	0	0	0	0	0	0	0	0	0	0	0	0	0	0	0	0	0	0	0	0	0	0	0	0	0	0	0	0	0	0	0	4	0	0	0	0	0	0	0	0	0	0	0	8	0	0	0	0	0	0	0	18	0	0	0	0	0
C6706	0	0	0	0	0	0	0	0	0	0	0	1	0	0	0	0	1	0	3	0	0	0	0	1	0	0	0	0	0	0	0	0	0	0	0	0	0	0	0	0	0	5	1	0	0	0	0	0	2	0	15	0	2	0	0	0	5	0	0	0	1	0	0	0	0	0	0	0	0	5	1	1	3	0	0	0	1	2
C6709	0	0	0	0	5	0	2	2	0	0	5	0	8	0	5	0	0	5	0	1	4	20	2	1	2	9	0	3	0	0	0	5	6	1	1	0	9	2	11	3	0	0	0	12	0	8	1	0	1	13	0	0	0	8	2	0	0	16	3	10	3	7	5	0	3	1	7	0	11	0	0	0	0	0	4	0	0	0
C6711	0	0	0	1	0	0	0	0	0	0	0	0	1	0	0	0	0	1	0	0	1	0	0	0	0	1	0	0	0	0	1	1	0	1	0	0	0	1	0	0	0	0	0	2	0	2	0	0	2	1	0	0	0	0	1	0	0	0	0	0	1	0	0	0	0	0	0	0	0	0	0	0	0	0	0	0	0	0
C6716	0	0	0	0	1	0	2	1	0	1	3	0	1	0	0	0	0	1	0	0	3	0	0	0	1	4	3	0	0	0	0	1	3	0	0	0	1	0	0	0	0	0	0	1	1	0	3	0	0	1	0	0	0	0	0	0	0	0	2	0	0	0	0	3	0	0	1	0	2	0	0	2	0	0	0	1	0	0
C6717	0	0	0	0	0	0	0	0	0	0	0	0	0	0	3	0	0	1	0	0	0	0	0	0	0	0	0	0	0	0	0	2	0	0	0	0	0	0	0	0	0	0	0	0	0	0	1	2	2	2	0	0	0	24	0	0	0	0	0	0	0	6	0	0	0	0	0	0	0	0	1	0	0	0	0	0	0	0
C6718	0	0	0	0	0	0	0	0	0	0	0	0	0	0	0	2	0	0	0	0	0	0	0	0	0	0	0	0	0	0	0	0	0	0	0	0	0	0	0	0	0	0	0	0	0	0	0	0	0	0	2	8	0	0	0	0	0	0	0	0	0	0	0	0	0	0	0	0	0	0	0	0	0	0	0	0	0	0
C6719	0	0	0	2	3	0	1	0	0	0	0	0	0	0	2	0	1	0	0	0	2	0	0	0	0	1	0	0	0	0	1	0	0	0	0	0	1	0	1	0	0	1	0	0	0	0	1	0	0	0	4	0	0	2	0	0	0	1	1	0	0	1	3	1	3	0	1	0	0	0	0	0	0	0	1	4	1	0
C6720	0	0	0	0	0	0	1	0	2	0	0	0	0	0	0	0	0	0	0	0	0	0	0	0	0	0	0	0	0	0	0	0	0	0	0	0	0	0	0	0	0	0	0	0	0	0	0	0	0	0	0	18	0	0	0	0	0	0	0	0	0	0	0	0	0	0	0	0	0	0	0	1	0	13	0	0	0	0
C6723	0	0	0	1	4	23	26	0	0	0	1	1	0	0	0	0	0	2	0	0	1	0	8	0	0	0	3	0	0	11	3	0	0	0	0	0	0	3	0	9	3	15	0	4	17	0	2	0	28	0	0	0	0	0	0	2	0	1	2	12	2	0	0	0	1	0	0	0	0	0	0	0	0	0	0	0	0	0
C6726	0	0	0	0	0	0	0	0	0	0	0	0	0	0	0	0	0	0	0	9	0	0	0	0	0	0	1	0	0	0	0	49	1	0	6	0	0	0	0	0	0	0	0	0	0	0	0	0	31	0	0	0	2	0	0	0	0	0	0	0	1	0	0	0	0	0	0	0	0	2	0	0	0	0	0	0	0	0
C6727	0	0	0	0	0	0	0	0	0	0	0	0	0	0	0	0	0	0	0	0	0	0	0	0	0	0	0	0	0	0	0	0	0	0	0	0	0	0	0	0	0	0	0	0	0	0	0	0	0	0	0	21	0	0	0	0	0	0	0	0	0	0	0	0	0	1	0	0	0	0	0	0	0	0	0	0	0	0
C6734	0	0	0	9	1	0	0	0	0	1	0	0	5	0	3	0	0	1	0	3	0	1	1	0	0	1	1	0	0	0	0	3	8	0	0	0	11	0	5	6	0	0	0	2	0	0	0	3	2	0	0	0	0	2	0	0	0	0	0	0	3	1	1	0	2	0	2	0	0	5	0	0	0	0	0	0	0	0
C6737	0	0	0	0	0	0	0	0	0	0	0	0	0	0	0	3	0	0	0	0	0	0	0	0	0	0	0	0	0	0	0	0	0	0	0	0	0	0	0	0	0	0	0	0	0	0	0	0	0	0	0	7	0	0	0	0	0	0	0	0	0	0	0	0	0	0	0	0	0	0	0	0	0	8	0	0	0	0
C6739	1	2	8	0	0	1	0	0	0	0	0	0	0	12	0	56	0	0	0	0	0	0	0	0	0	0	0	0	0	0	0	0	0	0	0	0	0	0	0	0	721	1	0	0	5	0	0	0	3	0	0	114	0	1	0	0	0	0	0	0	0	0	0	0	0	5	0	0	0	0	0	0	0	0	0	0	0	0
C6741	0	0	0	1	1	0	1	0	0	0	2	0	1	0	1	0	0	0	1	0	1	2	0	0	0	1	2	0	0	0	0	0	0	0	0	0	1	1	0	1	0	0	0	0	1	0	0	0	0	0	0	0	2	1	2	1	1	1	1	0	1	0	0	0	0	0	0	1	1	0	0	3	0	0	1	0	0	0
C6742	0	0	0	0	0	0	0	0	0	0	0	0	0	0	0	0	0	0	0	0	0	0	0	0	0	0	0	0	0	0	0	0	0	0	0	0	0	0	0	0	0	0	0	0	0	0	0	0	0	0	0	0	0	0	0	0	0	0	0	0	0	0	0	0	0	0	0	0	0	0	0	0	0	20	0	0	0	0
C6743	0	0	0	0	0	0	0	0	0	0	0	0	0	0	0	0	0	0	0	0	0	0	0	0	0	0	0	0	0	0	0	0	0	0	0	0	0	0	0	0	0	0	0	0	0	0	0	0	8	0	0	0	8	0	0	0	0	0	0	0	0	0	0	0	0	0	0	0	0	0	0	0	12	0	0	0	0	0
C6744	0	0	0	0	0	0	0	0	0	0	0	0	0	0	0	0	0	0	0	0	0	0	0	0	0	0	0	0	0	0	0	0	0	0	0	0	0	0	0	0	0	0	0	0	0	0	0	0	0	0	0	0	6	0	0	0	0	0	0	0	0	0	0	0	0	0	0	0	0	0	0	0	5	0	0	0	0	0
C6745	0	0	0	0	0	0	0	0	0	0	0	0	0	0	0	0	0	0	0	0	0	0	0	0	0	0	2	0	0	0	0	0	0	0	0	0	0	1	0	0	0	0	0	0	0	0	0	0	12	0	0	0	0	0	0	0	0	0	5	0	0	0	0	0	0	0	0	0	0	0	0	0	0	0	0	0	0	0
C6748	0	0	0	0	0	0	0	0	0	0	0	0	0	0	0	0	0	0	0	0	0	0	0	0	0	0	0	0	0	0	0	0	0	0	0	0	0	0	0	0	0	0	0	0	0	0	0	0	0	0	0	32	0	0	0	0	0	0	0	0	0	0	0	0	1	0	0	0	0	0	0	0	0	0	0	0	0	0
C6752	0	0	0	0	0	0	0	0	0	0	0	0	0	0	0	0	0	0	0	0	0	0	0	0	0	0	0	0	0	0	0	0	0	0	0	0	0	0	0	0	0	0	0	0	0	0	0	0	0	0	0	0	10	0	0	0	0	0	0	0	0	0	0	0	1	0	0	0	0	0	0	0	12	0	0	0	0	0
C6753	0	0	1	6	1	0	4	1	0	4	15	0	6	0	7	0	1	8	0	2	4	0	1	0	1	4	0	3	0	0	0	0	4	3	0	0	7	21	1	0	0	0	0	17	0	26	5	3	10	24	0	0	0	5	1	2	0	3	1	1	7	0	3	0	0	0	28	0	1	1	0	0	0	0	4	2	0	0
C6754	0	0	1	0	0	0	0	0	0	0	0	0	0	0	0	2	0	1	0	0	0	0	0	0	0	0	0	0	0	0	0	0	0	0	0	0	0	0	0	0	4	0	0	0	0	0	0	1	0	0	0	118	0	0	0	0	0	0	0	0	0	0	0	0	0	3	0	0	0	0	0	0	0	9	0	0	0	0
C6757	0	0	0	0	27	0	13	9	0	0	13	0	10	0	33	0	0	3	1	3	137	2	1	0	2	8	5	0	0	0	0	3	17	12	0	0	4	16	4	7	0	0	0	8	3	4	1	4	27	16	0	0	2	29	1	0	0	5	0	18	3	4	6	0	0	0	15	0	4	0	0	2	0	0	2	8	0	0
C6762	0	0	0	11	19	0	7	0	0	1	5	0	1	0	7	0	0	10	0	35	20	2	4	1	9	8	2	0	0	3	3	2	6	3	1	0	13	14	3	7	0	2	0	5	4	10	3	1	147	7	0	0	2	11	2	0	0	2	4	7	10	0	12	0	0	0	5	0	3	3	0	1	0	0	3	1	0	0
C6764	0	0	1	1	0	0	0	0	0	0	1	0	1	0	0	0	0	3	0	0	0	0	1	0	0	0	0	1	0	0	0	0	0	1	0	0	1	1	0	0	1	1	0	0	0	3	0	0	1	2	0	0	0	1	0	0	0	0	0	0	1	0	0	0	0	0	0	0	0	0	0	0	0	0	2	0	1	0
C6765	0	0	0	3	7	0	3	2	0	2	31	0	5	0	15	0	0	3	0	3	2	0	1	0	2	3	1	5	0	0	0	9	1	0	2	0	8	15	1	2	0	0	0	9	3	16	18	0	6	10	0	0	0	8	5	1	0	21	6	4	4	49	17	2	1	0	13	0	1	4	0	1	0	0	7	3	0	0
C6769	0	0	0	0	0	0	0	0	0	0	0	0	0	0	0	0	0	0	0	1	2	1	0	0	0	1	1	1	0	0	0	0	1	0	0	0	1	1	0	0	0	0	0	1	1	0	1	0	1	1	0	0	0	0	0	0	0	0	0	3	0	2	0	0	4	0	0	0	0	0	0	0	0	0	0	0	0	0
C6770	0	0	0	0	0	0	0	0	0	0	0	0	0	0	0	0	0	0	0	0	0	0	0	0	0	0	0	0	0	0	0	0	0	0	0	0	0	0	0	0	0	0	0	0	0	0	0	0	0	0	0	12	0	0	0	0	0	0	0	0	0	0	0	0	0	0	0	0	0	0	0	0	0	0	0	0	0	0
C6771	0	0	0	0	0	0	1	0	0	0	2	0	3	0	1	1	0	0	0	0	3	3	2	0	0	5	0	0	0	0	0	0	0	3	0	0	3	0	2	2	0	0	0	4	1	0	1	0	0	2	0	0	0	2	1	0	0	1	0	0	0	0	0	0	2	0	1	0	0	0	0	1	0	0	1	0	0	0
C6772	0	0	0	0	1	0	0	0	0	0	0	0	0	0	0	0	0	0	0	0	0	0	0	0	0	0	0	0	0	0	0	0	0	0	0	0	0	0	0	0	0	0	0	0	0	0	0	0	0	0	0	10	0	0	0	0	0	0	0	0	0	0	0	0	0	0	0	0	0	0	0	0	0	0	0	0	0	0
C6775	0	0	0	0	1	0	2	0	0	0	1	0	2	0	2	0	0	0	0	0	4	4	0	0	1	6	0	0	0	0	0	0	1	1	0	0	4	0	2	0	0	0	0	3	0	0	1	0	0	0	0	0	0	1	1	0	1	1	0	1	1	1	0	0	0	0	1	0	3	0	0	0	0	0	3	0	0	0
C6776	0	0	0	0	0	0	0	0	0	0	0	0	0	0	0	0	0	0	0	0	0	0	0	0	0	0	0	0	0	0	1	0	0	0	0	0	0	0	0	0	0	0	0	0	0	0	0	0	0	0	0	0	5	0	0	0	0	0	0	0	0	0	0	0	13	0	0	0	0	0	0	0	17	0	0	0	0	0
C6778	0	0	0	2	5	0	2	0	0	0	0	0	2	0	1	0	0	6	0	6	6	0	0	0	7	1	0	0	0	0	4	0	0	2	0	0	1	3	0	0	0	1	0	1	0	0	0	1	27	0	0	0	1	2	0	0	0	1	0	0	1	0	0	0	0	0	0	0	0	1	0	2	0	0	0	0	0	0
C6779	0	0	0	2	0	0	0	0	0	0	1	0	0	0	0	0	0	3	0	0	0	0	0	0	0	1	0	0	0	0	1	0	0	1	0	0	0	2	0	0	0	0	0	7	0	2	0	0	1	3	0	0	1	2	0	0	0	0	0	1	0	0	0	0	1	0	1	0	1	0	0	0	0	0	1	0	0	0
C6786	0	0	0	0	8	0	2	0	0	0	2	0	3	0	1	0	0	2	0	0	2	1	0	0	0	3	0	1	0	0	0	0	7	0	0	0	7	0	3	0	0	0	1	0	0	0	0	0	1	3	0	0	0	3	1	0	0	3	0	3	2	1	0	0	1	0	4	0	0	0	0	0	0	0	3	0	0	0
C6794	0	0	0	0	2	0	0	0	0	0	1	0	0	0	2	0	0	2	0	1	1	0	0	0	0	0	0	0	0	0	0	0	0	1	0	0	1	0	0	2	0	0	0	2	0	1	0	1	0	1	0	0	0	4	0	0	0	0	0	0	0	5	7	0	0	0	0	0	1	0	0	0	0	0	1	0	0	0
C6795	0	0	0	0	0	0	2	0	0	0	0	0	2	0	0	0	0	0	0	0	1	3	0	1	0	0	0	0	0	0	0	0	1	0	0	0	5	0	4	1	0	0	0	0	0	1	1	0	0	0	1	0	0	1	0	0	0	0	1	0	0	1	0	0	0	0	1	0	0	1	0	0	0	0	0	0	0	0
C6796	0	0	0	0	0	0	0	0	0	0	0	0	0	0	0	0	2	0	3	1	1	0	0	16	0	0	0	0	0	0	3	0	0	0	0	0	0	0	1	0	0	5	0	0	0	0	0	0	0	0	7	0	0	0	0	0	2	0	0	0	0	0	0	0	0	0	1	0	0	0	1	0	0	0	0	0	7	0
C6798	0	0	0	0	0	0	0	0	1	0	2	0	0	0	0	0	0	0	0	0	0	0	0	0	0	0	0	0	0	0	0	0	2	0	5	0	1	0	5	0	0	0	0	0	0	0	130	0	0	0	0	0	0	0	0	0	0	0	1	6	1	1	0	0	20	0	0	0	0	1	0	0	0	0	0	0	0	0
C6800	0	0	0	0	0	0	2	0	0	0	0	0	2	0	1	0	0	0	0	1	1	0	0	0	0	0	0	0	0	1	0	0	0	0	0	0	0	3	0	0	0	0	0	1	0	2	1	0	3	5	0	0	0	2	3	0	0	0	0	0	0	0	0	0	0	0	3	0	0	0	0	0	0	0	0	0	0	0
C6802	0	0	0	4	95	0	4	0	0	0	2	0	14	0	11	0	0	3	1	6	10	7	3	0	0	6	0	13	0	4	7	3	17	2	1	0	22	0	19	12	0	0	0	1	3	5	4	1	13	8	40	0	0	24	1	0	0	1	0	1	1	14	4	0	8	0	5	0	0	18	0	0	0	0	2	1	34	0
C6803	0	0	0	0	0	0	0	0	0	0	0	0	0	0	0	0	0	0	0	0	0	0	0	0	0	0	0	0	0	0	0	0	0	0	0	0	0	0	0	0	0	1	0	0	0	0	0	0	0	0	2	0	0	0	0	0	0	0	0	0	0	0	0	0	0	0	0	0	0	0	8	0	0	0	0	0	0	0
C6805	0	0	0	0	1	0	0	2	0	0	1	0	0	0	1	0	0	1	0	0	0	0	11	0	0	0	0	0	0	0	5	0	0	0	0	0	1	9	0	1	0	0	0	0	0	0	0	0	2	1	4	0	0	2	0	0	0	0	2	7	2	2	2	0	0	2	0	0	0	0	0	0	0	0	0	2	0	0
C6808	0	0	0	7	0	0	0	0	0	0	1	0	1	0	1	0	0	1	0	0	1	0	0	0	0	0	0	1	0	0	0	0	2	0	0	0	30	0	10	7	0	0	0	1	1	0	2	1	0	0	0	0	0	1	0	0	0	0	3	1	0	4	1	1	0	0	0	0	0	3	0	0	0	0	0	0	0	0
C6809	0	0	0	0	0	0	0	0	0	0	0	0	0	0	0	0	0	0	0	0	0	0	0	0	0	0	0	0	0	0	0	0	0	0	0	0	0	0	0	0	0	0	0	0	0	0	0	0	0	0	0	0	8	0	0	0	0	0	0	0	0	0	1	0	0	0	0	0	0	0	0	0	2	0	0	0	0	0
C6811	0	0	0	0	0	0	0	0	0	0	0	0	0	0	0	0	0	0	0	0	0	0	0	0	0	0	0	0	0	0	0	0	0	0	0	0	0	0	0	0	0	0	0	0	0	0	0	0	0	0	0	6	0	0	0	0	0	0	0	0	0	0	0	0	0	5	0	0	0	0	0	0	0	1	0	0	0	0
C6812	0	0	0	0	0	0	0	0	0	0	1	0	0	0	1	0	0	0	0	0	0	0	0	0	0	2	0	0	0	0	0	1	0	0	0	0	0	0	0	3	0	0	0	0	0	0	5	0	6	0	0	0	0	0	0	0	0	0	2	0	0	0	0	0	0	0	0	0	0	0	0	0	0	0	0	0	0	0
C6816	0	0	0	1	0	0	1	0	0	0	0	0	0	0	0	0	0	1	0	0	0	0	0	0	0	0	0	0	0	0	0	0	0	0	0	0	0	1	0	0	0	0	0	0	0	0	0	0	6	1	0	0	0	0	0	0	0	0	0	0	0	0	0	0	0	0	0	0	0	0	0	0	0	0	0	0	0	0
C6817	0	0	0	1	0	0	0	0	0	0	1	0	0	0	0	0	0	0	1	0	0	0	1	1	0	1	0	2	0	0	0	0	1	0	0	0	2	0	0	2	0	1	0	0	0	1	0	0	0	0	5	0	0	0	0	0	0	0	0	0	0	0	0	0	1	0	0	0	0	1	0	0	0	0	0	0	2	1
C6819	0	0	0	5	3	0	1	0	0	3	2	0	11	0	13	0	0	0	1	5	0	1	1	0	0	1	1	4	0	0	0	2	0	4	0	0	1	1	1	5	0	0	0	7	3	2	3	2	0	0	0	0	0	8	1	2	0	3	1	1	0	10	21	42	4	0	5	0	6	8	0	0	0	0	2	7	0	0
C6820	0	0	0	4	5	0	5	1	0	1	2	0	4	0	4	0	0	1	0	2	2	4	0	0	3	3	3	3	0	0	0	2	1	3	3	0	8	4	2	1	0	0	0	3	1	3	1	3	2	4	0	0	0	2	1	1	0	0	3	5	3	0	0	2	1	0	0	2	1	0	0	8	0	0	1	3	0	0
C6832	0	0	0	0	1	0	1	0	0	0	0	0	2	0	0	0	0	0	0	0	0	5	0	0	1	0	2	0	0	0	0	0	0	0	0	0	0	1	2	0	0	0	0	0	2	0	0	1	0	2	0	0	0	1	0	0	0	1	1	0	1	0	0	0	1	0	0	0	0	0	0	2	0	0	0	0	0	0
C6836	0	0	0	49	29	0	8	0	0	1	3	0	3	0	9	0	0	13	3	8	17	9	7	0	10	4	8	1	0	0	11	10	50	6	2	0	43	4	24	19	0	0	1	5	4	0	12	25	10	1	0	0	0	15	1	0	1	1	11	10	9	4	8	0	11	0	10	1	0	5	0	4	0	0	6	12	0	1
C6837	0	0	0	0	0	0	0	1	0	0	0	0	0	0	0	0	0	0	0	0	0	0	0	0	0	0	0	0	0	4	0	0	0	0	0	0	0	0	0	0	0	0	0	0	0	0	0	0	1	0	0	0	6	0	0	0	0	0	0	0	1	0	0	0	0	0	0	0	0	0	0	0	23	0	0	0	0	0
C6840	0	0	0	1	2	0	0	1	0	0	1	1	1	0	1	0	0	1	0	0	0	2	0	0	0	2	1	1	0	0	0	1	0	1	0	0	1	0	0	0	0	0	0	0	2	0	0	0	1	2	0	0	0	3	0	0	1	0	1	0	0	1	0	0	0	0	0	0	0	0	0	0	0	0	0	1	0	0
C6846	0	0	0	0	0	1	0	0	0	0	0	0	0	0	0	0	2	2	0	1	0	0	0	1	0	0	0	1	0	0	0	0	0	0	0	0	0	2	0	0	0	6	0	1	0	1	0	0	4	2	2	0	0	1	0	0	0	1	0	1	0	0	0	0	0	0	2	0	0	1	0	0	0	0	0	0	0	1
C6848	0	0	0	0	0	0	1	4	0	0	0	0	2	0	0	0	0	0	0	0	0	0	0	0	0	0	0	0	0	0	0	2	0	0	6	0	0	1	0	0	0	0	0	30	0	0	3	0	1	0	0	0	0	0	0	3	0	0	0	1	0	1	0	0	0	0	0	0	0	0	0	0	0	0	0	0	0	0
C6852	0	0	0	0	0	0	0	1	0	0	0	0	0	0	0	0	0	2	0	0	0	0	1	0	0	0	1	0	0	0	0	0	0	0	0	0	0	2	0	0	0	0	0	0	0	0	8	0	1	0	0	0	0	0	0	3	0	0	0	1	0	0	0	0	0	0	0	3	0	0	0	0	0	0	0	0	0	0
C6855	0	0	0	1	0	0	0	0	0	0	0	0	1	0	0	0	0	1	0	2	1	1	2	0	4	0	0	1	0	0	0	1	0	0	1	0	0	1	1	2	0	0	0	0	0	1	0	0	6	0	0	0	0	0	2	0	0	1	1	3	0	2	0	0	2	0	0	0	3	0	0	0	0	0	1	0	0	0
C6859	0	0	0	0	0	0	0	0	0	0	0	0	0	0	0	0	0	0	0	0	0	0	0	0	0	0	0	0	0	0	0	0	0	0	0	0	0	0	0	0	0	0	0	0	0	0	0	0	0	0	0	0	4	0	0	0	0	0	0	0	0	0	0	0	38	0	0	0	0	0	0	0	0	0	0	0	0	0
C6861	21	34	21	0	0	0	0	1	0	0	0	0	0	4	1	2	0	0	0	0	0	0	0	0	0	0	1	0	0	0	0	0	0	0	0	0	0	0	0	0	0	0	0	0	0	0	0	0	0	0	0	13	0	0	0	0	0	0	0	0	0	0	0	0	0	7	0	0	0	0	0	0	0	1	0	0	0	0
C6867	0	0	0	3	1	0	0	2	0	0	5	0	2	0	3	0	0	3	0	1	0	1	0	0	0	1	0	1	0	0	1	0	1	1	0	0	0	7	0	2	0	0	0	7	3	8	8	0	1	0	0	0	0	2	1	3	0	3	1	1	2	1	7	7	0	0	7	0	0	4	0	0	0	0	4	1	0	0
C6868	0	0	0	1	0	0	0	0	0	1	0	0	5	0	0	0	0	0	0	0	0	1	1	0	0	0	0	0	0	0	0	1	0	0	0	0	1	0	0	1	0	0	0	0	0	1	0	1	0	0	0	0	0	0	0	0	0	0	0	1	1	1	1	2	0	0	1	0	0	4	0	0	0	0	0	0	0	0
C6869	0	0	0	2	2	1	1	0	0	0	2	3	0	0	1	0	0	3	1	3	5	0	0	0	1	2	0	0	0	1	6	0	1	1	0	0	3	1	1	0	0	4	0	3	0	5	1	0	13	1	0	0	1	1	1	0	1	1	0	2	0	0	0	0	0	0	3	0	0	0	0	0	0	0	2	0	2	0
C6870	0	0	0	0	1	0	0	0	0	0	0	0	0	0	1	0	0	0	0	0	0	0	0	0	0	0	0	0	0	3	2	0	0	1	0	0	0	0	0	0	0	0	0	0	0	0	4	0	1	0	0	0	0	1	0	0	0	1	0	0	0	0	0	0	0	0	0	0	0	1	0	0	1	0	0	1	0	0
C6873	0	0	0	0	0	0	0	0	0	0	0	0	1	0	0	0	0	0	0	0	3	2	0	0	1	1	0	0	0	0	0	0	3	0	0	0	0	0	1	0	0	0	0	0	0	0	0	0	0	1	0	0	0	0	0	0	0	0	0	1	0	0	1	0	1	0	0	0	0	0	0	0	0	0	0	0	0	0
C6877	0	0	0	0	0	0	0	0	0	0	0	0	0	0	0	0	0	0	0	0	0	0	0	0	0	0	0	0	0	1	5	0	0	0	0	0	0	0	0	0	0	2	0	0	0	0	0	0	3	0	0	0	1	0	0	0	1	0	0	0	0	0	1	0	0	0	0	0	0	0	0	0	0	0	0	0	1	0
C6879	0	0	0	0	0	0	1	0	0	0	0	0	0	0	1	0	0	3	0	0	0	0	0	0	0	5	5	0	0	0	0	0	0	0	0	0	5	2	0	4	0	0	0	2	0	0	0	0	5	1	0	0	0	0	0	0	0	0	0	2	1	0	2	0	0	0	1	1	0	1	0	0	0	0	0	0	0	0
C6881	0	0	0	0	5	0	2	1	0	0	0	0	0	0	2	0	0	1	0	5	5	0	0	0	2	1	1	1	0	0	0	0	0	0	0	0	0	2	1	1	0	0	0	2	0	0	1	0	13	1	0	0	0	8	0	1	0	1	1	0	0	1	0	0	0	0	0	0	0	0	0	1	0	0	0	0	0	1
C6882	0	0	0	0	2	0	2	1	0	1	2	1	1	0	3	0	0	4	1	3	4	0	1	0	0	2	0	0	0	1	2	0	0	1	0	0	3	7	0	0	0	0	0	7	1	10	1	0	16	4	0	0	0	2	0	0	0	1	0	1	3	1	1	0	0	0	10	0	0	0	0	1	0	0	1	0	0	0
C6884	0	0	0	0	0	0	1	1	0	0	0	0	0	0	0	0	0	0	0	0	0	0	0	0	0	0	0	0	0	0	2	0	1	0	1	0	0	0	0	0	0	0	0	1	0	0	1	0	0	0	0	0	2	1	0	1	0	0	0	0	1	1	0	0	1	0	0	0	0	1	0	0	2	0	0	0	0	0
C6886	2	1	7	0	0	0	0	0	3	0	0	0	0	0	0	1	0	0	0	0	0	0	0	0	0	0	0	0	0	0	0	0	0	0	0	0	0	0	0	0	0	0	0	0	0	0	0	0	0	0	0	34	0	0	0	0	0	0	0	0	0	0	0	0	0	4	0	0	0	0	0	0	0	0	0	0	0	0
C6889	0	0	0	0	0	0	0	0	0	0	2	0	0	0	0	0	0	3	0	0	0	0	0	0	0	1	0	0	0	1	0	0	0	0	0	0	2	2	0	0	1	0	0	3	0	1	0	0	2	2	0	0	0	0	0	0	0	0	0	0	1	0	0	0	0	0	3	0	0	0	0	0	1	0	0	0	0	0
C6890	1	1	0	1	0	0	0	0	0	0	0	0	1	0	0	0	0	0	0	0	0	0	0	0	0	0	0	1	0	0	0	1	0	0	0	0	0	0	0	1	0	0	0	0	1	0	0	0	0	0	0	0	1	0	0	0	0	0	0	0	1	0	0	0	0	0	0	0	0	0	0	1	0	0	0	0	0	0
C6892	0	0	0	4	1	0	4	0	0	4	3	0	1	0	0	0	0	4	0	1	2	0	0	0	0	2	1	0	0	0	0	0	1	0	0	0	4	11	0	0	0	0	0	5	0	16	0	0	7	3	1	0	0	0	2	0	0	0	0	2	4	1	1	0	0	0	6	0	0	0	0	0	0	0	3	0	0	0
C6894	0	0	0	1	1	0	5	0	0	0	12	0	2	0	1	0	0	6	0	1	5	0	2	0	1	3	0	1	0	0	0	3	3	7	0	0	11	2	0	0	0	2	0	18	0	17	3	0	0	7	0	0	1	6	1	0	0	2	0	6	4	1	0	0	0	0	23	0	1	0	0	0	0	0	10	0	0	0
C6895	0	0	0	1	0	0	0	0	0	1	0	0	0	0	0	0	0	1	4	0	1	0	0	0	0	0	1	0	0	0	0	0	0	0	0	0	0	0	0	4	0	0	0	0	0	0	1	0	8	0	37	0	0	0	0	0	3	0	1	0	2	0	0	0	0	0	0	0	0	0	0	0	0	0	0	0	0	0
C6896	0	0	0	3	0	0	5	0	0	1	5	0	1	0	0	0	0	5	0	3	1	0	1	0	0	4	0	0	0	0	1	0	0	1	0	0	1	5	0	0	0	0	0	6	0	13	3	1	6	5	0	0	0	1	1	0	0	0	0	1	3	0	0	0	1	0	9	0	0	0	1	0	0	0	1	0	0	0
C6897	0	0	0	0	2	0	0	1	0	0	0	0	0	0	0	0	0	0	0	0	1	0	0	0	0	0	0	0	0	0	0	2	0	0	0	0	0	0	0	6	0	0	0	0	1	0	1	0	9	0	0	0	0	0	0	0	0	0	2	1	7	0	0	0	1	0	0	0	0	0	0	0	0	0	0	0	0	0
C6899	0	0	0	0	0	0	2	0	0	1	0	0	2	0	1	0	0	0	0	0	0	0	0	0	0	1	2	1	0	0	0	0	0	2	0	0	1	2	1	0	0	0	0	1	0	0	0	0	4	1	0	0	0	2	1	0	0	0	0	2	0	1	0	0	0	0	0	1	0	0	0	1	0	0	0	0	0	0
C6901	0	0	0	5	1	0	1	0	0	0	2	0	0	0	0	0	2	5	0	1	1	1	1	0	0	4	0	0	0	2	2	0	1	0	0	0	4	6	0	8	0	0	0	1	0	0	1	0	7	0	0	0	0	1	1	0	0	0	3	1	3	2	9	0	0	0	3	0	0	0	0	1	1	0	3	0	0	0
C6906	0	0	1	0	0	0	0	6	0	0	1	0	1	0	0	0	0	0	0	0	0	0	1	0	0	0	0	0	2	0	0	5	0	0	12	0	0	8	0	2	0	0	0	0	0	0	0	0	2	1	0	0	0	0	4	5	0	0	1	10	2	5	0	0	0	1	0	0	0	0	0	0	0	0	0	0	0	0
C6908	0	0	0	1	3	0	0	0	0	0	0	0	1	0	0	0	0	1	0	3	2	1	0	0	0	0	2	0	0	0	0	0	0	0	0	0	2	2	0	0	0	0	0	2	0	4	1	1	13	2	0	0	0	2	0	0	0	1	1	0	0	0	1	1	0	0	1	0	0	0	0	0	0	0	0	0	0	0
C6909	0	0	0	0	0	0	2	1	0	0	1	0	0	0	0	0	0	0	0	0	1	0	0	0	0	0	0	1	0	0	0	0	0	0	0	0	0	1	0	0	0	0	0	3	0	4	0	0	2	2	0	0	0	2	0	1	0	1	0	0	1	0	0	1	0	0	3	0	0	0	0	0	0	0	1	0	0	0
C6912	0	0	0	0	0	0	0	0	0	0	0	0	0	0	0	0	0	0	0	0	0	0	0	0	0	0	0	0	0	0	0	1	0	0	0	0	0	0	0	1	0	0	0	0	0	0	0	0	0	0	7	0	0	0	0	0	0	0	0	0	0	0	0	0	0	0	0	0	0	0	0	0	0	0	0	0	6	0
C6915	0	0	0	1	0	0	1	0	0	0	0	0	1	0	0	0	0	0	0	0	1	1	1	0	0	0	0	2	0	0	0	1	0	1	0	0	0	0	0	0	0	0	0	1	0	1	0	0	0	0	0	0	0	1	0	0	0	2	1	0	0	0	2	0	2	0	1	0	0	0	0	0	0	0	1	0	0	0
C6916	0	0	0	0	0	0	0	0	0	0	0	2	0	0	0	0	0	0	1	0	0	0	0	4	0	0	0	1	0	0	0	1	1	1	0	0	1	0	0	0	0	0	2	0	1	0	0	0	0	0	0	0	0	1	0	0	1	0	0	0	0	0	0	1	0	0	0	0	0	0	0	1	0	0	0	1	0	0
C6917	0	0	0	1	2	0	0	0	0	0	0	0	0	0	0	0	0	1	1	0	1	0	0	0	0	0	1	1	0	0	0	0	0	0	1	0	0	0	0	1	0	0	0	0	1	0	0	0	0	0	0	0	0	1	1	0	0	0	1	0	0	0	0	4	0	0	1	0	0	0	0	1	0	0	0	1	0	0
C6918	0	0	0	0	0	0	0	0	0	0	0	0	0	0	0	0	0	0	0	0	0	0	0	0	0	0	0	0	0	0	0	0	0	0	0	0	0	0	0	0	0	0	0	0	0	0	0	0	0	0	0	7	0	0	0	0	0	0	0	0	0	0	0	0	0	0	0	0	0	0	0	0	0	9	0	0	0	0
C6921	0	0	0	1	0	0	0	0	0	0	0	0	0	0	0	0	0	1	0	0	0	0	0	0	0	0	1	0	0	0	0	1	0	2	0	0	0	0	0	0	0	0	0	0	0	0	0	0	0	0	2	0	0	0	0	0	0	0	0	0	0	1	0	0	0	0	0	0	0	2	0	0	0	0	1	0	0	1
C6922	0	0	0	0	1	4	3	0	0	0	2	3	0	0	1	0	1	2	0	0	0	0	1	1	0	3	0	0	0	0	0	1	0	0	0	0	3	2	0	5	0	2	0	1	0	0	0	0	6	0	2	0	0	1	0	0	0	1	1	0	0	0	1	0	0	0	0	0	0	0	2	0	1	0	0	0	0	1
C6923	0	0	0	0	0	0	11	4	0	0	0	0	0	0	0	0	0	0	0	0	0	0	0	0	0	0	0	0	0	0	0	5	0	0	7	0	0	1	0	1	0	0	0	46	0	0	6	0	0	0	0	0	0	0	0	1	0	0	0	1	0	5	0	0	0	0	0	0	0	0	0	0	0	0	0	0	0	0
C6927	0	0	5	0	0	0	0	0	0	0	0	0	0	0	0	4	0	0	0	0	0	0	0	0	0	0	0	0	0	0	0	0	0	0	0	0	0	0	0	0	9	0	0	0	0	0	0	0	0	0	0	5	0	0	0	0	0	0	0	0	0	0	0	0	0	1	0	0	0	0	0	0	0	0	0	0	0	0
C6929	0	0	0	3	33	0	6	0	0	14	5	0	2	0	9	0	0	16	0	3	18	1	4	0	7	3	2	1	0	1	1	1	3	4	0	0	5	5	0	5	0	1	0	13	1	6	3	1	13	11	1	0	0	10	0	1	0	0	12	5	5	4	5	2	1	0	25	0	1	1	0	5	0	0	2	3	1	0
C6930	0	0	0	0	1	0	1	0	0	0	0	0	1	0	0	0	0	1	0	0	0	1	1	0	2	0	0	2	0	0	0	2	0	0	0	0	1	1	1	0	0	0	0	2	0	0	7	1	0	0	0	0	0	1	1	0	0	2	0	0	0	0	1	0	1	0	0	0	0	0	0	0	0	0	1	0	0	0
C6931	0	0	0	0	0	0	0	0	0	0	6	0	0	0	4	0	0	0	0	0	0	1	0	0	1	0	1	0	0	0	0	0	0	0	2	0	0	0	1	0	0	0	0	0	0	0	2	0	0	0	0	0	0	10	0	0	0	0	1	0	0	0	0	0	1	0	0	0	2	0	0	0	0	0	1	0	0	0
C6935	0	0	0	0	1	14	50	0	0	0	1	1	0	0	0	0	2	1	1	2	4	0	1	1	0	1	0	0	0	0	4	0	0	0	0	0	0	5	0	1	0	20	0	3	9	2	1	0	7	0	4	0	0	1	1	0	0	0	1	1	0	1	0	0	0	0	0	1	1	0	32	0	0	0	1	0	1	3
C6936	0	0	0	0	0	0	0	0	0	0	1	0	0	0	0	0	0	3	0	0	1	0	0	0	0	0	0	1	0	0	0	0	1	0	0	0	1	0	0	0	0	0	0	0	0	0	0	0	1	0	0	0	0	1	0	0	0	0	1	0	0	0	1	2	0	0	0	0	1	0	0	0	0	0	0	0	0	0
C6938	0	0	0	0	0	0	0	0	0	0	0	0	0	0	1	0	0	0	0	0	0	0	0	0	0	1	0	0	0	0	0	0	0	1	0	0	3	0	1	0	0	0	0	1	0	0	1	0	0	0	0	0	0	0	0	0	0	0	0	0	0	1	1	0	0	0	1	0	0	0	0	0	0	0	0	0	0	0
C6940	0	0	0	0	0	0	0	0	0	0	0	0	0	0	0	0	0	1	0	0	1	0	0	0	0	0	0	0	0	0	0	0	0	0	0	0	0	4	0	1	0	0	0	0	0	4	1	0	2	3	0	0	0	1	1	0	0	0	0	0	1	0	0	0	0	0	1	0	0	1	0	0	0	0	0	0	0	0
C6942	0	0	0	0	0	0	0	0	0	0	0	0	0	0	0	0	0	0	0	0	0	0	0	0	0	0	0	0	0	1	0	0	0	0	0	0	0	0	0	0	0	0	0	0	0	0	0	0	0	0	0	0	4	0	0	0	0	0	0	0	0	0	0	0	58	0	0	0	0	0	0	0	4	0	0	0	0	0
C6944	0	0	0	0	1	0	35	0	0	0	0	0	0	0	0	0	1	0	0	0	0	0	0	0	0	0	0	0	0	0	0	0	0	0	0	0	0	0	0	3	0	1	1	29	1	0	0	0	0	0	0	0	0	0	0	36	0	0	1	0	0	0	1	0	0	0	0	0	0	0	0	0	0	0	0	1	0	0
C6949	0	0	0	0	3	1	1	1	0	0	0	0	1	0	2	0	0	1	0	1	4	1	3	0	0	0	0	0	0	0	0	1	2	0	0	0	2	1	1	1	0	3	0	1	0	0	0	1	8	0	0	0	0	1	0	0	0	0	0	2	2	0	2	0	0	0	2	0	0	0	0	0	0	0	2	0	0	0
C6950	0	0	0	0	0	0	0	1	0	1	0	0	0	0	0	0	0	0	0	1	1	0	0	0	0	0	0	0	0	0	0	0	0	0	1	0	0	2	0	0	0	0	0	0	0	0	1	3	1	0	2	0	0	0	0	0	0	0	1	1	1	0	0	0	0	0	0	0	0	0	0	3	0	0	0	0	0	0
C6951	0	0	0	3	2	0	5	0	0	1	0	0	0	0	0	0	0	10	0	5	3	1	1	0	2	2	1	0	0	0	0	0	1	3	0	0	1	3	1	0	0	1	0	1	0	0	0	3	21	1	0	0	0	0	0	0	0	0	1	3	2	0	1	0	0	0	3	0	0	0	0	0	0	0	1	0	0	0
C6953	0	0	0	2	2	0	1	0	0	0	6	0	1	0	2	0	0	5	0	5	1	0	1	0	1	3	0	0	0	0	3	1	0	1	1	0	2	4	0	1	0	1	0	4	1	9	0	1	28	2	0	0	0	1	1	1	0	1	2	0	1	0	2	0	0	0	7	0	0	0	0	1	0	0	1	0	1	0
C6957	1	0	0	0	6	0	1	1	0	0	1	0	3	0	3	0	0	3	0	0	4	2	1	0	0	8	0	6	0	0	0	4	2	2	0	0	3	0	4	0	0	0	0	4	0	0	0	0	0	13	0	0	1	9	1	0	0	3	1	3	0	0	0	0	2	0	3	0	1	0	0	2	0	0	4	0	0	0
C6958	0	0	0	0	0	0	0	1	0	0	0	0	2	0	0	0	0	0	0	0	0	1	0	0	2	2	0	5	0	0	0	2	1	0	0	0	0	1	3	1	0	0	0	2	0	0	0	0	0	0	1	0	0	0	1	1	0	0	3	1	0	3	0	1	0	0	0	0	0	0	0	0	0	0	0	1	0	0
C6959	0	0	0	5	7	0	9	0	0	0	3	2	0	0	0	0	0	14	6	7	5	0	0	1	1	0	0	0	0	4	13	0	0	1	0	0	3	1	0	1	0	45	0	0	1	0	0	1	25	0	1	0	2	1	0	0	0	0	0	7	2	0	0	0	0	0	0	0	0	0	2	0	0	0	0	0	0	2
C6961	0	0	0	0	1	0	1	0	0	0	1	0	0	0	0	0	0	0	0	0	0	0	0	0	0	0	0	0	0	0	0	0	0	1	0	0	0	2	0	0	0	0	0	1	1	3	1	0	2	2	0	0	0	1	1	0	0	0	0	0	1	0	3	1	0	0	4	0	0	0	0	0	0	0	0	0	0	0
C6962	0	0	0	1	2	0	0	2	0	0	2	0	0	0	1	0	0	0	0	2	0	1	1	0	1	0	0	3	0	0	0	0	0	0	0	0	0	0	1	1	0	0	0	0	0	1	1	0	0	3	0	0	0	1	1	3	0	0	6	0	0	0	1	2	0	0	1	0	1	0	0	0	0	0	1	1	0	0
C6963	0	0	0	0	0	0	0	3	0	0	0	0	0	0	0	0	0	0	0	0	0	0	1	0	0	0	0	0	0	0	0	3	0	0	0	0	0	2	0	1	0	0	0	1	1	0	0	0	0	0	0	0	0	0	2	1	0	0	0	6	0	1	0	0	1	0	0	0	0	0	0	0	0	0	0	0	0	0
C6967	0	0	0	0	3	0	0	0	0	1	0	0	1	0	2	0	0	2	0	3	1	0	0	0	1	1	0	0	0	0	1	0	0	1	0	0	2	2	0	0	0	1	0	0	2	0	0	0	22	0	0	0	0	1	1	0	0	0	0	3	0	1	1	0	0	0	1	0	0	0	0	0	0	0	0	1	0	0
C6968	0	0	0	0	0	0	0	0	0	1	2	0	1	0	0	0	0	0	0	0	0	0	0	0	0	0	0	1	0	0	0	0	0	1	0	0	0	0	0	0	0	0	0	0	0	1	0	0	1	1	0	0	0	0	0	0	0	0	0	0	0	0	0	0	0	0	0	0	1	0	0	0	0	0	0	1	0	0
C6971	0	0	0	0	0	0	0	0	0	1	1	0	1	0	1	0	0	0	0	0	1	0	0	0	0	0	0	0	0	0	0	0	0	1	0	0	0	0	1	1	0	0	0	0	0	2	2	0	2	2	0	0	0	1	0	0	0	0	0	0	0	1	0	0	0	0	1	0	0	0	1	0	0	0	0	0	0	0
C6974	0	0	0	0	0	0	1	0	0	0	0	0	0	0	0	1	0	0	0	0	1	0	0	0	0	0	0	0	0	0	0	0	0	0	0	0	5	0	2	0	0	0	0	0	0	0	1	0	0	0	0	0	0	0	0	0	0	0	1	0	1	0	0	0	1	0	0	0	0	0	0	0	0	0	0	0	0	0
C6975	0	0	0	0	0	0	0	0	0	0	0	0	0	0	0	0	0	0	0	0	0	0	0	0	0	0	0	0	0	0	0	0	0	0	0	0	0	0	0	0	0	0	0	0	0	0	0	0	0	0	0	0	0	0	0	0	0	0	0	0	0	0	0	0	11	0	0	0	0	0	0	0	1	0	0	0	0	0
C6976	0	0	0	0	1	0	2	0	0	0	1	0	0	0	2	0	0	2	0	0	2	0	0	0	0	3	0	1	0	0	0	0	2	0	0	0	2	0	3	0	0	0	0	3	1	1	0	0	0	4	0	0	0	1	1	0	0	1	0	0	0	1	0	0	0	0	1	0	0	0	0	0	0	0	2	0	0	0
C6978	0	0	1	0	0	0	0	0	0	0	0	0	0	0	0	0	0	0	0	0	0	0	0	0	0	0	0	0	0	0	0	0	0	0	0	0	0	0	0	0	6	0	0	0	0	0	0	0	0	0	0	3	0	0	0	0	0	0	0	0	0	0	0	0	0	1	0	0	0	0	0	0	0	0	0	0	0	0
C6979	0	0	0	0	0	0	1	0	0	0	1	0	0	0	0	0	0	3	0	0	0	0	2	0	0	0	0	1	0	0	0	0	1	0	0	0	0	0	0	6	0	0	0	1	0	0	2	1	1	1	0	0	0	3	0	0	0	0	0	1	3	1	2	0	0	0	2	0	0	0	0	0	0	0	2	0	0	0
C6980	0	0	0	1	7	0	1	0	0	0	0	0	0	0	1	0	0	5	0	4	1	2	0	0	2	2	1	0	0	0	0	1	2	0	0	0	4	3	2	0	0	1	1	0	2	0	0	0	44	1	0	0	0	1	0	0	0	0	0	0	1	1	0	0	0	0	0	0	0	0	0	0	1	0	0	0	0	0
C6986	0	0	0	2	1	0	0	0	0	0	1	0	0	0	2	0	0	1	0	0	1	1	0	0	1	0	0	0	0	0	0	0	1	0	0	0	5	0	1	0	0	0	0	1	0	3	0	0	0	1	0	0	0	1	0	0	0	0	1	0	0	0	3	0	2	0	1	0	0	0	0	0	0	0	1	0	0	0
C6987	0	0	0	2	0	0	2	0	0	0	0	0	1	0	2	0	0	2	0	0	4	0	0	0	1	0	0	0	0	3	1	0	1	1	0	0	0	4	0	0	0	1	0	3	0	1	0	1	7	1	0	0	0	1	0	0	0	1	0	1	0	0	1	0	0	0	4	0	0	0	1	0	0	0	1	0	0	0
C6991	0	0	0	2	0	0	1	0	0	0	1	0	0	0	0	0	0	0	0	0	2	2	0	0	0	0	3	1	0	0	0	1	0	1	0	0	0	0	0	0	0	0	0	2	1	0	0	1	0	0	0	0	0	1	0	1	0	0	0	1	2	0	0	0	0	0	0	0	0	0	0	0	0	0	1	1	0	0
C6994	0	0	0	0	3	0	1	0	0	0	1	0	0	0	2	0	0	3	0	2	1	0	0	0	1	1	0	1	0	0	0	0	1	1	0	0	1	1	0	1	0	0	0	0	0	0	0	0	9	1	0	0	0	1	0	1	0	0	1	2	0	0	0	0	0	0	1	0	0	2	0	0	0	0	0	0	0	0
C6995	0	0	0	0	0	0	1	0	0	0	2	0	1	0	1	0	0	3	0	2	3	0	1	0	0	0	0	0	0	2	0	0	0	2	0	0	2	6	0	0	0	0	0	4	0	9	0	0	3	0	0	0	0	2	0	0	0	1	0	1	2	0	0	0	0	0	4	0	0	0	0	0	0	0	1	0	0	0
C6996	0	0	0	0	1	0	0	0	0	0	0	0	0	0	0	0	0	0	0	0	0	1	1	0	0	2	0	1	0	0	0	0	0	0	0	0	1	0	1	0	0	0	0	2	0	0	2	0	0	3	0	0	0	1	0	0	0	0	0	0	0	0	0	0	2	0	1	0	0	0	0	0	0	0	0	0	0	0
C6997	0	0	0	1	0	0	3	2	0	2	0	0	3	0	1	0	0	0	0	2	1	3	1	1	1	3	1	1	0	0	0	1	0	0	1	0	2	1	1	1	0	0	0	1	5	0	0	0	0	0	0	0	0	1	0	4	0	0	2	8	1	0	0	1	3	0	1	6	0	0	0	0	0	0	0	2	0	0
C7000	0	0	0	0	0	0	0	8	0	0	0	0	0	0	0	0	0	0	0	0	0	0	0	0	0	0	1	0	0	0	0	0	0	0	0	0	0	0	0	1	0	0	0	1	1	0	12	0	0	0	0	0	0	0	0	1	0	1	1	0	0	0	0	0	0	0	0	2	0	0	1	0	0	0	0	0	0	0
C7002	0	0	0	7	4	1	6	0	0	6	7	1	2	0	6	0	2	10	0	9	10	0	3	0	2	4	3	1	0	2	0	1	7	2	0	0	13	19	1	3	0	11	0	7	1	29	4	2	31	13	0	0	0	2	0	0	0	1	0	4	9	2	12	0	0	0	14	0	2	1	0	0	0	0	2	1	0	2
C7003	0	0	0	0	0	0	0	1	0	0	1	0	0	0	1	0	0	0	0	0	0	0	0	0	0	0	0	0	0	0	0	0	0	0	1	0	0	0	0	0	0	0	0	0	0	0	0	0	0	0	0	0	0	10	0	0	0	0	0	0	1	0	0	1	0	0	0	0	0	0	0	0	0	0	0	0	0	0
C7004	0	0	0	0	0	0	2	1	0	0	0	0	1	0	1	0	1	0	0	0	0	2	0	0	0	0	0	0	0	0	0	1	0	1	0	0	1	0	0	0	0	0	0	0	0	0	0	0	0	2	0	0	0	2	0	0	1	1	0	5	0	0	0	0	0	0	2	0	2	0	0	1	0	0	1	0	0	0
C7005	0	0	0	1	1	0	0	0	0	0	2	0	0	0	2	0	0	2	0	1	2	0	0	0	0	1	0	1	0	0	0	2	1	0	0	0	1	6	1	1	0	0	0	0	0	1	0	0	1	4	0	0	0	1	0	0	0	1	0	0	3	1	0	0	1	0	4	0	0	0	0	0	0	0	0	0	0	0
C7008	0	0	0	99	1160	0	508	35	0	5	99	3	78	0	125	0	12	146	43	111	144	69	74	105	89	75	22	101	0	12	60	109	276	24	7	1	271	40	178	170	0	540	0	93	52	117	78	20	219	51	559	0	6	113	30	5	3	105	126	83	149	104	89	2	139	1	179	2	47	123	7	16	4	0	61	19	344	10
C7009	0	0	0	0	0	0	2	0	0	0	0	0	0	0	0	0	3	0	0	0	0	0	0	1	0	0	0	0	0	0	0	0	1	0	0	0	1	3	0	0	0	6	0	1	0	3	0	1	0	0	2	0	0	1	1	0	1	0	0	0	0	0	0	0	0	0	1	0	0	0	2	0	0	0	2	0	2	1
C7011	0	0	0	1	0	0	0	0	0	0	0	0	0	0	0	0	0	0	0	0	3	0	0	0	0	0	1	0	0	0	2	1	0	0	0	0	1	1	0	0	0	0	0	0	0	2	0	0	3	0	0	0	0	2	0	0	0	0	0	0	1	0	0	0	0	0	0	0	0	0	0	0	0	0	1	0	0	0
C7014	0	0	0	2	3	0	2	0	0	0	1	0	0	0	0	0	0	1	0	1	1	0	0	0	1	0	1	3	0	0	0	1	0	1	0	0	8	0	2	5	0	1	0	1	0	1	0	1	0	0	0	0	0	0	0	4	0	2	3	1	1	3	1	1	2	0	2	0	0	2	0	1	0	0	0	0	0	0
C7015	0	0	0	3	1	0	3	0	0	0	1	0	1	0	0	0	0	1	0	0	0	0	0	1	1	2	1	2	0	0	0	1	2	0	0	0	0	1	1	0	0	0	0	0	0	0	0	0	2	0	0	0	0	0	0	1	0	0	0	1	0	0	0	0	0	0	1	0	1	0	0	3	0	0	0	0	0	0
C7016	0	0	0	0	0	0	3	0	0	0	3	0	1	0	3	0	0	1	0	0	1	0	1	0	2	1	0	0	0	0	0	0	0	1	0	0	3	0	2	3	0	0	0	5	0	1	0	0	2	2	0	0	0	2	0	0	0	0	1	1	0	0	2	0	1	0	3	0	0	0	0	0	0	0	1	0	0	0
C7018	0	0	0	0	1	0	8	0	0	0	1	0	0	0	1	0	0	0	2	0	0	1	0	0	0	1	0	0	0	0	0	1	1	0	0	0	1	2	3	0	0	0	0	1	0	0	0	1	2	0	1	0	0	1	0	0	0	0	0	0	0	0	0	0	0	0	1	0	0	0	0	0	0	0	0	0	3	0
C7020	0	0	0	0	0	0	0	0	0	0	2	0	1	0	1	0	0	5	0	0	1	4	3	0	1	1	0	1	0	0	0	1	3	2	0	0	3	0	3	1	0	0	0	5	1	1	1	0	1	2	0	0	0	3	1	1	0	3	1	1	0	2	1	0	0	0	2	0	3	0	0	0	0	0	1	0	0	0
C7024	0	0	0	0	0	0	0	1	0	0	0	0	0	0	0	0	0	0	1	1	0	1	0	0	0	0	0	1	0	0	0	0	0	0	0	0	0	0	0	0	0	1	0	0	0	1	0	0	0	0	2	0	0	0	0	0	0	0	0	0	0	0	0	1	0	0	0	0	0	0	0	0	0	0	0	0	2	0
C7026	0	0	0	0	3	0	2	0	0	2	2	0	0	0	3	0	0	6	0	2	3	0	0	0	0	1	0	0	0	0	0	0	1	0	0	0	3	3	0	0	0	0	0	6	2	14	1	0	4	6	0	0	0	3	0	0	0	3	0	0	1	1	2	0	0	0	11	0	1	1	0	0	0	0	2	0	0	0
C7027	0	0	0	0	3	0	5	0	0	0	5	0	3	0	8	0	0	0	0	1	2	2	1	0	3	5	0	7	0	0	0	4	6	1	0	0	11	1	3	7	0	0	0	5	2	8	14	1	0	2	0	0	0	5	1	1	0	23	1	2	0	14	9	0	5	0	4	0	2	2	0	0	0	0	3	0	0	0
C7028	0	0	0	0	0	0	0	0	0	1	0	0	0	0	0	0	0	0	1	0	0	0	0	0	0	1	0	0	0	0	1	0	0	0	0	0	1	1	0	0	0	6	0	3	0	1	0	0	0	1	1	0	0	0	0	0	0	0	0	0	0	0	0	0	0	0	3	0	1	0	0	0	0	0	0	0	4	0
C7029	0	0	0	1	2	0	3	0	0	2	1	0	3	0	3	0	0	2	1	1	1	1	0	0	1	2	0	1	0	0	0	0	1	1	0	0	4	3	0	1	0	3	0	1	0	7	2	0	7	2	2	0	0	6	0	0	0	1	0	0	0	1	1	0	0	0	3	0	0	0	0	0	0	0	0	0	0	0
C7030	0	0	1	0	0	0	0	0	0	0	0	0	0	0	0	0	4	0	0	0	1	0	0	2	0	0	0	0	0	0	0	0	0	0	0	0	0	0	0	0	0	10	0	0	0	0	0	0	0	0	5	0	0	0	0	0	0	0	0	0	0	0	0	0	0	0	0	0	0	0	1	0	0	0	1	0	1	0
C7032	0	0	0	1	1	0	1	0	0	0	1	0	1	0	1	0	0	1	0	0	1	2	2	0	2	4	0	4	0	0	0	0	0	0	0	0	5	0	5	0	0	0	0	0	0	4	0	0	0	2	0	0	0	2	1	4	0	3	0	1	1	2	1	0	1	0	4	0	1	0	0	0	0	0	0	0	0	0
C7033	0	0	0	1	0	0	0	0	0	0	1	0	0	0	0	0	0	0	0	0	0	0	0	0	0	0	0	0	0	2	0	0	1	0	0	0	3	0	1	0	0	1	0	0	0	0	0	0	2	1	10	0	0	0	0	0	0	1	0	0	0	0	0	0	0	0	0	0	0	0	0	0	0	0	1	0	2	0
C7036	0	0	0	0	0	0	1	0	0	0	0	0	0	0	0	0	0	0	0	0	1	1	1	0	1	0	0	0	0	0	1	0	0	0	0	0	0	1	0	1	0	0	0	1	0	0	0	0	11	0	0	0	1	1	0	0	0	0	0	0	0	0	0	0	0	0	2	0	1	0	0	0	0	0	0	0	0	0
C7038	0	0	0	1	1	0	1	0	0	1	4	0	2	0	3	0	0	1	0	2	0	0	2	0	0	1	1	0	0	0	0	2	1	2	0	0	2	2	0	4	0	0	0	5	1	3	1	0	2	0	0	0	0	5	1	1	0	1	3	0	1	2	4	9	0	0	1	0	1	5	0	0	0	0	2	2	1	0
C7039	1	0	3	0	0	0	0	0	0	0	0	4	0	0	0	1	14	1	7	0	0	0	0	14	0	0	0	0	0	0	0	0	0	0	0	1	0	0	0	0	3	48	3	0	0	0	0	1	0	0	36	1	0	0	0	0	1	0	2	1	1	0	0	0	1	1	0	0	0	0	4	0	0	0	0	0	24	7
C7041	0	0	0	0	1	0	1	0	0	0	0	0	1	0	0	0	0	1	0	0	0	0	0	0	1	0	0	0	0	0	0	0	1	2	0	0	0	0	0	0	0	0	0	1	0	0	0	0	1	2	0	0	0	2	0	0	0	0	1	1	1	3	0	0	1	0	0	0	1	0	0	3	0	0	0	0	0	0
C7042	0	0	0	1	0	0	0	0	0	0	0	0	0	0	0	0	0	0	0	0	0	0	0	0	0	1	1	0	0	0	1	0	1	0	0	0	2	0	0	0	0	0	0	0	0	0	1	0	0	0	18	0	0	0	0	0	0	0	0	1	0	0	0	0	0	0	1	0	0	0	0	0	0	0	0	0	4	0
C7043	0	0	0	2	2	0	2	0	0	1	5	0	1	0	1	0	0	2	0	1	1	4	1	1	2	4	3	3	0	0	0	1	0	2	1	0	1	2	2	0	0	0	1	0	1	2	1	1	2	2	0	0	0	0	2	3	1	1	0	1	3	0	1	2	2	0	0	2	2	0	0	3	0	0	0	1	0	0
C7047	0	0	0	1	1	0	2	0	0	0	0	0	0	0	2	0	0	1	0	1	3	1	0	0	1	2	0	0	0	0	0	0	2	0	0	0	3	1	2	1	0	0	0	0	0	1	1	0	6	0	0	0	0	0	0	0	0	0	1	0	1	0	0	0	0	0	1	0	0	0	0	0	0	0	0	0	0	0
C7048	0	0	0	0	2	0	0	0	0	0	0	0	1	0	0	0	0	4	0	0	1	0	0	2	0	0	0	0	0	1	0	1	0	0	0	0	0	0	1	0	0	0	0	0	0	1	0	0	0	1	0	0	0	2	0	0	0	0	0	0	0	1	0	0	0	0	1	0	0	0	0	1	0	0	0	0	0	0
C7049	0	0	0	0	4	0	0	0	0	0	0	0	1	0	1	0	0	0	0	0	2	0	0	0	0	0	0	0	0	0	0	0	0	0	0	0	1	0	1	0	0	0	0	0	0	0	0	0	0	0	2	0	0	0	0	0	0	0	0	0	0	0	0	0	0	0	0	0	0	0	0	0	0	0	0	0	0	0
C7054	0	0	0	0	3	0	2	0	0	0	1	0	1	0	0	0	0	1	0	0	3	0	2	0	2	2	0	0	0	0	0	1	1	0	0	0	0	0	2	0	0	0	0	2	1	1	0	0	0	0	0	0	0	3	0	0	0	1	0	3	2	3	0	0	0	0	3	0	0	0	0	0	0	0	0	0	0	0
C7056	0	0	0	1	0	0	0	0	0	0	0	0	2	0	1	0	0	0	0	0	1	2	0	0	5	3	3	1	0	0	0	1	2	0	2	0	4	2	2	0	0	0	0	2	2	1	0	0	1	2	0	0	0	4	2	0	0	1	2	1	3	0	1	1	2	0	2	0	1	0	0	2	0	0	0	0	0	0
C7061	0	0	0	1	0	0	1	0	0	0	0	0	1	0	0	0	0	2	0	0	0	0	0	0	0	0	0	0	0	0	0	0	1	0	0	0	2	0	0	1	0	0	0	1	0	0	0	0	1	1	1	0	0	0	0	0	0	0	3	0	0	0	0	0	0	0	0	0	0	0	0	0	0	0	0	1	1	0
C7062	0	0	0	0	0	0	2	0	0	0	1	0	1	0	1	0	2	1	0	1	0	0	0	0	0	0	0	1	0	0	0	0	0	0	0	0	2	2	0	0	0	2	0	2	0	6	2	1	5	1	0	0	0	4	1	0	0	0	0	0	2	0	1	0	0	0	5	0	0	1	1	0	0	0	1	0	0	0
C7063	0	0	0	1	0	0	0	1	0	0	0	0	0	0	0	0	0	0	0	1	3	0	0	0	0	0	0	0	0	0	0	0	0	1	0	0	0	0	0	0	0	0	0	1	2	0	0	2	0	0	0	0	0	0	0	0	0	0	0	0	0	0	1	0	0	0	0	0	0	0	0	0	0	0	0	0	0	0
C7065	0	0	0	3	16	0	1	0	0	0	11	0	21	0	27	0	0	1	1	9	222	2	2	5	0	9	3	2	0	1	0	4	24	6	0	0	4	3	1	3	0	0	0	6	11	12	0	1	113	4	11	0	0	33	1	0	0	6	0	3	3	19	19	0	4	0	4	0	4	0	0	1	0	0	3	2	1	0
C7066	0	0	0	0	0	0	0	0	0	0	0	0	0	0	1	0	1	1	0	0	0	0	0	1	0	0	0	0	0	0	1	0	0	1	0	0	0	1	0	0	0	4	0	1	0	2	1	0	0	2	2	0	1	1	1	0	1	0	0	0	0	0	0	0	0	0	0	0	0	0	0	0	0	0	0	0	1	0
C7068	0	0	0	0	0	0	1	0	0	0	2	0	0	0	2	0	0	0	0	0	2	0	0	0	0	0	0	0	0	0	1	0	0	0	0	0	3	1	0	1	0	0	0	2	1	2	1	0	1	3	0	0	0	1	0	0	0	0	0	0	1	0	0	0	1	0	5	0	0	0	0	0	0	0	0	0	0	0
C7069	0	0	0	0	0	0	0	0	0	0	0	1	0	0	0	0	0	0	10	0	0	0	0	31	0	0	0	0	0	0	0	0	0	0	0	0	0	0	0	0	0	9	1	0	0	0	0	0	0	0	61	0	0	0	0	0	3	0	0	0	0	0	0	0	0	0	0	0	0	0	0	0	0	0	0	0	38	4
C7071	0	0	0	0	0	0	2	2	0	1	0	0	1	0	0	0	0	0	0	0	0	0	0	0	0	0	0	0	0	0	0	1	0	0	0	0	0	1	0	0	0	0	0	5	0	0	1	0	0	0	0	0	0	0	0	1	0	0	0	0	0	2	0	0	0	0	0	0	0	0	0	0	0	0	0	0	0	0
C7072	0	0	0	0	0	0	0	0	0	0	0	0	0	0	0	0	0	0	1	0	0	0	0	0	0	0	0	0	0	0	0	0	0	0	0	0	0	0	0	0	0	0	0	0	0	0	0	0	0	0	0	0	0	0	0	0	15	0	0	0	0	0	0	0	0	0	0	0	0	0	0	0	0	0	0	0	0	1
C7073	0	0	0	0	2	0	0	2	0	0	0	0	0	0	0	0	0	0	0	0	0	0	0	0	0	1	0	0	0	0	1	1	0	0	0	0	1	0	0	0	0	0	0	1	0	1	0	0	1	0	0	0	0	0	0	0	0	1	0	0	0	0	0	0	0	0	0	0	0	1	0	0	0	0	0	0	0	0
C7074	0	0	0	9	11	2	27	0	0	1	7	1	5	0	6	0	0	40	0	8	53	0	4	1	2	4	2	4	0	0	0	1	11	11	0	0	12	17	2	1	0	12	0	12	1	21	2	8	81	6	3	0	0	7	2	0	0	0	1	8	8	1	6	1	1	0	20	0	0	3	0	1	0	0	4	3	1	2
C7076	0	0	0	1	10	0	3	0	0	0	0	0	1	0	3	0	0	7	0	4	6	0	3	0	1	0	0	1	0	1	1	0	2	1	0	0	3	5	0	1	0	0	0	2	0	2	1	0	53	2	1	0	0	1	1	0	0	0	0	0	0	1	0	0	0	0	0	0	0	0	0	0	0	0	0	0	0	0
C7079	0	0	0	0	0	0	1	0	0	0	60	0	0	0	1	0	0	2	0	0	33	0	13	0	0	4	0	0	0	1	0	32	2	1	2	0	7	2	0	1	0	0	0	0	0	0	11	0	52	0	0	0	0	0	1	0	0	44	0	13	2	28	0	0	35	0	0	7	4	17	0	1	0	0	2	1	0	0
C7082	0	0	0	2	2	1	13	0	0	1	3	1	0	0	2	0	0	18	0	6	8	0	2	0	2	1	2	0	0	2	2	0	3	2	0	0	1	10	0	0	0	4	0	1	1	4	1	2	33	3	3	0	0	3	0	0	0	2	0	4	7	0	0	0	0	0	4	0	0	0	0	2	2	0	1	0	0	1
C7083	0	0	2	0	0	0	0	0	0	0	0	0	0	0	0	0	0	0	0	0	2	0	0	0	0	0	0	0	0	0	0	0	0	0	0	0	0	0	0	0	0	0	0	0	0	0	0	0	0	0	0	0	0	0	0	2	13	0	0	0	0	0	0	0	0	0	0	0	6	0	0	9	0	0	0	2	0	0
C7084	0	0	0	2	0	0	1	2	0	1	3	0	2	0	1	0	0	2	1	0	2	0	0	2	1	1	2	1	0	0	0	1	2	3	0	0	4	1	2	0	0	0	0	0	2	1	0	0	1	0	0	0	0	0	1	4	0	1	0	4	0	0	2	2	1	0	1	3	3	0	0	3	0	0	2	4	0	0
C7087	0	0	0	0	0	0	0	0	0	0	0	2	0	0	0	0	6	0	3	0	0	0	0	8	0	0	0	0	0	0	0	0	0	0	0	0	0	0	0	0	0	0	0	0	0	0	0	0	1	0	0	0	0	0	0	0	6	0	0	0	0	1	0	1	0	0	0	0	0	0	0	1	0	0	0	0	0	3
C7089	0	0	0	0	0	0	1	0	0	1	0	0	0	0	0	0	0	0	0	0	0	0	0	0	0	0	0	0	0	0	0	0	0	0	0	0	0	0	0	0	0	0	0	0	0	0	0	0	0	0	0	0	0	0	0	6	0	0	1	0	0	0	0	0	1	0	0	0	0	0	0	0	0	0	2	1	0	0
C7090	0	0	0	0	0	0	0	0	0	0	0	0	0	0	0	0	1	0	2	0	0	0	0	0	0	0	0	0	0	0	0	0	0	0	0	0	0	0	0	0	0	0	0	0	0	0	0	0	0	0	5	0	0	0	0	0	7	0	0	0	0	0	0	0	0	0	0	0	0	0	0	0	0	0	0	0	0	0
C7092	0	0	0	0	0	0	0	0	0	0	0	0	0	0	0	0	0	0	0	0	0	0	0	20	0	0	0	0	0	0	1	0	1	0	0	0	1	0	0	0	0	1	0	0	0	0	0	0	0	0	5	0	0	0	0	0	1	0	0	0	0	0	0	0	0	0	0	0	0	0	0	0	0	0	0	0	6	0
C7094	0	0	0	0	0	0	0	0	0	0	0	0	0	0	0	0	0	0	1	0	0	0	0	0	0	0	0	0	0	0	0	0	0	0	0	0	0	0	0	0	0	26	0	0	0	0	0	0	0	0	0	0	0	0	0	0	0	0	0	0	0	0	0	0	0	0	0	0	0	0	0	0	0	0	0	0	0	0
C7095	0	0	0	0	0	0	7	5	0	0	0	0	1	0	0	0	0	0	0	0	0	0	0	0	0	1	0	0	0	0	0	7	0	0	12	0	0	2	0	0	0	0	0	17	0	0	2	0	0	0	0	0	0	0	0	4	0	0	1	0	0	3	0	0	0	0	0	0	0	0	0	0	0	0	0	1	0	0
C7097	0	0	0	0	2	0	0	0	0	1	0	0	0	0	1	0	0	0	0	0	1	0	0	0	0	0	1	0	0	0	0	0	1	1	0	0	0	1	0	0	0	0	0	1	0	0	0	0	0	0	0	0	0	0	2	0	0	0	2	2	0	0	0	0	0	0	0	1	0	0	0	1	0	0	1	0	0	0
C7098	0	0	0	0	1	0	1	0	0	0	1	0	1	0	0	0	0	1	0	0	0	0	1	0	0	1	0	0	0	0	0	1	0	0	0	0	2	0	1	0	0	0	0	1	0	0	0	0	0	0	0	0	0	1	0	0	0	1	0	0	1	0	0	0	0	0	0	0	0	0	0	0	0	0	0	0	0	0
C7099	0	0	1	5	1	0	11	0	0	3	13	0	6	0	6	0	2	8	0	5	8	1	1	1	0	7	0	3	0	2	2	1	1	3	0	0	15	27	2	0	0	5	0	19	1	43	5	1	13	23	1	0	0	4	7	0	0	0	0	2	5	1	2	0	0	0	15	0	1	4	0	0	0	0	8	0	0	0
C7101	0	0	0	0	0	0	0	0	0	0	0	1	1	0	0	0	0	0	0	0	0	0	0	5	0	0	0	0	0	0	0	0	0	0	0	0	0	0	0	0	0	0	1	0	0	0	0	0	0	0	0	0	0	0	0	0	2	0	0	0	1	0	0	0	0	0	0	0	0	0	0	0	0	0	0	1	0	1
C7102	0	0	0	1	0	1	4	0	0	1	0	0	0	0	0	0	0	6	0	1	0	0	0	0	0	1	0	0	0	2	3	0	1	2	0	0	2	1	2	0	0	9	0	0	0	0	0	0	2	0	0	0	1	0	0	0	1	0	0	2	0	0	0	0	0	0	0	0	0	0	1	0	0	0	0	0	0	0
C7104	0	0	0	0	0	0	0	0	0	0	0	0	0	0	0	0	0	1	0	0	0	0	1	0	0	0	0	0	0	0	0	1	0	0	4	0	0	2	0	0	0	0	0	2	0	0	1	0	0	0	0	0	0	0	0	19	0	0	0	3	0	0	0	0	0	0	0	0	0	0	0	0	0	0	0	0	0	0
C7105	0	0	0	2	7	0	4	0	0	2	6	0	10	0	25	0	0	4	0	13	192	1	3	1	0	4	3	3	0	0	1	6	14	3	1	0	18	4	2	11	1	0	0	13	9	26	4	2	121	12	0	0	0	19	3	0	0	7	0	1	2	4	25	0	1	0	20	0	1	2	0	1	0	0	2	1	1	0
C7106	0	0	0	2	0	0	1	0	0	0	0	2	1	0	0	0	4	0	5	0	0	1	0	12	0	0	0	0	0	0	0	1	2	0	0	0	0	0	1	0	0	0	7	1	0	0	0	1	1	0	0	0	0	2	0	0	13	1	1	0	2	0	0	0	0	0	0	0	1	0	0	2	0	0	2	0	0	10
C7107	0	0	0	0	0	0	3	0	0	0	0	0	0	0	0	0	0	0	0	0	0	0	0	0	0	0	0	0	0	0	0	0	0	0	0	0	0	0	0	0	0	0	0	2	0	0	0	0	0	0	0	0	0	0	0	9	0	0	0	0	0	0	0	0	0	0	0	2	0	0	0	0	0	0	0	0	0	0
C7108	0	0	0	0	3	0	3	1	0	0	2	0	2	0	2	0	0	0	0	1	2	0	1	0	1	0	0	2	1	0	0	1	2	0	0	1	0	1	0	0	0	1	0	1	1	0	1	0	1	1	0	0	0	0	0	3	0	2	0	0	0	0	3	3	1	0	1	0	1	1	1	0	1	0	0	1	1	0
C7109	0	0	0	2	1	0	4	0	0	0	8	0	0	0	0	0	0	2	0	2	0	0	0	0	0	1	0	0	0	0	0	0	1	0	0	0	2	6	0	0	0	0	0	1	0	6	2	0	3	0	0	0	0	2	0	0	0	0	1	2	2	0	0	0	1	0	5	0	0	0	0	0	0	0	1	0	0	0
C7111	0	0	0	0	0	0	2	4	0	1	0	0	1	0	0	0	0	0	0	0	0	0	0	0	0	0	0	0	0	0	0	4	0	0	7	0	0	3	0	0	0	0	0	5	0	0	0	0	1	0	0	0	0	0	0	1	0	0	2	3	0	2	0	0	0	0	0	0	0	0	0	0	0	0	0	0	0	0
C7115	0	0	0	0	0	0	0	1	0	1	0	0	0	0	0	0	0	1	0	0	0	0	0	0	0	1	0	0	1	0	0	2	1	0	3	0	0	2	0	0	0	0	0	1	0	1	0	0	2	0	0	0	0	0	0	1	0	0	0	3	2	5	0	0	1	0	0	0	0	0	0	0	0	0	0	1	0	0
C7116	0	0	0	0	2	0	0	1	0	0	2	0	5	0	1	0	0	2	0	0	1	1	0	0	0	1	5	1	0	0	0	0	0	0	0	0	2	0	4	0	0	0	0	1	3	2	0	1	1	2	0	0	0	0	2	1	2	0	2	7	0	1	0	1	1	0	1	1	1	0	0	7	0	0	2	3	0	0
C7119	0	0	0	0	3	0	0	2	0	1	0	0	0	0	0	0	0	0	0	0	0	0	0	0	1	1	0	1	0	0	0	0	0	0	0	0	0	0	0	1	0	0	0	0	0	0	0	1	0	0	0	0	0	0	1	6	0	0	0	0	2	0	0	0	0	1	0	0	1	1	0	0	0	0	0	0	0	0
C7120	0	0	0	0	0	0	0	0	0	0	0	0	0	0	0	3	0	0	0	0	0	0	0	0	0	0	0	0	0	0	0	0	0	0	0	0	0	0	0	0	0	0	0	0	0	0	0	0	0	0	0	10	0	0	0	0	0	0	0	0	0	0	0	0	0	0	0	0	0	0	0	0	0	1	0	0	0	0
C7121	0	0	0	0	0	1	9	0	0	0	0	0	0	0	0	0	0	0	0	0	0	0	0	0	0	0	0	0	0	0	0	0	0	0	0	0	0	0	0	0	0	0	0	0	0	0	0	0	0	0	0	0	0	0	0	7	0	0	0	0	1	1	0	0	0	0	0	6	0	0	0	0	0	0	0	0	0	0
C7123	0	0	0	4	0	0	0	1	0	1	1	4	2	0	0	0	1	0	20	1	0	1	0	29	0	1	0	0	0	0	0	0	1	1	0	0	1	1	1	0	0	0	2	2	1	0	0	0	2	0	0	0	0	1	0	0	14	1	1	2	1	1	0	1	1	0	0	1	0	0	0	0	0	0	0	1	0	12
C7132	0	0	3	15	36	1	38	1	0	3	20	4	4	0	14	0	2	34	3	19	23	1	8	9	18	7	4	15	0	2	4	2	6	2	2	0	20	37	2	5	0	25	0	24	7	42	36	5	170	11	11	0	0	18	5	2	1	1	2	10	23	9	5	1	0	2	15	2	3	1	2	2	1	0	6	4	5	2
C7133	0	0	0	1	0	0	0	0	0	0	1	9	0	0	0	0	11	0	42	0	0	0	0	54	0	0	0	0	0	0	0	0	0	0	0	0	0	0	0	0	0	1	17	0	0	0	0	0	0	0	0	0	0	1	0	1	37	0	1	1	0	0	0	0	0	0	0	1	0	0	0	0	1	0	0	0	0	30
C7134	0	0	0	0	0	0	0	0	0	0	0	0	0	0	0	0	0	0	0	0	0	0	0	0	0	0	0	0	0	0	0	0	0	0	0	0	0	1	0	0	0	0	0	0	0	0	13	0	0	0	0	0	0	0	0	1	0	0	0	0	0	0	0	0	0	0	0	0	0	0	0	0	0	0	0	0	0	0
C7136	0	0	0	0	0	0	0	0	0	0	3	0	0	0	1	0	0	0	0	0	0	0	0	0	0	0	0	0	0	0	0	0	0	1	0	0	0	0	0	0	0	0	0	0	0	0	1	0	0	0	0	0	0	8	0	0	0	0	0	0	0	0	0	0	0	0	0	0	0	0	0	0	0	0	0	0	0	0
C7137	0	0	15	1	0	0	0	20	0	1	171	0	0	0	115	0	0	1	0	0	8	1	1	0	42	6	5	280	0	0	0	105	4	7	104	0	5	1	4	6	2	0	0	0	1	0	52	0	12	5	0	0	0	230	2	94	0	4	8	10	47	64	0	239	8	0	0	0	111	0	0	11	0	0	6	26	0	0
C7138	0	0	0	1	2	0	1	0	0	0	0	0	0	0	0	0	0	0	0	0	0	1	0	0	0	0	0	0	0	0	0	0	1	0	0	0	0	0	1	0	0	0	0	0	0	0	0	0	0	1	0	0	0	0	1	0	0	1	0	0	1	1	0	0	0	0	0	1	1	0	0	0	0	0	1	0	0	0
C7141	0	0	0	0	3	0	0	0	0	0	1	0	1	0	0	0	0	1	0	1	2	0	1	0	1	1	0	2	0	0	0	1	0	0	0	0	2	1	0	0	0	0	0	2	0	1	1	0	0	1	1	0	0	2	0	2	0	3	1	2	0	2	3	4	1	0	0	0	0	1	0	0	0	0	1	0	0	0
C7142	0	0	0	1	0	0	0	1	0	1	0	0	3	0	2	0	0	1	0	0	1	0	1	0	1	0	0	0	0	0	0	0	0	0	0	0	0	0	0	2	0	0	0	1	1	4	1	1	0	0	0	0	0	1	0	2	0	1	1	0	0	0	0	4	0	0	2	0	0	5	0	1	0	0	0	0	0	0
C7144	0	0	0	1	1	0	0	1	0	0	0	0	0	0	0	0	0	0	0	0	1	0	0	0	0	0	0	0	0	0	0	0	0	0	0	0	0	1	1	0	0	0	0	0	0	0	0	0	0	0	0	0	0	0	0	6	0	1	0	0	0	0	0	0	0	0	0	0	0	0	0	0	0	0	0	0	0	0
C7145	0	0	0	0	0	0	0	0	0	0	1	0	0	0	0	0	0	0	0	0	1	1	0	0	0	1	1	1	0	0	0	1	0	0	0	0	0	0	0	0	0	0	0	1	0	1	0	0	1	1	0	0	0	0	0	0	0	2	0	0	0	0	0	0	0	0	0	0	1	0	0	0	0	0	0	0	0	0
C7146	0	0	0	0	3	0	4	0	0	0	0	0	0	0	0	0	0	0	0	0	0	0	0	0	0	1	2	0	0	1	0	0	0	0	2	0	1	0	0	2	0	0	0	1	0	0	0	0	0	0	0	0	0	0	2	0	0	0	0	0	0	0	1	0	0	0	0	0	0	0	0	3	0	0	0	0	0	0
C7147	0	0	0	3	0	0	0	0	0	0	6	0	2	0	5	0	0	8	0	2	1	1	0	0	0	3	0	1	0	2	2	2	1	1	0	0	3	7	0	1	0	0	0	8	0	15	3	0	3	11	0	0	0	4	3	0	0	0	0	1	2	0	0	0	0	0	6	0	0	0	0	0	0	0	0	2	0	0
C7148	0	0	0	5	5	0	6	0	0	0	4	0	0	0	5	0	0	6	0	9	7	0	0	0	1	4	1	1	0	0	1	1	1	2	0	0	4	11	1	2	0	2	0	10	1	26	2	0	50	11	0	0	0	1	1	0	0	0	0	0	1	2	0	0	0	0	14	0	1	4	0	0	0	0	1	0	0	0
C7149	0	0	0	8	14	0	15	1	0	10	26	0	12	0	29	0	0	11	2	14	125	2	3	4	0	23	3	4	0	1	4	3	14	14	0	0	17	15	4	3	0	6	0	31	5	56	6	2	113	41	0	0	0	14	6	0	0	3	1	3	5	7	13	0	2	0	43	0	1	4	1	1	0	0	10	2	1	1
C7150	0	0	0	0	0	0	2	0	0	0	0	0	0	0	1	0	0	1	0	0	1	0	1	0	0	0	0	0	0	0	0	2	0	0	1	0	0	2	0	3	0	0	0	0	0	0	3	0	0	0	1	0	0	0	0	16	0	2	0	0	0	1	1	0	1	0	0	0	2	1	0	0	0	0	0	0	0	0
C7151	0	0	0	2	2	1	1	0	0	0	0	6	0	0	0	0	5	1	13	0	0	2	1	4	0	0	0	0	0	0	3	0	0	0	0	0	2	1	0	1	0	8	1	0	0	0	0	0	5	0	47	0	4	1	0	0	6	0	0	0	0	0	0	0	0	0	0	0	1	24	1	1	4	0	0	0	2	3
C7153	0	0	0	2	4	0	3	5	0	5	5	0	9	0	3	0	0	7	0	4	8	10	2	0	6	4	5	6	0	0	0	1	12	10	4	0	7	5	6	3	0	0	0	0	1	3	2	2	3	6	0	0	0	10	2	1	0	5	5	3	7	2	2	7	1	0	2	4	6	0	0	9	0	0	7	2	0	0
C7154	0	0	0	0	3	0	6	4	0	3	4	1	2	0	4	0	0	3	0	0	5	0	1	0	0	1	0	3	0	1	7	0	3	1	1	0	6	2	0	1	0	0	0	10	0	15	3	0	5	1	1	0	0	2	1	3	0	1	1	0	2	2	3	5	0	0	5	1	0	2	0	0	1	0	2	0	1	0
C7155	0	0	0	1	4	0	1	0	0	0	1	0	0	0	2	0	0	2	0	2	1	0	0	0	3	0	1	1	0	0	0	0	0	0	0	0	1	2	0	3	0	0	0	0	0	1	0	0	25	0	0	0	0	1	1	0	0	0	0	2	1	0	0	0	0	0	0	0	0	0	0	0	0	0	0	0	0	1
C7157	0	0	0	0	0	1	0	0	0	1	2	0	1	0	0	0	0	0	0	0	0	0	0	0	0	0	0	0	0	0	0	0	0	0	0	0	0	0	0	0	0	0	0	2	0	3	0	0	4	2	0	0	0	1	0	0	0	0	0	1	1	0	1	0	0	0	3	0	0	0	0	0	1	0	0	0	0	0
C7158	0	0	0	0	0	0	0	5	0	0	0	0	0	0	0	0	0	0	0	0	0	0	0	0	0	0	0	0	0	0	0	3	0	0	9	0	0	1	0	0	0	0	0	0	0	0	0	0	0	0	0	0	0	0	3	2	0	0	1	1	0	0	0	0	0	0	0	0	0	0	0	0	0	0	0	1	0	0
C7160	0	0	0	1	1	0	0	0	0	0	0	0	0	0	0	0	0	0	0	0	1	0	1	2	1	1	0	0	0	0	0	2	0	0	0	0	0	1	1	0	0	0	0	0	0	0	1	1	1	1	0	0	1	0	1	2	0	0	1	1	1	0	0	1	0	0	0	0	0	0	0	0	0	0	0	0	0	0
C7163	0	0	0	2	23	0	1	0	0	0	2	0	4	0	2	0	0	1	0	2	7	1	0	0	0	3	1	1	0	0	0	0	14	0	0	0	17	0	11	3	0	0	0	1	0	2	3	0	3	5	0	0	0	4	0	0	0	2	0	2	3	4	1	0	4	0	2	0	0	0	0	0	0	0	0	0	0	0
C7164	0	0	0	0	2	0	9	1	0	0	4	0	1	0	6	0	0	4	1	1	5	3	0	1	1	2	0	2	0	0	0	0	5	0	0	0	6	1	3	3	0	0	0	9	2	2	2	0	1	1	0	0	0	3	0	2	0	4	0	5	1	0	3	0	1	0	6	0	2	0	0	2	0	0	2	1	0	0
C7167	0	0	0	0	0	0	0	0	0	0	0	2	0	0	0	0	3	0	2	0	0	0	0	11	0	0	0	0	0	0	0	0	0	0	0	0	0	0	0	0	0	0	2	0	0	0	0	0	0	0	0	0	0	0	0	0	11	0	0	1	0	0	0	0	0	0	0	0	0	0	0	0	0	0	0	0	0	3
C7168	1	0	0	0	2	0	2	0	0	0	1	0	6	0	4	0	0	1	0	2	6	1	4	1	2	3	4	2	0	0	0	1	4	2	1	0	4	0	2	2	0	0	1	2	2	1	1	3	2	2	0	0	0	1	0	0	3	0	1	3	5	1	1	0	6	0	1	2	0	0	0	4	0	0	0	1	0	1
C7170	0	0	0	2	0	0	3	0	0	0	3	0	1	0	3	0	2	3	1	2	2	0	2	1	0	0	0	2	0	0	3	0	0	0	0	0	3	7	0	2	0	10	0	3	0	8	1	0	3	5	4	0	1	6	1	0	0	1	2	0	3	2	3	0	0	0	5	0	1	0	0	0	0	0	3	0	1	0
C7174	0	0	1	0	0	0	0	0	0	0	0	0	0	0	0	3	0	0	0	0	0	0	0	0	0	0	0	0	0	0	0	0	0	0	0	0	0	0	0	0	11	0	0	0	0	0	0	0	0	0	0	8	0	0	0	0	0	0	0	0	0	0	0	0	0	0	0	0	0	0	0	0	0	0	0	0	0	0
C7177	0	0	0	0	1	0	2	0	0	0	0	0	0	0	0	0	0	0	0	0	0	4	0	0	0	0	0	0	0	0	0	0	0	0	0	0	2	0	0	0	0	0	0	2	1	0	2	0	0	0	0	0	0	3	0	0	0	0	0	0	0	1	0	0	1	0	0	0	0	0	0	0	0	0	1	0	0	0
C7178	0	0	0	4	15	0	5	0	0	0	1	1	0	0	1	0	0	7	0	18	9	0	0	0	4	1	2	0	0	5	4	1	2	0	0	0	1	5	0	2	0	0	0	0	1	2	0	0	96	0	0	0	0	3	0	0	0	2	1	2	1	0	2	0	0	0	2	0	1	1	0	0	0	0	1	1	0	0
C7183	0	0	0	2	26	0	3	0	0	1	1	0	0	0	3	0	1	3	0	21	10	0	3	0	6	3	0	0	0	1	0	1	1	2	0	0	2	8	1	1	0	0	0	0	2	0	0	0	147	2	1	0	0	5	0	0	1	5	0	1	1	6	0	0	0	0	0	0	0	1	0	0	0	0	1	0	0	0
C7184	0	0	0	8	0	0	5	0	0	2	8	0	3	0	8	0	0	6	0	0	1	1	1	0	0	5	0	0	0	0	1	1	0	0	1	0	6	19	0	1	0	1	0	10	0	15	2	2	9	17	0	0	0	3	1	0	0	0	0	4	5	0	1	0	0	0	19	0	1	0	0	0	0	0	3	0	0	0
C7185	1	0	0	0	0	1	0	0	0	0	0	1	0	2	0	0	0	0	0	0	0	0	0	2	0	0	0	0	0	0	1	0	0	0	0	0	0	0	0	0	0	1	0	0	0	0	0	1	0	0	8	0	0	0	0	0	0	0	0	0	0	0	0	0	0	0	0	0	0	0	0	0	0	0	0	0	4	0
C7188	0	0	0	1	0	0	0	0	0	0	1	0	1	0	1	0	0	1	0	0	1	1	0	0	1	1	1	1	0	0	0	1	0	0	1	0	0	0	0	0	0	0	0	1	0	0	0	0	0	3	0	0	0	1	2	0	0	0	2	2	0	0	1	0	0	0	1	0	2	0	0	2	0	0	1	0	0	0
C7191	0	0	0	1	11	0	0	0	0	0	0	1	1	0	0	0	0	2	0	1	2	0	0	0	1	0	0	1	0	1	1	1	0	0	0	0	1	0	1	1	0	0	0	0	0	0	0	0	4	0	5	0	0	0	0	1	0	1	1	0	0	2	0	3	0	0	0	0	1	2	0	0	0	0	0	1	3	0
C7192	0	0	0	0	0	0	0	1	0	0	1	0	0	0	1	0	0	0	0	0	0	1	0	0	0	0	0	0	0	0	0	0	1	0	0	0	0	1	0	0	0	0	0	0	0	1	0	0	1	0	0	0	0	0	1	2	0	1	0	0	0	2	0	0	0	0	0	0	1	0	0	1	0	0	0	0	0	0
C7193	0	0	0	2	2	0	1	0	0	0	0	0	1	0	0	0	0	3	0	0	0	1	0	0	1	1	2	1	0	0	0	1	0	1	2	0	1	1	2	0	0	0	0	0	0	2	0	0	1	2	0	0	0	1	0	0	0	1	0	0	2	0	0	0	2	0	0	1	1	0	0	0	0	0	0	1	0	0
C7195	0	0	0	4	1	0	6	0	0	0	7	0	2	0	4	0	0	3	0	0	1	0	0	0	0	2	3	1	0	1	5	0	1	4	0	0	4	13	0	1	0	2	0	8	0	20	5	0	10	17	0	0	0	3	2	1	0	0	0	0	0	0	0	0	1	0	10	0	1	2	0	0	0	0	1	0	0	1
C7196	0	0	1	0	2	0	5	0	0	0	1	0	6	0	2	0	0	1	0	0	3	7	2	0	1	6	0	5	0	0	0	1	5	1	0	0	8	0	10	1	0	0	0	9	0	1	1	0	0	3	0	0	0	1	1	0	0	4	1	5	0	4	0	0	1	0	1	0	1	0	0	0	0	0	4	0	0	0
C7197	0	0	0	0	1	0	0	0	0	0	1	0	1	0	1	0	0	0	0	1	0	0	1	0	0	0	1	1	0	0	0	1	0	0	0	0	0	1	1	0	0	1	0	0	1	0	0	0	0	0	0	0	0	0	0	4	0	0	1	1	0	0	1	0	0	0	1	0	0	0	0	0	0	0	0	0	0	0
C7201	0	0	0	0	1	0	0	0	0	0	1	0	0	0	0	0	0	0	2	0	0	1	0	3	0	2	0	0	0	0	0	0	3	0	0	0	1	1	2	1	0	0	0	0	0	0	1	0	0	0	0	0	0	0	1	0	0	0	0	3	2	0	1	2	1	0	0	0	0	0	0	0	1	0	0	0	0	0
C7203	0	0	0	3	46	0	2	0	0	0	1	0	2	0	2	0	0	2	0	2	2	0	0	0	0	5	1	2	0	1	0	3	7	3	0	0	19	1	13	4	0	0	0	1	2	0	5	1	17	0	1	0	0	0	0	1	0	0	0	3	1	0	5	3	0	0	1	0	1	8	0	0	0	0	0	0	0	0
C7204	1	0	1	0	0	0	0	0	0	0	0	0	0	0	0	3	0	0	0	0	0	0	0	0	0	0	0	0	0	0	0	0	0	0	0	0	0	0	0	0	1	0	0	0	0	0	0	0	0	0	0	8	0	0	0	0	0	0	0	0	0	0	0	0	0	0	0	0	0	0	0	0	0	8	0	0	0	0
C7205	0	0	0	0	0	0	1	0	0	0	0	0	1	0	0	0	0	0	0	0	1	4	0	0	1	2	0	2	0	0	0	0	0	0	0	0	0	0	1	0	0	0	0	0	0	0	0	0	0	0	0	0	0	0	1	0	0	0	0	1	0	0	0	0	1	0	1	0	0	0	0	0	0	0	0	0	0	0
C7206	0	0	0	5	3	2	15	0	0	2	5	0	4	0	6	0	7	11	2	5	14	0	4	4	1	8	1	3	0	1	11	0	6	6	0	0	7	27	1	1	0	20	0	14	1	26	3	2	29	21	8	0	0	4	3	0	2	2	1	3	7	2	2	0	0	0	22	0	2	1	2	0	1	0	3	0	3	3
C7208	0	0	0	1	0	0	0	0	0	0	1	5	0	0	0	0	9	0	29	0	0	0	0	74	1	0	0	1	0	0	0	0	0	0	0	0	0	0	1	0	0	0	16	0	0	0	0	0	0	0	0	0	0	0	0	0	32	0	0	0	0	0	0	0	0	0	0	0	0	0	0	0	1	0	0	0	0	32
C7211	0	0	0	0	0	0	0	0	0	0	0	0	1	0	0	0	0	2	0	1	0	0	0	0	2	1	0	0	0	0	0	0	0	0	0	0	2	0	1	0	0	0	0	0	0	0	0	0	0	2	0	0	0	0	0	0	0	0	0	2	0	0	0	0	0	0	0	1	1	0	0	1	0	0	0	1	0	1
C7214	0	0	0	1	1	0	1	0	0	0	3	0	0	0	0	0	0	1	0	1	0	0	0	0	0	0	0	1	0	0	0	0	0	0	1	0	2	0	0	0	0	0	0	0	0	1	1	0	0	1	0	0	0	4	1	1	0	1	1	0	1	1	0	1	4	0	1	0	0	0	0	0	0	0	1	0	0	0
C7215	0	0	0	0	0	0	0	2	0	0	3	0	0	0	2	0	0	0	0	0	0	0	0	0	0	0	0	1	0	0	0	1	0	0	0	0	0	0	1	0	0	0	0	0	0	0	0	0	0	0	0	0	0	4	0	0	0	0	0	0	0	0	0	0	0	0	0	0	1	0	0	0	0	0	1	0	0	0
C7216	0	0	0	0	5	0	0	1	0	0	1	0	1	0	1	0	0	0	0	1	3	0	0	0	0	2	0	2	0	0	0	1	0	0	0	0	3	0	0	0	0	0	0	2	0	3	1	0	2	0	0	0	0	2	1	0	0	1	0	1	0	2	1	5	0	0	3	0	0	1	0	1	0	0	0	0	0	0
C7217	0	0	0	0	1	0	0	0	0	0	0	0	0	0	0	0	0	1	0	0	0	0	0	0	0	0	1	2	0	0	0	0	0	0	0	0	1	0	0	4	0	0	0	0	0	2	0	1	1	0	0	0	0	1	1	0	0	1	1	0	0	0	0	2	0	0	1	0	0	3	0	0	0	0	0	0	0	0
C7218	0	0	0	0	0	0	0	3	0	0	8	0	0	0	2	0	0	0	0	0	0	0	0	1	4	0	0	15	0	0	0	3	0	0	1	0	0	0	0	0	0	0	0	0	0	0	2	0	1	1	0	0	0	3	0	15	0	1	1	0	2	5	0	24	0	1	0	0	7	0	0	0	0	0	0	4	0	0
C7219	0	0	0	0	0	0	0	0	0	0	0	0	0	0	2	0	0	0	0	0	0	0	0	0	0	0	0	0	0	0	0	0	0	0	0	0	0	0	0	0	0	0	0	0	0	0	0	0	0	0	0	0	0	5	0	0	0	25	0	2	0	0	2	2	0	0	0	0	0	0	0	0	0	0	0	0	0	0
C7223	0	0	1	51	496	0	36	7	0	2	4	0	64	0	15	0	0	5	1	20	18	16	2	2	1	18	10	6	0	3	12	14	95	16	5	0	108	11	102	48	0	1	0	3	31	0	8	13	79	2	35	0	0	11	2	9	1	4	8	14	10	19	33	13	6	1	11	0	8	59	0	13	1	0	3	20	25	0
C7224	0	0	0	1	2	0	3	0	0	0	1	0	3	0	1	0	0	3	0	2	1	0	3	0	1	2	0	2	0	0	0	0	1	1	0	0	3	8	0	1	0	0	0	5	0	10	2	0	13	6	0	0	0	2	3	0	0	0	0	2	2	1	1	0	1	1	8	0	1	0	0	0	0	0	3	0	0	0
C7227	0	0	0	1	1	0	0	0	0	0	0	0	0	0	1	0	0	0	0	1	2	0	0	0	0	0	1	0	0	0	0	0	0	2	0	0	0	0	0	0	0	0	0	0	0	5	2	0	0	0	0	0	0	0	0	0	0	0	0	0	0	0	1	0	0	0	1	0	0	0	0	0	0	0	0	0	0	0
C7228	0	0	0	0	1	0	1	0	0	1	0	0	0	0	0	0	0	0	0	1	1	1	0	0	0	1	0	1	0	0	0	1	1	0	0	0	1	0	2	1	0	0	0	0	0	0	0	0	0	0	0	0	0	1	0	1	0	1	0	0	1	1	0	3	0	0	1	0	1	1	0	0	0	0	0	1	0	0
C7231	0	0	0	0	0	0	0	1	0	1	2	0	0	0	0	0	0	1	0	0	0	0	12	0	0	0	0	0	0	0	0	17	0	0	251	0	0	10	0	0	0	0	0	1	0	0	0	0	0	0	0	0	0	0	0	48	0	0	0	10	1	18	0	0	1	0	0	0	0	0	0	0	0	0	0	5	0	0
C7232	0	0	0	0	0	0	0	0	0	0	0	0	0	0	0	0	0	0	0	0	0	0	0	0	0	0	0	0	0	0	0	0	0	0	0	0	0	0	0	0	0	0	0	0	0	0	0	0	0	0	0	5	0	0	0	0	0	0	0	0	0	0	0	0	0	0	0	0	0	0	0	0	0	25	0	0	0	0
C7233	0	0	0	1	2	0	0	0	0	0	0	0	0	0	0	0	0	0	0	1	0	1	0	0	0	0	0	0	0	0	0	0	3	0	0	0	2	0	0	0	0	0	0	0	0	0	1	0	2	0	0	0	0	1	0	0	0	0	0	0	0	0	0	0	1	0	0	0	0	2	0	1	0	0	0	0	0	0
C7235	0	0	0	0	0	0	0	12	0	0	1	0	0	0	0	0	0	0	0	0	0	0	0	0	0	0	0	0	0	0	0	2	0	0	25	0	0	4	0	0	0	0	0	0	0	0	0	0	0	0	0	0	0	0	1	6	0	0	0	4	0	9	0	0	0	0	0	0	0	0	0	0	0	0	0	2	0	0
C7236	0	0	0	0	2	0	1	0	0	1	0	0	0	0	0	0	0	1	0	0	0	0	0	0	0	0	0	1	0	0	0	0	0	0	0	0	1	0	0	0	0	0	0	0	0	1	1	0	0	0	0	0	0	0	0	5	0	0	2	0	1	0	0	5	0	0	0	0	0	0	0	0	0	0	0	0	0	0
C7237	0	0	0	0	6	0	0	0	0	0	0	0	0	0	1	0	0	0	0	3	1	0	1	0	0	0	0	0	0	0	1	0	0	1	0	0	0	0	0	0	0	0	0	1	0	0	1	0	31	0	4	0	0	0	0	0	0	1	1	0	0	0	0	0	0	0	0	0	0	0	1	0	0	0	0	0	1	1
C7238	0	0	0	0	0	0	0	0	0	1	0	0	0	0	5	0	0	0	0	13	0	0	4	0	0	0	0	58	0	0	0	0	0	3	3	0	1	0	0	0	0	0	0	2	0	0	1	0	0	0	0	0	0	0	0	0	0	14	0	0	1	2	0	0	17	0	0	0	0	0	0	0	0	0	1	0	0	0
C7242	0	0	0	2	0	0	0	0	0	4	3	0	1	0	2	0	0	2	0	0	1	0	0	0	0	1	0	0	0	0	2	0	0	2	0	0	2	3	0	0	0	0	0	7	0	12	2	0	6	8	0	0	0	4	2	0	0	0	0	1	1	0	1	0	0	0	4	0	1	1	0	0	0	0	1	0	0	0
C7243	0	0	0	1	1	0	1	0	0	0	0	0	0	0	4	0	0	2	0	6	1	0	0	0	0	0	0	0	0	0	0	0	0	0	0	0	7	2	1	1	0	0	0	0	0	2	0	0	22	1	0	0	0	3	0	0	0	0	1	2	0	0	0	0	0	0	2	0	0	1	0	0	0	0	0	0	0	0
C7244	0	0	0	0	0	0	0	0	0	0	1	0	2	0	0	0	0	0	1	0	0	1	0	0	0	0	0	0	0	0	0	1	0	0	0	0	0	0	1	0	0	0	0	0	0	0	0	0	0	1	0	0	0	2	0	0	0	0	0	0	1	1	0	0	0	0	0	0	0	0	0	0	0	0	0	0	0	0
C7245	0	0	0	1	16	0	5	1	0	1	7	0	3	0	4	0	0	5	0	6	1	1	0	0	0	1	2	4	0	0	1	0	1	2	0	0	8	6	3	4	0	1	0	4	2	10	1	2	12	1	1	0	0	5	5	4	0	2	2	1	3	3	15	1	1	0	7	0	1	5	0	0	0	0	0	1	1	0
C7246	0	0	0	0	0	0	0	0	0	0	0	0	0	0	0	0	0	0	0	0	0	0	0	0	0	1	0	0	0	0	0	0	0	1	1	0	0	0	4	0	0	0	0	0	0	0	6	0	0	0	0	0	0	0	0	0	0	0	0	0	0	0	0	0	1	0	0	0	0	0	0	0	0	0	0	0	0	0
C7247	0	0	0	0	1	0	2	1	0	0	0	0	0	0	0	0	0	0	2	0	0	1	0	9	1	2	0	0	0	0	0	0	1	1	0	0	1	0	1	0	0	0	5	2	1	0	0	0	1	0	0	0	0	0	0	0	1	2	0	0	0	0	0	0	0	0	0	0	0	0	0	0	0	0	2	0	0	2
C7248	0	0	0	0	0	0	0	0	0	0	0	0	0	0	0	0	0	0	0	0	0	0	0	0	0	2	0	0	0	0	0	0	2	1	0	0	1	0	12	0	0	1	0	0	0	0	8	0	0	0	0	0	0	1	0	0	0	0	0	1	1	0	0	0	1	0	0	0	0	0	0	0	0	0	0	0	0	0
C7249	0	0	0	1	1	0	0	0	0	0	0	0	0	0	1	0	0	0	2	0	0	0	0	1	0	0	0	0	0	0	0	0	0	0	0	0	0	0	1	0	0	1	1	1	0	0	0	1	0	0	0	0	0	0	1	0	8	0	0	0	1	0	0	0	0	0	0	0	1	0	0	1	0	0	1	0	0	3
C7250	0	0	0	0	2	0	0	1	0	0	1	0	1	0	4	0	0	1	0	0	2	2	0	0	0	0	1	5	0	0	0	1	0	1	2	0	2	2	0	0	0	0	0	1	1	0	0	0	1	1	0	0	0	2	0	0	0	2	0	0	4	3	0	0	0	0	1	0	0	9	0	0	0	0	1	2	0	0
C7251	0	0	0	0	0	0	1	0	0	0	0	0	2	0	0	0	0	0	0	0	1	2	0	0	1	1	0	0	0	0	0	0	3	0	0	0	2	0	1	0	0	0	0	0	0	1	1	0	0	0	0	0	0	3	2	0	0	0	0	1	0	0	0	0	0	0	0	0	0	0	0	0	0	0	0	0	0	0
C7253	0	0	0	3	17	0	0	19	0	7	2	0	1	0	1	2	0	6	0	5	1	2	6	1	3	3	3	3	0	0	0	3	3	0	0	0	3	2	0	1	0	0	0	7	0	3	0	0	5	2	0	0	0	2	2	49	0	5	19	4	2	0	0	1	1	0	7	0	0	2	0	5	0	0	1	1	1	0
C7254	0	0	0	0	0	0	0	0	0	0	3	0	0	0	4	0	0	0	0	0	0	0	0	0	0	0	1	0	0	0	0	0	0	0	1	0	0	0	0	0	0	0	0	0	0	0	1	0	0	0	0	0	0	5	0	0	0	0	1	0	0	0	0	0	0	0	0	0	0	0	0	0	0	0	0	0	0	0
C7256	0	0	0	0	2	0	0	0	0	0	1	0	1	0	0	0	0	2	0	0	0	1	0	0	0	0	0	0	0	0	0	0	1	1	0	0	1	0	0	0	0	0	0	0	0	0	1	0	0	2	0	0	0	1	0	2	0	0	1	0	0	1	0	1	0	0	0	0	0	0	0	3	1	0	1	0	0	0
C7260	0	0	0	2	23	1	4	0	0	0	0	0	2	0	3	0	0	5	0	15	9	0	3	0	7	1	2	0	0	0	0	0	1	1	0	0	2	3	0	1	0	8	1	1	5	0	0	1	90	1	0	0	0	6	0	0	1	2	2	3	1	0	0	0	0	0	2	0	0	1	1	1	0	0	0	1	0	1
C7261	3	0	3	0	0	0	0	0	0	0	0	0	0	0	0	1	0	0	0	0	0	0	0	0	0	0	0	0	0	0	0	0	0	0	0	0	0	0	0	0	1	0	0	0	0	0	0	0	0	0	0	3	0	0	0	0	0	0	0	0	0	0	0	0	0	1	0	0	0	0	0	0	0	0	0	0	0	0
C7268	0	0	0	2	5	0	0	0	0	0	0	0	0	0	0	0	1	1	0	5	2	0	0	1	1	1	0	0	0	0	1	0	0	0	0	0	1	1	0	2	0	1	0	2	0	0	0	0	20	0	0	0	0	3	0	0	0	0	0	0	0	0	0	0	0	0	0	0	0	0	0	0	0	0	0	0	0	0
C7270	0	0	0	6	5	1	8	0	0	1	0	0	0	0	0	0	0	15	0	7	10	0	4	1	7	3	2	0	0	1	1	1	4	4	0	0	9	9	1	4	0	2	0	0	1	0	0	2	47	2	0	0	0	2	0	1	0	0	1	6	6	2	3	1	0	0	2	0	0	0	0	0	0	0	1	3	0	0
C7271	0	0	0	0	0	0	2	0	0	1	0	0	3	0	0	0	0	1	0	0	0	1	0	0	1	0	1	2	0	0	0	1	0	0	0	0	0	1	0	0	0	0	0	0	0	1	0	0	1	1	0	0	0	1	1	0	1	2	0	3	1	0	0	1	0	0	0	2	0	0	0	2	0	0	1	3	0	1
C7273	0	0	0	0	0	0	0	1	0	0	0	1	0	0	0	0	1	0	0	0	0	0	0	1	0	1	0	0	0	0	0	0	0	0	0	0	1	0	0	0	0	0	1	0	0	0	1	0	0	0	0	0	0	1	0	0	3	0	0	1	0	0	0	0	0	0	0	0	0	0	0	0	0	0	0	0	0	1
C7274	0	0	0	0	0	0	0	2	0	0	0	0	0	0	1	0	0	1	0	1	0	0	0	0	0	0	0	0	0	0	0	0	0	0	0	0	0	0	0	0	0	0	0	0	0	0	0	0	0	0	0	0	0	1	0	6	0	0	0	0	0	0	0	0	0	0	0	0	0	2	0	0	0	0	0	0	0	0
C7275	0	0	0	2	1	0	1	1	0	0	0	0	1	0	0	0	0	0	1	0	1	0	0	1	0	1	0	0	0	0	0	0	0	0	1	0	2	0	1	0	0	0	0	2	0	8	0	0	2	0	0	0	0	3	0	0	2	1	2	4	1	0	0	3	0	0	0	1	0	0	0	0	0	0	0	1	0	0
C7276	0	0	0	0	0	0	0	0	0	0	0	0	0	0	1	0	0	0	1	0	0	0	0	3	1	0	0	0	0	0	0	0	0	0	0	0	0	0	1	0	0	0	0	0	0	1	0	0	0	0	0	0	0	0	0	0	3	0	0	0	0	0	0	1	0	0	0	0	0	0	0	0	0	0	0	0	0	1
C7277	0	0	0	0	0	0	0	1	0	0	0	1	0	0	0	0	0	0	1	0	0	0	0	1	1	1	0	0	0	0	0	0	0	0	0	0	0	0	0	0	0	0	1	0	0	0	0	0	0	0	0	0	0	0	0	0	2	1	0	0	0	0	0	1	0	0	1	0	0	0	0	0	0	0	0	0	0	0
C7279	0	0	3	0	0	0	0	0	0	0	0	0	0	0	0	0	0	0	0	0	0	0	0	0	0	0	0	0	0	0	0	0	0	0	0	0	0	0	0	0	3	0	0	0	0	0	0	0	0	0	0	4	0	0	0	0	0	0	0	0	0	0	0	0	0	1	0	0	0	0	0	0	0	0	0	0	0	0
C7280	0	0	0	1	0	0	37	4	0	0	0	0	0	0	0	0	1	0	0	0	0	0	0	0	3	2	0	1	0	0	2	1	0	0	5	0	0	0	0	1	0	0	8	75	5	0	6	0	1	0	1	0	0	0	0	34	0	0	0	1	0	1	0	0	8	0	0	6	0	1	0	0	0	0	0	1	0	0
C7281	0	0	0	0	1	0	0	0	0	0	0	0	1	0	0	0	0	0	2	0	0	2	0	0	0	0	0	1	0	0	0	0	0	1	0	0	0	0	0	1	0	0	0	0	0	0	0	0	0	0	0	0	0	1	0	0	1	0	0	0	0	0	0	0	0	0	1	1	0	0	0	0	0	0	0	1	0	0
C7283	0	0	0	0	16	0	9	0	0	1	5	0	2	0	8	0	0	9	0	9	15	0	11	0	3	10	2	1	0	0	1	2	4	0	0	0	14	1	2	5	0	0	0	5	1	13	4	0	32	5	0	0	0	5	1	0	0	7	0	2	3	4	5	0	0	0	14	0	0	0	0	0	0	0	6	0	0	1
C7285	0	0	0	5	3	0	3	3	0	1	2	1	1	0	1	0	0	0	0	1	2	0	0	0	3	1	2	3	0	0	0	2	0	1	1	0	3	1	6	1	0	0	0	0	3	1	1	2	0	2	0	0	0	1	6	3	0	0	0	1	7	0	1	1	0	0	1	1	4	0	0	2	1	0	1	2	0	1
C7290	0	0	0	2	4	0	1	0	0	1	0	0	0	0	0	0	0	1	0	0	0	1	1	0	0	1	1	1	0	0	0	0	1	1	1	0	1	0	1	0	0	0	0	0	1	2	0	0	0	3	0	0	0	1	0	1	0	0	0	0	1	0	0	1	1	0	0	1	2	0	0	0	0	0	1	1	0	0
C7291	0	0	0	2	2	0	1	1	0	1	3	0	8	0	3	0	0	0	0	1	2	1	0	0	0	1	2	2	0	0	0	4	1	1	1	0	4	1	1	5	0	0	0	5	4	1	0	2	0	1	0	0	0	0	0	0	0	3	0	0	1	4	17	20	3	0	5	0	5	7	0	2	0	0	0	5	0	0
C7296	0	0	0	0	0	0	9	0	0	3	4	0	1	0	0	0	0	4	0	1	3	0	0	0	0	0	1	1	0	0	1	0	0	2	0	0	7	5	0	0	0	1	0	5	0	15	2	1	5	7	0	0	0	0	2	0	0	1	0	3	2	1	3	0	1	0	8	0	0	1	0	0	0	0	2	0	0	0
C7297	0	0	0	3	1	0	3	0	0	0	0	0	1	0	1	0	0	0	0	2	0	4	0	0	0	0	0	0	0	0	0	4	4	0	0	0	21	1	10	8	0	0	0	0	0	1	2	2	0	0	0	0	0	0	0	0	0	0	1	0	0	2	3	1	0	0	2	0	1	2	0	0	0	0	0	0	0	0
C7298	0	0	0	0	3	0	0	0	0	0	0	0	0	0	2	0	0	1	0	1	2	0	1	0	2	0	0	1	0	0	0	1	0	1	0	0	0	1	2	0	0	1	0	0	0	2	0	1	4	1	0	0	0	1	0	3	0	0	0	2	1	3	0	1	0	0	2	0	0	0	0	0	0	0	3	1	0	0
C7300	0	0	0	0	0	0	0	1	0	0	0	1	0	0	0	0	1	0	1	0	0	0	0	2	0	0	0	0	0	0	0	0	0	0	0	0	1	0	0	0	0	1	0	0	0	0	0	0	0	0	0	0	0	0	0	0	4	0	0	0	1	0	0	2	0	0	0	0	1	0	0	0	0	0	0	0	0	1
C7301	0	0	0	0	0	0	4	0	0	0	1	0	1	0	0	0	0	0	0	1	1	2	1	0	0	2	0	1	0	0	0	1	1	0	0	0	3	0	3	0	0	0	0	2	0	0	2	0	0	1	0	0	0	0	2	0	0	2	0	2	1	1	0	0	2	0	1	0	0	0	0	0	0	0	1	0	0	0
C7303	0	0	0	0	0	0	0	0	0	0	0	0	0	0	0	0	0	0	4	0	0	0	0	3	0	0	0	0	0	0	0	0	0	0	0	0	0	0	1	0	0	0	1	0	1	1	0	0	0	0	0	0	0	0	0	0	1	0	1	0	0	0	0	1	0	0	0	0	0	0	0	1	0	0	0	0	0	1
C7306	0	0	0	3	1	0	2	1	0	0	1	0	3	0	0	0	0	6	0	1	1	3	0	0	3	3	2	1	0	0	0	1	2	1	3	0	1	2	3	1	0	0	0	2	1	1	0	1	0	1	0	0	0	2	2	0	0	1	1	3	1	0	0	2	0	0	1	2	0	0	0	3	0	0	0	1	0	0
C7309	0	0	0	1	0	0	0	0	0	1	0	0	2	0	0	0	0	0	0	0	0	0	0	0	2	1	1	0	0	0	0	0	0	0	0	0	0	0	1	0	0	0	0	0	0	0	0	0	0	0	0	0	0	0	0	0	0	1	0	0	0	0	0	0	0	0	1	1	0	0	0	0	0	0	0	2	0	0
C7311	0	0	0	0	11	0	1	0	0	0	0	0	0	0	0	0	0	0	0	9	6	1	2	0	7	2	0	0	0	0	0	1	1	0	1	0	1	2	0	2	0	0	0	0	1	0	0	0	61	0	0	0	0	0	0	0	0	3	1	0	1	2	0	0	0	0	1	0	0	0	0	0	0	0	1	0	0	0
C7313	0	0	0	0	1	0	14	0	0	0	2	0	0	0	0	0	0	0	0	0	2	1	0	1	0	0	0	1	0	0	0	1	1	0	0	0	5	0	3	1	0	0	0	0	0	1	1	0	0	1	0	0	0	1	0	0	0	1	1	1	2	0	1	0	1	0	0	0	0	0	0	0	0	0	0	0	0	0
C7316	0	0	0	2	2	0	2	0	0	1	1	0	3	0	1	0	1	3	0	4	14	2	0	0	0	4	1	0	0	0	0	1	3	1	0	0	3	3	0	0	0	1	0	1	0	5	1	0	13	6	1	0	0	0	0	1	0	0	0	0	2	1	1	0	0	0	5	0	1	1	0	0	0	0	0	0	0	0
C7318	0	0	0	1	1	0	3	0	0	0	4	1	1	0	1	0	1	4	0	3	5	1	4	0	1	2	0	0	0	1	6	0	0	0	0	0	4	4	2	1	0	1	0	5	0	10	1	0	12	4	0	0	1	3	1	0	0	0	0	4	1	0	5	0	1	0	2	0	0	0	0	0	1	0	4	0	0	1
C7320	0	0	0	0	0	0	1	0	0	0	2	0	0	0	0	0	0	0	0	1	3	0	1	0	0	0	0	0	0	1	1	0	0	0	0	0	1	2	0	0	0	0	0	4	0	5	1	0	3	1	0	0	0	0	1	0	0	0	0	0	4	0	0	0	0	0	6	0	0	0	0	0	0	0	0	0	0	0
C7321	0	0	0	0	0	0	0	0	0	0	0	0	0	0	0	0	3	0	3	0	0	0	0	5	0	0	0	0	0	0	0	0	0	0	0	0	0	0	0	0	0	0	2	0	0	0	0	0	0	0	0	0	0	0	0	0	3	0	0	0	0	0	0	0	0	0	0	0	0	0	0	0	0	0	0	0	0	2
C7324	0	0	0	1	15	1	4	0	0	1	0	1	1	0	1	0	0	10	2	11	11	0	2	0	7	5	1	0	0	2	6	2	1	1	0	0	6	4	1	4	0	7	0	0	2	1	0	1	82	1	0	0	3	2	0	0	0	1	3	5	3	2	1	0	0	0	2	0	0	0	0	0	0	0	1	2	0	0
C7326	0	0	0	1	5	0	0	3	0	1	1	0	0	0	0	0	0	1	0	1	0	1	0	0	1	2	0	0	0	0	0	0	0	0	0	0	0	0	0	0	0	0	0	0	0	2	0	2	0	0	0	0	0	0	1	2	0	1	3	0	0	1	3	15	0	0	0	0	0	3	0	0	0	0	1	0	0	0
C7329	0	0	0	68	11	0	18	0	0	1	1	0	5	0	4	0	0	7	0	3	24	7	1	0	0	21	0	621	0	0	3	17	22	2	0	0	46	6	27	13	0	5	0	8	2	17	55	24	7	4	0	0	0	5	9	3	0	9	2221	3	27	4	6	4	13	0	13	1	1	77	0	0	1	0	9	7	0	0
C7332	0	0	0	2	20	0	5	2	0	0	31	1	10	0	8	0	0	7	0	7	27	9	7	0	6	15	4	14	0	0	0	17	12	9	0	0	5	12	14	8	0	0	0	17	2	11	7	1	3	15	0	0	0	24	4	6	0	23	6	12	9	24	10	14	10	0	22	0	8	2	0	2	0	0	9	2	0	0
C7334	0	0	0	0	0	0	2	0	0	0	0	2	2	0	0	0	5	1	8	0	0	0	0	18	0	1	0	0	0	0	0	0	0	0	0	0	0	0	0	0	0	0	1	0	0	0	0	0	0	0	0	0	0	0	0	0	13	0	1	0	1	0	0	2	0	0	0	0	0	0	0	0	0	0	0	0	0	12
C7337	0	0	0	0	1	0	2	0	0	0	3	0	3	1	0	0	0	0	0	0	0	0	0	0	0	0	0	1	0	0	0	2	1	0	0	0	0	0	1	0	0	0	0	1	0	1	0	0	0	0	0	0	0	0	0	0	0	4	1	2	0	3	0	0	0	0	1	0	0	0	0	0	0	0	0	0	0	0
C7338	0	0	0	0	1	0	0	0	0	0	0	0	0	0	0	0	0	0	0	0	0	0	0	0	0	0	0	0	0	0	0	1	0	0	0	0	0	0	0	0	0	0	0	0	10	0	0	0	1	0	0	0	0	0	0	0	0	0	20	0	1	0	0	0	2	0	0	0	0	0	0	0	0	0	0	0	0	0
C7339	0	0	0	0	1	0	7	0	0	0	0	0	0	0	0	0	0	0	0	0	0	0	0	0	0	0	0	0	0	0	0	0	0	0	0	0	0	0	0	1	0	0	0	1	0	0	0	0	0	0	0	0	0	0	0	77	0	0	0	0	0	0	0	0	0	0	0	0	1	0	0	0	0	0	0	1	0	0
C7342	0	0	0	0	0	0	1	0	0	12	0	0	0	0	0	0	0	0	2	0	0	0	0	1	0	1	0	0	0	0	1	2	0	0	0	0	0	0	2	7	0	4	0	1	5	0	2	0	5	0	0	0	1	1	1	2	0	0	51	2	5	7	0	0	0	0	0	0	0	20	1	0	6	0	1	3	0	0
C7344	0	0	0	0	0	0	0	0	0	0	0	0	0	0	0	0	0	0	0	0	0	0	0	0	0	0	0	0	0	0	0	0	0	0	0	0	0	0	0	0	0	0	0	0	0	0	0	0	0	0	0	0	0	0	0	0	0	0	20	0	0	0	0	0	0	0	0	0	0	0	0	0	0	0	0	0	0	0
C7346	0	0	4	0	0	0	0	0	0	0	0	0	0	0	0	2	0	0	0	0	0	0	0	0	0	0	0	0	0	0	0	0	0	0	0	0	0	0	0	0	13	0	0	0	0	0	0	0	0	0	0	2	0	0	0	0	0	0	0	0	0	0	0	0	0	2	0	0	0	0	0	0	0	0	0	0	0	0
C7347	0	0	0	1	0	0	1	0	0	0	0	0	4	0	1	0	0	1	0	0	2	0	0	0	2	2	0	0	0	0	0	0	2	2	0	0	0	0	0	1	0	0	0	0	0	0	0	0	1	0	0	0	0	2	1	1	0	0	1	0	1	0	0	2	2	0	1	0	0	0	0	1	0	0	0	0	0	0
C7348	0	0	0	0	0	0	0	0	0	1	0	0	0	0	1	0	3	1	0	0	0	0	0	0	0	0	0	0	0	2	2	0	0	0	0	0	0	0	0	1	0	9	0	0	0	0	1	0	0	0	3	0	0	0	0	0	0	0	1	0	0	0	1	0	0	0	1	0	0	1	1	0	0	0	0	0	0	0
C7350	0	0	0	0	0	0	0	1	0	0	0	0	0	0	1	0	0	0	0	0	0	0	0	0	0	1	3	0	0	0	0	1	0	1	0	0	1	0	1	0	0	0	0	0	0	0	0	1	0	0	0	0	0	1	0	0	0	0	1	1	1	0	0	0	0	0	0	0	1	0	0	1	0	0	1	0	0	0
C7352	0	0	0	1	6	0	0	4	0	1	1	0	0	0	1	0	0	2	1	1	0	0	1	0	0	1	0	1	0	0	0	1	0	0	0	0	1	2	0	1	0	2	0	2	0	1	0	0	4	0	0	0	0	0	1	5	0	0	7	0	1	0	1	0	0	0	1	0	1	1	0	0	0	0	1	0	0	0
C7353	0	0	0	0	3	0	3	2	0	0	2	0	1	0	2	0	0	1	0	0	0	0	2	0	4	0	0	2	0	0	0	2	0	1	0	0	0	2	0	0	0	0	0	1	2	2	0	0	0	0	0	0	0	0	1	0	0	5	2	0	1	5	0	0	0	0	1	0	1	0	0	0	0	0	3	0	0	0
C7354	0	0	0	0	0	0	2	0	0	0	0	0	0	0	0	0	0	0	0	0	0	0	1	0	0	0	0	1	0	0	0	0	1	0	0	0	1	1	1	0	0	0	0	0	0	2	0	0	0	0	0	0	0	0	0	1	0	0	2	0	1	0	0	0	0	0	1	0	0	0	0	0	0	0	0	0	0	0
C7355	0	0	0	0	0	0	0	0	0	0	0	0	0	0	0	0	1	0	2	0	0	0	0	1	0	0	0	0	0	0	0	0	0	0	1	0	0	0	0	0	0	0	0	0	0	0	0	0	0	0	0	0	0	0	0	0	4	0	0	0	0	0	0	0	0	0	0	0	0	0	0	0	0	0	0	0	0	2
C7356	0	0	0	0	2	0	1	0	0	1	1	0	4	0	3	0	0	0	0	1	0	0	0	0	0	1	0	2	0	0	0	2	1	0	0	0	3	1	0	2	0	0	0	2	2	2	1	2	0	1	0	0	0	1	1	0	0	2	1	2	0	1	3	2	0	0	1	0	1	4	0	0	0	0	0	3	0	0
C7362	0	0	0	2	4	0	3	0	0	3	10	0	3	0	5	0	1	5	0	5	3	0	1	0	0	5	0	2	0	0	0	2	0	5	0	0	9	10	1	5	0	0	0	9	0	41	0	3	6	6	0	0	0	2	1	0	0	1	0	4	10	1	3	1	1	0	20	0	0	1	0	0	0	0	6	1	0	0
C7363	3	0	0	0	1	0	0	0	0	0	1	0	0	0	0	0	0	1	0	0	1	0	1	0	5	0	4	0	0	0	0	2	6	0	0	0	0	2	0	0	0	0	0	5	0	0	0	0	1	0	0	0	0	3	0	1	0	1	5	1	3	6	0	0	1	0	0	22	4	0	0	0	0	0	2	3	0	0
C7365	0	0	0	0	0	0	0	0	0	0	0	2	0	0	0	0	1	1	0	1	0	0	1	2	0	0	1	1	0	0	0	0	1	1	0	0	0	1	0	0	0	0	1	2	0	0	1	0	0	1	0	0	0	0	3	0	1	0	1	1	1	0	1	3	0	0	0	0	1	0	0	1	1	0	0	0	0	2
C7366	0	0	0	9	39	0	2	0	0	0	2	0	9	0	5	0	0	1	0	3	1	1	0	0	1	3	2	1	0	0	0	5	18	2	0	0	38	1	23	31	0	0	0	0	4	1	4	5	10	1	0	0	0	6	0	0	0	0	3	0	2	7	8	4	10	0	0	0	1	11	0	0	0	0	0	3	0	0
C7367	0	0	0	4	0	0	1	0	0	0	0	0	0	0	1	0	0	0	0	0	5	1	0	0	2	3	0	76	0	0	0	2	3	0	0	0	4	0	3	1	0	1	0	0	0	0	5	1	0	0	0	0	0	0	4	0	0	0	300	0	1	1	1	1	2	0	1	1	0	3	0	0	0	0	2	0	0	2
C7371	0	0	0	0	0	0	0	0	0	0	0	0	0	0	0	0	0	1	0	0	0	0	0	0	0	0	0	0	0	0	0	0	0	0	0	0	2	0	0	0	0	0	0	0	0	0	0	0	0	0	0	0	0	0	0	0	0	1	5	0	2	0	1	0	0	2	0	0	0	0	0	0	0	0	0	0	0	0
C7373	0	0	0	1	8	0	0	12	0	3	0	0	0	0	1	0	0	1	0	0	0	0	1	0	2	0	0	0	0	0	0	1	0	0	1	0	0	0	0	1	0	1	0	0	0	0	1	0	1	1	0	0	0	0	1	23	0	1	9	0	0	0	0	2	0	0	2	0	0	2	0	0	0	0	1	0	0	0
C7375	0	0	0	0	0	0	0	3	0	1	0	0	0	0	0	0	0	0	0	1	0	0	1	0	0	0	0	0	0	0	0	0	0	0	0	0	0	0	0	0	0	0	0	0	0	1	0	0	1	0	1	0	0	0	0	6	0	0	3	1	0	0	0	0	0	0	0	0	0	1	0	0	0	0	0	0	0	0
C7376	0	0	0	0	2	0	0	0	0	0	1	0	1	0	0	0	0	0	1	0	2	1	0	0	0	0	1	1	0	1	0	1	2	1	0	1	0	0	0	0	0	0	0	2	1	2	1	0	0	1	0	0	0	1	2	1	0	2	0	0	3	0	0	0	1	0	0	1	0	1	1	0	0	0	0	0	0	0
C7377	0	0	0	1	16	3	10	0	0	0	0	1	0	0	0	0	0	0	0	0	0	0	0	0	0	1	1	0	0	2	2	0	0	0	0	0	2	1	0	6	0	4	0	0	1	0	1	0	11	0	1	0	0	0	1	12	0	0	33	1	2	0	0	0	8	0	0	2	1	1	0	0	0	0	0	5	0	0
C7378	0	0	0	0	5	0	0	10	0	5	0	0	0	0	0	0	0	2	0	2	1	0	0	0	1	2	0	1	0	0	0	0	0	1	0	0	0	0	0	2	0	0	0	0	0	2	1	0	3	0	0	0	0	3	0	30	0	1	20	0	0	0	0	1	0	0	1	0	1	1	0	1	0	0	1	0	0	0
C7379	0	0	0	4	1	0	10	0	0	3	14	0	0	0	3	0	0	11	0	4	4	0	1	0	0	5	1	0	0	2	2	1	5	3	0	0	8	17	1	0	0	0	0	10	0	36	4	2	6	19	0	0	0	6	4	0	0	0	2	3	7	2	1	0	0	0	22	0	0	0	0	0	3	0	11	0	0	0
C7385	0	0	0	0	13	0	0	5	0	0	1	0	2	0	1	0	0	3	0	5	1	1	0	1	0	1	4	3	0	0	0	3	5	0	2	0	8	2	5	7	0	0	0	3	2	1	0	0	4	1	1	0	0	1	0	7	0	2	6	2	4	3	6	8	3	0	3	0	2	4	0	2	0	0	2	2	2	0
C7386	0	0	0	0	0	0	0	0	0	0	1	0	3	0	4	0	0	0	0	0	0	0	0	0	0	0	0	1	0	0	0	0	1	0	0	0	0	0	0	0	0	0	0	0	0	0	2	1	0	0	0	0	0	1	0	0	0	48	0	0	0	13	3	0	0	0	0	0	1	1	0	0	0	0	0	0	0	0
C7387	0	0	0	0	0	0	0	1	0	1	0	0	1	0	1	0	0	0	0	0	1	1	0	0	0	0	1	1	0	0	0	0	1	0	0	0	3	0	0	0	0	0	0	1	0	1	0	0	0	0	0	0	0	0	0	1	0	1	4	0	1	0	0	0	0	0	0	0	1	0	0	3	0	0	0	0	0	0
C7391	0	0	0	22	6	0	15	1	0	13	8	0	6	0	24	0	0	15	0	5	63	0	5	0	5	12	3	2	0	0	0	5	9	14	0	0	11	22	1	2	0	0	0	16	8	40	8	7	28	21	0	0	0	13	6	0	0	1	0	6	11	3	17	0	0	0	29	1	3	0	0	2	0	0	14	4	0	1
C7393	0	0	0	3	29	0	3	0	0	0	0	0	0	0	5	0	0	4	0	14	12	0	2	0	5	5	5	0	0	0	0	2	2	0	0	0	7	10	0	2	0	0	0	3	6	1	0	0	116	1	0	0	0	6	2	0	0	2	3	0	1	3	2	0	0	0	3	0	0	1	0	0	0	0	1	1	0	0
C7396	0	0	0	1	1	0	0	1	0	1	0	0	0	0	1	0	0	0	0	0	0	0	0	0	0	0	0	0	0	0	0	0	0	0	0	0	0	0	0	0	0	0	0	1	0	1	0	0	0	0	0	0	0	0	0	2	0	0	2	0	0	0	0	0	0	0	0	0	0	0	0	0	0	0	0	0	0	0
C7400	0	0	0	0	2	0	0	3	0	2	0	0	0	0	0	0	0	1	0	0	0	0	0	0	0	0	0	0	0	0	0	1	0	0	0	0	0	0	0	0	0	0	0	0	0	0	0	0	0	0	0	0	0	0	0	6	0	0	5	0	0	0	0	0	0	0	0	0	0	0	0	0	0	0	0	0	0	0
C7402	0	0	0	4	2	0	0	0	0	1	3	1	9	0	15	0	0	1	0	0	2	3	0	0	3	1	2	5	0	0	0	0	0	3	1	0	7	1	0	7	0	0	0	6	6	9	2	6	1	2	0	0	0	9	2	1	0	9	8	0	2	7	29	34	2	0	7	0	7	19	0	1	0	0	1	5	0	0
C7403	0	0	0	3	2	0	1	13	0	2	11	0	23	0	21	0	0	19	0	8	26	14	12	0	4	7	1	77	0	0	0	10	15	4	3	0	34	2	7	41	0	0	0	49	6	45	3	6	1	2	0	0	0	34	15	0	0	39	1	16	24	18	15	4	4	0	42	0	7	40	0	1	0	0	36	5	0	0
C7407	0	0	0	3	0	0	0	0	0	0	1	0	0	0	0	0	0	4	0	1	0	0	0	0	2	2	1	0	0	0	0	8	0	0	36	0	0	0	0	0	2	0	0	0	0	0	1	0	0	0	0	0	0	0	0	0	0	1	18	0	0	0	0	0	0	2	0	0	0	0	0	0	0	0	0	1	0	0
C7408	0	0	0	1	1	0	0	0	0	1	1	0	0	0	1	0	2	1	0	0	0	0	0	0	0	0	1	0	0	7	6	0	0	1	0	0	1	1	0	7	0	3	0	4	0	0	1	0	5	0	0	0	3	1	0	0	0	0	0	5	1	0	1	0	0	0	1	0	0	0	0	0	0	0	2	0	0	0
C7409	0	0	0	17	0	0	0	0	0	0	0	0	0	0	0	0	0	15	0	2	0	1	2	0	20	14	21	1	0	0	0	7	0	0	53	0	0	10	0	5	5	0	0	0	2	0	8	6	15	0	0	0	0	0	0	0	0	3	33	3	1	5	0	0	0	0	0	0	12	2	0	3	0	0	0	0	0	0
C7411	0	0	0	0	0	0	0	0	0	0	0	0	0	0	0	0	0	0	0	0	0	0	0	0	0	0	0	0	0	1	0	0	0	0	1	0	0	2	0	1	0	0	0	0	0	0	0	0	0	0	0	0	0	0	1	1	0	0	4	3	0	0	0	0	0	0	0	0	0	0	0	0	0	0	0	0	0	0
C7415	0	0	0	0	0	0	0	0	0	0	1	0	2	0	3	0	0	0	0	0	0	2	0	0	1	0	0	2	0	0	0	0	0	0	0	0	0	0	1	0	0	0	0	0	0	0	2	1	0	0	0	0	0	3	0	0	0	175	0	0	1	9	0	0	0	0	1	0	1	1	0	0	0	0	0	0	0	0
C7416	0	0	0	1	2	0	0	0	0	1	0	0	4	0	1	0	0	2	0	0	3	3	0	0	1	1	1	1	0	0	0	1	0	0	1	0	2	1	3	0	0	0	0	1	0	0	1	0	0	0	0	0	0	1	0	0	0	2	5	1	0	1	0	0	0	0	0	1	1	0	0	1	0	0	4	2	0	0
C7418	0	0	0	1	4	0	1	0	0	0	1	0	0	0	1	0	0	2	0	3	4	1	0	0	1	1	1	0	0	0	0	0	0	0	0	0	1	1	1	0	0	0	0	1	0	0	0	1	30	2	0	0	0	1	0	0	0	1	2	1	0	2	1	0	0	0	1	0	0	1	0	1	0	0	1	0	0	0
C7419	0	0	0	0	0	0	0	0	0	1	1	0	1	0	2	1	1	0	0	0	0	2	0	0	0	0	0	1	0	0	0	0	1	0	0	0	2	2	1	0	0	0	0	0	1	0	0	0	0	1	0	0	0	0	0	2	0	0	1	0	2	0	0	1	0	0	0	0	0	0	0	1	0	0	1	1	0	0
C7420	0	0	0	2	2	0	1	1	0	0	0	0	2	0	0	0	0	1	0	0	0	0	0	0	0	2	2	0	0	0	0	0	0	0	1	0	0	1	1	0	0	0	0	1	2	0	0	0	1	1	0	0	2	1	1	1	0	2	0	3	0	1	0	0	0	0	0	0	3	0	0	1	1	0	3	0	0	0
C7422	0	0	0	0	0	0	0	0	0	0	0	0	1	0	0	0	0	0	0	0	0	0	0	0	0	0	0	1	0	0	0	0	0	0	0	0	0	0	0	0	0	0	0	0	0	0	0	0	0	0	0	0	0	1	0	0	0	9	0	0	0	0	0	0	0	0	0	0	0	0	0	0	0	0	0	0	0	0
C7426	0	0	0	0	1	0	1	7	0	3	0	0	0	0	0	0	0	1	0	1	0	0	0	0	1	1	1	1	0	0	0	0	0	0	0	0	0	0	2	0	0	0	0	0	0	0	0	0	1	0	0	0	0	0	0	18	0	0	2	0	2	0	0	1	0	0	0	0	1	0	0	0	0	0	0	0	0	0
C7428	0	0	0	1	1	0	5	0	0	2	3	0	1	0	3	0	0	5	0	3	3	0	1	0	0	3	0	0	0	0	0	3	1	0	0	0	6	5	1	0	0	0	0	12	1	17	0	0	12	15	1	0	0	3	1	1	0	0	0	5	2	0	1	0	0	0	15	0	0	2	0	0	0	0	0	0	0	0
C7429	0	0	0	5	6	0	9	0	0	2	9	0	2	0	6	0	0	13	0	4	27	0	4	0	0	3	0	0	0	0	1	0	6	4	0	0	9	17	1	1	0	0	0	8	2	13	1	1	48	6	0	0	1	2	3	0	0	0	1	3	6	4	3	0	0	0	19	0	0	1	0	0	0	0	1	1	0	0
C7432	0	0	0	0	0	0	1	0	0	0	0	0	1	0	0	0	0	0	1	0	4	0	1	0	0	0	0	0	0	0	0	0	0	0	0	0	1	1	1	1	0	0	0	1	0	0	3	0	1	1	0	0	0	1	0	0	0	1	1	1	0	0	0	0	0	0	0	0	0	0	0	0	0	0	0	0	0	0
C7436	0	0	0	0	0	0	0	0	0	0	0	0	0	0	0	0	0	0	0	0	1	0	0	0	0	0	0	0	0	0	0	1	0	1	0	0	0	1	1	0	0	0	0	0	0	0	0	0	1	0	0	0	0	0	0	0	0	2	3	0	1	0	0	2	0	0	1	1	2	0	0	0	0	0	1	2	0	0
C7437	0	0	0	1	1	0	0	1	0	1	2	0	9	0	4	0	0	0	0	2	2	6	0	0	1	0	0	14	0	0	0	1	3	0	0	0	5	1	2	10	0	0	0	3	2	4	2	3	0	0	0	0	0	1	1	0	0	0	0	1	3	1	4	10	0	0	5	0	0	21	0	0	0	0	4	3	0	0
C7438	0	0	0	0	0	0	1	0	0	0	0	1	0	0	0	0	0	1	0	0	0	0	0	1	0	0	0	0	0	0	0	0	0	1	0	0	0	0	0	0	0	0	1	0	0	0	0	0	0	0	0	0	0	1	1	1	2	0	0	0	0	0	0	0	0	0	0	0	0	0	0	0	0	0	0	0	0	2
C7439	0	0	0	0	2	0	0	0	0	0	1	0	0	0	1	0	0	1	0	1	1	0	0	0	0	1	0	0	0	0	1	0	0	0	1	0	2	0	0	0	0	0	0	1	0	0	1	0	6	0	0	0	0	0	0	1	0	0	0	0	2	0	0	0	0	0	0	0	0	0	0	0	0	0	0	0	0	0
C7440	0	0	0	1	1	0	0	0	0	0	3	0	0	0	0	0	0	2	0	0	1	0	0	0	0	1	0	0	0	1	0	0	0	1	0	0	1	3	0	1	1	0	0	3	0	2	0	0	4	1	0	0	0	0	1	0	0	0	0	0	0	0	0	0	0	2	1	0	0	0	0	0	0	0	0	0	0	0
C7442	0	0	0	2	0	0	1	1	0	0	3	0	1	0	2	0	0	0	0	1	1	0	2	0	6	2	3	0	0	0	0	2	0	1	1	0	0	0	1	1	0	0	0	2	0	1	0	1	0	2	0	0	0	4	1	2	0	4	0	0	0	1	1	1	1	0	1	1	2	0	0	5	0	0	2	4	0	0
C7444	0	0	0	0	2	0	15	1	0	0	4	0	1	0	0	2	0	2	0	0	0	0	0	0	5	1	0	0	0	1	0	1	1	0	0	0	1	2	0	0	0	6	0	6	0	0	35	1	2	0	0	0	0	1	2	0	0	1	2	3	4	17	0	0	23	0	0	5	2	0	7	0	0	0	1	8	0	0
C7445	0	0	0	1	2	0	0	1	0	0	0	0	0	0	0	0	0	0	0	1	0	0	0	0	0	0	0	0	0	0	0	0	0	0	0	0	0	0	0	0	0	0	0	0	0	0	0	0	0	0	0	0	0	0	0	7	0	0	3	0	1	1	0	0	0	0	0	0	0	0	0	0	0	0	0	0	0	0
C7446	0	0	0	0	0	0	1	0	0	0	0	0	1	0	0	0	0	1	1	0	1	1	1	0	2	1	0	1	0	0	0	0	1	0	0	0	1	0	2	0	0	0	0	2	0	0	0	0	0	3	0	0	1	2	2	1	0	0	1	1	1	0	0	2	0	0	0	0	1	0	0	0	0	0	1	0	0	0
C7448	0	0	0	0	0	0	0	0	0	0	1	0	0	0	0	0	0	0	0	0	2	0	0	0	0	1	0	0	0	0	0	1	0	0	0	0	0	2	0	0	0	0	0	0	0	0	0	0	0	0	0	0	0	1	0	1	0	0	2	1	0	0	0	0	1	0	0	0	0	0	0	0	0	0	0	0	0	0
C7450	0	0	0	0	5	0	0	0	0	0	0	1	0	1	0	0	0	0	0	0	4	0	2	1	0	0	0	0	0	0	0	0	0	0	0	0	0	2	0	0	0	0	0	0	0	0	0	0	6	0	1	0	0	0	0	0	0	0	2	2	0	0	0	0	0	0	0	0	0	2	0	0	0	0	0	0	0	0
C7452	0	0	0	0	0	0	0	2	0	1	0	0	0	0	0	0	0	0	0	0	0	0	0	0	0	0	0	0	0	0	0	0	0	0	0	0	0	0	0	0	0	0	0	0	0	0	0	0	0	0	0	0	0	0	0	15	0	0	6	1	0	0	0	0	0	0	0	0	0	0	0	0	0	0	0	0	0	0
C7453	0	0	0	0	5	0	0	3	0	0	1	0	0	0	2	0	0	2	0	0	0	1	1	0	1	0	0	2	0	0	0	0	2	0	0	0	2	2	1	1	0	0	0	1	1	0	0	0	0	0	0	0	0	1	0	0	0	1	5	1	0	0	2	0	1	0	1	0	1	0	0	0	0	0	0	1	0	0
C7455	0	0	0	0	7	0	6	11	0	6	3	0	13	0	5	0	0	1	0	2	4	2	5	0	0	4	0	14	0	0	0	1	2	6	0	0	4	2	3	2	0	0	0	17	4	5	0	1	0	1	0	0	0	11	1	17	0	7	10	2	2	3	2	3	9	0	9	0	2	2	0	4	0	0	5	0	0	1
C7459	0	0	0	1	1	0	1	0	0	0	0	0	0	0	0	0	0	0	0	0	0	0	0	0	2	1	0	1	0	0	0	2	0	0	0	0	0	0	0	0	0	0	0	0	0	0	0	0	0	0	0	0	0	0	0	1	0	1	1	1	1	0	0	1	0	0	0	1	0	0	0	0	0	0	2	0	0	0
C7460	0	0	5	0	0	0	0	0	0	0	0	0	0	2	0	4	0	0	0	0	0	0	0	0	0	0	0	0	0	0	0	0	0	0	0	0	0	0	0	0	15	0	0	0	0	0	0	0	0	0	0	2	0	0	0	0	0	0	0	0	0	0	0	0	0	1	0	0	0	0	0	0	0	0	0	0	0	0
C7463	0	0	0	0	1	0	1	1	0	0	0	0	0	0	0	0	0	0	0	0	0	0	0	0	0	0	0	0	0	0	1	2	0	0	0	0	0	1	0	0	0	0	0	0	0	1	0	0	0	1	0	0	0	0	0	2	1	0	1	0	0	1	1	4	0	0	0	0	1	1	0	0	0	0	0	1	0	0
C7466	0	0	0	0	0	1	0	0	0	0	0	0	0	0	0	0	1	1	0	0	0	0	0	0	0	0	0	0	0	0	0	0	0	0	0	0	0	0	0	1	0	2	0	0	0	0	0	0	0	0	2	0	0	0	0	0	0	0	0	0	0	0	2	0	0	0	0	0	0	0	0	0	0	0	2	0	0	0
C7467	0	0	0	1	0	0	1	1	0	0	0	0	0	0	0	0	0	0	0	0	0	0	0	0	0	0	0	0	0	0	0	0	0	0	1	0	0	1	0	0	0	0	0	0	3	0	0	0	0	0	0	0	0	0	0	0	0	0	3	1	0	1	0	0	0	0	0	1	0	0	0	0	0	0	0	4	0	0
C7471	0	0	0	6	21	1	0	9	0	4	1	0	6	0	4	0	0	8	2	0	5	4	3	0	3	1	3	9	0	1	0	8	4	4	0	0	1	2	3	7	1	0	0	2	3	3	3	0	2	2	67	0	0	15	3	8	0	7	10	1	2	8	4	8	3	0	8	3	6	2	0	5	0	0	1	3	39	1
C7476	0	0	0	1	1	0	0	0	0	0	0	0	0	0	0	0	0	0	1	0	1	0	0	1	0	1	0	0	0	0	0	0	0	0	0	0	1	0	1	0	0	0	0	0	0	1	0	0	0	4	0	0	0	0	0	0	1	0	0	0	0	0	0	1	0	0	0	0	1	0	0	0	0	0	0	0	0	0
C7477	0	0	0	2	1	0	2	0	0	0	0	0	2	0	2	0	1	2	0	1	2	2	0	0	0	2	0	2	0	0	0	3	1	0	0	0	4	1	0	0	0	0	0	4	2	0	3	1	0	1	0	0	0	2	0	0	0	2	1	3	1	0	0	2	1	0	2	1	2	0	0	1	0	0	0	1	0	0
C7478	0	0	0	0	0	0	0	0	0	1	0	0	0	0	0	0	0	0	0	0	0	0	0	0	0	0	0	2	0	0	0	0	0	0	0	0	0	0	0	0	0	0	0	0	0	0	0	0	0	0	0	0	0	0	0	2	0	0	4	0	2	0	0	0	2	0	0	0	0	0	0	0	0	0	0	1	0	0
C7480	0	0	0	0	1	0	0	2	0	0	1	0	0	0	0	0	0	0	0	0	1	0	1	0	0	0	0	0	0	0	0	0	0	0	0	0	0	0	1	1	0	0	0	0	0	0	0	0	2	0	0	0	0	1	0	3	0	0	3	1	0	0	1	0	0	0	1	0	0	0	0	0	0	0	0	0	0	0
C7481	0	0	0	0	1	0	0	0	0	0	0	0	0	0	0	0	0	2	0	0	2	0	0	0	0	0	1	0	0	0	0	3	0	1	0	0	0	1	0	0	0	0	0	1	0	0	0	1	0	0	0	0	0	1	0	2	0	0	2	0	1	0	0	0	1	0	1	2	1	0	0	2	0	0	0	0	0	0
C7483	0	0	0	0	10	7	3	1	0	0	2	2	0	0	0	0	0	0	0	1	0	0	2	0	0	0	0	0	0	8	5	2	0	1	0	0	1	11	0	7	0	24	0	0	2	0	31	0	45	0	3	0	0	0	0	0	0	0	0	10	2	0	0	0	2	0	0	0	0	5	7	0	0	0	0	0	0	0
C7490	0	0	0	0	13	0	1	0	0	1	0	0	1	0	0	0	0	2	0	1	0	0	0	0	0	1	0	0	0	0	0	0	4	0	0	0	2	0	5	1	0	0	0	0	0	0	0	1	1	0	1	0	0	1	1	1	0	1	2	0	0	0	0	0	0	0	2	0	0	0	0	0	0	0	0	0	3	0
C7491	0	0	0	0	0	0	0	3	0	1	0	0	1	0	0	0	0	0	0	0	0	0	0	0	0	0	0	0	0	0	0	0	0	0	0	0	0	0	0	0	0	0	0	0	0	0	0	0	0	0	0	0	0	1	0	10	0	0	3	0	0	0	0	0	0	0	0	0	0	0	0	0	0	0	0	0	0	0
C7495	0	0	0	0	11	0	1	14	0	3	0	0	0	0	1	0	0	1	0	2	2	2	0	0	2	4	1	11	0	0	0	5	0	0	2	0	0	2	1	0	0	0	0	0	1	2	1	0	1	3	0	0	0	2	0	18	0	2	14	0	0	4	1	8	0	0	6	0	3	7	0	4	0	0	0	0	0	0
C7502	0	0	0	3	14	0	2	0	0	0	0	0	0	0	3	0	0	5	0	13	5	0	0	0	3	1	1	2	0	0	0	0	1	2	0	0	1	0	0	5	0	0	0	1	4	2	1	1	38	0	0	0	0	6	0	0	0	3	1	0	0	2	0	0	0	0	0	0	0	2	0	0	0	0	2	0	0	0
C7503	0	0	0	0	0	0	2	0	0	0	0	0	0	0	0	0	0	0	0	0	0	0	0	0	0	0	0	0	0	0	0	0	0	0	0	0	0	2	0	0	0	0	0	1	0	0	8	0	1	0	0	0	0	0	0	1	0	0	0	1	5	0	0	0	0	0	0	1	0	1	0	0	0	0	0	0	0	0
C7504	0	0	0	0	0	0	3	0	0	0	0	0	0	1	0	0	0	1	0	0	1	1	1	0	0	5	0	0	0	0	0	1	0	0	0	0	1	0	0	2	0	0	0	0	0	1	0	0	0	3	0	0	0	1	1	0	0	0	0	0	0	0	0	0	2	0	0	0	0	0	0	0	0	0	0	0	0	0
C7505	0	0	0	0	3	0	0	1	0	0	0	0	0	0	1	0	0	0	1	0	0	0	1	1	1	0	3	0	0	0	0	1	1	0	0	0	1	1	1	0	0	0	1	1	2	0	0	1	0	1	0	0	0	1	0	1	0	3	1	4	1	1	0	2	0	0	0	1	4	0	0	1	0	0	0	2	0	0
C7506	0	0	0	0	1	0	2	0	0	0	0	0	0	0	0	0	0	1	0	0	0	0	0	0	0	0	0	0	0	0	0	0	0	0	0	0	0	0	0	0	0	0	0	0	0	0	1	0	0	0	0	0	0	2	0	0	0	5	0	0	0	0	0	0	0	0	0	0	1	0	0	0	0	0	1	0	0	0
C7508	0	0	0	0	0	0	0	0	0	0	0	0	0	0	0	0	0	0	0	0	0	0	0	0	0	0	0	0	0	0	0	0	4	0	1	0	0	0	0	0	0	0	0	0	1	0	0	0	0	0	0	0	0	0	0	0	0	0	7	0	0	0	0	0	1	0	0	0	1	2	0	0	0	0	0	2	0	0
C7511	0	0	0	0	0	0	0	6	0	0	0	0	0	0	0	0	0	0	0	0	0	0	1	0	1	0	0	0	0	0	0	0	0	0	0	0	0	0	0	0	0	0	0	0	0	0	0	0	0	0	0	0	0	0	0	4	0	0	0	0	0	0	0	0	0	0	0	0	0	1	0	1	0	0	0	0	0	0
C7512	0	0	0	0	0	0	0	0	0	0	0	2	0	0	0	0	1	0	3	1	0	0	0	4	0	0	0	0	0	0	0	0	0	0	0	0	1	0	0	0	0	0	2	0	0	0	0	1	0	1	0	0	0	0	0	0	3	0	0	0	0	0	0	0	0	0	0	0	0	0	0	0	0	0	0	0	0	2
C7514	0	0	0	2	4	0	0	6	0	0	0	0	3	0	7	0	0	1	0	0	0	0	0	0	1	2	1	5	0	0	0	1	1	2	0	0	4	0	2	5	0	0	0	4	0	1	0	0	0	2	0	0	0	1	0	16	0	5	6	0	2	11	7	4	0	0	3	1	2	4	0	0	0	0	1	0	0	1
C7517	0	0	0	2	0	0	0	3	0	0	0	0	4	0	2	0	1	0	0	1	1	0	3	0	0	1	0	6	0	0	0	2	1	1	0	0	10	0	0	6	0	0	0	2	2	0	1	1	0	0	1	0	0	4	3	0	0	2	0	2	1	1	5	3	2	0	3	0	1	8	0	0	0	0	3	1	2	0
C7520	0	0	0	0	1	0	2	0	0	0	0	0	0	0	4	0	0	0	0	2	1	0	1	0	7	1	3	0	0	0	1	1	0	0	0	0	3	0	0	0	0	1	0	0	1	0	0	0	4	1	0	0	0	4	0	0	0	2	2	0	0	2	0	0	0	0	0	0	0	0	0	0	0	0	0	0	0	0
C7522	0	0	0	3	12	0	0	0	0	0	3	0	4	0	1	0	0	2	0	1	0	0	0	0	0	1	0	0	0	0	3	1	2	0	0	0	9	0	4	2	0	0	0	2	0	2	0	3	5	1	13	0	0	0	0	0	0	0	1	2	0	2	3	2	0	0	0	0	0	5	0	0	0	0	0	1	3	0
C7525	0	0	0	0	0	0	0	0	0	0	0	0	0	0	0	0	0	1	0	0	1	0	0	0	0	0	0	0	0	0	1	0	0	0	0	0	0	0	0	2	0	0	0	1	0	0	0	0	3	0	0	0	0	0	0	0	1	0	0	1	0	0	0	0	0	0	0	0	0	0	0	0	0	0	0	0	0	0
C7528	0	0	0	0	0	0	0	0	0	0	1	0	0	0	0	0	0	0	0	0	0	0	0	0	0	0	0	0	0	0	0	0	0	0	0	0	0	1	0	0	0	0	0	2	0	4	0	0	0	2	0	0	0	0	0	0	0	2	0	1	0	0	0	0	0	0	3	0	0	0	0	0	0	0	0	0	0	0
C7529	0	0	0	0	0	0	2	0	0	0	0	0	0	0	1	0	0	1	0	0	0	0	0	2	0	0	0	0	0	0	0	0	0	0	0	0	0	0	1	1	0	0	0	0	0	0	0	0	0	0	0	0	0	0	1	0	0	0	3	0	0	0	0	0	1	0	0	1	0	0	0	0	0	0	0	0	0	0
C7530	0	0	0	0	1	0	1	0	0	0	1	0	3	0	2	0	0	2	0	0	0	6	0	0	1	9	0	1	0	0	0	3	3	3	0	0	1	0	5	2	0	0	0	5	0	0	1	0	0	1	0	0	0	2	1	0	0	2	2	1	1	1	1	0	0	0	1	0	3	0	0	0	0	0	3	0	0	0
C7531	0	0	0	0	0	0	0	0	0	0	0	0	0	0	0	0	0	0	0	0	0	0	0	0	0	0	0	0	0	0	0	0	0	0	0	0	0	0	0	0	0	0	0	0	0	0	12	0	2	0	0	0	0	0	0	0	0	0	12	1	4	0	0	0	1	0	0	0	0	0	1	0	0	0	0	3	0	0
C7532	0	0	0	0	0	0	1	2	0	2	0	0	0	0	2	0	0	4	0	2	0	0	1	0	0	1	0	0	0	0	0	1	1	1	0	0	0	1	0	1	0	0	0	0	2	1	0	0	3	1	0	0	0	0	0	4	0	1	5	2	4	2	0	1	0	0	6	0	0	0	0	0	0	0	0	1	0	0
C7534	0	0	0	14	64	0	8	3	0	2	1	1	15	0	3	0	0	2	4	5	5	10	1	2	0	4	1	4	0	2	3	3	12	2	1	0	26	3	23	10	0	5	0	2	3	4	5	4	8	0	97	0	0	1	1	2	0	4	45	1	5	5	14	2	10	0	7	0	4	17	0	2	2	0	2	2	65	0
C7537	0	0	0	2	1	0	0	2	0	1	0	0	2	0	1	0	0	0	0	3	1	1	0	0	1	2	0	1	0	0	0	1	1	2	1	0	0	0	1	0	0	0	0	1	2	0	1	1	0	0	0	0	0	0	0	0	0	0	1	1	1	0	0	0	0	0	0	1	2	0	0	1	0	0	1	0	0	0
C7538	0	0	0	0	0	0	0	0	0	0	1	0	0	0	1	0	0	0	0	0	0	0	0	0	2	0	0	2	0	0	0	2	0	0	0	0	0	0	0	0	0	0	0	0	0	0	0	0	0	0	0	0	0	0	0	0	0	0	4	0	2	0	0	0	1	0	0	0	3	0	0	0	0	0	0	0	0	0
C7540	0	0	0	0	0	0	0	0	0	0	0	0	1	0	0	0	0	0	0	0	0	1	0	0	0	1	0	0	0	0	0	1	0	0	0	0	0	0	0	0	0	0	0	1	0	0	0	0	0	0	0	0	0	0	0	2	2	0	0	1	0	0	0	0	0	0	0	0	0	0	0	1	0	0	1	1	0	0
C7543	0	0	0	0	1	0	0	1	0	0	1	0	2	0	1	0	0	0	0	1	0	3	0	0	0	1	0	0	0	0	0	4	0	0	1	0	2	0	2	0	0	0	0	1	0	0	0	0	1	1	0	0	0	2	1	0	0	0	1	0	0	0	0	0	0	0	0	0	1	0	0	0	0	0	0	0	0	0
C7544	0	0	0	3	1	0	0	0	0	0	0	0	0	0	0	0	0	1	0	0	0	1	0	0	0	0	0	0	0	0	0	1	1	0	0	0	2	0	1	0	0	0	0	0	0	0	0	0	0	0	0	0	0	0	0	1	0	0	2	0	1	0	0	0	0	0	2	0	0	3	0	0	0	0	0	1	0	0
C7547	0	0	0	0	1	0	0	1	0	0	0	0	0	0	1	0	0	0	0	0	0	0	0	0	0	0	0	1	0	0	0	0	0	0	0	0	0	1	0	1	0	0	0	1	0	1	1	0	0	0	0	0	0	2	1	3	0	0	1	0	0	0	0	1	0	0	1	0	0	0	0	0	0	0	0	0	0	0
C7551	0	0	0	0	0	0	0	0	0	0	0	1	0	0	0	0	0	1	0	0	1	0	0	1	0	0	0	0	0	0	0	0	1	0	0	0	2	0	0	0	0	0	0	0	0	0	0	0	0	1	0	0	0	1	0	0	0	0	2	0	1	0	0	0	0	0	0	0	1	0	0	1	0	0	0	0	0	0
C7557	0	0	0	0	0	0	1	0	0	0	1	0	3	0	2	0	0	2	0	0	0	3	0	0	0	1	0	1	0	0	0	0	2	2	0	0	1	0	3	2	0	0	0	3	1	0	2	0	1	6	0	0	1	1	2	0	0	3	1	1	0	2	2	0	0	0	3	1	0	0	0	0	0	0	0	0	0	0
C7559	0	0	0	5	33	0	3	0	0	1	1	0	1	0	2	0	0	5	0	9	7	2	4	0	15	2	5	1	0	0	0	2	5	2	0	0	2	2	0	5	0	0	0	0	2	1	2	3	65	2	0	0	0	3	1	0	0	1	1	3	4	3	1	0	0	0	2	0	0	0	0	0	0	0	1	1	1	0
C7562	0	0	0	0	2	0	0	2	0	0	2	0	2	0	3	0	0	1	0	1	3	2	0	0	3	3	1	0	0	0	0	4	2	0	0	0	2	1	2	1	0	0	0	3	2	1	0	0	0	2	0	0	0	2	1	1	0	5	0	1	0	2	3	0	0	0	3	0	1	1	0	0	0	0	1	0	0	0
C7564	0	0	1	0	0	0	0	0	0	0	0	0	0	0	1	0	0	0	0	1	1	0	1	0	0	0	0	3	0	0	0	0	0	0	0	0	3	0	0	3	0	0	0	1	0	3	0	1	0	0	0	0	0	0	2	0	0	3	0	0	1	0	1	1	0	0	0	0	1	3	0	0	0	0	0	0	0	0
C7565	0	0	0	0	16	0	4	5	0	1	6	0	0	0	10	0	0	8	0	1	5	1	4	0	2	0	1	5	0	0	1	2	4	1	0	0	4	6	6	9	0	0	0	10	3	11	4	0	7	3	0	0	0	2	0	7	0	6	10	2	1	4	6	3	3	0	24	0	2	2	0	0	0	0	2	1	0	0
C7567	0	0	0	0	13	1	0	0	0	0	0	1	0	0	0	0	0	0	0	0	1	0	0	0	0	0	0	0	0	0	0	0	0	0	0	0	0	0	0	5	3	1	0	0	0	0	0	0	17	0	0	0	0	0	0	2	0	0	7	1	2	0	0	0	2	0	0	0	0	0	0	0	0	0	0	0	0	0
C7568	0	0	0	1	1	0	0	0	0	0	0	0	1	0	2	0	0	0	0	0	0	0	0	0	0	0	1	0	0	0	0	0	0	0	0	0	3	1	1	3	0	0	0	0	0	0	0	0	1	0	0	0	0	1	0	0	0	0	1	0	0	0	0	0	1	0	0	0	1	1	0	0	0	0	0	1	0	0
C7569	0	0	0	0	0	0	0	0	0	0	1	0	3	0	0	0	0	3	0	1	0	1	0	0	0	1	0	0	0	0	0	0	0	0	0	0	2	0	0	0	0	0	0	1	0	0	0	0	0	0	0	0	0	0	1	0	0	1	0	0	0	1	0	0	0	0	0	0	0	0	0	0	0	0	0	0	0	0
C7570	0	0	0	0	0	0	2	5	0	0	0	0	4	0	0	0	0	1	0	2	1	3	0	0	0	0	0	3	0	0	0	0	0	1	0	0	1	0	0	2	0	0	0	1	0	3	0	0	0	0	0	0	0	1	1	5	0	2	2	0	1	0	0	0	0	0	1	0	0	4	0	0	0	0	1	0	0	0
C7575	0	0	0	1	6	0	3	0	0	1	4	0	2	0	3	0	0	6	0	2	3	1	1	1	2	1	0	0	0	0	7	0	0	1	0	0	0	10	0	1	0	1	0	6	1	10	0	1	13	1	0	0	1	0	1	0	0	0	0	0	1	2	2	0	0	0	7	0	0	2	0	0	1	0	1	1	0	1
C7576	0	0	0	0	0	0	1	0	0	0	0	0	1	0	0	0	0	1	0	0	0	0	0	0	0	2	1	0	0	0	0	0	0	1	0	0	1	0	0	0	0	0	0	0	0	1	2	0	0	0	0	0	0	1	0	0	0	1	1	0	0	0	0	0	0	0	0	0	0	0	0	0	0	0	0	0	0	0
C7578	0	0	0	0	0	0	0	2	0	0	1	0	0	0	2	0	0	0	0	0	0	0	0	0	0	1	0	0	0	0	0	0	0	0	0	0	1	0	0	0	0	0	0	0	0	0	0	0	1	1	0	0	0	0	0	1	0	1	1	2	0	2	1	0	0	0	0	0	0	0	0	0	0	0	0	0	0	0
C7579	0	0	0	3	1	0	5	0	0	4	2	0	0	0	1	0	0	12	0	3	0	0	5	0	0	8	1	0	0	0	3	1	4	3	0	0	5	6	0	6	0	0	0	2	0	5	3	3	11	4	0	0	0	6	0	0	0	1	3	3	1	1	9	0	1	0	2	0	0	2	0	1	0	0	1	0	0	0
C7582	0	0	0	0	0	0	2	0	0	0	0	0	0	0	25	0	0	2	0	0	0	0	0	0	0	0	0	24	0	0	0	2	0	0	8	0	0	0	0	0	0	0	0	0	0	0	3	0	0	0	0	0	0	0	0	0	0	353	0	0	2	29	0	0	2	0	0	0	0	1	0	0	0	0	0	0	0	0
C7589	0	0	0	0	1	0	2	0	0	0	0	0	0	0	0	0	0	0	0	0	0	0	0	0	0	2	0	0	0	0	0	0	0	0	0	0	0	0	1	0	0	0	0	0	0	1	0	0	0	0	0	0	0	0	0	0	0	1	0	5	0	0	0	0	0	0	0	0	1	0	0	0	0	0	0	0	0	0
C7590	0	0	0	0	0	0	0	0	0	0	0	1	0	0	1	0	4	0	5	0	0	0	0	10	0	0	1	0	0	0	0	0	0	0	0	0	2	1	1	0	0	0	5	1	0	1	0	0	0	0	0	0	0	0	0	0	12	0	0	1	2	0	0	0	1	0	0	0	0	0	0	0	0	0	2	2	0	6
C7594	0	0	0	0	0	0	0	0	0	0	0	0	0	0	0	0	0	0	0	0	0	0	0	0	0	0	1	0	0	0	0	0	0	0	0	0	0	0	0	3	0	0	0	0	0	0	0	0	0	0	0	0	0	0	0	0	0	0	0	0	17	0	0	0	5	0	0	0	0	0	0	0	0	0	0	0	0	0
C7597	0	0	0	0	0	0	0	8	0	0	7	0	0	0	1	0	0	0	0	0	0	0	0	0	2	0	0	7	0	0	0	3	0	0	1	0	0	0	0	0	0	0	0	0	0	0	1	0	1	1	0	0	0	1	0	3	0	3	3	1	9	1	0	11	0	0	0	0	14	0	0	2	0	0	0	1	0	0
C7599	0	0	0	0	0	0	0	4	0	0	0	0	0	0	0	0	0	0	0	0	0	0	1	0	0	0	1	0	1	0	0	0	0	0	1	0	0	4	0	1	0	0	0	0	0	0	1	0	0	0	0	0	0	1	2	0	0	0	2	11	1	1	0	0	0	0	0	0	0	0	0	0	0	0	0	1	0	0
C7601	0	0	0	0	0	0	0	0	0	0	0	0	0	0	0	0	0	0	0	0	0	0	0	0	0	0	0	0	0	0	0	0	0	0	0	0	0	0	0	0	0	0	0	0	0	0	0	0	0	0	0	0	0	0	0	0	0	0	0	0	4	0	0	0	111	0	0	0	0	0	0	0	0	0	0	0	0	0
C7602	0	0	0	0	0	0	0	2	0	0	0	0	0	0	0	0	0	0	0	0	0	0	0	0	0	0	0	0	0	0	0	0	0	0	0	0	0	2	0	1	0	1	0	0	0	0	0	0	0	0	0	0	0	0	3	0	0	0	14	4	0	1	0	0	1	0	0	0	0	0	0	0	0	0	0	0	0	0
C7606	0	0	0	0	0	0	0	0	0	0	1	0	0	0	0	0	0	0	0	0	0	0	0	0	0	0	1	0	0	0	0	2	0	1	0	0	0	0	1	0	0	0	0	0	2	0	7	0	4	0	0	0	0	0	0	0	0	0	56	1	4	1	0	0	8	0	0	3	0	0	0	0	0	0	0	5	0	0
C7607	0	0	0	0	0	2	3	1	0	0	0	0	1	0	0	0	0	6	0	4	0	0	6	0	0	1	1	0	0	3	1	3	5	0	0	0	0	24	0	2	2	3	0	1	0	0	6	0	0	0	0	0	0	0	3	6	0	0	3	9	0	0	1	0	1	0	0	0	0	0	0	0	0	0	0	3	0	0
C7609	0	0	0	0	0	0	0	0	0	4	0	0	0	0	0	0	0	0	0	0	0	0	0	0	0	0	1	0	0	0	0	0	0	0	0	0	0	0	0	0	0	1	0	0	0	0	0	0	0	0	0	0	0	0	0	0	0	0	0	0	35	0	0	0	2	0	0	0	0	0	0	0	0	0	0	0	0	0
C7610	0	0	0	0	0	0	2	13	0	0	0	0	3	0	0	0	0	1	0	0	0	0	0	0	0	0	1	0	0	0	0	3	0	0	9	0	0	5	0	0	0	1	0	0	1	0	1	0	0	0	0	0	0	0	1	7	0	0	1	9	0	2	0	0	1	0	0	0	0	0	0	0	0	0	0	1	0	0
C7611	0	0	0	1	0	0	0	0	0	0	0	0	0	0	0	0	0	0	0	0	0	0	3	0	0	0	1	0	0	0	0	0	0	0	0	0	0	4	0	0	0	0	0	0	0	0	0	0	0	0	0	0	0	0	3	0	0	0	17	10	1	0	0	0	0	0	0	0	0	0	0	0	0	0	0	0	0	0
C7613	0	0	0	0	0	0	0	0	0	0	0	0	0	0	0	0	0	0	0	0	0	0	0	0	0	0	0	0	0	0	0	0	0	0	0	0	0	0	0	0	0	0	0	0	0	0	0	0	0	0	0	0	0	0	0	0	0	0	0	0	8	0	0	0	6	0	0	0	0	0	0	0	0	0	0	0	0	0
C7614	0	0	0	1	16	0	0	35	0	8	0	0	0	0	5	0	0	5	0	2	0	0	6	0	1	3	0	1	0	0	0	0	2	0	1	0	1	1	0	1	0	0	0	1	0	2	2	0	0	1	0	0	0	0	1	62	0	4	31	0	0	1	1	3	1	0	5	0	2	0	0	3	0	0	0	1	0	0
C7615	0	0	0	0	0	0	1	0	0	1	0	0	2	0	0	0	0	0	0	0	0	0	0	0	1	1	2	1	0	0	0	0	0	0	0	0	1	1	0	0	0	0	0	0	0	0	2	1	3	0	0	0	0	0	0	1	0	1	1	4	0	0	0	3	1	0	0	0	1	0	0	2	0	0	0	1	0	0
C7616	0	0	0	0	0	0	0	0	0	0	0	0	0	0	0	0	0	0	1	0	0	0	0	8	0	0	0	0	0	0	0	1	1	0	0	0	0	0	0	0	0	0	0	0	0	0	0	0	0	0	0	0	0	0	0	1	2	0	0	1	0	0	0	0	0	0	0	0	0	0	0	0	0	0	0	1	0	4
C7619	0	0	0	0	5	0	0	6	0	3	0	0	0	0	0	0	0	0	0	1	0	0	0	0	0	0	0	0	0	0	0	1	0	0	0	0	0	0	0	1	0	0	0	0	0	0	0	0	1	2	1	0	0	0	1	13	0	0	9	1	1	0	0	0	0	0	1	0	1	0	0	1	0	0	0	0	0	0
C7628	0	0	0	0	0	0	0	0	0	1	2	0	1	0	2	0	0	2	0	0	1	1	1	0	1	1	0	2	0	0	1	1	0	2	0	0	0	2	0	0	0	0	0	0	0	3	0	0	2	0	0	0	0	0	1	0	0	0	2	0	0	1	3	2	0	0	3	0	0	0	0	0	0	0	1	0	0	0
C7630	0	0	0	0	0	0	0	0	0	0	0	0	0	0	0	0	0	1	0	1	0	0	0	0	0	0	0	0	0	0	0	0	2	0	0	0	0	0	0	0	0	0	0	0	0	0	0	0	0	0	0	0	0	0	0	0	0	30	0	0	0	1	0	0	1	0	0	0	0	0	0	0	0	0	0	0	0	0
C7634	0	0	0	0	0	0	0	0	0	0	0	0	0	0	0	0	0	0	0	0	0	0	0	0	0	0	0	0	0	0	0	0	0	0	0	0	0	0	0	0	0	0	0	0	0	0	0	0	0	0	0	0	0	0	0	0	0	0	0	0	18	0	0	0	7	0	0	0	0	0	0	0	0	0	0	0	0	0
C7635	0	0	0	1	0	0	0	0	0	0	0	1	0	0	0	0	0	0	0	1	0	1	0	0	0	0	0	0	0	0	0	0	1	0	0	0	1	0	0	0	0	0	1	0	0	0	0	0	0	0	0	0	0	3	0	0	0	0	0	1	0	0	1	1	0	0	0	1	0	0	0	0	0	0	0	0	0	0
C7638	0	0	0	0	1	0	0	0	0	0	0	0	0	0	0	0	0	0	0	0	0	0	0	0	0	0	0	9	0	0	0	0	0	0	0	0	0	0	0	0	0	0	0	0	0	0	0	0	0	1	0	0	0	0	0	0	0	0	35	0	0	0	0	0	0	0	0	0	0	0	0	0	0	0	0	0	0	0
C7639	0	0	0	0	1	0	0	0	0	0	0	0	1	0	0	0	1	0	1	0	0	0	1	6	0	0	0	0	0	0	0	0	1	1	0	0	0	0	0	0	0	0	4	0	0	1	0	1	0	0	0	0	0	0	0	0	4	0	0	0	0	0	0	0	0	0	0	0	0	0	0	0	0	0	0	0	0	4
C7640	0	0	0	0	1	0	1	0	0	0	0	0	0	0	0	0	0	1	0	0	0	1	0	0	0	2	2	1	0	0	0	1	1	0	0	0	0	0	2	0	0	0	0	2	1	0	0	0	0	1	0	0	0	2	0	0	1	0	0	1	0	0	0	0	0	0	0	1	0	0	0	1	0	0	0	0	0	0
C7642	0	0	0	0	0	0	1	0	0	0	2	0	1	0	0	0	0	1	0	0	0	2	9	0	0	0	1	0	0	0	0	2	1	0	0	0	2	2	0	2	0	0	0	0	1	0	1	0	0	0	0	0	1	1	4	0	0	0	6	23	0	6	0	0	0	0	0	0	0	0	0	0	0	0	0	1	0	0
C7645	0	0	0	1	4	0	0	1	0	0	1	0	2	0	5	0	0	1	0	0	3	2	1	0	1	5	0	7	0	0	0	1	3	0	0	0	7	2	2	6	0	0	0	2	1	0	1	0	2	6	0	0	0	6	1	0	0	1	0	4	1	8	1	0	0	0	5	0	0	1	0	0	0	0	1	0	0	0
C7646	0	0	0	7	4	0	2	5	0	0	4	0	1	0	1	0	0	1	1	0	5	2	1	0	0	1	0	2	0	0	0	1	2	1	1	0	2	0	1	0	0	0	0	2	0	1	1	4	0	0	0	0	0	3	1	4	1	3	2	1	4	0	1	2	1	0	0	1	3	0	0	4	1	0	3	5	0	0
C7647	0	0	0	0	0	0	3	0	0	0	0	0	0	0	0	0	0	0	0	0	0	0	0	0	0	0	0	0	0	0	0	0	0	0	1	0	0	0	0	2	0	0	0	0	0	0	1	0	2	0	0	0	0	0	1	0	0	0	0	1	4	0	0	0	15	0	0	5	0	0	0	0	0	0	0	2	0	0
C7649	0	0	0	0	1	0	4	0	0	0	2	0	6	0	3	2	0	2	1	1	3	7	0	1	1	4	2	2	0	0	0	0	3	0	0	0	2	0	3	3	0	0	0	9	0	1	0	0	1	9	0	0	0	1	0	0	0	1	1	1	0	3	1	0	4	0	2	0	2	0	0	0	0	0	3	0	0	0
C7650	0	0	0	2	0	0	12	0	0	0	7	0	0	0	0	0	0	11	0	0	1	0	0	0	0	15	0	0	0	6	2	0	26	14	1	0	34	6	15	1	0	1	0	13	0	0	28	0	0	0	0	0	0	0	0	0	0	1	0	58	18	0	1	0	48	0	0	0	0	0	0	0	0	0	0	13	1	0
C7653	0	0	0	0	9	0	9	1	0	2	16	0	5	0	10	0	0	8	0	0	1	2	2	0	0	3	1	2	0	0	0	1	0	1	0	0	4	3	2	3	0	0	0	13	0	14	9	0	2	3	0	0	0	5	0	1	0	6	0	6	3	5	0	0	2	0	12	0	1	0	0	2	0	0	9	0	0	1
C7655	0	0	0	0	0	0	0	2	0	0	0	0	0	0	0	0	0	0	0	0	0	0	1	0	0	0	1	0	0	0	0	0	0	0	1	0	0	4	0	0	0	0	0	0	0	0	0	0	0	0	0	0	0	0	6	2	0	0	1	11	0	0	0	0	0	0	0	0	0	0	0	0	0	0	0	1	0	0
C7657	0	0	0	0	2	0	0	6	0	5	0	0	0	0	0	0	0	1	0	0	0	0	1	0	0	4	0	0	0	0	0	0	0	0	0	0	0	0	0	1	0	0	0	1	0	1	0	0	0	0	0	0	0	0	0	20	0	1	10	1	0	0	0	0	0	0	2	0	1	1	0	0	0	0	1	0	0	0
C7658	0	0	0	2	3	1	60	0	0	29	19	0	8	0	8	0	0	13	1	11	9	2	3	1	0	4	0	14	0	0	6	7	8	3	0	0	17	17	1	2	0	9	0	46	2	5	31	0	17	5	6	0	0	12	3	0	0	10	1	16	48	11	5	1	12	0	25	0	2	0	4	0	1	0	21	2	0	0
C7659	0	0	0	0	0	0	0	0	0	0	0	0	0	0	0	0	0	0	0	0	0	0	0	0	0	0	0	0	0	0	0	0	0	0	0	0	0	0	0	0	0	0	0	0	0	0	0	0	0	0	0	0	0	0	0	0	0	0	0	0	10	0	0	0	2	0	0	0	0	0	0	0	0	0	0	0	0	0
C7663	0	0	0	3	22	0	2	1	0	0	4	0	8	0	1	0	0	2	1	2	8	0	1	0	0	2	0	0	0	2	0	1	2	5	1	0	10	2	2	7	0	0	0	2	1	2	2	3	11	3	3	0	0	3	0	3	0	0	2	2	1	1	6	1	1	0	0	0	1	5	0	0	0	0	0	0	0	0
C7665	0	0	0	1	0	0	2	1	0	2	0	0	3	0	1	0	0	0	0	0	0	2	0	0	2	2	0	1	0	0	0	0	1	0	1	0	0	1	1	2	0	0	0	0	0	0	0	0	0	1	0	0	1	0	0	0	0	0	0	0	2	0	0	3	1	0	3	1	0	0	0	3	1	0	0	1	0	0
C7666	0	0	0	0	0	0	0	0	0	0	1	0	0	0	0	0	0	0	0	0	0	0	0	0	0	0	0	0	0	0	0	0	0	0	0	0	0	2	0	0	0	0	0	0	0	0	0	0	10	0	0	0	0	0	0	0	0	0	0	0	7	0	0	0	0	0	0	0	0	0	0	0	0	0	0	0	0	0
C7667	0	0	0	0	1	0	1	1	0	0	2	0	0	0	1	0	0	1	0	0	1	4	0	0	2	2	0	0	0	0	0	1	1	0	0	0	2	0	3	1	0	0	0	5	0	2	0	0	0	3	0	0	0	1	1	0	0	0	0	3	0	0	0	0	1	0	0	0	0	0	0	0	0	0	2	0	0	0
C7669	0	0	0	0	0	0	0	0	1	0	0	0	0	0	0	0	0	0	0	0	0	0	0	0	0	0	0	0	0	0	0	0	0	0	0	0	0	0	0	0	0	0	0	0	0	0	3	0	0	0	1	0	0	0	0	0	0	0	4	5	0	0	0	0	0	0	0	0	0	0	0	0	0	0	0	0	0	0
C7670	0	0	0	0	0	0	0	0	0	0	0	0	0	0	0	0	0	0	0	0	1	0	0	0	0	0	0	0	1	0	0	1	0	0	0	0	0	0	0	0	0	0	0	0	0	0	3	0	0	0	0	0	0	0	0	0	0	0	1	2	0	1	0	0	1	0	0	0	0	0	0	0	0	0	0	0	0	0
C7673	0	0	0	0	0	0	1	1	0	4	1	0	0	0	0	0	0	0	0	1	0	0	2	0	0	0	0	0	0	0	0	1	1	0	3	0	0	3	0	1	0	1	0	3	24	0	0	0	0	0	0	0	0	0	2	0	0	0	20	9	0	1	0	0	0	0	0	2	0	3	1	0	0	0	0	4	0	0
C7674	0	0	0	0	0	0	0	1	0	0	0	0	0	0	0	0	1	0	0	0	0	0	0	0	0	0	0	0	1	0	0	0	0	0	1	0	0	5	0	0	0	0	0	0	0	0	0	0	0	0	0	0	0	0	1	0	0	0	0	3	0	1	0	0	0	0	0	0	0	0	0	0	0	0	0	0	0	0
C7675	0	0	0	0	0	0	0	0	0	0	0	0	0	0	0	0	0	0	0	0	0	0	0	0	0	0	0	0	0	0	0	2	0	1	2	0	0	4	0	0	0	0	0	0	0	0	0	0	0	0	0	0	0	0	0	1	0	0	1	8	0	1	0	0	0	0	0	0	0	0	0	0	0	0	0	0	0	0
C7683	0	0	0	1	3	0	0	3	0	0	0	0	3	0	0	0	0	0	0	2	0	0	1	0	0	0	0	2	0	0	0	0	0	0	1	0	0	0	0	2	0	0	0	0	1	0	0	0	0	2	1	0	0	0	0	3	0	1	0	0	1	0	1	0	0	0	1	0	0	1	0	0	0	0	0	0	0	0
C7687	0	0	0	0	3	0	0	0	0	1	0	0	0	0	0	0	0	0	0	0	1	1	0	0	0	1	0	0	0	0	0	1	1	1	1	0	1	0	0	0	0	0	0	0	0	0	0	0	0	1	0	0	0	0	0	1	0	1	0	3	0	0	0	2	0	0	0	0	2	0	0	0	0	0	2	1	0	0
C7690	0	0	0	2	1	0	0	3	0	1	1	0	0	0	0	0	0	1	0	1	0	0	0	0	0	1	3	0	0	0	0	0	1	0	0	0	0	1	0	2	0	0	0	1	0	0	35	1	1	0	0	0	0	0	1	0	0	0	0	1	0	0	2	0	0	0	1	0	0	0	0	0	0	0	0	2	0	0
C7693	0	0	0	0	0	0	4	1	0	0	0	0	0	0	0	0	0	0	0	0	0	0	0	0	0	0	0	0	0	0	0	1	0	0	0	0	0	1	0	0	0	0	1	1	0	0	0	0	0	0	0	0	0	0	3	5	0	0	2	7	1	1	0	0	0	0	0	1	0	0	0	0	0	0	0	1	0	0
C7695	0	0	0	0	0	0	0	0	0	1	0	0	0	0	0	0	0	0	0	0	0	0	0	0	0	1	0	0	0	0	0	0	0	0	1	0	0	1	0	0	0	0	0	0	0	0	1	0	0	0	0	0	0	0	0	0	0	0	1	2	0	0	0	0	0	0	0	0	0	0	1	0	0	0	0	2	0	0
C7699	0	0	0	1	0	0	0	4	0	0	0	0	1	0	0	0	0	0	0	0	0	0	0	0	0	0	0	0	0	0	0	2	0	0	4	0	0	6	0	0	0	0	0	0	0	0	0	0	0	0	0	0	0	0	2	1	0	0	3	8	1	1	0	0	0	0	0	0	0	0	0	0	0	0	0	0	0	0
C7700	0	0	0	0	0	0	2	0	0	1	0	0	0	0	0	0	0	0	0	0	0	0	0	0	0	0	0	0	0	0	0	0	0	0	0	0	0	1	0	0	0	0	0	0	0	3	0	0	1	1	0	0	0	0	0	0	0	0	0	2	0	0	0	0	0	0	1	0	0	0	0	0	0	0	0	0	0	0
C7703	0	0	0	0	0	0	0	0	0	0	0	0	0	0	0	0	0	0	0	0	0	0	0	0	0	0	0	0	0	0	0	1	0	0	0	0	1	0	1	0	0	0	0	0	0	0	4	0	0	0	2	0	0	0	0	0	0	0	0	0	5	0	0	1	2	0	0	0	0	0	0	0	0	0	0	0	0	0
C7704	0	0	0	2	4	0	0	2	0	4	0	0	11	0	6	0	0	3	1	3	5	2	1	0	2	1	0	14	0	0	0	1	2	5	2	0	7	2	2	10	0	0	0	3	4	4	2	3	0	1	0	0	0	3	3	1	0	6	1	0	4	2	9	7	0	0	4	0	3	14	0	0	0	0	3	1	0	0
C7707	0	0	0	0	0	0	3	0	0	1	1	0	0	0	0	0	1	1	0	0	1	0	1	1	3	2	1	1	0	0	0	0	0	1	1	0	0	2	2	0	0	0	0	0	0	0	0	0	1	1	0	0	0	1	0	0	5	1	1	1	0	0	0	0	0	0	1	0	0	0	0	1	0	0	1	0	0	0
C7709	0	0	0	0	0	0	0	0	0	0	0	0	0	0	0	0	0	0	0	0	0	0	0	0	0	0	0	0	0	0	0	0	0	0	0	0	0	1	0	0	0	1	0	0	0	0	0	0	0	0	0	0	0	0	2	0	0	0	0	6	0	0	0	0	0	0	0	0	0	0	0	0	0	0	0	1	0	0
C7712	0	0	0	11	0	0	0	0	0	0	0	0	0	0	0	0	1	2	4	0	0	0	0	0	0	0	0	0	0	0	0	0	0	0	0	0	1	5	0	0	0	0	0	0	0	0	12	0	6	0	0	0	2	0	0	0	0	0	2	0	31	0	63	0	2	0	0	0	0	0	0	0	22	0	0	0	0	0
C7714	0	0	0	0	1	0	0	0	0	0	0	0	2	0	0	0	0	2	0	1	0	0	0	0	0	1	1	2	0	0	0	1	0	0	0	0	3	0	0	3	0	0	0	1	0	1	4	0	1	0	0	0	0	0	0	2	0	0	0	0	2	0	2	1	2	0	2	0	0	2	0	0	0	0	1	0	0	0
C7715	0	0	0	0	0	0	0	0	0	0	1	0	0	0	0	0	0	0	0	0	1	1	0	0	0	0	0	0	0	0	0	0	0	0	0	0	0	0	1	0	0	0	0	0	0	0	1	0	0	0	0	0	0	0	0	0	0	11	0	0	1	3	0	0	0	0	0	0	0	0	0	0	0	0	0	1	0	0
C7721	0	0	0	0	0	0	0	1	0	3	0	0	0	0	0	0	0	0	0	0	0	0	0	0	0	0	0	0	0	0	0	0	0	0	0	0	0	3	2	1	0	0	0	0	0	0	1	0	0	0	0	0	0	0	1	0	0	0	13	11	0	0	0	0	0	0	0	0	0	0	0	0	0	0	0	2	0	0
C7724	0	0	0	1	2	0	0	0	0	0	0	0	0	0	1	0	0	0	0	0	0	1	0	0	0	0	0	0	0	0	0	0	0	0	0	0	1	1	1	0	0	0	0	1	1	0	0	0	1	1	0	0	0	0	0	6	0	1	2	1	0	0	0	1	0	0	2	0	0	0	0	0	0	0	0	0	0	0
C7725	0	0	0	0	0	0	0	0	0	0	0	0	0	0	0	0	0	0	0	0	0	0	0	0	0	0	0	0	0	0	0	0	0	0	0	0	0	0	0	0	0	0	0	0	0	0	0	0	0	0	0	0	0	0	0	0	0	0	11	0	0	0	0	0	0	0	0	0	0	0	0	0	0	0	0	0	0	0
C7727	0	0	0	0	0	0	0	1	0	0	0	0	0	0	0	0	0	0	0	0	0	0	0	0	0	0	0	0	0	0	0	3	0	0	4	0	0	3	0	0	0	0	0	0	0	0	0	0	0	0	0	0	0	0	2	0	0	0	1	9	0	2	0	0	0	0	0	0	0	0	0	0	0	0	0	0	0	0
C7729	0	0	0	0	0	0	5	0	0	0	3	0	0	0	2	0	0	11	0	0	0	0	0	0	0	3	0	2	0	6	0	2	0	2	7	0	0	3	0	0	0	1	0	3	0	0	40	0	0	0	1	0	0	1	2	0	0	0	0	6	6	1	0	0	1	0	0	0	0	0	6	0	0	0	0	11	0	0
C7731	0	0	0	0	0	0	0	0	0	0	0	0	0	0	0	0	0	0	0	0	0	0	0	0	0	0	0	0	0	0	0	0	0	0	0	0	0	2	0	1	0	0	0	0	0	0	0	0	0	0	0	0	0	0	2	1	0	0	1	6	0	1	0	0	0	0	0	0	0	0	0	0	0	0	0	0	0	0
C7738	0	0	0	0	2	0	0	1	0	0	0	0	0	0	0	0	0	0	0	0	0	0	0	0	0	0	0	0	0	0	0	0	0	1	0	0	0	0	1	0	0	0	0	1	0	1	0	0	1	0	0	0	0	1	0	0	0	0	1	0	0	0	0	0	0	0	0	0	0	0	0	0	0	0	0	0	1	0
C7747	0	0	0	0	0	0	0	1	0	0	0	0	0	0	0	0	0	0	0	0	0	0	2	0	0	1	0	0	0	0	1	1	0	0	3	0	0	3	0	1	0	0	0	0	0	0	0	0	0	0	0	0	0	0	0	0	0	0	1	7	0	0	0	0	0	0	0	0	0	0	0	0	0	0	0	2	0	0
C7748	0	0	0	0	0	0	0	1	0	0	0	0	0	0	0	0	0	0	0	0	0	0	0	0	0	1	0	0	0	0	0	0	0	0	0	0	0	0	0	0	0	0	0	0	0	0	0	0	0	0	0	0	0	0	0	7	0	0	1	0	0	0	0	0	0	0	0	0	1	0	0	0	0	0	0	0	0	0
C7751	0	0	0	0	2	0	1	0	0	0	2	0	0	0	0	0	0	3	0	0	1	2	1	0	0	0	1	1	0	0	0	0	2	1	0	0	0	0	1	2	0	0	0	2	0	1	0	0	2	1	0	0	0	0	0	0	0	0	0	4	1	2	0	0	0	0	1	0	0	0	0	0	0	0	0	0	0	0
C7753	0	0	0	3	6	0	1	0	0	1	0	0	0	0	1	0	1	3	0	3	1	0	0	0	0	3	0	0	0	0	0	1	0	0	0	0	3	0	0	1	0	0	0	0	2	0	0	1	13	0	0	0	0	2	0	0	0	0	0	1	1	1	0	0	0	0	0	0	0	0	0	0	0	0	0	0	0	0
C7755	0	0	0	0	0	0	0	1	0	0	0	0	0	0	0	0	0	0	0	0	0	0	2	0	0	0	0	0	1	0	0	0	0	0	0	0	0	4	0	0	0	0	0	0	0	0	0	0	0	0	0	0	0	0	2	0	0	0	1	8	0	1	0	0	0	0	0	0	0	0	0	0	0	0	0	0	0	0
C7756	0	0	0	0	0	0	3	0	0	0	3	0	3	0	3	0	0	0	0	0	1	4	0	0	0	6	0	1	0	0	0	0	1	2	0	0	5	1	3	1	0	0	0	6	0	1	1	0	0	4	0	0	0	2	1	0	0	7	0	0	1	2	0	0	0	0	1	0	0	0	0	0	0	0	4	0	0	0
C7757	0	0	0	1	0	0	0	0	0	0	0	0	0	0	0	0	0	0	0	0	0	0	0	0	0	0	0	0	0	0	0	2	0	0	2	0	0	2	0	0	0	0	0	0	0	0	3	0	0	0	0	0	0	0	6	0	0	0	2	9	0	1	0	0	0	0	0	0	0	0	0	0	0	0	0	1	0	0
C7758	0	0	0	0	0	0	4	0	0	0	0	0	1	0	2	0	0	2	0	0	1	1	0	0	0	2	3	2	0	0	0	1	1	1	0	0	2	0	0	0	0	0	0	0	0	2	0	0	1	3	0	0	0	1	0	1	0	2	2	2	0	0	0	0	0	0	0	1	2	0	0	0	0	0	0	0	0	0
C7762	0	0	0	0	3	0	4	0	0	0	1	0	6	0	7	0	0	4	2	2	4	7	1	3	2	3	1	2	0	0	0	0	3	1	0	0	7	1	5	7	0	0	0	5	1	2	1	0	4	6	0	0	0	6	2	0	1	8	2	6	3	7	1	0	1	0	11	0	4	1	0	1	0	0	4	0	0	0
C7766	0	0	0	0	0	0	0	0	0	0	0	0	0	0	0	0	0	0	0	0	2	1	0	0	0	0	0	7	0	0	0	0	1	0	0	0	1	0	1	0	0	2	0	0	0	1	0	0	0	0	0	0	0	0	0	0	0	0	17	0	0	0	0	0	1	0	0	0	0	0	0	0	0	0	0	0	0	0
C7767	0	0	0	0	0	0	0	0	0	0	0	0	0	0	0	0	0	1	0	0	0	0	1	0	0	0	0	0	0	0	0	0	0	0	0	0	0	0	0	2	4	0	0	0	0	0	0	0	0	0	0	0	0	0	0	0	0	0	1	2	0	0	0	0	0	0	0	0	0	0	0	0	0	0	0	0	0	0
C7770	0	0	0	0	0	0	0	0	0	0	0	0	0	0	0	0	0	0	0	0	0	0	0	0	0	0	0	0	1	0	0	0	0	0	0	0	0	2	0	0	2	0	0	0	0	0	0	0	0	0	0	0	0	0	0	0	0	0	1	3	0	0	0	0	0	1	0	0	0	0	0	0	0	0	0	1	0	0
C7772	0	0	0	0	0	0	0	1	0	0	0	0	0	0	0	0	0	0	0	0	0	0	0	0	0	1	1	0	0	0	0	1	0	0	1	0	0	2	0	0	0	0	0	0	0	0	1	0	0	0	0	0	0	0	1	0	0	0	0	5	1	0	0	0	2	0	0	0	0	0	0	0	0	0	0	0	0	0
C7774	0	0	0	0	0	0	0	0	0	0	0	0	0	0	0	0	0	0	0	0	0	0	0	0	0	0	0	0	0	0	0	0	0	0	0	0	0	2	0	0	0	0	0	0	0	0	0	0	0	0	0	0	0	0	1	0	0	0	2	6	0	0	0	0	0	0	0	0	0	0	0	0	0	0	0	0	0	0
C7779	0	0	0	1	2	0	0	0	0	1	0	0	0	0	1	0	0	0	0	0	0	0	0	0	0	0	1	0	0	0	0	1	0	0	0	0	2	1	0	0	0	0	0	0	1	0	0	1	0	3	0	0	0	0	0	1	0	0	0	2	1	0	0	0	1	0	0	0	0	0	0	1	0	0	0	1	0	0
C7780	0	0	0	0	0	0	0	0	0	0	0	0	0	0	0	0	0	0	0	0	0	0	0	0	0	0	0	0	0	0	0	0	0	0	0	0	0	0	0	0	0	0	0	0	0	0	2	0	1	0	0	0	0	0	0	0	0	0	0	0	4	0	0	0	5	0	0	0	0	0	0	0	0	0	0	0	0	0
C7781	0	0	0	0	0	0	0	1	0	0	4	0	0	0	0	0	0	0	0	0	0	0	0	0	1	0	0	9	0	0	0	4	0	0	5	0	0	0	0	0	0	0	0	0	0	0	0	0	0	1	0	0	0	0	0	10	0	0	1	0	2	2	0	12	0	0	0	0	8	0	0	0	0	0	0	2	0	0
C7784	0	0	0	0	0	0	0	4	0	0	0	0	0	0	0	0	0	0	0	0	0	0	0	0	0	0	1	0	0	0	0	1	0	0	1	0	0	3	0	0	0	0	0	1	0	0	0	0	0	0	0	0	0	0	1	1	0	0	2	9	0	4	0	0	0	0	0	0	0	0	0	0	0	0	0	0	0	0
C7785	0	0	0	0	0	0	0	0	0	0	0	0	0	0	0	0	0	0	0	0	0	0	0	0	0	0	0	0	0	0	0	2	0	0	0	0	0	0	0	2	0	0	0	0	0	0	2	0	0	0	0	0	0	0	0	0	0	0	0	0	18	0	0	0	0	0	0	0	0	0	0	0	0	0	0	0	0	0
C7786	0	0	0	0	0	0	0	0	0	0	0	0	0	0	0	0	0	0	0	0	0	0	0	0	0	0	0	0	0	0	0	1	0	0	0	0	0	3	0	0	0	0	0	0	0	0	0	0	0	0	0	0	0	0	1	0	0	0	0	6	0	1	0	0	0	0	0	0	0	0	0	0	0	0	0	1	0	0
C7791	0	0	0	0	1	0	0	5	0	0	0	0	1	0	0	0	0	0	0	0	1	0	1	0	0	0	0	0	0	0	0	3	0	1	0	0	0	3	0	0	0	0	0	0	0	0	0	2	0	1	0	0	0	0	0	0	0	0	0	5	0	0	0	0	0	0	1	0	0	0	0	0	0	0	0	5	0	0
C7794	0	0	0	1	1	0	1	1	0	0	1	0	2	0	0	0	0	0	0	0	0	1	0	0	0	3	3	0	0	0	0	0	0	0	0	0	0	0	2	0	0	0	0	0	0	0	1	0	0	2	0	0	0	0	1	1	0	4	0	2	2	0	0	0	0	0	1	0	1	0	0	1	0	0	1	1	0	0
C7795	0	0	0	0	0	0	0	0	0	0	0	0	1	0	0	0	0	0	0	0	0	1	0	0	0	8	0	1	0	0	0	0	1	0	0	0	0	0	2	0	0	0	0	0	0	0	0	0	0	1	0	0	0	0	0	0	0	0	1	3	0	1	0	0	0	0	2	0	0	0	0	0	0	0	0	0	0	0
C7797	0	0	0	0	0	0	4	2	0	0	0	0	0	0	0	0	0	0	0	0	0	0	0	0	0	0	0	0	0	0	0	1	0	0	4	0	0	1	0	0	0	0	0	0	0	0	10	0	0	0	0	0	0	0	0	0	0	0	1	5	0	0	0	0	0	0	0	0	0	0	0	0	0	0	0	2	0	0
C7801	0	0	0	0	0	0	0	0	0	0	0	0	0	0	0	0	0	0	1	0	0	0	1	0	0	0	0	1	0	0	0	0	1	0	0	0	0	1	2	1	0	0	0	0	0	1	0	0	0	2	0	0	0	1	0	0	1	0	0	0	0	0	0	1	0	0	0	0	0	0	0	1	0	0	0	0	0	0
C7804	0	0	0	0	0	0	0	1	0	0	0	0	1	0	0	0	0	0	0	0	1	0	0	0	0	0	0	0	0	0	0	0	0	0	4	0	0	2	0	0	0	0	0	0	0	0	0	0	0	0	0	0	0	0	0	1	0	0	1	7	0	2	0	0	0	0	0	0	0	0	0	0	0	0	0	0	0	0
C7805	0	0	0	0	0	0	0	26	0	0	4	0	0	0	0	0	0	2	0	1	2	0	5	0	0	0	1	1	0	0	0	0	2	0	0	0	1	0	0	1	0	1	0	0	0	0	63	0	13	0	0	0	0	0	0	2	0	0	1	48	0	2	0	0	6	0	0	0	0	0	0	0	0	0	0	0	0	0
C7806	0	0	0	0	20	0	90	116	0	42	4	0	0	0	1	0	0	1	0	8	1	0	9	0	2	3	3	10	0	5	1	2	1	0	4	0	3	9	0	11	2	5	0	4	49	1	2	1	9	0	0	0	0	0	0	968	0	3	125	5	7	3	1	2	3	0	4	19	0	2	1	4	0	0	4	11	0	0
C7807	0	0	0	1	28	0	0	0	0	0	1	0	0	0	3	0	0	2	0	5	1	0	4	0	5	0	0	1	0	0	0	3	0	0	0	0	0	3	3	1	0	0	0	0	0	0	1	0	22	0	0	0	0	0	0	0	0	0	9	0	3	1	0	0	0	0	1	0	0	0	0	0	0	0	1	0	0	0
C7811	0	0	0	0	0	0	0	0	0	0	0	0	2	0	0	0	0	0	0	1	0	1	0	0	3	0	0	2	0	0	0	1	0	0	0	0	0	0	0	0	0	0	0	0	0	0	0	0	0	0	0	0	0	0	0	0	0	0	0	3	0	0	0	0	2	0	0	0	0	0	0	0	0	0	1	0	0	0
C7814	0	0	0	2	10	0	0	24	0	3	2	0	0	0	0	0	0	2	0	2	1	0	3	0	2	3	2	1	0	0	0	1	3	0	1	0	0	2	1	0	1	0	0	1	1	0	0	1	1	4	0	0	0	3	0	64	0	1	42	0	0	0	0	2	0	0	2	1	1	2	0	3	0	0	0	0	0	0
C7815	0	0	0	0	2	0	0	3	0	0	0	0	1	0	1	0	0	1	0	1	0	0	0	0	0	0	0	0	0	0	0	1	0	0	0	0	0	1	0	1	0	0	0	0	0	1	0	0	0	0	0	0	0	0	0	8	0	0	3	0	0	0	0	0	0	0	1	0	0	0	0	0	0	0	0	0	0	0
C7821	0	0	0	2	0	0	1	0	0	1	0	0	2	0	0	0	0	0	0	0	2	2	2	0	4	1	3	1	0	0	0	0	2	1	0	0	5	0	1	0	0	0	0	1	0	1	0	1	0	1	0	0	1	3	1	1	0	1	2	1	0	0	0	4	0	0	0	1	2	0	0	3	0	0	2	0	0	0
C7826	0	0	0	1	2	0	0	0	0	2	1	0	0	0	2	0	0	0	0	1	0	0	0	0	0	1	1	0	0	0	0	0	2	1	0	0	2	1	0	1	0	0	0	0	1	1	0	0	1	0	1	0	0	0	1	2	0	0	1	0	0	0	2	5	0	0	0	0	0	1	0	0	0	0	0	1	0	0
C7827	0	0	0	0	1	0	0	0	0	0	1	0	0	0	0	0	0	0	0	0	3	0	1	0	2	0	1	0	0	0	0	0	1	0	1	0	1	0	0	0	0	0	0	2	2	2	0	0	0	1	0	0	0	0	0	0	1	1	0	1	1	2	0	1	0	0	0	1	1	0	0	2	0	0	1	0	0	1
C7828	0	0	0	0	3	0	0	0	0	0	2	0	1	0	5	0	0	1	0	2	0	2	1	0	4	4	0	6	0	0	0	4	1	0	0	0	0	0	1	5	0	0	0	0	0	0	1	0	2	1	0	0	0	0	5	0	0	3	2	6	0	5	1	0	2	0	0	0	3	0	0	0	0	0	2	0	0	0
C7830	0	0	0	0	0	0	13	0	0	0	1	0	0	0	0	0	0	0	0	0	0	0	0	0	0	0	0	0	0	0	0	0	0	0	0	0	0	0	0	0	0	0	0	1	0	0	0	0	0	0	0	0	0	0	0	3	0	0	0	4	0	0	0	0	0	0	0	2	0	1	0	0	0	0	0	0	0	0
C7833	0	0	0	0	0	0	0	0	0	0	0	0	0	0	0	0	0	0	2	1	1	1	0	1	1	0	1	0	0	0	0	0	0	0	2	0	1	0	2	0	0	0	1	0	0	0	0	0	0	0	0	0	0	0	0	0	1	0	1	0	1	1	0	0	0	0	1	1	0	0	0	2	0	0	1	1	0	2
C7835	0	0	0	0	0	0	0	1	0	0	0	0	0	0	0	0	0	0	0	0	0	0	0	0	0	0	0	0	0	0	0	0	0	0	1	0	0	0	0	0	0	1	0	0	0	0	0	0	0	0	0	0	0	0	1	0	0	0	1	2	2	2	0	0	0	0	0	0	0	0	0	0	0	0	0	1	0	0
C7836	0	0	0	0	0	0	0	0	0	0	0	0	0	0	0	0	0	0	0	0	0	0	0	0	0	0	0	0	0	0	0	0	0	0	0	0	0	0	0	0	0	0	0	0	0	0	0	0	0	0	0	0	0	0	0	0	0	0	0	0	6	0	0	0	12	0	0	2	0	0	0	0	0	0	0	0	0	0
C7837	0	0	0	2	10	0	0	14	0	1	2	0	0	0	2	0	0	1	0	1	1	0	0	0	1	5	0	4	0	0	0	2	1	0	1	0	0	2	0	3	0	0	0	0	1	2	1	0	1	2	0	0	0	2	0	30	0	3	20	2	2	1	1	1	0	1	1	0	2	4	0	0	0	0	0	0	0	0
C7838	0	0	0	0	3	0	0	2	0	1	0	0	0	0	0	0	0	1	0	0	0	0	0	0	0	0	0	0	0	0	0	0	0	1	0	0	0	1	0	0	0	0	0	0	1	0	0	0	0	0	0	0	0	0	0	11	0	0	2	0	0	0	0	0	0	4	0	0	0	0	0	0	0	0	0	0	0	0
C7839	0	0	0	0	1	0	3	0	0	0	0	0	0	0	0	0	0	6	0	0	3	0	2	0	1	0	0	0	0	0	0	0	1	0	0	0	3	2	1	1	0	0	0	0	0	0	0	1	10	0	0	0	0	0	0	0	0	0	0	2	1	0	2	0	0	0	1	1	0	0	0	0	0	0	0	0	0	0
C7841	0	0	0	0	0	0	0	0	0	0	0	0	0	0	0	0	0	0	0	0	0	0	0	0	0	0	0	0	0	0	0	0	0	0	1	0	1	0	0	0	0	0	0	0	0	0	1	0	0	0	0	0	0	0	0	0	0	0	0	6	0	0	0	0	1	0	0	0	0	0	0	0	0	0	0	1	0	0
C7843	0	0	0	0	0	0	0	0	0	2	0	0	2	0	2	0	0	0	0	0	1	2	0	0	1	1	1	1	0	0	0	0	0	0	0	0	0	1	1	0	0	0	0	1	1	2	0	0	0	0	0	0	0	2	0	1	0	0	0	1	1	0	0	2	0	0	0	0	1	0	0	2	0	0	0	0	0	0
C7844	0	0	0	0	8	0	6	3	0	0	4	0	11	0	12	0	0	11	2	2	7	3	7	1	4	11	2	7	0	0	0	7	10	2	1	0	8	0	6	4	0	0	0	4	1	3	3	0	0	5	0	0	2	18	3	0	0	47	0	11	4	8	7	0	4	0	5	0	10	0	0	4	0	0	21	0	0	1
C7845	0	0	0	1	1	0	1	0	0	0	1	0	0	0	0	0	0	3	0	1	0	0	0	0	0	1	0	0	0	0	0	1	1	0	0	0	2	3	0	0	0	0	0	1	0	4	1	0	6	4	0	0	0	1	0	0	0	0	0	0	1	1	1	0	0	0	2	0	0	0	0	0	0	0	0	0	0	0
C7851	0	0	0	3	0	0	0	1	0	0	1	0	0	0	0	0	0	2	0	0	2	3	0	0	0	1	1	0	0	0	0	0	0	0	0	0	1	0	0	1	0	0	0	0	0	0	0	1	0	2	0	0	0	0	0	1	0	1	1	1	0	0	0	0	1	0	0	0	0	0	0	1	0	0	1	0	0	0
C7854	0	0	0	0	0	0	0	0	0	0	0	0	0	0	0	0	0	0	0	0	0	0	0	0	0	0	0	0	0	0	0	0	0	0	0	0	0	0	0	0	0	0	0	0	0	0	0	0	0	0	0	0	0	0	0	0	0	0	0	0	4	0	0	0	8	0	0	0	0	0	0	0	0	0	0	0	0	0
C7856	0	0	0	1	0	0	1	1	0	1	0	0	1	0	1	0	0	1	0	0	1	0	0	1	0	0	0	0	0	0	0	0	0	1	0	0	0	0	0	0	0	0	0	0	0	2	1	0	1	1	0	0	0	0	0	1	0	0	0	0	0	0	0	0	0	0	1	0	0	1	0	0	0	0	0	0	1	0
C7857	0	0	0	0	0	0	0	0	0	0	0	0	0	0	0	0	0	0	0	0	0	0	0	0	0	0	0	0	0	0	0	0	0	1	2	0	0	0	0	0	0	0	0	0	0	0	0	0	0	0	0	0	0	0	0	0	0	0	0	19	0	2	0	0	0	0	0	0	0	0	0	0	0	0	0	0	0	0
C7858	0	0	0	0	1	0	0	2	0	0	0	0	0	0	0	0	0	0	0	0	0	0	0	0	0	0	0	0	0	0	0	0	0	0	0	0	0	6	0	0	0	0	0	0	1	0	0	0	0	0	0	0	0	0	3	0	0	0	0	8	0	0	0	0	0	0	0	0	0	0	0	0	0	0	0	1	0	0
C7859	0	0	0	0	4	0	12	0	0	0	0	0	3	0	1	0	0	0	0	1	1	0	0	0	0	1	0	3	0	0	1	1	1	1	0	0	2	12	1	1	0	1	0	0	0	0	0	0	4	0	1	0	0	0	0	0	2	0	0	3	0	1	0	0	0	0	0	0	1	2	0	1	0	0	2	1	0	1
C7860	0	0	0	0	0	0	0	5	0	0	0	0	1	0	0	0	0	0	0	0	0	0	0	0	0	0	1	0	0	0	0	4	0	0	2	0	0	15	0	0	0	0	0	0	0	0	1	0	0	0	0	0	0	0	8	7	0	0	2	19	1	2	0	0	1	0	0	0	0	0	0	0	0	0	0	2	0	0
C7862	0	0	0	0	0	0	0	1	0	0	0	0	0	0	0	0	0	0	0	0	0	0	0	0	0	0	0	0	0	0	0	0	0	0	0	0	0	0	0	0	0	0	0	0	0	0	0	0	0	0	0	0	0	0	0	0	0	0	0	11	0	0	0	0	0	0	0	0	0	1	0	0	0	0	0	0	0	0
C7866	0	0	0	0	0	0	0	1	0	0	22	0	0	0	2	0	0	0	0	0	14	0	13	0	0	0	0	0	0	0	0	20	0	0	2	0	1	0	0	0	0	0	0	1	0	0	17	0	22	0	0	0	0	0	0	2	0	2	0	17	2	6	0	0	5	0	0	3	2	0	0	0	0	0	0	1	0	0
C7869	0	0	0	0	0	0	0	0	0	0	1	0	0	0	1	0	1	2	0	0	0	0	0	1	0	1	0	0	0	0	0	0	1	1	0	0	0	3	1	0	0	0	0	1	0	8	0	0	2	2	2	0	0	1	0	0	0	0	0	1	2	0	0	0	0	0	4	0	0	1	0	0	0	0	1	0	0	0
C7871	0	0	0	0	1	0	1	0	0	0	0	0	0	1	0	0	0	0	0	1	1	0	0	0	0	1	2	0	0	0	0	0	1	0	0	0	1	0	0	0	0	0	0	0	1	0	0	0	0	1	0	0	0	0	0	1	0	1	0	1	1	0	1	0	0	0	1	0	0	0	0	2	0	0	0	0	0	0
C7872	0	0	0	0	1	0	3	0	0	0	5	0	0	0	0	0	0	0	0	1	2	0	0	0	0	3	0	2	0	0	0	1	2	2	0	0	4	0	0	4	0	0	0	10	0	6	4	0	1	2	0	0	0	2	2	0	0	6	2	0	2	3	0	0	1	0	9	0	0	0	0	0	0	0	1	0	0	0
C7875	0	0	0	1	0	0	0	0	0	0	0	0	1	0	0	0	1	0	0	0	0	0	0	0	0	0	0	0	1	0	0	1	0	0	0	0	1	1	0	0	1	0	0	0	0	0	0	0	0	0	0	0	0	0	2	0	0	0	2	6	0	0	0	0	0	2	0	0	0	0	0	0	0	0	0	0	0	0
C7877	0	0	0	3	1	0	1	1	0	1	0	0	2	0	2	0	0	0	0	0	0	1	1	0	1	2	0	3	0	0	0	1	2	1	0	0	0	0	3	0	0	0	0	3	1	1	0	1	0	2	0	0	1	1	2	1	0	0	2	3	1	0	0	1	0	0	0	0	0	0	0	1	0	0	0	0	0	2
C7878	0	0	0	2	0	0	4	0	0	0	3	0	1	0	0	0	0	2	0	0	0	0	0	0	0	45	0	0	0	0	0	0	43	3	40	0	11	0	66	2	0	0	0	1	0	0	80	0	0	0	0	0	0	4	0	0	0	2	0	5	107	0	0	0	43	0	0	0	0	0	0	0	0	0	0	1	0	1
C7879	0	0	0	0	0	0	1	0	0	0	0	0	0	0	0	0	0	0	0	0	0	0	0	0	0	0	0	0	0	0	0	0	0	0	0	0	0	0	0	0	0	0	0	0	0	0	0	0	0	0	0	0	0	0	0	0	0	0	0	0	0	0	1014	0	0	0	0	0	0	0	0	0	0	0	0	0	0	0
C7882	0	0	0	0	0	0	0	0	0	0	0	0	0	0	0	0	1	0	5	0	0	0	0	6	0	0	0	0	0	0	0	0	0	0	0	0	0	0	0	0	0	0	2	0	0	0	0	0	0	0	0	0	0	0	0	0	9	0	0	0	0	0	0	0	0	0	0	0	0	0	0	0	0	0	0	0	0	3
C7883	0	0	0	0	0	0	0	6	0	0	0	0	1	0	0	0	0	0	0	1	0	0	2	0	0	1	0	0	0	0	0	0	0	0	7	0	0	7	0	0	0	0	0	0	1	0	1	0	1	0	0	0	0	0	7	0	0	0	8	29	1	1	0	0	0	0	0	0	0	0	0	0	0	0	0	0	0	0
C7893	0	0	0	0	60	0	2	46	0	3	13	0	14	0	28	0	0	27	0	0	25	2	11	0	1	1	0	0	0	0	0	41	5	62	0	0	5	55	9	22	0	0	0	6	1	1	2	16	0	35	0	0	0	39	0	3	0	1	3	136	2	2	0	2	2	0	15	3	48	0	0	3	0	0	5	41	0	0
C7897	0	0	0	1	0	0	1	1	0	0	0	0	2	0	0	0	0	0	0	0	0	0	0	0	0	0	0	2	0	0	0	0	0	0	1	0	1	0	0	1	0	0	0	0	2	0	3	0	0	0	0	0	0	0	1	2	0	1	34	1	1	1	0	0	6	0	0	0	0	1	0	0	0	0	0	1	0	0
C7903	0	0	8	0	0	0	0	0	0	0	0	0	0	0	0	0	0	17	0	0	0	0	0	0	0	0	0	0	0	0	0	0	0	0	0	0	0	0	0	1	0	0	0	0	0	0	2	0	1	0	0	2	0	0	0	0	0	0	0	1	109	0	0	0	3	0	0	0	0	0	0	1	0	0	0	0	0	0
C7905	0	0	0	28	0	0	1	0	0	0	14	0	4	2	11	0	0	12	1	16	7	9	17	0	160	11	19	38	0	0	0	18	7	0	11	0	7	9	21	32	0	0	0	1	7	7	0	38	34	0	0	0	4	2	10	3	0	23	9	12	4	14	2	1	29	0	3	0	55	0	0	27	0	0	23	17	0	24
C7906	0	0	0	0	3	0	3	1	0	0	1	0	4	0	1	0	0	1	0	0	2	7	0	0	0	5	2	0	0	0	0	2	1	0	0	0	4	0	3	0	0	0	0	7	0	2	1	1	0	3	0	0	0	2	1	0	0	6	2	1	0	1	0	0	1	0	2	0	3	0	0	0	0	0	3	0	0	0
C7907	0	0	0	2	0	0	0	15	0	0	0	0	2	0	1	0	0	2	0	0	0	0	11	0	1	2	0	0	0	0	0	5	0	0	14	0	0	1	0	0	0	0	0	0	0	0	1	1	0	0	0	0	0	1	1	3	0	0	10	17	1	11	1	0	0	1	0	0	0	0	0	0	0	0	0	2	0	0
C7911	0	0	0	1	0	0	0	1	0	0	0	0	2	0	0	0	0	1	0	0	3	0	0	0	1	0	0	0	0	0	0	0	1	0	0	0	0	1	0	0	0	0	0	0	0	0	0	0	0	1	0	0	0	0	0	0	0	0	0	0	1	0	1	0	0	0	0	0	1	0	0	2	0	0	0	0	0	0
C7918	0	0	0	0	0	0	0	0	1	0	1	0	0	0	0	0	0	0	0	0	0	0	0	0	0	0	0	0	0	0	0	0	0	0	0	0	0	1	0	3	0	0	0	0	0	0	2	0	9	0	0	0	0	0	0	2	0	0	1	5	3	0	0	0	0	0	0	0	0	0	0	0	0	0	1	0	0	0
C7919	0	0	0	0	0	0	0	0	0	0	0	0	0	0	0	0	0	0	0	0	0	0	0	0	0	0	0	0	0	0	0	1	0	0	0	0	0	0	0	0	0	0	0	0	0	0	0	0	0	0	0	0	0	1	0	0	0	0	0	45	0	0	0	0	0	0	0	0	0	0	0	0	0	0	0	0	0	0
C7921	0	0	0	0	0	0	0	0	0	2	0	0	0	0	0	0	0	0	0	0	0	0	0	0	0	3	1	1	0	0	0	1	0	0	0	0	2	0	0	6	0	0	0	0	0	0	0	1	3	0	1	0	0	0	0	1	0	0	2	0	20	0	0	2	3	0	0	0	0	0	0	0	0	0	0	2	0	0
C7923	0	0	0	0	0	0	1	21	0	0	0	0	0	0	1	0	0	2	0	0	1	0	1	0	0	0	0	0	0	0	0	4	0	0	1	0	0	5	0	0	0	0	0	6	0	0	4	0	0	0	0	0	0	0	0	24	0	0	7	1	1	13	0	0	0	0	0	0	0	0	0	0	1	0	0	0	0	0
C7924	0	0	0	0	8	0	0	0	0	0	3	0	3	0	3	0	0	0	0	0	2	1	0	0	0	2	0	3	0	0	0	0	0	1	0	0	8	0	4	0	0	0	0	1	0	1	2	1	1	0	0	0	0	1	0	0	0	10	0	0	3	2	1	0	7	0	2	0	0	0	0	0	0	0	0	2	2	0
C7927	0	0	0	2	5	0	0	10	0	6	0	0	0	0	0	0	0	2	0	2	0	0	0	0	1	3	0	1	0	0	0	1	0	0	0	0	0	0	2	0	0	0	0	0	0	0	1	0	0	1	0	0	1	0	0	31	0	0	10	0	0	0	1	2	0	0	3	1	2	0	0	5	0	0	0	0	0	0
C7932	0	0	0	6	2	0	1	0	0	8	3	0	0	0	0	0	0	0	0	0	7	0	1	0	0	0	7	2	0	0	0	0	12	1	0	0	0	3	1	8	0	0	0	0	0	0	2	0	40	0	0	0	0	0	0	0	0	0	0	1	84	0	0	0	4	0	0	0	1	0	0	0	0	0	1	0	0	1
C7933	0	0	0	0	2	0	4	0	0	1	3	0	5	0	0	0	0	4	0	0	2	2	1	0	1	1	0	1	0	0	0	1	1	0	3	0	2	0	1	0	0	0	0	2	2	0	2	0	0	1	0	1	0	1	1	1	0	0	2	2	2	0	0	3	0	0	1	1	3	0	0	4	0	0	0	2	0	0
C7934	0	0	1	10	1	0	12	0	0	0	8	0	0	3	5	0	1	23	2	1	1	7	0	0	1	6	0	0	0	10	0	12	11	25	78	0	19	4	3	0	0	3	0	27	0	0	2	0	0	0	0	0	3	4	0	0	0	10	0	445	24	13	0	0	37	1	4	0	1	0	0	0	0	0	9	75	0	0
C7936	0	0	0	2	0	0	0	0	0	3	4	0	0	0	0	0	0	1	0	1	0	0	0	0	0	0	1	0	0	0	0	1	0	0	6	0	0	2	0	0	0	1	0	0	0	0	0	0	0	0	0	0	0	0	3	4	0	0	52	5	0	0	0	0	1	0	0	0	0	0	0	0	0	0	0	8	0	0
C7938	0	0	0	0	2	0	0	2	0	1	0	0	0	0	0	0	0	1	0	0	0	0	1	0	0	2	0	1	0	0	0	0	1	0	0	0	0	0	0	0	0	0	0	0	0	0	1	0	0	0	0	0	0	0	0	9	0	0	7	0	0	0	0	0	0	0	0	0	1	0	0	0	0	0	0	0	0	0
C7939	0	0	0	1	0	0	1	0	0	0	0	0	0	0	0	0	0	1	0	0	0	0	0	0	1	0	0	0	0	0	0	0	0	0	0	0	0	1	0	0	0	0	0	1	0	0	19	0	0	0	0	0	0	1	0	1	0	17	0	1	0	5	0	0	1	0	0	0	0	0	0	0	0	0	0	0	0	0
C7946	0	0	8	0	0	0	0	0	0	0	0	0	0	0	0	0	0	0	0	0	0	0	0	0	0	0	0	0	0	0	0	0	0	0	0	0	0	0	0	0	0	0	0	0	0	0	0	0	0	0	0	0	0	0	0	0	0	0	0	0	15	0	0	0	0	0	0	0	0	0	0	0	0	0	0	0	0	0
C7947	0	0	0	0	2	0	1	1	0	0	1	0	2	0	1	0	0	4	0	0	1	5	1	0	0	2	0	3	0	0	0	0	2	2	0	0	2	0	7	1	0	0	0	1	0	0	0	0	0	2	0	0	0	0	1	0	0	3	0	0	0	1	0	0	2	0	0	0	3	0	0	0	0	0	4	0	0	0
C7952	0	0	0	1	1	0	1	0	0	0	0	0	0	0	0	0	0	1	0	0	0	0	0	0	1	0	0	1	0	0	0	0	0	0	0	0	0	1	1	0	0	0	0	0	0	0	0	0	0	0	0	0	0	1	0	0	0	1	1	0	0	1	0	0	0	0	0	1	0	0	0	0	0	0	1	0	0	0
C7954	0	0	0	0	0	0	1	0	0	0	0	0	0	0	0	0	0	1	0	1	0	3	0	0	0	0	0	0	0	2	0	0	1	0	0	0	2	0	0	0	0	0	0	0	0	0	3	0	0	0	0	0	1	0	0	0	0	0	0	5	5	2	0	0	19	0	0	0	0	0	0	0	0	0	0	0	0	0
C7956	0	0	0	0	8	0	0	12	0	2	0	0	1	0	0	0	0	0	0	0	0	0	0	0	0	1	0	1	0	0	0	0	0	0	0	0	0	1	0	1	0	0	0	0	0	0	0	0	0	0	0	0	0	1	0	27	0	0	17	1	0	0	0	0	0	0	0	0	0	1	0	1	0	0	0	0	0	0
C7958	0	0	0	0	0	0	0	0	0	0	0	0	0	0	0	0	0	0	0	0	0	0	0	0	0	0	0	0	0	0	0	0	0	0	0	0	0	0	0	0	0	0	0	0	0	0	0	0	0	0	0	0	0	0	0	0	0	0	0	0	7	0	0	0	52	0	0	0	6	0	0	0	0	0	2	0	0	2
C7963	0	0	0	5	0	0	2	3	0	1	0	0	1	0	3	0	2	0	1	1	2	6	2	0	1	2	1	3	0	0	0	1	1	1	2	0	3	2	1	3	0	0	1	1	2	2	1	1	0	2	0	0	0	0	3	0	2	0	1	2	1	1	1	4	0	0	2	1	0	0	0	2	0	0	2	0	0	0
C7966	0	0	0	0	0	0	0	0	0	8	0	0	0	0	0	0	0	0	0	0	0	0	0	0	0	0	0	0	0	0	0	0	0	0	0	0	0	0	0	0	0	3	0	0	0	0	0	0	0	0	0	0	0	0	0	0	0	0	0	0	4	0	0	0	506	0	0	0	0	0	1	0	0	0	16	0	0	0
C7967	0	0	0	0	0	0	0	0	0	1	0	0	0	0	0	0	0	0	0	0	0	0	0	0	0	0	0	0	0	0	0	0	0	0	0	0	0	0	0	0	0	0	0	0	0	0	0	0	0	0	0	0	0	0	0	0	0	0	0	0	0	2	2	2	1	0	0	0	1	3	0	0	0	0	0	0	0	0
C7968	0	0	0	0	1	0	0	0	0	0	0	0	0	0	0	0	0	1	0	2	0	0	1	0	0	0	0	0	0	0	0	0	0	0	0	0	0	0	0	0	0	0	0	0	1	0	0	0	3	1	0	0	0	0	0	0	0	0	0	1	0	2	0	0	0	0	0	0	0	1	0	0	0	0	0	0	0	0
C7972	5	0	0	1	3	0	1	0	0	0	1	0	2	0	1	0	0	0	1	1	0	1	2	1	4	3	6	1	0	0	0	0	7	1	0	0	0	0	0	2	0	0	0	1	0	4	0	1	6	1	0	0	0	0	0	1	1	1	4	2	1	8	1	3	1	0	1	15	0	0	0	0	0	0	1	4	0	1
C7973	0	0	0	0	1	0	0	0	0	0	0	0	1	0	0	0	0	0	0	0	0	0	0	2	0	1	0	1	0	0	0	0	0	0	0	0	0	0	0	0	0	0	0	0	2	0	0	0	0	0	0	0	0	0	0	0	8	0	0	0	1	0	0	0	0	0	0	0	0	0	0	0	0	0	0	0	0	2
C7978	0	0	0	0	0	0	0	2	0	0	0	0	0	0	0	0	0	0	0	0	0	0	1	0	0	0	1	0	1	1	0	0	0	0	2	0	0	8	0	0	1	0	0	0	0	0	0	0	0	0	0	0	0	0	0	1	0	0	1	12	0	0	0	0	0	0	0	0	0	0	0	0	0	0	0	1	0	0
C7986	0	0	0	0	0	0	0	1	0	0	0	0	0	0	0	0	0	0	0	0	1	0	0	0	1	0	0	1	0	0	0	1	1	0	0	0	0	1	0	0	1	0	0	0	0	0	0	0	0	0	0	0	0	0	0	7	0	2	2	0	0	0	0	0	0	4	0	0	0	0	0	0	0	0	2	1	0	0
C7988	0	0	0	0	2	0	0	1	0	0	0	0	2	0	1	0	0	0	0	0	1	1	0	0	0	2	0	1	0	0	0	0	0	1	0	0	0	0	1	1	0	0	0	4	0	1	1	0	0	1	0	0	0	3	0	0	0	4	0	0	1	2	2	2	3	0	2	0	0	1	0	0	0	0	0	0	0	0
C7989	0	0	0	0	2	0	4	1	0	0	0	0	4	0	3	0	0	3	0	0	6	8	2	2	1	7	2	0	0	0	0	1	6	5	0	0	9	0	4	1	0	0	3	3	0	1	1	0	0	3	0	0	1	2	2	0	0	8	2	4	0	2	1	0	0	1	0	0	3	0	0	0	0	0	5	0	0	0
C7990	0	0	0	0	0	0	0	0	0	0	0	0	0	0	0	0	0	0	0	0	1	0	0	0	0	1	0	9	0	0	0	0	0	1	0	0	1	0	0	0	0	0	0	0	0	0	0	0	0	0	0	0	0	0	0	0	0	0	30	0	0	0	0	0	0	0	0	0	0	0	0	0	0	0	0	0	0	0
C7992	0	0	0	0	0	0	1	9	0	1	1	0	5	0	0	0	0	0	0	1	0	0	2	0	0	0	1	0	0	0	0	12	0	0	13	0	0	24	0	0	0	0	0	3	1	0	3	0	0	0	0	0	0	0	10	7	0	0	5	43	1	15	0	0	2	0	0	0	0	0	0	0	0	0	0	6	0	0
C8001	0	0	0	0	0	0	0	0	0	0	0	0	3	0	2	0	0	0	0	0	0	0	0	0	0	0	0	5	0	0	0	0	0	0	0	0	1	0	1	0	0	0	0	0	0	0	1	2	0	0	0	0	0	30	0	0	0	176	0	0	0	5	0	0	0	0	3	0	0	2	0	0	0	0	0	2	0	0
C8002	0	0	0	0	0	0	0	0	0	0	0	2	0	0	0	0	1	0	1	0	0	0	0	3	0	0	0	0	0	0	0	0	0	0	0	0	0	1	0	0	0	0	2	0	0	0	0	0	0	0	0	0	0	0	0	0	6	0	0	0	0	0	0	0	1	0	0	0	0	0	0	0	0	0	0	1	0	2
C8003	0	0	0	6	31	0	14	3	0	7	5	0	3	0	8	0	0	25	1	8	4	2	1	0	22	1	1	3	0	0	0	11	5	2	2	0	5	8	0	0	0	0	0	4	1	6	3	9	9	1	1	0	1	12	3	6	1	8	9	14	8	5	1	3	1	0	8	0	5	0	0	4	0	0	2	24	0	0
C8004	0	0	0	0	0	0	1	0	0	0	0	0	1	0	0	0	0	1	0	0	0	1	0	0	0	0	0	0	0	0	0	0	3	0	0	0	0	0	0	0	0	0	0	2	0	0	0	0	0	1	0	0	0	0	1	0	0	1	1	1	1	0	0	0	0	0	0	0	0	0	0	0	0	0	2	0	0	0
C8005	0	0	0	1	0	0	0	0	0	0	0	0	0	0	0	0	0	0	0	0	0	0	0	2	0	0	0	0	0	0	0	0	0	0	0	0	0	0	0	0	0	0	0	0	0	0	0	0	2	0	0	0	0	0	0	0	0	0	1	1	3	0	0	0	1	0	0	0	0	0	0	0	0	0	3	0	0	0
C8006	0	0	0	0	0	0	0	0	0	0	0	0	0	0	0	0	0	0	0	0	0	0	0	0	0	0	0	0	0	0	0	0	0	0	0	0	0	0	0	0	0	0	0	0	0	0	0	0	0	0	0	0	0	0	0	0	0	0	0	0	2	0	0	0	242	0	0	0	0	0	0	0	0	0	0	0	0	0
C8008	0	0	0	0	0	0	0	0	0	0	1	0	0	0	0	0	0	0	0	0	0	0	0	0	0	0	1	0	0	0	0	0	0	0	0	0	0	0	0	0	0	0	0	0	0	0	6	0	0	0	0	0	0	0	0	0	0	0	1	0	6	0	0	0	0	0	0	0	0	0	0	0	0	0	0	0	0	0
C8010	0	0	0	0	0	0	0	0	0	1	1	0	0	0	0	0	0	1	0	0	0	1	0	0	0	0	0	1	0	0	0	0	0	0	0	0	1	0	0	0	0	0	0	2	0	0	0	0	0	0	0	0	0	0	0	0	0	1	0	1	1	0	2	0	0	0	1	0	0	0	0	0	0	0	1	0	0	0
C8014	0	0	0	0	0	0	0	3	0	0	0	0	0	0	0	0	0	0	0	0	0	0	0	0	0	0	0	0	1	0	0	1	0	0	1	0	0	3	0	0	0	1	0	0	0	0	0	0	0	0	0	0	0	0	1	1	0	0	4	2	0	0	0	0	0	0	0	0	0	0	0	0	0	0	0	1	0	0
C8016	0	0	0	0	0	0	2	0	0	1	1	0	1	0	0	0	0	0	1	0	0	0	0	0	0	1	0	2	0	0	0	1	0	0	0	0	1	1	1	0	0	0	0	0	0	1	0	0	0	1	0	0	0	2	0	0	0	0	0	0	1	0	2	1	0	0	2	0	0	1	0	2	0	0	3	0	0	0
C8017	0	1	1	36	52	0	90	9	0	22	27	3	3	1	48	0	0	87	1	40	63	3	27	0	46	13	27	7	0	0	0	16	31	20	6	0	28	36	8	15	0	0	0	27	34	28	4	8	92	14	0	1	3	48	7	0	1	31	19	48	29	7	14	7	6	1	33	11	8	1	0	25	0	0	42	21	0	4
C8023	0	0	0	4	2	0	2	3	0	0	4	1	4	0	5	0	0	4	0	4	4	6	1	1	0	2	2	2	0	0	0	5	5	3	1	0	9	1	6	1	0	0	0	5	4	3	2	2	2	1	0	0	0	2	5	1	1	5	5	3	7	1	1	4	1	0	1	2	3	0	0	4	1	0	4	5	0	1
C8027	0	0	0	0	0	1	3	0	0	0	1	0	0	0	0	0	0	2	0	0	0	0	1	0	0	4	1	0	0	6	2	0	2	0	0	0	0	0	0	1	7	4	0	2	0	0	3	0	4	0	0	0	0	0	0	0	0	3	0	5	0	0	4	0	0	0	0	1	0	0	0	0	0	2	1	0	0	0
C8029	0	0	0	0	0	0	0	9	0	2	0	0	2	0	0	0	0	1	0	0	0	0	5	0	0	0	7	0	0	0	0	6	0	0	10	0	2	15	0	0	0	1	0	2	1	0	5	0	0	0	0	0	0	0	4	4	0	0	206	10	0	8	0	0	0	0	0	0	0	0	0	0	0	0	0	3	0	0
C8034	0	0	0	1	0	0	0	0	0	1	0	0	0	0	1	0	0	1	0	0	1	0	0	1	0	1	0	0	0	0	0	1	1	1	1	0	0	0	1	0	0	0	0	0	0	0	0	0	1	1	0	0	0	0	0	0	0	1	0	0	2	0	0	0	0	0	0	0	0	0	0	2	0	0	0	0	0	0
C8043	0	0	0	0	0	0	1	1	0	0	1	0	3	0	0	0	0	1	0	0	0	1	0	0	0	0	0	1	0	0	0	0	0	1	0	0	0	1	1	0	0	0	0	0	0	0	0	0	1	0	0	0	0	0	0	0	0	0	0	0	3	0	1	0	0	0	0	0	1	0	0	1	0	0	0	2	0	0
C8047	0	0	0	0	0	0	0	0	0	0	0	0	0	0	0	0	0	0	0	0	0	0	2	0	0	0	0	0	0	0	0	2	0	0	1	0	0	0	0	0	0	0	0	0	0	0	0	0	0	0	0	0	0	0	0	1	0	0	0	3	0	1	1	0	0	0	0	0	0	0	0	0	0	0	0	0	0	0
C8052	0	0	0	0	0	0	0	0	0	0	0	0	0	0	0	0	0	0	0	0	0	0	0	0	0	0	0	0	0	0	0	0	0	0	0	0	0	2	0	0	0	0	0	0	0	0	0	0	0	0	0	0	0	0	3	0	0	0	0	6	0	1	0	0	0	0	0	0	0	0	0	0	0	0	0	0	0	0
C8053	0	0	0	0	0	0	0	0	0	0	0	0	0	0	0	0	0	0	0	0	1	0	2	0	0	0	0	0	0	0	0	4	0	0	1	0	0	2	0	6	0	0	0	0	3	0	15	0	3	0	0	0	0	0	0	0	0	0	1	1	120	0	0	0	54	0	0	8	0	0	0	0	0	0	0	1	0	0
C8054	0	0	0	0	13	0	9	8	0	0	11	0	5	0	4	1	0	13	0	1	6	3	3	0	7	7	2	3	0	0	1	6	5	5	0	0	6	4	9	3	0	0	0	17	0	12	3	0	6	4	0	0	1	8	1	1	0	9	8	6	2	4	3	0	1	0	6	0	1	0	0	1	0	0	4	0	0	0
C8055	0	0	0	0	0	0	0	0	0	0	0	0	0	0	0	0	0	0	0	0	0	1	0	0	0	1	0	0	0	0	0	1	0	0	0	0	0	0	0	0	0	0	0	0	0	0	0	0	0	1	0	1	0	0	0	1	0	0	0	1	1	3	0	2	0	0	0	0	0	0	0	0	0	0	0	0	0	0
C8056	0	0	0	0	0	0	0	0	0	0	0	0	0	0	0	0	0	0	0	0	0	0	0	0	0	0	0	0	0	0	0	0	0	0	1	0	0	4	0	0	0	0	0	0	0	0	0	0	0	0	0	0	0	0	0	0	0	0	0	11	0	0	0	0	0	0	0	0	0	0	0	0	0	0	0	0	0	0
C8057	0	0	0	0	0	0	0	0	0	0	0	0	1	0	0	0	0	0	0	0	0	0	0	0	0	0	0	0	0	0	0	0	0	0	0	0	0	4	0	0	0	0	0	0	0	0	0	0	0	0	0	0	0	0	2	0	0	0	0	8	0	0	0	0	0	0	0	0	0	0	0	0	0	0	0	0	0	0
C8058	0	0	0	0	2	0	1	0	0	0	0	0	1	0	2	0	0	0	0	0	1	1	1	0	1	0	0	0	0	0	0	0	0	0	0	0	0	0	0	0	0	0	0	1	2	0	0	0	1	0	0	0	0	1	1	0	0	0	0	0	1	0	1	0	1	0	0	1	0	0	0	0	0	0	2	0	0	0
C8061	0	0	0	0	0	0	0	3	0	0	2	0	0	0	0	0	0	0	0	0	0	0	1	0	1	1	0	0	0	0	0	3	0	0	1	0	2	2	0	0	0	0	0	0	0	0	5	0	0	0	0	0	0	0	0	3	0	1	0	14	0	6	0	0	7	0	0	0	1	1	0	0	0	0	0	1	0	0
C8068	0	0	0	0	0	0	1	0	0	0	1	0	0	0	0	0	0	0	0	0	1	1	0	0	0	0	0	1	0	0	0	1	3	0	0	0	5	0	0	1	0	0	0	1	0	0	0	0	0	0	0	0	0	0	0	0	0	0	1	0	0	0	0	0	0	0	1	0	0	2	0	0	0	0	0	1	0	0
C8070	0	0	0	0	0	0	0	2	0	0	1	0	0	0	0	0	0	0	0	1	0	0	0	0	0	0	0	0	0	0	1	0	0	0	1	0	0	1	0	5	2	0	0	0	0	0	0	0	0	0	0	0	0	0	0	15	0	0	2	3	0	3	1	0	0	0	0	0	0	0	0	0	0	0	0	1	0	0
C8073	0	0	0	0	0	0	1	0	0	0	1	0	2	0	0	0	1	0	0	0	0	0	0	0	0	0	0	2	0	0	0	1	0	0	0	0	1	0	4	0	0	0	0	1	0	0	1	0	0	0	0	0	0	0	0	0	0	0	0	2	0	0	0	0	1	0	0	0	0	0	0	1	0	0	0	0	0	0
C8075	0	0	0	1	4	0	1	1	0	0	1	0	5	0	5	0	0	0	0	2	5	2	1	0	3	0	0	11	0	0	1	5	2	1	0	0	15	6	3	14	0	0	0	4	1	8	3	4	20	0	0	0	0	2	3	0	0	7	0	1	7	3	5	4	0	0	5	0	4	11	0	0	0	0	4	3	0	0
C8077	0	0	0	0	0	0	0	1	0	0	0	0	0	0	0	0	0	0	0	0	0	0	0	0	0	0	0	0	0	0	0	0	0	0	0	0	2	2	1	0	0	0	0	1	0	0	0	0	1	2	0	0	0	0	0	3	0	0	1	0	1	0	0	0	0	0	2	0	0	0	0	1	0	0	0	0	0	0
C8078	0	0	0	0	1	0	0	0	0	0	0	0	0	0	0	0	0	0	0	0	0	0	0	0	0	1	0	0	0	0	0	0	0	0	0	0	0	0	1	0	0	0	0	1	0	0	0	0	0	1	0	0	0	3	0	0	0	1	0	0	0	1	1	0	0	0	0	0	0	0	0	0	0	0	0	0	0	0
C8087	0	0	0	0	0	0	1	1	0	0	3	0	2	0	1	0	0	0	0	0	0	0	1	0	0	0	0	0	1	0	0	3	0	0	1	0	0	7	0	0	0	0	0	0	0	0	1	0	0	0	0	0	0	1	0	2	0	0	2	6	1	10	0	0	0	0	0	0	0	0	0	0	0	0	0	1	0	0
C8088	0	0	0	0	0	0	0	0	0	0	4	0	1	0	4	0	0	0	0	1	1	1	0	0	0	0	0	4	0	0	0	0	2	1	0	0	2	0	3	8	0	0	0	1	2	1	2	0	0	0	0	0	0	7	1	0	0	53	0	1	0	9	2	0	1	0	3	0	2	1	0	0	0	0	6	0	0	0
C8090	0	0	0	0	0	0	0	1	0	1	0	0	0	0	0	0	0	0	0	0	0	0	1	0	0	0	0	0	0	0	1	2	0	0	3	0	0	0	0	0	0	0	0	0	0	0	0	1	0	0	0	0	0	0	0	1	0	0	14	0	0	2	0	0	0	0	0	0	0	0	0	0	0	0	0	0	0	0
C8092	0	0	0	0	1	0	0	1	0	0	0	0	0	0	0	0	0	0	0	0	1	0	0	0	1	0	1	0	0	0	0	0	1	3	1	0	0	1	0	0	0	0	0	2	0	0	1	1	1	0	0	0	0	1	1	1	0	1	0	1	2	0	0	2	2	0	0	0	1	0	0	1	0	0	0	0	0	0
C8094	0	0	0	2	5	0	0	0	0	0	0	0	0	0	1	0	0	0	0	1	5	0	1	0	1	0	1	0	0	0	0	0	0	0	0	0	3	0	0	2	0	0	0	0	1	3	0	0	17	0	0	0	0	1	0	0	0	0	0	0	1	2	0	0	0	0	0	0	0	0	0	0	0	0	1	0	0	0
C8097	0	0	0	1	0	0	0	3	0	0	0	0	0	0	0	0	0	1	0	0	1	0	0	0	0	0	0	0	0	0	0	2	0	0	2	0	0	0	0	0	0	1	0	0	0	0	7	0	0	0	0	0	0	0	0	3	0	0	0	6	0	0	0	0	0	0	0	0	0	0	0	0	0	0	0	3	0	0
C8098	0	0	0	0	0	0	0	0	0	0	0	0	0	0	0	0	0	0	0	0	0	0	0	0	0	0	0	0	0	0	0	2	0	0	3	0	0	5	0	0	0	0	0	0	0	0	1	0	0	0	0	0	0	0	2	0	0	0	0	6	0	1	0	0	0	0	0	0	0	0	0	0	0	0	0	1	0	0
C8100	0	0	0	0	0	0	2	0	0	0	0	0	0	0	0	0	0	1	0	1	1	0	0	0	0	1	2	1	0	0	0	0	1	1	0	0	1	3	0	0	0	0	0	0	0	0	1	0	3	1	0	0	0	0	0	0	0	0	0	0	0	0	0	0	0	0	1	0	0	0	0	0	0	0	0	0	0	0
C8101	0	0	0	0	0	0	0	0	0	0	0	0	0	0	0	0	0	0	0	0	0	0	0	0	0	0	0	0	0	0	0	0	0	0	0	0	0	0	0	0	0	0	0	0	0	0	4	0	0	0	0	0	0	0	0	0	0	0	0	11	3	0	0	0	4	0	0	0	0	0	0	0	0	0	0	0	0	0
C8106	0	0	0	0	2	0	0	0	0	0	0	0	1	0	1	0	0	0	0	0	2	0	1	0	0	1	0	1	0	0	0	0	1	1	0	0	0	2	0	1	0	0	0	2	1	5	0	0	0	2	0	0	0	2	1	2	0	0	0	0	2	0	0	0	0	0	1	0	0	0	0	0	0	0	2	0	0	0
C8108	0	0	0	0	4	0	0	2	0	0	3	0	0	0	1	0	1	1	0	1	0	2	0	0	2	2	2	0	0	0	0	0	0	1	1	0	0	2	0	1	0	0	0	3	1	1	0	1	0	1	0	0	1	0	0	0	1	0	0	2	2	1	0	1	1	0	1	1	3	1	0	1	0	0	0	2	0	1
C8115	0	0	0	0	0	0	0	1	0	0	0	0	0	0	0	0	0	0	0	0	0	0	0	0	0	0	0	0	0	0	0	1	0	0	0	0	0	4	0	1	0	0	0	0	0	0	0	0	0	0	0	0	0	1	4	0	0	0	1	7	1	0	0	0	0	0	0	0	0	0	0	0	0	0	0	0	0	0
C8116	0	0	1	16	237	1	16	3	0	2	4	2	3	0	31	1	0	37	0	155	95	1	29	3	83	12	19	0	0	0	0	18	7	3	0	0	13	44	2	10	0	24	1	3	28	2	1	1	1051	8	15	0	0	18	1	1	1	19	11	8	3	18	0	0	0	0	6	3	0	4	0	1	0	0	4	0	1	11
C8119	0	0	0	0	0	0	2	0	0	0	1	0	1	0	0	0	0	0	0	0	1	0	0	0	0	1	0	0	0	0	0	0	0	0	0	0	1	0	1	0	0	0	0	0	0	0	0	0	0	0	0	0	0	0	0	0	0	1	0	0	0	0	1	0	0	0	0	0	0	0	0	1	0	0	0	0	0	0
C8120	0	0	0	0	1	0	0	0	0	0	0	0	0	0	1	0	1	0	0	1	0	0	1	0	0	0	2	0	0	0	0	1	0	0	0	0	0	0	0	0	0	0	0	0	0	0	0	0	0	0	0	0	0	0	0	0	0	0	3	5	0	0	0	0	0	2	0	0	0	0	0	0	0	0	0	0	1	0
C8123	0	0	0	1	0	0	1	5	0	0	0	0	1	0	0	0	0	0	0	1	0	0	11	0	0	1	1	0	0	0	0	4	0	0	3	0	0	15	0	2	0	0	0	0	0	0	0	0	0	0	0	0	0	0	6	2	0	0	10	27	0	3	0	0	0	0	0	2	0	1	0	0	0	0	0	2	0	0
C8126	0	0	0	0	1	0	0	1	0	0	0	0	1	0	0	0	0	0	0	0	0	0	3	0	0	0	0	0	2	0	0	3	0	0	0	0	0	5	0	3	0	0	0	0	0	0	0	0	2	0	0	0	0	0	2	1	0	0	4	19	1	1	1	0	0	0	0	0	0	0	0	0	0	0	0	1	0	0
C8127	0	0	0	0	0	0	1	0	0	0	2	0	0	0	0	0	0	0	0	0	0	0	0	0	0	0	0	0	0	0	0	0	0	0	0	0	0	2	0	0	0	0	0	0	0	0	0	0	1	0	0	0	0	0	0	0	0	0	0	0	2	1	0	0	2	0	0	0	0	0	0	0	0	0	0	0	0	0
C8128	0	0	0	0	0	0	0	2	0	0	0	0	0	0	0	0	0	0	0	0	0	0	0	0	0	0	0	0	0	0	0	0	0	0	6	0	0	6	0	0	0	0	0	0	0	0	0	0	0	0	0	0	0	0	2	1	0	0	0	7	1	2	0	0	0	0	0	0	0	0	0	0	0	0	0	0	0	0
C8130	0	0	0	1	7	0	1	0	0	2	1	0	0	0	0	0	0	5	0	3	5	0	0	0	2	0	0	0	0	0	0	0	1	0	0	0	3	7	0	0	0	0	0	0	1	1	0	0	37	0	0	0	0	1	1	0	0	0	1	4	2	1	2	0	1	0	2	0	1	1	0	0	0	0	0	1	0	0
C8134	0	0	0	0	4	0	1	0	0	0	0	0	1	0	0	0	0	0	0	0	0	0	0	0	0	0	0	0	0	0	0	0	4	0	0	0	3	0	2	4	0	0	0	0	1	0	1	0	0	0	2	0	0	2	0	0	0	0	0	0	0	1	0	0	0	0	0	0	0	0	0	0	0	0	0	0	0	0
C8135	0	0	0	0	0	0	0	2	0	0	0	0	1	0	0	0	0	0	0	0	0	0	0	0	0	0	0	0	0	0	0	2	0	0	1	0	0	14	0	0	0	0	0	0	0	0	0	0	0	0	0	0	0	0	10	0	0	0	0	24	0	0	1	0	0	0	0	0	0	0	0	0	0	0	0	1	0	0
C8139	0	0	0	0	4	0	0	3	0	0	0	0	0	0	0	0	0	0	0	0	0	0	0	0	0	2	0	0	0	0	0	0	0	0	0	0	0	0	0	2	0	0	0	0	0	0	0	0	0	0	0	0	0	1	1	12	0	0	3	0	0	0	0	0	0	0	1	1	0	1	0	0	0	0	0	0	0	0
C8141	0	0	0	0	0	0	0	0	0	0	0	0	0	0	0	0	0	0	0	0	0	0	0	0	0	0	0	0	0	0	0	0	0	0	0	0	0	6	0	0	0	0	0	1	0	0	0	0	0	0	0	0	0	0	1	0	0	0	1	6	0	0	0	0	0	0	0	0	0	0	0	0	0	0	0	0	0	0
C8142	0	0	0	0	3	0	6	0	0	0	3	0	7	0	2	0	0	4	0	1	2	16	2	0	1	11	0	3	0	0	0	2	4	6	0	0	10	0	8	2	0	0	0	4	0	3	1	0	0	3	0	0	0	7	3	0	0	4	1	7	2	3	1	0	2	0	0	0	4	0	0	2	0	0	3	0	0	1
C8151	0	0	0	0	0	0	0	0	0	0	0	0	0	0	0	0	0	1	0	0	0	0	0	0	1	0	0	1	0	0	0	1	1	0	0	0	2	1	0	0	0	0	0	0	0	0	0	0	0	1	0	0	0	0	0	3	0	0	2	1	0	0	0	2	0	0	0	0	0	0	0	0	0	0	0	0	0	0
C8152	0	0	0	0	2	0	0	10	1	0	3	0	1	0	0	0	0	0	0	0	1	0	5	0	0	1	1	0	4	0	0	2	0	1	19	0	0	36	0	1	0	1	0	0	0	0	0	0	0	0	0	0	0	1	23	3	0	0	6	75	5	5	0	0	0	1	0	0	0	0	0	0	0	0	0	0	0	0
C8153	0	0	0	0	0	0	0	5	0	0	0	0	0	0	0	0	0	0	0	0	0	0	0	0	0	0	0	0	0	0	0	1	0	0	0	0	0	1	0	1	0	0	0	0	0	0	0	0	0	0	0	0	0	0	0	3	0	0	1	2	0	3	0	0	0	0	0	0	0	0	0	0	0	0	0	0	0	0
C8156	0	0	0	0	3	0	8	0	0	0	1	0	2	0	0	0	0	4	0	0	0	2	2	0	4	3	1	1	0	0	0	4	5	1	0	0	7	0	0	5	0	0	0	10	0	2	0	0	0	2	0	0	0	5	3	3	0	14	0	4	2	4	1	0	1	0	5	0	3	0	0	0	0	0	21	0	0	0
C8157	1	0	0	0	1	0	0	1	0	0	2	0	0	0	0	0	0	0	0	0	3	1	1	0	0	0	0	0	0	0	0	0	2	0	0	0	3	2	1	1	0	0	0	0	0	1	0	0	6	2	0	0	0	2	0	3	0	0	1	0	0	1	1	0	0	0	1	0	0	1	0	0	0	0	2	0	0	0
C8158	0	0	0	0	0	0	0	0	0	0	0	0	0	0	0	0	0	0	0	0	0	0	1	0	0	0	0	0	1	0	0	0	0	0	1	0	0	1	0	0	0	0	0	0	0	0	2	0	0	0	0	0	0	0	0	1	0	0	0	3	0	2	0	0	0	0	0	0	0	0	0	0	0	0	0	0	0	0
C8159	0	0	0	0	0	0	0	0	0	0	0	0	0	0	0	0	0	0	0	0	0	0	0	0	0	0	0	0	0	0	0	0	0	0	0	0	0	0	0	0	0	0	0	0	0	0	0	0	0	0	0	0	0	0	0	0	0	0	0	0	0	0	0	0	782	0	0	0	0	0	0	0	0	0	0	0	0	0
C8160	0	0	0	0	0	0	0	0	0	0	0	0	0	0	0	0	0	0	0	0	0	0	0	0	0	0	0	0	0	0	0	0	0	0	0	0	0	0	0	0	0	0	0	0	0	0	0	0	0	0	0	0	0	0	0	0	0	0	0	0	0	0	0	0	444	0	0	0	0	0	0	0	0	0	0	0	0	0
C8161	0	0	0	0	0	0	0	0	0	0	0	0	0	0	0	0	0	0	0	0	0	0	0	0	0	0	0	0	0	0	0	0	0	0	0	0	0	0	0	0	0	0	0	0	0	0	1	0	0	0	0	0	0	0	0	0	0	0	0	0	0	0	0	0	817	0	0	0	0	0	0	0	0	0	0	0	0	0
C8162	0	0	0	0	0	0	0	0	0	0	0	0	0	0	0	0	0	0	0	0	0	0	0	0	0	0	0	0	0	0	0	0	0	0	0	0	0	0	0	0	0	0	0	0	0	0	0	0	0	0	0	0	0	0	0	0	0	0	0	0	0	0	0	0	35	0	0	0	0	0	1	0	0	0	0	0	0	0
C8163	0	0	0	0	0	0	0	0	0	0	0	0	0	0	0	0	0	0	0	0	0	0	0	0	0	0	0	0	0	0	0	0	0	0	0	0	0	0	0	0	0	0	0	0	0	0	0	0	0	0	0	0	0	0	0	0	0	0	0	0	0	0	0	0	196	2	0	0	0	0	0	0	0	0	0	0	0	0
C8164	0	0	0	0	0	0	0	0	0	0	0	0	0	0	0	0	0	0	0	0	0	0	0	0	0	0	0	0	0	0	0	0	0	0	0	0	0	0	0	0	0	0	0	0	0	0	0	0	0	0	0	0	0	0	0	0	0	0	0	0	0	0	0	0	9	0	0	0	0	0	0	0	4	0	0	0	0	0
C8169	0	0	0	0	0	0	0	0	0	0	0	0	0	0	0	0	0	0	0	0	0	0	0	0	0	0	0	0	0	0	0	0	0	0	0	0	0	0	0	0	0	0	0	0	0	0	0	0	0	0	0	0	2	0	0	0	0	0	0	0	0	0	0	0	28	0	0	0	0	0	0	0	0	0	0	0	0	0
C8170	0	0	0	2	0	0	0	0	0	0	0	0	0	0	0	0	0	0	0	0	0	0	0	0	0	0	0	0	0	0	0	0	0	0	0	0	0	0	0	0	0	0	0	0	0	0	1	0	3	0	0	0	0	0	0	0	0	0	0	0	2	0	2	0	276	0	0	0	0	0	0	0	0	0	0	0	0	0
C8172	0	0	0	0	0	0	0	0	0	0	0	0	0	0	0	0	0	0	0	0	0	0	0	0	0	0	0	0	0	0	0	0	0	0	0	0	0	0	0	0	0	0	0	0	0	0	0	0	0	0	0	0	0	0	0	0	0	0	0	0	0	0	0	0	18	0	0	0	0	0	0	0	0	0	0	0	0	0
C8173	0	0	0	0	0	0	0	0	0	0	0	0	0	0	0	0	0	0	0	0	0	0	0	0	0	0	0	0	0	0	0	0	0	0	0	0	0	0	0	0	0	0	0	0	0	0	0	0	0	0	0	0	0	0	0	0	0	0	0	0	0	0	0	0	21	0	0	0	0	0	0	0	0	0	0	0	0	0
C8174	0	0	0	0	0	0	0	0	0	0	0	0	0	0	0	0	0	0	0	0	0	0	0	0	0	0	0	0	0	0	0	0	0	0	0	0	0	0	0	0	0	0	0	0	0	0	0	0	0	0	0	0	0	0	0	0	0	0	0	0	0	0	0	0	23	0	0	0	0	0	0	0	0	0	0	0	0	0
C8176	0	0	0	0	0	0	0	0	0	0	0	0	0	0	0	0	0	0	0	0	0	0	0	0	0	0	0	0	0	0	0	0	0	0	0	0	0	0	0	0	0	0	0	0	0	0	0	0	0	0	0	0	0	0	0	0	0	0	0	0	0	0	0	0	20	0	0	0	0	0	0	0	0	0	0	0	0	0
C8177	0	0	0	0	0	0	0	0	0	0	0	0	0	0	0	0	0	0	0	0	0	0	0	0	0	0	0	0	0	0	0	0	0	0	0	0	0	0	0	0	0	0	0	0	0	0	0	0	0	0	0	0	0	0	0	0	0	0	0	0	0	0	0	0	22	0	0	0	0	0	0	0	0	0	0	0	0	0
C8179	0	0	0	0	0	0	0	0	0	0	3	0	0	0	0	0	0	0	0	0	0	0	0	0	0	1	0	4	0	0	0	1	0	0	0	0	0	0	0	0	0	0	0	0	0	0	0	0	0	0	0	0	0	4	0	5	0	0	0	0	2	0	0	9	1	0	0	0	2	0	0	0	0	0	0	0	0	0
C8181	0	0	0	0	1	0	0	0	0	0	0	0	0	0	0	0	0	0	0	0	0	0	0	0	0	0	0	0	0	1	0	0	0	0	0	0	0	0	0	0	0	0	0	0	0	0	0	0	0	0	0	0	0	0	0	0	0	0	0	0	0	0	0	0	181	0	0	0	0	0	0	0	0	0	0	0	0	0
C8182	0	0	0	0	0	0	0	0	0	0	0	0	0	0	0	0	0	0	0	0	0	0	0	0	0	0	0	0	0	0	0	0	0	0	0	0	0	0	0	0	0	0	0	0	0	0	0	0	0	0	0	0	0	0	0	0	0	0	0	0	3	0	0	0	92	0	0	1	0	0	0	0	0	0	0	0	0	0
C8183	0	0	0	13	3	0	11	2	0	3	4	0	11	0	8	0	0	8	0	3	16	11	3	0	7	10	7	3	0	0	0	7	7	8	3	0	9	5	16	2	0	0	0	6	8	7	2	8	5	8	0	0	0	3	6	9	0	3	9	5	13	3	4	9	3	0	5	4	8	0	0	22	0	0	7	8	0	0
C8188	0	0	0	0	0	0	0	0	0	0	0	0	0	0	0	0	0	0	0	0	0	0	0	0	0	0	0	0	0	0	0	1	0	0	0	0	0	0	0	0	0	0	0	0	0	0	0	0	0	0	0	0	0	0	0	0	0	0	0	0	0	0	0	0	13	0	0	0	0	0	0	0	0	0	0	0	0	0
C8189	0	0	0	0	0	0	0	0	0	0	0	0	0	0	0	0	0	0	0	0	0	0	0	0	0	0	0	0	0	0	0	0	0	0	0	0	0	0	0	0	0	0	0	0	0	0	0	0	0	0	0	0	0	0	0	0	0	0	0	0	0	0	0	0	61	0	0	0	0	0	0	0	0	0	0	0	0	0
C8192	0	0	0	0	0	0	0	0	0	0	0	0	2	0	0	0	0	0	0	0	0	0	0	0	0	0	0	0	0	2	0	1	0	0	0	0	0	0	0	2	0	0	0	0	0	0	0	0	1	0	0	0	0	0	0	0	0	0	0	0	19	0	0	0	80	0	0	6	0	0	0	0	0	0	6	0	0	0
C8196	0	0	0	0	0	0	0	0	0	0	0	0	0	0	0	0	0	1	0	0	1	0	0	0	0	1	0	0	0	0	0	0	0	0	0	0	0	0	0	0	0	0	0	2	0	0	1	0	0	0	0	0	0	0	0	0	0	2	0	0	0	4	0	0	0	0	2	0	0	0	0	0	0	0	0	0	0	0
C8199	0	0	0	0	0	0	0	0	0	0	0	0	0	0	0	0	0	0	0	0	0	0	0	0	0	0	0	0	0	0	0	0	0	0	0	0	0	0	0	2	0	0	0	0	0	0	0	0	0	0	0	0	0	0	0	0	0	0	0	0	0	0	0	0	15	0	0	0	0	0	0	0	0	0	0	0	0	0
C8200	0	0	23	0	0	0	2	0	0	0	0	0	0	0	0	0	0	0	0	0	2	0	0	0	0	2	2	0	0	0	0	0	0	0	0	0	0	4	0	0	1	0	0	0	0	0	15	0	0	0	2	4	0	0	0	0	0	0	0	0	16	0	0	0	247	0	0	0	0	0	0	0	0	0	0	0	0	0
C8201	0	0	0	3	4	0	1	1	0	0	0	0	7	0	7	0	0	0	0	2	0	2	1	0	0	1	1	0	0	0	0	0	1	0	0	0	2	1	0	1	0	0	0	2	3	3	2	3	0	1	0	0	0	2	1	1	0	4	2	0	1	1	12	22	2	0	2	0	0	9	0	0	0	0	1	1	0	0
C8202	0	0	0	0	0	0	0	0	0	1	0	0	1	0	0	0	0	0	0	1	1	0	0	0	0	0	1	0	0	0	0	0	0	0	0	0	0	0	0	0	0	0	0	0	0	0	0	0	1	0	1	0	0	0	0	0	0	0	0	0	0	0	0	0	27	0	0	0	0	0	0	0	0	0	0	0	0	0
C8204	0	0	0	1	1	0	0	0	0	0	0	0	0	0	0	0	0	0	0	0	0	0	0	0	0	0	0	0	0	0	0	0	0	0	0	0	0	0	1	0	0	0	0	0	0	0	0	0	1	1	0	0	0	0	0	0	0	0	0	0	12	0	0	0	13	0	0	0	0	0	0	1	0	0	0	0	0	0
C8206	0	0	0	1	1	0	0	0	0	6	0	0	1	0	0	0	0	0	0	0	4	1	0	0	0	0	0	0	0	0	0	0	1	0	0	0	0	0	0	1	0	0	0	0	0	0	2	0	6	0	0	0	0	0	0	0	0	0	0	0	15	0	0	0	75	0	0	3	1	0	0	0	0	0	0	0	0	0
C8207	0	0	0	0	0	0	0	0	0	0	0	0	0	0	0	0	0	0	0	0	0	0	0	0	0	0	0	0	0	0	0	0	0	0	0	0	0	0	0	0	0	0	0	0	0	0	0	0	0	0	0	0	0	0	0	0	0	0	0	0	0	0	0	0	18	0	0	0	0	0	0	0	0	0	0	0	0	0
C8216	0	0	0	0	0	0	0	0	0	1	0	0	0	0	0	0	0	0	0	0	0	0	0	0	0	0	0	0	0	0	0	0	0	0	0	0	0	0	0	0	0	0	0	0	0	0	1	0	0	2	0	0	0	0	0	0	0	0	0	1	2	0	0	0	10	0	0	0	0	0	0	0	0	0	0	0	0	0
C8217	0	0	0	0	0	0	0	0	0	0	0	0	0	0	0	0	0	0	0	0	0	0	0	0	0	0	0	0	0	0	0	0	0	0	0	0	0	0	0	0	0	0	0	0	0	0	0	0	0	0	0	0	0	0	0	0	0	0	0	0	0	0	0	0	14	0	0	0	0	0	0	0	0	0	0	0	0	0
C8223	0	0	0	0	0	0	0	0	0	0	1	0	0	0	0	0	0	0	0	0	0	1	1	0	0	0	0	0	0	0	0	0	0	1	9	0	0	0	0	0	0	0	0	0	0	0	0	0	0	0	0	0	0	0	0	0	0	0	0	2	0	2	0	0	29	0	0	0	0	0	0	0	1	0	0	0	0	0
C8224	0	0	0	0	0	0	0	0	0	0	0	0	0	0	0	0	0	0	0	0	0	0	0	0	0	0	0	0	0	0	0	0	0	0	0	0	0	0	0	0	0	0	0	0	0	0	0	0	0	0	0	0	0	0	0	0	0	0	0	0	0	0	0	0	22	0	0	0	0	0	0	0	0	0	0	0	0	0
C8225	0	0	0	0	0	0	1	0	0	0	0	0	0	0	0	0	0	0	0	0	0	0	0	0	0	0	0	0	0	0	0	0	0	0	0	0	0	0	0	0	0	0	0	0	0	0	4	0	0	0	0	0	0	0	0	0	0	0	0	0	16	0	0	0	15	0	0	0	2	0	1	0	0	0	0	2	0	0
C8226	17	0	0	0	0	0	4	0	0	0	0	0	0	1	0	0	2	0	0	0	0	0	0	0	0	0	0	0	0	0	0	0	0	0	0	0	0	0	0	0	1	0	0	0	0	0	0	0	0	0	0	0	0	0	0	0	0	0	0	0	0	0	0	0	49	0	0	0	0	0	0	0	0	0	0	0	0	0
C8228	0	0	0	0	0	0	0	0	0	0	0	0	0	0	0	0	0	0	0	0	0	0	0	0	0	0	0	0	0	0	0	0	0	0	0	0	0	0	0	0	0	0	0	0	0	0	0	0	0	0	0	0	0	0	0	0	0	0	0	0	1	0	0	0	26	0	0	0	0	0	0	0	0	0	0	0	0	0
C8229	0	0	0	2	0	0	0	0	0	1	0	0	1	0	0	0	0	0	0	0	0	0	0	0	1	2	0	0	0	0	0	0	0	1	1	0	1	0	0	0	0	0	0	0	0	0	0	0	0	1	0	0	0	0	0	0	0	0	0	0	0	0	0	1	2	0	1	0	1	0	0	1	0	0	0	0	0	0
C8230	0	0	0	0	0	0	0	0	0	0	0	0	0	0	0	0	0	0	0	0	0	0	0	0	0	0	0	0	0	0	0	0	0	0	0	0	0	0	0	0	0	0	0	0	0	0	0	0	0	0	0	0	0	0	0	0	0	0	0	0	0	0	0	0	10	0	0	0	4	0	0	0	0	0	0	0	0	0
C8235	0	0	0	0	0	0	0	0	0	0	2	0	0	0	0	0	0	0	0	0	0	0	0	0	0	0	0	0	0	0	0	0	0	0	0	0	0	0	0	0	0	0	0	0	0	0	10	0	0	0	0	0	0	0	0	0	0	0	0	0	1	0	0	0	102	0	0	0	0	0	0	0	0	0	2	0	0	0
C8243	0	0	0	0	0	0	0	0	0	0	0	0	0	0	0	0	0	0	0	0	2	0	0	0	0	0	0	0	0	0	0	1	1	0	0	0	0	0	0	5	0	0	0	0	0	0	6	0	6	0	0	0	0	0	0	0	0	0	7	0	28	0	0	0	124	0	0	1	2	0	0	0	0	0	0	0	0	0
C8245	0	0	0	2	3	0	4	3	0	2	1	1	2	0	3	0	0	1	0	0	1	3	2	0	0	1	0	1	0	0	0	2	1	2	1	0	5	2	0	0	0	0	0	1	1	2	1	1	0	6	0	0	0	2	1	2	1	3	2	3	3	2	3	3	2	0	1	4	0	0	0	5	0	0	0	6	0	1
C8248	0	0	0	0	4	0	0	7	0	2	0	0	0	0	1	0	0	1	0	1	1	1	0	0	1	0	0	0	0	0	0	2	1	0	0	0	0	0	2	0	0	0	0	1	0	3	2	0	1	1	0	0	0	0	0	16	0	0	8	1	0	0	0	1	0	0	3	0	0	4	0	3	0	0	0	1	0	0
C8254	0	0	0	0	0	0	0	0	0	0	0	0	0	0	0	0	0	0	0	0	0	0	0	0	0	0	0	0	0	0	0	0	0	0	0	0	0	0	0	1	0	0	0	0	0	0	2	0	3	0	0	0	0	0	0	0	0	0	0	0	9	0	0	0	2	0	0	0	0	0	0	0	0	0	0	0	0	0
C8259	0	0	0	2	0	0	0	0	0	0	0	0	0	0	0	0	0	0	0	0	0	0	2	0	0	0	0	0	0	0	0	1	0	0	0	0	1	2	0	1	0	0	0	0	0	0	0	0	0	0	0	0	0	1	1	0	0	0	1	8	0	0	0	0	0	0	0	0	0	0	0	0	0	0	0	0	0	0
C8260	0	0	0	0	0	0	1	0	0	1	0	0	0	0	0	0	0	0	0	0	1	0	0	0	0	0	0	0	0	0	0	0	1	0	1	0	0	1	0	1	0	0	0	1	0	0	4	0	1	0	0	0	0	0	0	0	0	0	0	0	9	0	0	0	30	0	0	0	0	0	0	0	0	0	0	0	0	1
C8261	0	0	0	0	0	0	0	0	0	0	0	0	0	0	0	0	0	0	0	0	0	0	0	0	0	0	0	0	0	0	0	0	0	0	0	0	0	0	0	0	0	0	0	0	0	0	0	0	0	0	0	0	0	0	0	0	0	0	0	0	0	0	0	0	54	0	0	0	0	0	0	0	0	0	0	0	0	0
C8262	0	0	0	0	0	0	1	0	0	1	0	0	0	0	0	0	0	0	0	0	1	0	0	0	0	0	0	0	0	0	0	0	0	0	0	0	0	0	0	0	0	0	0	0	0	0	0	0	0	0	0	0	0	0	0	0	0	0	0	0	0	0	0	0	14	0	0	0	0	0	0	0	0	0	0	0	0	0
C8263	0	0	0	0	0	0	0	0	0	0	0	0	0	0	0	0	0	0	0	0	0	0	0	0	0	0	0	0	0	0	0	0	0	0	0	0	0	0	0	0	0	0	0	0	0	0	0	0	0	0	0	0	0	0	0	0	0	0	0	0	0	0	0	0	13	0	0	0	0	0	0	0	0	0	0	0	0	0
C8266	0	0	0	0	1	0	0	0	0	0	0	0	2	0	1	0	0	3	0	0	0	0	0	0	4	0	0	5	0	0	0	1	0	0	0	0	0	0	0	6	0	0	0	0	0	1	0	1	0	0	0	0	0	1	1	0	0	1	0	0	0	3	0	0	8	0	0	0	0	0	0	0	0	0	3	0	0	0
C8271	0	0	0	1	0	0	0	0	0	0	1	0	0	0	0	0	0	0	0	0	1	0	0	0	0	0	0	0	0	0	0	0	0	0	0	0	0	0	0	2	0	0	0	0	0	0	3	0	0	0	0	0	0	0	0	0	0	0	0	0	3	0	0	0	14	0	0	0	1	0	0	0	0	0	0	0	0	0
C8272	0	0	0	0	0	0	1	0	0	0	0	0	0	0	0	0	0	0	0	0	1	0	0	0	1	0	0	0	0	0	0	0	0	0	0	0	2	0	0	3	0	0	0	0	0	0	0	0	0	0	0	0	1	0	0	0	0	0	1	1	9	0	0	0	27	0	0	0	2	0	0	0	0	0	0	1	0	0
C8276	0	0	0	1	2	0	0	0	0	0	0	0	1	0	0	0	0	0	0	0	0	0	0	0	0	0	0	0	0	0	0	0	0	0	0	0	0	0	0	0	0	0	0	0	0	1	0	0	0	0	0	0	0	0	0	0	0	0	0	1	0	0	0	0	14	0	0	0	0	1	0	0	0	0	0	0	0	1
C8278	0	0	0	0	0	0	0	0	0	0	0	0	0	0	1	0	0	16	2	0	0	0	0	0	0	0	0	0	0	0	4	4	0	18	0	0	0	1	0	0	0	1	0	3	0	0	3	0	0	0	0	0	2	0	0	0	0	2	0	0	1	0	0	0	0	0	0	0	0	0	0	0	0	0	6	24	0	0
C8281	0	0	0	0	0	0	0	0	0	0	0	0	0	0	0	0	0	0	0	0	0	0	0	0	0	0	0	0	0	0	0	0	0	0	0	0	0	0	1	0	0	0	0	0	0	0	0	0	0	0	0	0	0	0	0	0	0	0	0	0	0	0	0	0	15	0	0	0	0	0	0	0	2	0	0	0	0	0
C8283	0	0	0	1	1	0	0	0	0	0	1	0	3	0	2	0	0	0	0	0	0	0	0	0	0	0	0	0	0	0	0	0	0	0	0	0	1	2	0	1	0	0	0	3	0	1	0	4	0	0	0	0	0	0	2	0	0	1	1	0	1	1	6	15	0	0	1	0	2	3	0	0	0	0	1	0	0	0
C8289	0	0	0	1	2	0	1	1	0	1	0	0	1	0	1	0	0	2	0	0	1	0	0	0	1	2	2	0	0	0	0	3	0	0	0	0	2	0	1	0	0	0	1	3	2	0	1	0	0	3	0	0	0	0	0	1	0	0	2	3	1	0	2	2	1	0	0	0	0	0	0	0	0	0	2	1	0	0
C8294	0	0	0	0	0	0	0	0	0	0	0	0	0	0	0	0	0	0	0	0	0	0	0	0	0	0	0	0	0	0	0	0	0	0	0	0	0	0	0	0	0	0	0	0	0	0	0	0	0	0	0	0	0	0	0	0	0	0	0	0	0	0	0	0	14	0	0	0	0	0	0	0	0	0	0	0	0	0
C8295	0	0	0	0	0	0	0	0	0	0	0	0	0	0	0	0	0	0	0	0	0	0	0	0	0	0	0	0	0	0	0	0	0	0	0	0	0	0	0	0	0	0	0	0	0	0	0	0	0	0	0	0	0	0	0	0	0	0	0	0	0	0	0	0	16	0	0	0	0	0	0	0	3	0	0	0	0	0
C8302	0	0	0	0	0	0	0	0	0	1	0	0	0	0	0	0	0	0	0	0	0	0	0	0	0	0	0	0	0	0	0	0	0	0	0	0	0	0	0	0	0	0	0	0	0	0	0	0	0	0	0	0	0	0	0	0	0	0	0	0	0	0	0	0	21	0	0	0	0	0	0	0	0	0	0	0	0	0
C8309	0	0	0	0	0	0	0	0	0	0	1	0	0	0	1	0	0	0	0	0	0	0	0	0	0	0	0	2	0	0	0	2	0	0	1	0	0	0	0	0	0	0	0	0	0	0	1	0	1	0	0	0	0	1	0	1	0	0	0	0	0	1	0	4	0	0	0	0	0	0	0	1	0	0	0	0	0	0
C8314	0	0	0	1	0	0	2	2	0	9	1	0	0	0	1	0	0	2	0	1	9	0	0	3	0	2	7	0	0	6	0	0	24	0	0	0	0	1	1	19	0	5	1	2	0	0	2	0	4	3	0	0	0	0	0	0	0	0	1	2	9	0	4	0	44	0	0	1	9	0	0	0	0	0	1	3	0	0
C8318	0	0	0	0	0	0	0	0	0	0	0	0	0	0	0	0	0	0	0	1	0	0	0	0	0	0	0	0	0	0	0	0	0	0	0	0	0	0	0	0	0	0	0	0	0	0	0	0	0	0	0	0	0	0	0	0	0	0	13	0	1	0	0	0	0	0	0	0	0	0	0	0	0	0	0	0	0	0
C8319	0	0	0	0	0	0	0	0	0	0	0	0	0	0	0	0	0	0	0	0	1	0	0	0	0	2	0	0	0	0	1	1	0	0	0	0	0	0	0	0	0	0	0	0	0	0	2	0	0	0	0	0	0	0	0	0	0	0	3	5	0	0	0	0	32	0	0	0	0	0	0	0	0	0	0	0	0	0
C8320	0	0	0	0	0	0	0	0	0	0	0	0	0	0	0	0	0	0	0	1	0	0	0	0	0	0	0	1	0	0	0	0	0	0	1	0	0	0	0	1	0	0	0	0	0	1	0	0	0	0	0	0	0	0	0	0	0	0	0	0	0	0	2	3	0	0	1	0	2	1	0	0	0	0	0	0	0	0
C8324	0	0	0	0	0	0	0	0	0	0	0	0	0	0	1	0	0	1	0	0	0	0	0	0	0	0	0	0	0	0	0	0	0	0	0	0	0	0	0	0	0	0	0	1	0	0	4	1	0	0	0	0	0	1	0	0	0	14	0	0	6	7	0	0	3	0	0	0	0	0	0	0	0	0	1	0	0	0
C8326	0	0	0	4	0	0	1	10	0	0	3	0	3	0	0	0	0	5	0	1	1	0	7	0	2	0	5	0	1	1	0	6	2	0	6	0	0	10	0	3	1	0	1	2	0	0	1	0	1	0	0	0	0	0	7	2	0	0	2	26	0	5	3	0	0	0	0	0	0	0	0	0	0	0	0	5	0	0
C8330	0	0	0	0	1	0	0	0	0	0	0	0	0	0	0	0	0	0	0	1	1	0	0	0	0	2	0	0	0	0	0	0	0	0	0	0	0	0	0	1	0	0	0	0	0	0	0	0	3	0	0	0	0	0	0	0	0	0	0	0	11	0	0	0	2	0	0	0	0	0	0	0	0	0	1	0	0	0
C8334	1	0	6	0	1	0	1	2	0	0	1	0	0	3	5	2	0	0	0	1	1	4	2	0	2	2	1	2	0	0	0	2	1	0	0	0	6	0	4	1	0	0	0	7	0	3	0	0	1	5	0	2	0	1	1	0	0	3	9	1	1	1	2	0	0	7	3	0	0	0	0	0	0	0	2	0	0	0
C8336	0	0	0	1	3	0	3	1	0	3	3	0	5	0	1	0	0	2	0	1	0	6	1	0	2	3	2	1	0	0	0	0	2	0	1	0	2	3	2	0	0	0	0	6	1	2	0	0	1	4	0	0	1	1	1	1	0	4	1	3	2	0	0	2	0	0	2	0	2	0	0	5	0	0	3	2	0	0
C8338	0	0	0	1	4	0	5	0	0	0	3	0	5	0	8	0	0	9	0	4	3	8	1	4	0	3	1	0	0	0	0	6	39	0	0	0	53	0	24	3	0	0	0	1	1	0	3	2	0	3	0	0	0	2	1	0	0	5	3	3	5	2	1	0	5	0	6	0	1	0	0	0	0	0	0	0	0	0
C8340	0	0	0	0	3	0	2	2	0	1	2	0	9	0	4	0	0	3	0	1	3	11	3	1	3	3	2	2	0	0	0	2	8	4	0	0	10	1	5	0	0	0	0	5	4	1	1	0	1	3	0	0	0	6	4	2	0	5	1	5	2	3	0	0	2	0	2	2	7	0	0	0	0	0	7	1	0	0
C8341	0	0	0	0	0	0	0	0	0	0	0	0	0	0	0	0	0	0	0	0	0	0	0	0	0	0	1	0	0	0	0	0	0	0	0	0	0	0	0	0	0	0	0	0	0	0	0	0	9	1	0	0	0	0	0	0	0	0	0	2	19	0	0	0	20	0	0	0	0	0	0	4	0	0	0	0	0	0
C8343	0	0	0	0	0	0	2	0	0	0	0	0	0	0	0	0	0	0	0	0	0	0	0	0	3	0	0	0	0	0	0	0	0	0	0	0	0	0	0	0	0	0	0	0	0	0	1	0	0	0	0	0	0	0	0	1	0	0	0	0	0	0	0	0	11	0	0	8	0	0	0	0	0	0	0	0	0	0
C8347	0	0	0	0	0	0	0	0	0	0	0	0	0	0	0	0	0	0	0	0	0	0	0	0	0	0	0	0	0	0	0	0	0	0	0	0	0	0	0	0	0	0	0	0	0	0	0	0	0	0	0	0	0	0	0	0	0	0	0	0	3	0	0	0	39	0	0	0	0	0	0	0	0	0	0	0	0	0
C8350	0	0	0	0	2	0	1	0	0	0	0	0	0	0	0	0	0	1	0	0	0	1	0	2	0	0	0	0	0	0	0	0	0	1	0	0	0	0	1	0	0	0	1	1	0	0	0	0	0	0	0	0	0	0	0	0	1	2	2	2	0	0	0	0	1	0	0	2	2	0	0	0	0	0	1	1	0	1
C8351	0	0	0	0	0	0	0	0	0	0	0	0	0	0	0	0	0	0	0	0	0	0	0	0	0	0	0	0	0	0	0	0	0	0	0	0	2	0	0	0	0	0	0	0	0	0	0	0	0	0	0	0	0	0	0	0	0	0	0	1	0	0	0	0	14	0	0	0	0	0	0	0	0	0	0	0	0	0
C8354	0	0	0	0	4	0	2	0	0	0	2	0	1	0	2	0	0	3	1	0	3	4	5	0	2	6	0	7	0	0	0	2	2	1	0	0	6	0	3	2	0	0	0	3	1	3	1	0	0	4	0	0	0	2	0	0	0	2	2	2	0	2	2	0	2	0	2	0	0	0	0	0	0	0	2	0	0	1
C8367	0	0	0	0	0	0	0	0	0	0	0	0	0	0	0	0	0	0	0	0	0	0	0	0	0	0	0	0	0	0	0	0	0	0	0	0	0	0	0	0	0	0	0	0	0	0	0	0	0	0	0	0	0	0	0	0	0	0	0	0	0	0	0	0	43	0	0	0	0	0	0	0	0	0	0	0	0	0
C8376	0	0	0	0	2	0	5	0	0	0	3	0	3	0	3	0	0	5	0	2	3	5	1	0	2	2	1	0	0	0	0	5	1	2	0	0	3	0	5	2	0	0	0	7	1	4	1	0	1	1	0	0	1	1	2	0	0	9	0	6	0	2	1	0	2	0	3	0	3	0	0	0	0	0	4	0	0	0
C8377	0	0	0	0	0	0	0	1	0	0	0	0	0	0	0	0	0	0	0	1	0	0	1	0	0	0	0	0	0	0	0	1	0	0	1	0	0	6	0	0	0	0	0	0	0	0	0	0	0	0	0	0	0	0	0	0	0	0	38	11	0	0	0	0	0	0	0	0	0	0	0	0	0	0	0	2	0	0
C8379	0	0	0	0	1	0	0	0	0	0	2	0	0	0	3	0	0	0	0	0	3	0	1	0	1	2	1	0	0	0	0	2	1	3	0	0	2	0	1	0	0	0	0	1	1	0	0	0	0	1	0	0	0	4	0	0	0	3	3	1	0	2	2	1	4	0	1	0	1	0	0	0	0	0	0	0	0	0
C8380	0	0	0	0	0	0	0	1	0	0	0	0	0	0	0	0	0	0	0	1	0	1	0	0	0	0	0	0	0	0	0	0	0	0	0	0	1	0	0	0	0	0	0	0	1	0	0	0	1	1	0	0	0	0	0	0	0	0	0	0	0	0	2	5	0	0	0	0	0	0	0	0	0	0	0	3	0	0
C8381	0	0	0	5	4	0	2	4	0	1	0	0	5	0	1	0	0	4	0	1	6	2	0	0	1	6	4	1	0	0	0	1	5	3	1	0	4	3	2	0	0	0	0	4	4	1	0	0	2	3	0	0	0	1	4	1	0	5	1	3	1	2	1	2	5	0	0	0	5	1	0	5	0	0	6	2	0	0
C8390	0	0	0	0	0	0	0	0	0	0	0	0	0	0	0	0	0	0	0	1	0	0	0	0	0	0	0	0	0	0	0	0	0	0	0	0	0	0	0	0	0	0	0	0	0	0	3	0	1	0	0	0	0	0	0	0	0	0	0	0	1	0	2	0	5	0	0	0	0	0	0	0	0	0	0	0	0	0
C8394	0	0	0	0	0	0	0	2	0	0	1	0	0	0	0	0	0	0	0	0	0	0	1	0	0	1	0	0	0	0	0	1	0	0	0	0	0	3	0	0	0	1	0	0	0	0	0	0	0	0	0	0	0	0	4	2	0	0	3	4	0	2	0	0	0	0	0	0	0	0	0	0	0	0	0	0	0	0
C8396	0	0	0	0	0	0	0	8	0	0	0	0	0	0	0	0	0	0	0	0	0	0	6	0	0	0	0	0	0	0	0	1	0	0	0	0	0	2	0	1	0	0	0	0	0	0	0	0	2	0	0	0	0	0	1	0	0	0	1	3	0	0	42	0	0	0	0	0	0	0	0	0	0	0	0	0	0	0
C8397	0	0	0	0	0	0	0	1	0	0	0	0	2	0	0	0	0	0	0	0	0	0	0	0	0	0	0	0	0	0	0	1	0	0	0	0	0	4	0	0	0	0	0	0	0	0	0	0	0	0	0	0	0	0	0	0	0	0	0	7	2	0	0	0	0	0	0	0	0	0	0	0	0	0	0	1	0	0
C8398	0	0	0	0	1	0	1	1	0	0	0	1	0	0	1	0	0	1	1	1	1	0	0	2	1	0	0	1	0	0	0	1	1	0	0	0	1	0	1	0	0	0	2	2	0	1	0	0	0	0	0	0	0	0	1	0	3	0	1	1	0	0	0	0	0	0	0	1	0	0	0	0	0	0	1	1	0	0
C8399	0	0	0	0	0	0	0	0	0	0	0	0	0	0	0	0	0	0	0	0	2	0	0	0	0	1	1	0	0	0	0	0	0	0	0	0	0	0	0	14	0	0	0	0	0	0	0	0	7	0	0	0	0	0	0	0	0	0	0	0	25	0	0	0	4	0	0	0	0	0	0	0	0	0	1	0	0	0
C8407	0	0	1	3	0	0	3	32	0	0	1	0	2	0	0	0	1	1	0	0	1	0	10	0	0	2	3	0	0	0	0	12	1	0	20	0	2	11	0	3	5	0	0	2	0	0	0	0	2	0	0	0	0	0	6	10	0	0	11	51	3	12	0	0	1	3	0	0	1	0	0	0	0	0	0	1	0	0
C8409	0	0	0	0	0	0	0	0	0	0	0	0	0	0	0	0	0	3	0	0	0	1	0	0	0	0	0	3	0	0	0	0	0	0	0	0	0	0	0	0	0	0	0	0	0	0	0	0	0	0	0	0	0	7	0	0	0	96	0	0	1	0	0	0	1	0	0	0	0	0	0	0	0	0	0	0	0	0
C8412	0	0	0	0	0	0	1	0	0	1	2	0	0	0	0	0	0	0	0	0	0	0	1	0	0	0	0	2	0	0	0	0	0	0	0	0	2	0	1	2	0	0	0	2	1	2	0	0	0	0	0	0	0	1	0	0	0	4	2	2	0	3	1	0	5	0	0	0	0	0	0	0	0	0	0	0	0	0
C8425	0	0	0	0	0	0	0	0	0	0	0	0	0	0	0	0	0	1	0	0	0	0	0	0	0	0	0	0	0	0	0	0	1	0	0	0	1	0	0	0	0	0	0	0	0	0	3	0	0	0	0	0	0	0	0	0	0	0	0	0	0	0	0	0	7	0	0	0	0	0	0	0	0	0	0	0	0	0
C8428	0	0	0	0	0	0	0	0	0	2	0	0	0	0	0	0	0	0	0	0	0	0	0	0	0	0	0	0	0	0	0	0	0	0	0	0	0	0	1	1	0	0	0	0	0	0	3	0	0	0	0	0	0	0	0	0	0	0	0	0	2	0	0	0	5	0	0	0	0	0	0	0	14	0	0	0	0	0
C8429	0	0	0	0	0	0	0	1	0	0	0	0	0	0	0	0	0	0	0	0	0	0	0	0	0	0	1	0	0	0	0	0	0	0	1	0	0	2	0	0	0	0	0	0	0	0	0	0	0	0	0	0	0	0	7	1	0	0	0	12	0	1	0	0	0	0	0	0	0	0	0	0	0	0	0	0	0	0
C8437	0	0	1	2	0	0	5	3	0	0	9	0	0	0	0	0	0	0	0	1	22	3	0	0	0	3	0	2	0	4	0	0	3	0	0	0	0	20	2	25	0	1	0	0	0	0	9	1	38	3	0	0	0	0	2	0	0	0	1	4	242	0	0	0	156	0	0	6	0	4	1	1	3	0	0	1	0	1
C8442	0	0	0	0	0	0	2	4	0	3	2	0	0	0	0	0	0	0	0	0	0	0	3	0	0	1	3	0	0	0	0	4	0	0	1	0	1	22	0	1	0	4	0	1	0	0	12	0	1	0	0	0	0	0	8	8	0	0	9	31	9	2	0	0	1	0	0	3	0	0	0	0	0	0	0	6	0	0
C8452	0	0	0	0	0	0	0	0	0	0	0	0	0	0	0	0	0	0	0	0	0	0	0	0	0	0	0	0	0	0	0	0	0	0	0	0	0	0	0	0	0	0	0	0	0	0	0	0	0	0	0	0	0	0	0	0	0	0	0	1	0	0	0	0	10	0	0	0	0	0	0	0	0	0	0	0	0	0
C8457	0	0	0	2	4	0	0	1	0	2	1	0	2	0	0	0	0	3	0	1	1	7	0	0	1	6	1	3	0	0	0	5	0	2	1	0	5	4	3	2	0	0	0	2	3	1	1	1	2	6	0	0	0	0	2	0	0	1	7	6	5	1	1	2	1	0	1	3	3	1	0	5	0	0	1	3	0	0
C8461	0	0	0	0	0	0	0	0	0	0	0	0	0	0	0	0	0	0	0	0	0	0	0	0	0	0	0	1	0	0	0	1	0	0	2	0	0	1	0	0	0	0	0	0	0	0	0	0	0	0	0	0	0	0	0	0	0	0	0	0	1	0	0	3	0	0	1	0	0	1	0	0	0	0	0	0	0	0
C8465	0	0	0	1	5	0	0	2	0	0	0	0	1	0	0	0	0	0	0	0	0	0	0	0	0	0	0	0	0	0	0	0	0	0	0	0	0	0	0	0	0	0	0	0	1	0	0	0	0	0	0	0	0	0	0	1	0	0	1	0	0	0	3	5	1	0	1	0	1	2	0	0	0	0	0	2	0	0
C8469	0	0	0	0	2	10	0	0	0	0	0	1	0	0	0	0	0	0	0	0	0	0	0	0	0	0	0	0	0	0	0	0	0	0	0	0	0	0	1	0	0	4	0	0	66	0	0	0	1	0	0	0	0	0	0	1	0	0	57	4	2	0	0	0	0	0	0	1	0	1	2	0	0	0	0	0	0	0
C8471	0	0	0	2	8	0	0	14	0	2	3	0	1	0	2	0	0	3	0	1	1	2	1	0	1	1	0	1	0	0	0	2	4	0	0	0	0	0	1	1	0	0	0	2	2	3	0	0	1	2	1	0	0	3	2	39	0	1	27	1	1	0	0	0	0	0	3	0	1	2	0	1	0	0	0	0	0	0
C8474	0	0	0	0	1	0	0	0	0	0	0	0	2	0	1	0	0	0	0	0	0	0	0	0	0	0	0	0	0	0	0	1	0	0	0	0	2	0	0	0	0	0	0	0	0	0	0	0	0	0	0	0	0	0	0	0	0	0	0	1	0	1	0	3	1	1	0	0	0	0	0	0	0	0	0	0	0	0
C8482	0	0	0	0	0	0	0	0	0	0	0	0	0	0	1	0	0	0	0	0	0	0	0	0	0	1	3	0	0	5	0	0	5	0	0	0	1	0	0	0	0	7	0	0	0	0	0	0	0	0	0	0	0	1	0	0	0	0	11	1	4	0	1	0	0	0	0	0	0	0	0	0	0	0	0	0	0	0
C8487	0	0	0	0	0	0	1	12	0	0	3	0	0	0	0	0	0	0	0	1	0	0	3	0	0	0	0	0	0	0	0	1	0	1	5	0	2	29	0	1	0	1	0	1	0	0	3	0	0	0	0	0	0	0	9	4	0	0	6	37	3	5	0	0	1	0	0	2	0	0	0	0	0	0	0	4	0	0
C8491	0	0	0	1	0	0	0	0	0	0	1	0	0	0	2	0	0	0	0	1	1	2	0	1	1	0	0	1	0	0	0	0	2	1	0	0	1	1	0	0	0	0	0	1	1	1	0	0	0	2	0	0	1	1	0	0	0	1	0	1	2	0	1	3	0	0	1	0	0	0	0	1	0	0	1	1	0	0
C8493	0	0	0	0	1	0	1	0	0	0	2	0	0	0	5	0	0	2	0	2	5	1	3	0	2	7	2	1	0	0	0	3	1	0	1	0	1	0	2	2	0	0	0	1	1	3	0	0	2	0	0	0	0	0	2	0	0	8	3	2	0	4	2	0	1	0	2	0	2	0	0	0	0	0	1	0	0	0
C8495	0	0	0	5	3	0	1	0	0	0	1	0	0	0	2	0	0	1	0	2	1	0	0	0	1	1	7	0	0	0	1	1	5	0	0	0	11	1	1	39	0	0	0	0	1	0	1	2	13	0	6	0	0	1	2	0	0	0	0	3	0	1	35	0	0	0	1	0	0	0	0	0	0	0	0	1	5	0
C8500	0	0	0	0	0	0	1	0	0	0	0	0	1	0	0	0	0	0	0	0	0	0	0	0	0	3	0	1	0	0	0	1	0	0	0	0	2	0	0	0	0	0	0	1	0	0	1	0	1	1	0	0	0	0	0	0	0	1	0	2	0	0	0	0	0	0	0	0	0	0	0	0	0	0	1	0	0	0
C8512	0	0	0	2	0	0	0	0	0	0	0	0	0	0	0	0	0	0	0	1	0	0	0	0	0	0	0	0	0	0	0	1	0	0	0	0	0	0	0	0	0	0	0	0	0	0	0	1	0	1	0	0	0	0	0	1	0	0	0	0	0	0	0	2	2	0	3	0	0	0	0	0	0	0	0	2	0	0
C8520	0	0	0	0	0	0	4	3	0	0	0	0	1	0	1	0	0	0	0	0	0	0	0	0	0	0	0	0	0	0	0	0	0	0	1	0	0	0	0	1	0	0	0	0	12	0	6	0	0	0	0	0	0	0	0	31	0	0	2	4	1	0	0	0	1	0	0	4	0	0	0	0	0	0	0	2	0	0
C8530	0	0	0	1	0	0	0	3	0	0	0	0	0	0	0	0	1	0	0	0	0	0	0	0	0	0	0	0	0	0	0	0	0	0	2	0	0	3	0	0	0	0	0	0	0	0	0	0	0	0	0	0	0	0	1	0	0	0	3	11	0	0	0	0	0	0	0	0	0	0	0	0	0	0	0	0	0	0
C8540	0	0	0	0	0	0	0	0	0	0	0	0	0	0	0	0	0	0	0	0	0	0	0	0	0	0	0	0	0	0	0	0	0	0	2	0	0	0	0	0	0	0	0	0	0	0	0	0	0	0	0	0	0	0	0	0	0	0	0	0	0	1	0	0	12	0	0	0	0	0	0	0	0	0	0	0	0	0
C8546	0	0	0	7	35	4	5	2	0	7	10	9	7	0	9	0	15	34	3	19	5	1	10	0	16	12	1	12	0	36	6	6	15	3	5	0	21	18	5	37	0	27	1	3	3	5	41	5	45	2	23	0	3	14	3	3	6	74	16	15	23	25	35	3	3	0	6	0	2	9	2	2	1	0	3	3	21	2
C8549	0	0	0	0	0	0	0	0	0	0	0	0	0	0	0	0	0	0	0	0	0	0	0	0	0	0	0	0	0	0	0	0	0	0	0	0	0	0	0	0	0	0	0	0	0	0	0	0	0	0	0	0	0	0	0	0	0	0	0	0	0	0	0	0	12	0	0	0	8	0	0	0	0	0	0	0	0	0
C8553	0	0	0	0	0	0	0	0	0	0	0	0	0	0	1	0	0	1	0	1	0	0	1	0	0	0	0	2	0	0	0	0	0	0	0	0	0	1	0	0	0	0	0	0	0	0	0	0	0	0	0	0	0	0	0	0	0	7	0	0	1	0	0	0	5	0	0	0	0	0	0	0	0	0	1	0	0	0
C8560	0	0	0	0	0	0	0	0	0	0	0	0	0	0	0	0	0	0	0	0	0	0	0	0	0	0	0	0	0	0	0	0	0	0	0	0	0	0	0	0	0	0	0	0	0	0	0	0	0	0	0	0	0	0	0	0	0	0	0	0	0	0	0	0	16	0	0	0	0	0	0	0	0	0	0	0	0	0
C8561	0	0	0	0	0	0	0	0	0	0	1	0	0	0	1	0	0	0	0	0	0	0	0	0	0	0	0	3	0	0	0	2	0	0	1	0	0	0	0	0	0	0	0	0	0	0	1	0	1	0	0	0	0	1	0	1	0	0	0	0	1	0	0	4	0	0	0	0	0	0	0	0	0	0	0	0	0	0
C8569	0	0	0	0	0	0	0	3	0	0	0	0	0	0	0	0	0	0	0	0	0	0	0	0	0	0	0	0	0	0	0	0	0	0	2	0	0	1	0	0	0	0	0	0	0	0	0	0	0	0	0	0	0	0	3	0	0	0	1	9	0	0	0	0	1	0	0	0	0	0	0	0	0	0	0	0	0	0
C8570	0	0	0	0	0	0	0	0	0	0	0	0	0	0	0	0	0	0	0	0	4	0	0	0	0	0	1	0	0	0	0	0	0	0	0	0	0	0	0	0	0	0	0	0	0	0	0	0	2	0	0	0	0	0	0	1	0	0	2	0	3	1	1	0	6	0	0	0	0	1	0	0	0	0	0	0	0	0
C8572	0	0	0	0	0	0	0	0	0	0	0	0	0	0	0	0	0	0	0	0	0	0	0	0	0	0	0	0	0	0	0	0	0	0	0	0	0	0	0	2	0	0	0	0	0	0	0	0	1	0	0	0	0	0	0	0	0	0	0	0	2	0	0	0	8	0	0	0	0	0	10	2	0	0	0	0	1	1
C8578	0	0	0	0	0	0	0	0	0	0	0	0	0	0	0	0	0	0	0	0	0	0	0	0	0	0	0	0	0	0	0	0	0	0	0	0	0	0	0	0	0	0	0	0	0	0	0	0	0	0	0	0	0	0	0	0	0	0	0	0	0	0	0	0	12	0	0	0	0	0	0	0	0	0	0	0	0	0
C8584	0	0	0	0	1	0	0	0	0	0	0	0	0	0	1	0	0	0	0	0	0	0	0	0	1	0	0	1	0	0	0	0	1	1	0	0	0	0	0	0	0	0	0	0	0	0	0	1	0	0	0	0	0	0	0	0	0	0	1	0	0	0	0	1	1	0	0	0	2	0	0	1	0	0	1	1	0	0
C8586	0	0	0	0	0	0	0	0	0	0	0	0	0	0	0	0	0	0	0	0	0	0	0	0	0	0	0	1	0	0	0	0	6	3	6	0	1	0	0	0	0	0	0	0	0	0	4	0	0	0	0	0	0	0	0	0	0	36	0	0	0	0	0	0	21	0	0	0	0	0	0	0	0	0	0	0	0	0
C8589	0	0	0	3	1	0	2	0	0	0	0	0	2	0	0	0	1	0	0	0	0	1	0	1	0	1	2	1	0	0	0	0	1	1	0	0	2	1	1	0	0	0	0	2	1	0	1	0	0	2	0	0	0	0	0	0	2	0	0	3	1	1	1	2	2	0	1	0	0	0	0	3	0	0	0	2	0	0
C8590	0	0	0	0	0	0	0	0	0	0	0	0	0	0	0	0	0	0	0	0	0	0	0	0	0	1	1	0	0	0	0	0	0	0	5	0	0	0	0	1	0	0	0	1	0	0	9	0	0	0	0	0	0	0	0	1	0	0	0	1	0	0	0	0	4	0	0	0	0	0	0	0	0	0	0	0	0	0
C8591	0	0	1	0	0	0	0	0	0	1	0	0	0	0	0	0	0	0	0	0	2	0	0	0	0	0	0	0	0	0	0	0	0	0	0	0	0	0	0	1	0	0	0	0	0	0	1	0	1	0	0	1	0	0	0	0	0	0	0	0	7	0	0	0	3	0	0	0	0	0	0	0	0	0	0	0	0	0
C8601	0	0	0	0	0	0	0	1	0	0	1	0	0	0	0	0	0	0	0	0	0	0	0	0	0	0	0	0	0	0	0	0	0	0	0	0	1	1	0	0	0	0	0	0	0	0	5	0	0	0	0	0	0	0	0	0	0	0	1	4	1	0	0	0	0	0	0	0	0	0	0	0	0	0	0	0	0	0
C8606	0	0	0	2	0	0	0	0	0	0	2	0	0	0	0	0	0	0	0	0	0	1	0	0	0	2	0	0	0	0	0	4	0	0	0	0	0	0	0	11	0	0	0	0	0	0	8	0	15	1	0	0	0	0	1	0	0	0	3	0	9	0	0	0	1	0	0	1	0	0	0	2	0	0	0	1	0	0
C8608	0	0	0	4	1	0	0	0	0	1	0	0	0	0	0	0	0	0	0	0	0	0	0	0	0	0	0	0	0	0	0	0	0	0	0	0	0	0	0	0	0	0	0	0	0	0	0	0	1	0	0	0	0	0	0	0	0	0	0	0	0	0	0	0	5	0	0	0	0	0	0	0	0	0	0	0	0	0
C8613	0	0	0	1	0	0	0	0	0	0	0	0	0	0	0	0	0	0	0	1	0	0	0	0	0	0	0	0	0	0	0	0	1	0	0	0	0	0	1	0	0	0	0	0	0	0	0	0	0	0	0	0	0	0	0	0	0	0	0	0	6	0	0	0	1	0	0	0	0	0	0	0	0	0	0	0	0	0
C8619	0	0	0	2	0	0	2	0	0	0	1	0	0	0	0	0	0	1	3	0	1	0	1	4	2	0	1	0	0	0	0	0	0	0	0	0	1	0	0	0	0	0	3	1	0	0	0	0	2	0	0	0	0	2	0	1	2	0	0	1	3	0	0	0	2	0	1	2	2	0	0	6	0	0	1	1	0	1
C8620	0	0	0	2	3	0	0	1	0	0	0	0	1	0	0	0	0	1	0	2	4	0	0	0	1	1	0	0	0	0	0	0	1	0	0	0	0	2	1	1	0	0	0	0	1	0	1	0	12	1	0	0	0	0	1	0	0	1	0	0	0	1	0	0	0	0	0	0	0	0	0	0	0	0	0	0	0	0
C8621	0	0	0	0	2	0	0	0	0	0	0	0	0	0	1	0	0	0	0	0	1	0	0	0	0	0	0	0	0	0	0	0	0	0	0	0	0	0	0	1	0	0	0	0	0	1	0	0	0	0	0	0	0	0	0	1	0	1	0	1	0	0	0	4	1	0	0	0	0	0	0	0	0	0	0	2	0	0
C8626	0	0	0	0	0	1	6	1	0	0	15	2	0	0	1	0	0	0	0	0	2	0	0	0	0	0	2	1	0	1	1	0	0	0	0	0	0	0	0	1	0	0	0	0	1	0	4	0	2	0	2	0	2	2	2	0	0	0	0	2	0	36	2	0	0	2	0	1	0	1	0	0	0	0	0	0	0	0
C8631	0	0	0	0	0	0	0	0	0	0	0	0	1	0	0	0	0	0	0	0	0	1	0	0	0	0	0	0	0	0	0	0	0	0	0	0	1	0	1	1	0	0	0	4	1	2	0	0	0	0	0	0	0	0	0	0	0	0	1	0	0	0	1	1	0	0	1	0	1	1	0	0	0	0	1	0	0	0
C8633	0	0	0	0	1	0	0	0	0	0	3	0	0	0	0	0	0	0	0	0	2	0	0	0	0	0	0	0	0	0	0	0	0	0	0	0	0	0	0	0	0	0	0	0	0	0	1	0	12	0	0	0	0	0	0	0	0	0	0	3	0	3	0	0	5	2	0	0	0	0	0	0	0	0	0	0	0	0
C8636	0	0	0	0	0	0	0	0	0	0	1	0	1	0	0	0	0	0	0	0	1	0	0	0	0	0	0	0	0	0	0	0	0	0	0	0	0	0	0	0	0	0	0	0	0	0	0	0	0	0	0	0	0	0	0	2	0	0	1	0	0	0	0	1	3	0	1	0	0	0	0	1	0	0	0	0	0	0
C8639	0	0	0	0	7	0	0	0	0	0	0	0	0	0	0	0	0	0	0	0	0	0	0	0	0	0	0	0	0	0	0	0	0	0	0	0	0	0	0	0	0	0	0	0	0	0	0	0	0	0	0	0	0	0	0	0	0	0	0	0	0	0	0	0	6	0	0	1	0	0	0	0	0	0	0	0	0	0
C8642	0	0	0	0	0	0	0	0	0	0	0	0	1	0	0	0	0	0	0	0	0	0	0	0	0	0	0	0	0	0	0	0	0	0	0	0	0	1	0	0	0	0	0	0	0	0	0	0	0	0	0	0	0	1	0	0	1	0	1	0	0	0	1	0	1	0	0	0	0	1	0	0	0	0	1	1	1	0
C8647	0	0	0	0	0	0	0	0	0	0	0	0	1	0	0	0	0	0	0	0	1	0	0	0	0	0	1	1	0	0	0	1	0	0	0	0	0	1	1	1	0	0	0	0	0	0	1	0	1	0	0	0	0	0	0	0	0	1	0	1	0	0	0	4	1	0	2	0	2	0	0	1	0	0	0	0	0	0
C8651	0	0	0	0	0	0	0	0	0	0	0	0	0	0	0	0	0	0	0	0	0	0	0	0	1	2	0	0	0	0	0	0	0	1	0	0	0	0	0	0	0	0	0	1	1	0	0	0	0	0	0	0	0	0	0	1	0	0	0	0	0	0	1	1	0	0	0	0	1	1	0	0	0	0	0	1	0	0
C8653	0	3	0	0	0	0	0	0	0	0	0	0	0	0	0	0	0	0	0	0	0	0	0	0	0	0	0	0	0	0	0	0	0	0	0	0	0	0	0	0	0	0	0	0	0	0	4	0	0	2	1	0	0	0	0	0	0	0	0	0	0	0	0	0	8	0	0	0	0	0	0	0	0	0	0	0	0	0
C8655	0	0	0	0	0	0	0	1	0	0	0	0	0	0	0	0	0	0	0	0	0	0	0	0	0	1	0	0	0	0	0	0	0	0	0	0	0	2	0	0	0	0	0	0	0	0	0	0	0	0	0	0	0	0	1	0	0	0	1	6	1	1	1	0	0	0	0	0	0	0	0	0	0	0	0	0	0	0
C8659	0	0	0	1	0	0	2	1	0	2	3	0	3	0	4	0	0	2	0	1	2	3	1	0	6	5	2	0	0	0	0	0	0	0	2	0	4	2	1	1	0	0	0	1	0	1	0	0	1	1	0	0	0	3	0	0	0	2	0	1	0	1	0	6	1	0	0	0	1	0	0	5	0	0	2	3	0	0
C8671	0	0	0	1	1	0	1	0	0	3	0	2	2	0	2	0	2	1	2	0	0	0	1	2	2	2	3	0	0	0	0	3	3	0	1	0	4	0	2	0	0	0	1	1	0	3	1	0	0	0	0	0	0	1	0	0	2	0	0	0	1	0	0	0	1	0	0	1	2	0	0	2	1	0	0	3	0	0
C8678	0	1	0	0	1	0	1	1	0	0	0	0	0	0	0	0	1	0	0	0	0	0	0	1	0	1	0	0	0	0	0	0	0	0	1	0	1	0	1	0	0	0	1	1	0	1	0	1	0	1	0	0	0	0	1	1	0	0	0	0	1	1	0	1	2	0	0	0	0	0	0	1	0	0	0	0	0	1
C8681	0	0	0	0	0	0	1	0	0	0	0	0	0	0	1	0	0	1	0	1	1	6	0	0	0	2	0	1	0	0	0	1	2	3	0	0	2	0	2	1	0	0	0	2	0	1	0	0	0	4	0	0	0	1	0	0	0	4	0	1	2	0	0	0	3	0	1	0	0	0	0	0	0	0	1	0	0	0
C8686	0	0	0	0	1	0	0	1	0	0	0	0	0	0	0	0	0	0	0	0	1	0	1	0	0	1	0	0	0	0	0	2	0	0	0	0	0	1	1	1	0	1	0	1	0	2	0	0	0	1	0	0	0	0	0	4	0	0	0	0	2	1	2	1	0	0	0	0	0	0	0	0	0	0	0	0	0	0
C8695	0	0	0	0	0	0	2	1	0	0	1	0	0	0	0	0	0	0	0	0	0	0	0	0	0	0	0	0	0	0	0	0	0	0	0	0	1	0	0	0	0	0	0	0	1	0	0	0	0	0	0	0	0	1	0	1	0	0	0	0	0	2	0	0	1	0	0	0	0	0	0	0	0	0	0	0	0	0
C8697	0	0	0	0	1	0	0	0	0	0	0	0	0	0	0	0	0	0	0	0	1	2	0	0	0	1	0	1	0	0	0	0	0	0	0	0	0	0	0	0	0	0	0	0	0	0	0	0	0	2	0	0	0	0	0	0	0	0	0	1	14	0	0	0	28	0	0	0	0	0	0	0	0	0	0	0	0	0
C8698	0	0	0	1	0	0	0	0	0	0	0	0	0	0	3	0	0	0	0	0	1	0	0	1	1	0	0	0	0	0	0	1	0	0	0	0	1	1	0	0	0	0	0	0	0	0	0	0	0	0	0	0	0	0	0	0	0	0	0	0	2	1	0	1	0	0	0	0	0	0	0	0	0	0	0	0	0	0
C8701	0	0	0	0	0	0	0	0	0	0	3	0	0	0	2	0	0	0	0	0	0	0	0	0	0	1	0	6	0	0	0	3	0	0	2	0	0	0	0	0	0	0	0	0	0	0	1	0	0	0	1	0	0	0	0	3	0	0	0	0	1	1	0	4	0	0	0	0	1	0	0	0	0	0	0	0	0	0
C8703	0	0	0	0	2	0	0	2	0	3	0	0	0	0	0	0	0	1	0	0	0	0	1	0	0	0	0	0	0	0	0	0	0	0	0	0	0	0	1	0	0	0	0	0	0	0	0	0	0	1	0	0	0	0	0	11	0	1	2	0	1	0	0	0	0	0	0	0	0	1	0	0	0	0	0	0	0	0
C8704	0	0	0	0	0	1	0	0	0	0	0	0	0	0	0	0	0	0	0	0	0	0	0	1	0	0	0	0	0	0	1	0	0	0	1	0	0	1	0	1	0	0	0	0	1	0	1	0	0	0	0	0	0	0	0	2	0	0	0	2	0	1	6	0	0	0	0	0	0	0	0	0	0	0	0	0	0	0
C8705	0	0	0	82	4	0	1	0	0	0	3	0	5	0	21	0	1	6	2	6	3	18	1	21	2	2	12	0	0	0	0	21	48	4	1	0	71	0	32	2	0	0	0	1	2	1	3	11	0	6	2	0	0	13	0	0	1	2	0	3	26	1	3	0	12	0	10	2	1	0	0	4	0	0	2	5	1	1
C8708	0	0	2	0	0	0	0	0	2	0	0	0	0	0	0	0	0	0	0	0	0	0	0	0	0	0	0	0	0	0	0	0	0	0	0	0	0	0	0	0	0	0	0	0	7	0	0	0	0	0	0	1	0	1	0	0	0	0	2	0	0	0	0	0	0	2151	0	0	0	0	0	0	0	0	0	0	0	0
C8709	0	0	0	0	0	0	0	0	0	0	0	0	0	0	0	0	0	0	0	0	0	0	0	0	0	0	0	0	0	0	0	0	0	0	0	0	0	0	0	0	0	0	0	0	0	0	0	0	0	0	0	0	0	0	0	0	0	0	0	0	0	0	0	0	0	888	0	0	0	0	0	0	0	0	0	0	0	0
C8710	0	0	0	1	10	6	5	0	0	1	0	0	0	0	0	0	1	0	0	0	1	0	5	0	0	2	1	0	0	0	2	1	0	0	0	0	3	4	0	6	0	4	0	4	17	0	20	0	8	0	0	0	0	0	0	2	1	0	57	9	16	0	3	0	4	0	0	3	0	0	2	0	0	0	0	4	0	0
C8716	0	0	0	0	0	0	0	0	0	0	0	0	0	0	1	0	0	0	0	0	2	0	0	0	0	0	0	0	0	0	0	0	1	0	0	0	3	0	0	0	0	1	0	0	0	0	2	0	0	0	0	0	0	0	0	0	0	0	1	0	1	0	0	0	15	0	0	0	0	0	0	0	0	0	0	0	0	1
C8722	0	0	0	0	0	0	0	0	0	0	0	0	0	0	0	0	0	0	0	0	0	0	0	0	0	0	0	0	0	0	0	0	0	0	0	0	0	0	0	0	0	0	0	0	0	0	0	0	0	0	0	0	0	0	0	0	0	0	0	0	0	0	0	0	12	0	0	0	0	0	0	0	0	0	0	0	0	0
C8724	0	0	0	0	0	0	8	7	0	0	3	0	0	0	0	1	0	0	0	1	1	0	2	0	0	1	1	0	0	0	0	7	0	0	6	0	0	15	0	1	0	0	0	0	2	0	2	0	1	0	0	0	0	0	9	10	0	0	6	36	1	6	1	0	0	0	0	9	0	3	0	1	0	0	1	5	0	0
C8729	0	0	0	0	0	0	0	0	0	0	0	0	0	0	0	0	0	0	0	0	0	0	0	0	0	0	0	0	0	0	0	0	0	0	0	0	0	0	0	0	0	0	0	0	0	0	1	0	0	0	0	0	0	0	0	0	0	0	0	0	0	0	0	0	32	0	0	0	0	0	0	0	0	0	0	0	0	0
C8730	0	0	0	0	0	0	0	0	0	0	0	0	0	0	0	0	0	0	0	0	0	0	0	0	0	0	0	0	0	0	0	0	0	0	0	0	0	0	0	0	0	0	0	0	0	0	0	0	0	0	0	0	0	0	0	0	0	0	0	0	0	0	0	0	11	0	0	0	0	0	0	0	0	0	0	0	0	0
C8732	0	0	0	0	0	0	0	0	0	0	0	0	0	0	0	0	0	0	0	0	0	0	0	0	0	0	0	0	0	0	0	0	0	0	0	0	0	0	0	2	0	0	0	0	0	0	0	0	0	0	0	0	0	0	0	0	0	0	0	1	0	0	0	0	0	53	0	0	0	0	0	0	0	0	0	0	0	0
C8733	1	0	0	6	19	0	2	2	0	1	10	0	4	0	5	0	0	3	3	1	13	3	1	0	3	6	0	6	0	0	0	12	6	3	1	0	10	3	7	7	0	0	0	6	3	6	6	3	0	7	1	0	0	14	0	1	0	14	4	7	1	5	10	21	13	0	3	0	3	4	0	1	0	0	4	18	0	2
C8735	0	0	0	0	0	0	0	0	0	0	4	0	0	0	0	0	0	6	0	0	0	0	0	0	0	0	0	0	0	0	0	0	0	1	2	0	1	0	0	0	0	0	0	0	0	0	2	0	0	0	0	0	0	0	0	0	0	0	0	0	0	0	0	0	33	0	0	0	0	0	0	0	0	0	0	4	0	0
C8737	0	0	0	0	6	0	1	0	0	0	0	0	1	0	2	0	0	0	0	0	0	1	0	0	0	0	0	0	0	0	0	2	2	0	0	0	4	1	1	1	0	0	0	0	0	0	0	0	1	0	0	0	0	2	0	0	0	0	1	0	0	0	3	8	1	0	1	0	1	2	0	1	0	0	1	1	0	0
C8741	0	0	0	0	0	0	0	3	0	0	1	0	0	0	1	0	0	0	0	0	0	0	0	0	0	0	0	0	0	0	0	0	0	1	0	0	0	0	0	2	0	0	0	0	0	0	0	0	0	0	0	0	0	1	0	1	0	0	1	0	2	1	1	5	1	0	0	0	0	0	0	1	0	0	0	0	0	0
C8743	0	0	0	3	0	0	2	0	0	1	2	0	4	0	1	0	0	0	0	0	1	2	1	0	0	2	0	3	0	0	0	1	0	1	3	0	2	0	2	0	0	0	0	1	0	0	0	1	0	3	0	0	0	1	0	1	0	1	1	1	2	1	0	1	0	0	1	2	2	0	0	2	0	0	0	0	0	0
C8745	0	0	0	0	0	0	0	0	0	0	0	0	0	0	0	0	0	0	0	0	0	0	0	0	0	0	0	0	0	0	0	0	0	0	0	0	0	0	0	0	0	0	0	0	0	0	0	0	0	0	0	0	0	0	0	0	0	0	0	0	0	0	0	0	0	11	0	0	0	0	0	0	0	0	0	0	0	0
C8748	0	0	0	0	0	0	0	0	0	0	1	0	0	0	0	0	0	0	0	0	2	0	0	0	0	0	0	1	0	0	0	0	0	0	0	0	0	0	0	1	0	0	0	0	0	0	1	0	8	0	0	0	0	0	0	0	0	0	0	0	8	0	0	0	14	0	0	0	1	0	0	0	0	1	0	1	0	0
C8754	0	0	0	0	0	0	0	0	0	0	0	0	1	0	0	0	0	0	0	0	0	0	0	0	0	0	0	0	0	0	0	0	0	0	0	0	0	0	0	2	0	0	0	0	0	0	0	0	2	0	0	0	0	0	0	0	0	0	0	0	4	0	0	0	16	0	0	0	0	0	0	0	0	0	0	0	0	0
C8757	0	0	0	0	1	0	0	0	0	0	0	0	0	0	0	0	0	0	0	0	3	0	0	0	0	0	1	0	0	0	0	0	1	0	0	0	0	0	0	1	0	0	0	0	0	0	0	0	0	2	0	0	0	0	0	0	0	0	0	0	7	0	0	0	15	0	0	1	0	0	0	0	0	0	0	1	0	0
C8758	0	0	5	0	1	1	1	0	0	3	0	0	0	0	0	0	0	0	0	0	10	1	0	0	0	0	2	1	0	0	0	0	1	0	0	0	0	1	0	2	0	0	0	0	0	0	9	0	6	0	1	0	0	0	0	0	0	0	0	2	21	0	0	0	66	0	0	3	0	0	0	0	0	0	0	3	0	0
C8761	0	0	0	1	0	0	3	1	0	0	0	0	2	0	0	0	0	0	0	0	0	0	10	0	0	1	0	0	0	0	0	2	0	1	4	0	0	2	0	2	0	0	0	2	0	0	0	0	0	0	0	0	0	1	4	2	0	0	7	30	0	1	1	0	0	0	0	0	0	0	0	1	0	0	0	1	0	0
C8764	0	0	0	0	0	0	0	0	0	0	0	0	0	0	0	0	0	0	0	0	0	0	0	0	0	0	0	0	0	0	0	0	0	0	0	0	0	0	0	0	0	0	0	0	0	0	0	0	0	0	0	0	1	0	0	0	0	0	0	0	0	0	0	0	20	0	0	0	0	0	0	0	0	0	0	0	0	0
C8765	0	0	0	0	0	0	0	0	0	0	0	0	0	0	0	0	0	0	0	0	0	0	0	0	0	0	0	0	0	0	0	0	0	0	0	0	0	0	0	0	0	0	0	0	0	0	0	0	0	0	0	0	2	0	0	0	0	0	0	0	0	0	0	0	2	0	0	0	0	0	0	0	9	0	0	0	0	0
C8772	0	0	1	0	3	0	0	0	0	0	0	0	0	0	1	0	0	5	0	1	2	0	0	0	1	8	1	0	0	0	0	1	0	0	0	0	2	2	2	2	0	1	0	3	1	1	1	0	23	0	1	0	0	3	0	0	0	3	1	2	0	0	2	0	0	0	0	0	0	0	0	0	0	0	1	0	0	0
C8776	0	0	0	0	0	0	0	0	0	0	0	0	0	0	0	0	0	0	0	0	1	0	0	0	0	0	0	0	0	0	0	0	0	0	0	0	0	0	0	1	0	0	0	0	0	0	0	0	0	0	0	0	0	0	0	0	0	0	0	0	0	0	0	0	23	0	0	0	0	0	0	0	0	0	0	0	0	0
C8777	0	0	0	0	0	0	1	0	0	0	1	0	0	0	0	0	0	0	0	0	1	0	1	0	0	0	0	0	0	0	0	0	0	0	0	0	2	0	0	1	0	0	0	0	0	0	1	0	0	0	0	0	0	0	0	0	0	0	0	5	0	0	0	0	8	0	0	0	0	6	0	0	0	0	0	0	0	0
C8779	1	0	0	23	0	0	0	0	0	0	0	0	1	0	0	0	0	43	0	0	0	0	0	0	35	0	0	11	0	0	0	29	0	1	0	0	13	5	1	2	0	0	0	0	0	0	1	2	0	0	0	0	0	42	0	0	0	155	1	8	0	6	0	0	0	0	4	0	4	0	0	0	0	0	0	2	0	0
C8782	0	0	0	0	1	0	1	0	0	0	0	0	1	0	0	0	0	1	0	0	0	0	4	0	0	2	1	0	0	0	0	2	0	0	1	0	0	1	0	1	0	0	0	1	0	0	2	0	0	0	0	0	0	0	1	1	0	0	2	7	0	1	0	0	7	0	0	0	0	1	0	0	0	0	0	1	0	0
C8785	0	0	0	0	1	0	0	0	0	0	0	0	0	0	0	0	0	0	0	0	0	0	0	0	0	0	0	0	0	0	0	0	0	0	0	0	0	0	0	0	0	0	0	0	0	0	3	0	0	0	0	0	0	0	0	0	0	0	0	0	1	0	0	0	6	0	0	0	0	0	0	0	0	0	0	0	0	0
C8787	0	0	0	0	0	0	0	0	0	0	0	0	0	0	0	0	0	0	0	0	0	0	0	0	0	0	0	0	0	0	0	0	0	0	0	0	0	0	0	0	0	0	0	0	0	0	0	0	0	0	0	0	0	0	0	0	0	0	0	0	0	0	0	0	13	0	0	0	0	0	0	0	0	0	0	0	0	0
C8797	0	0	0	0	0	0	0	0	0	0	0	0	0	0	0	0	0	0	0	0	1	1	0	0	0	0	0	0	0	0	0	0	0	0	0	0	0	0	0	1	0	0	0	0	0	0	8	0	1	0	0	0	0	0	0	0	0	0	0	10	8	0	0	0	35	0	0	0	0	0	1	0	0	0	0	3	0	1
C8804	0	0	0	0	1	1	0	0	0	1	0	0	2	0	4	0	0	4	0	1	9	0	0	0	0	1	1	1	0	0	1	0	1	0	0	0	1	2	1	0	0	0	0	0	0	6	0	0	16	2	0	0	0	0	0	0	0	2	0	1	0	0	2	0	0	0	1	0	0	0	1	0	0	0	0	0	0	0
C8812	0	0	0	0	0	0	0	0	0	0	0	0	0	0	0	0	0	0	0	0	0	0	0	0	0	0	0	0	0	0	0	0	0	0	0	0	0	0	0	0	0	0	0	0	0	0	0	0	0	0	0	0	0	0	0	0	0	0	0	1	0	0	0	0	27	0	0	0	0	0	0	0	0	0	0	0	0	0
C8813	0	0	0	0	0	0	0	0	0	0	0	0	0	0	0	0	0	0	0	0	1	0	0	0	0	0	0	0	0	0	0	0	0	0	0	0	0	0	0	1	0	0	0	0	0	0	0	0	0	0	0	0	0	0	0	0	0	0	0	0	2	0	0	0	23	0	0	0	0	0	0	0	0	0	0	0	0	0
C8820	0	0	0	1	32	0	2	1	0	0	0	0	0	0	1	0	0	5	0	11	7	0	2	0	12	2	0	1	0	0	0	2	0	0	0	0	1	7	0	3	0	0	0	0	4	0	0	0	96	0	0	0	0	6	0	0	0	2	5	2	1	0	0	0	0	0	4	0	0	0	0	1	0	0	1	1	0	0
C8821	0	0	0	1	2	0	0	0	0	1	0	0	4	0	1	0	0	0	0	0	0	0	0	0	0	0	0	1	0	0	0	1	0	2	0	0	2	0	0	0	0	0	0	5	1	0	0	1	0	0	0	0	0	2	2	0	0	0	0	0	2	3	7	15	0	0	1	0	4	3	0	0	0	0	0	1	0	0
C8823	0	0	0	0	5	2	1	0	0	0	0	1	0	0	0	0	0	0	0	0	1	0	0	0	0	1	1	0	0	0	0	0	0	0	0	0	1	0	0	2	0	1	0	0	0	0	0	0	12	0	0	0	0	0	0	0	0	0	5	9	8	0	0	0	15	0	0	0	0	0	0	0	0	0	0	0	0	0
C8824	0	0	0	0	0	0	0	0	0	0	0	0	0	0	0	0	0	0	0	0	0	0	0	0	0	0	0	0	0	0	0	0	0	0	0	0	0	0	0	0	0	0	0	0	0	0	0	0	0	0	0	0	0	0	0	0	0	0	0	0	0	0	0	0	14	0	0	0	0	0	0	0	0	0	0	0	0	0
C8825	0	0	0	0	0	0	0	0	0	0	0	0	0	0	0	0	0	0	0	0	0	0	0	0	0	0	0	0	0	0	0	0	0	0	5	0	2	0	0	0	0	0	0	0	0	0	0	0	0	0	0	0	0	0	0	0	0	0	0	2	0	1	0	0	34	0	0	0	0	0	0	0	0	0	0	2	0	1
C8831	0	0	0	0	0	0	0	0	0	0	7	0	0	0	2	0	0	0	0	0	0	0	0	0	0	0	0	4	0	0	0	4	0	0	4	0	0	0	0	0	0	0	0	0	0	0	0	0	0	0	0	0	0	0	0	2	0	0	0	0	1	0	0	7	0	0	0	0	2	0	0	1	0	0	0	0	0	0
C8837	0	0	0	0	0	0	0	0	0	6	0	0	0	0	0	0	0	0	0	0	0	0	0	0	1	0	0	0	0	0	0	0	0	0	0	0	0	2	0	0	0	1	0	0	0	0	0	0	0	0	0	0	0	0	0	0	0	0	0	0	0	0	0	0	7	0	0	0	0	0	0	0	0	0	0	2	0	0
C8839	0	0	0	2	2	0	3	0	0	2	0	0	2	0	0	0	0	0	0	0	4	6	0	0	1	4	4	1	0	0	0	2	2	1	3	0	3	3	2	0	0	0	0	2	3	1	0	1	3	1	0	0	0	1	1	0	0	3	2	1	3	0	1	2	2	0	1	0	2	0	0	7	0	0	2	2	0	0
C8842	0	0	0	1	38	0	22	13	0	2	4	0	24	0	45	0	0	12	0	8	44	10	57	3	8	96	1	26	0	0	0	19	5	4	3	0	3	8	8	16	0	0	1	24	24	5	8	0	0	23	0	0	0	28	8	6	0	47	13	219	0	156	9	3	14	0	33	0	1	3	0	0	0	0	14	15	0	12
C8860	0	0	0	0	1	0	0	1	0	1	0	0	0	0	0	0	0	0	0	1	0	1	0	0	0	1	0	0	0	0	0	0	0	0	0	0	0	0	0	0	0	0	0	0	0	0	0	0	0	0	0	0	0	0	0	6	0	0	1	1	0	0	0	1	0	0	2	0	1	0	0	0	0	0	0	0	0	0
C8863	0	0	0	10	0	0	32	27	0	1	1	0	2	0	4	0	0	1	0	0	4	0	40	0	0	7	4	0	3	0	2	10	0	2	29	0	0	4	0	14	0	1	1	47	3	0	18	0	0	0	2	0	0	2	1	8	0	0	11	32	7	16	4	0	33	0	0	1	1	0	0	0	0	0	0	6	0	0
C8867	0	0	0	0	0	0	0	0	0	0	0	0	0	0	0	0	1	0	6	0	0	0	0	5	0	0	0	0	0	0	0	0	0	0	0	0	0	0	0	0	0	1	0	0	0	0	0	0	0	0	8	0	0	0	0	0	1	0	0	0	0	0	0	0	0	0	0	0	0	0	0	0	0	0	0	0	0	2
C8869	0	0	0	0	0	0	0	3	0	0	2	0	1	0	0	0	1	0	0	0	1	0	1	0	0	0	0	0	2	0	0	4	0	1	4	0	0	29	0	0	0	0	0	0	0	0	2	0	0	0	0	0	0	0	10	1	0	0	5	42	2	5	0	0	1	0	0	0	0	0	0	0	0	0	0	4	0	0
C8876	0	0	0	1	1	0	0	0	0	0	1	0	0	0	0	0	0	0	0	0	0	0	0	0	0	0	0	1	0	0	0	0	1	0	0	0	0	0	1	4	0	0	0	0	0	0	0	1	0	0	1	0	0	0	1	1	0	0	0	0	0	0	2	2	0	0	2	0	0	0	0	0	0	0	0	0	0	0
C8878	0	0	0	0	0	0	0	0	0	0	0	0	0	0	0	0	0	0	0	0	0	0	0	0	0	0	0	0	0	0	0	0	0	0	0	0	0	0	0	8	0	0	0	0	0	0	0	0	0	0	0	0	0	0	0	0	0	0	0	0	0	0	0	0	11	0	0	0	2	0	0	0	0	0	0	2	0	0
C8886	0	0	0	0	1	0	16	0	0	0	9	1	1	0	3	0	0	10	0	3	4	2	10	1	5	2	0	0	0	0	0	2	10	0	0	0	10	1	1	2	0	0	0	7	0	2	5	0	1	0	0	0	0	12	0	0	0	10	1	10	5	0	2	0	2	0	4	0	1	0	0	0	0	0	10	0	0	0
C8887	0	0	0	1	0	0	0	1	0	2	1	0	1	0	1	0	0	1	0	0	1	1	0	0	2	2	2	1	0	0	0	1	0	2	1	0	3	0	2	0	0	0	0	0	2	1	0	0	0	1	0	0	0	2	0	1	0	1	4	3	3	0	2	1	1	0	0	1	4	0	0	6	0	0	1	0	0	0
C8891	0	0	0	0	7	0	1	1	0	0	1	0	1	0	2	0	0	1	0	1	1	0	2	0	2	2	0	3	0	0	0	4	2	2	0	0	1	0	1	0	0	0	0	2	1	0	0	0	3	3	0	0	0	6	3	3	0	5	3	4	1	3	0	0	2	0	1	0	0	0	0	0	0	0	1	1	0	0
C8894	0	0	0	1	1	0	0	0	0	0	0	0	1	0	0	0	0	1	0	2	3	2	2	0	1	1	1	0	0	0	0	0	0	1	0	0	1	1	0	0	0	0	0	1	0	1	0	0	1	2	0	0	0	1	0	0	0	0	0	2	2	0	0	0	1	0	1	1	1	0	0	1	0	0	3	0	0	0
C8896	0	0	0	2	2	0	0	0	0	0	1	0	0	0	1	0	0	1	0	0	0	0	0	0	0	1	0	1	0	0	0	1	2	0	0	0	1	0	0	2	0	0	0	2	1	0	0	0	1	0	0	0	0	1	0	0	0	13	0	2	1	4	0	0	0	0	0	0	0	0	0	0	0	0	1	0	0	0
C8897	0	0	0	0	0	0	0	0	0	0	0	0	0	0	0	0	0	0	0	0	0	0	0	0	0	0	0	0	0	1	0	0	0	0	0	0	0	0	0	0	0	0	0	0	0	0	0	0	0	0	0	0	0	0	0	0	0	0	0	1	2	1	0	0	9	0	0	0	0	0	0	0	0	0	0	0	0	0
C8903	0	0	0	1	0	0	0	0	0	1	0	0	0	0	0	0	0	0	0	0	1	0	0	0	1	0	0	1	0	0	0	0	1	0	0	0	0	1	0	0	0	0	0	0	0	0	0	0	0	0	0	0	0	0	1	0	0	0	0	0	0	0	0	1	2	0	1	1	1	0	0	0	0	0	0	0	0	0
C8906	0	0	0	2	8	0	2	0	0	1	3	0	1	0	3	0	0	7	0	6	3	0	2	0	2	0	2	0	0	0	0	0	2	1	0	0	0	7	2	2	0	0	0	0	2	1	3	0	26	1	0	0	0	1	0	0	0	7	5	11	2	9	5	0	0	0	1	0	0	1	0	0	0	0	0	1	0	0
C8907	0	0	0	0	0	0	0	0	0	1	1	0	0	0	0	0	0	2	0	0	0	0	0	0	0	1	0	0	0	0	0	1	0	0	0	0	3	0	3	1	0	0	0	0	0	0	4	0	0	0	0	0	0	0	0	0	0	0	0	0	0	0	0	0	7	0	0	0	0	0	0	0	0	0	0	0	0	0
C8909	1	0	3	0	0	0	0	0	0	0	0	0	0	0	0	1	0	0	0	0	0	0	0	0	0	0	0	0	0	0	0	0	0	0	0	0	0	0	0	0	1	0	0	0	0	0	0	0	0	0	0	0	0	0	0	0	0	0	0	0	0	0	0	0	0	5	0	0	0	0	0	0	0	0	0	0	0	0
C8915	0	0	0	0	0	0	0	2	0	0	0	0	1	0	0	0	0	0	0	0	0	0	1	0	0	0	0	0	0	0	0	1	0	0	5	0	0	0	0	0	0	0	0	0	0	0	0	0	0	0	0	0	0	0	0	2	0	0	0	4	0	2	0	0	0	0	0	0	0	0	0	0	0	0	0	0	0	0
C8917	0	0	0	1	1	0	3	9	0	0	0	0	1	0	0	0	0	1	0	1	1	0	1	0	0	0	2	0	0	0	0	1	0	1	6	0	0	19	0	3	0	2	0	0	1	0	7	0	0	0	0	0	0	0	7	4	0	0	5	39	2	3	0	0	0	0	0	3	0	0	0	0	0	0	0	4	0	0
C8918	0	0	0	1	0	0	0	0	0	1	0	0	0	0	0	0	0	1	0	0	0	0	0	0	0	0	0	0	0	0	0	0	0	0	0	0	0	0	0	0	0	0	0	1	0	0	0	0	0	0	0	0	0	2	1	0	0	3	0	0	0	0	0	0	0	0	0	0	1	0	0	0	0	0	0	0	0	0
C8919	0	0	0	1	8	0	2	0	0	0	3	0	0	0	2	0	0	0	1	0	0	2	0	1	2	0	0	3	0	1	0	2	3	0	0	0	4	1	6	1	0	3	0	1	1	2	1	0	2	0	32	0	0	0	0	1	0	0	1	1	0	1	1	1	3	0	0	0	1	1	0	0	0	0	1	2	15	0
C8920	0	0	0	0	2	0	0	4	0	0	1	0	1	0	1	0	0	0	0	0	1	0	0	0	0	0	0	0	0	0	0	0	2	0	0	0	0	0	0	0	0	0	0	0	0	0	0	0	1	1	0	0	0	1	0	25	0	1	3	0	0	1	1	1	0	0	1	0	0	1	0	1	0	0	0	0	0	0
C8921	0	0	0	0	0	0	0	2	0	0	0	0	0	0	0	0	0	0	0	0	1	0	0	0	0	1	0	0	0	0	0	1	0	0	1	0	0	1	0	0	0	0	0	1	0	0	0	0	0	0	0	0	0	0	0	3	0	0	0	5	0	0	0	0	1	0	0	0	0	0	0	0	0	0	0	1	0	0
C8924	0	0	0	0	0	0	0	0	0	0	0	0	0	0	0	0	0	0	0	1	0	0	0	0	0	0	0	0	0	0	0	1	0	0	1	0	0	0	0	0	0	0	0	0	1	0	0	0	0	0	0	0	0	0	0	1	0	1	0	0	0	0	0	0	22	0	0	0	0	0	0	0	0	0	0	2	0	0
C8929	0	0	0	0	3	0	0	5	0	2	0	0	0	0	0	0	0	1	0	1	0	0	0	0	0	1	0	0	0	0	0	1	1	0	0	0	1	1	1	1	0	0	0	1	0	2	0	0	0	1	0	0	0	1	0	25	0	1	5	0	0	0	0	3	0	0	0	0	0	0	0	2	0	0	0	2	0	0
C8930	0	0	0	0	0	0	1	2	0	0	0	0	0	0	2	0	0	0	0	1	1	0	0	0	0	1	0	0	0	0	0	0	0	0	1	0	0	2	0	1	0	0	0	2	0	2	0	1	1	0	0	0	0	2	1	0	0	1	0	1	0	1	4	3	0	1	0	0	0	0	0	1	0	0	0	1	0	0
C8931	0	0	0	0	0	0	0	4	0	0	0	0	0	0	0	0	0	0	0	0	0	0	0	0	0	0	0	0	0	0	0	1	0	0	3	0	0	0	0	0	0	0	0	0	0	0	0	0	0	0	0	0	0	0	0	0	0	0	0	1	0	4	0	0	0	0	0	0	0	0	0	0	0	0	0	0	0	0
C8935	0	0	0	0	1	0	0	2	0	0	0	0	0	0	0	0	0	0	0	1	0	0	0	0	0	0	0	1	0	0	0	0	0	0	0	0	0	1	0	1	0	0	0	0	0	2	0	0	0	0	0	0	0	0	0	4	0	1	3	0	1	0	1	2	0	0	0	0	0	0	0	0	0	0	0	0	0	0
C8945	0	0	0	0	1	0	4	0	0	0	3	0	5	0	4	0	0	6	0	0	2	11	1	0	2	7	1	2	0	0	0	5	8	3	0	0	5	1	8	0	0	0	0	11	2	2	0	0	0	4	0	0	0	2	2	0	0	10	1	2	3	1	1	0	6	0	1	0	6	0	0	0	0	0	2	0	0	0
C8950	0	0	0	0	0	0	2	0	0	0	0	0	0	0	0	0	0	1	0	0	0	0	0	0	1	0	0	0	0	0	2	0	1	0	0	0	0	0	0	0	0	0	0	0	0	0	0	1	3	0	0	0	0	1	0	0	0	0	0	1	0	0	0	0	2	0	0	0	0	0	0	0	0	0	0	0	0	0
C8955	0	0	0	1	1	0	0	0	0	0	0	0	1	0	2	0	0	0	0	0	0	0	1	0	1	1	1	0	0	0	0	1	0	1	1	0	1	1	1	0	0	0	0	2	0	0	1	0	2	0	0	0	0	2	1	1	0	0	1	2	0	3	0	3	0	0	0	1	2	0	0	2	0	0	0	1	0	0
C8956	0	0	0	0	0	0	0	1	0	0	0	0	0	0	0	0	0	0	0	0	0	0	0	0	0	0	0	0	0	0	0	0	0	0	2	0	0	0	0	0	0	0	0	0	0	0	0	0	0	0	0	0	0	0	2	0	0	0	0	8	0	1	0	0	0	0	0	0	0	0	0	0	0	0	0	0	0	0
C8959	0	0	0	0	7	0	0	0	0	0	0	0	1	0	0	0	0	0	0	0	0	0	1	0	0	0	0	0	0	0	0	1	1	0	0	0	2	0	1	2	0	0	0	2	0	1	0	0	1	0	0	0	0	0	0	3	0	2	1	0	0	1	0	7	0	0	0	0	0	0	0	0	0	0	0	1	0	0
C8961	5	0	10	0	0	0	0	0	0	0	0	0	0	0	0	2	0	0	0	0	0	0	0	0	0	0	0	0	0	0	0	0	0	0	0	0	0	0	0	0	5	0	0	0	0	0	0	0	0	0	0	2	0	0	0	0	0	0	0	0	0	0	0	0	0	5	0	0	0	0	0	0	0	0	0	0	0	0
C8965	0	0	0	0	1	0	3	0	0	0	0	0	1	0	1	0	0	1	1	0	1	0	0	1	0	0	0	0	0	0	0	0	1	0	0	0	1	0	0	0	0	0	0	0	0	0	0	0	0	0	0	0	0	0	0	0	0	0	0	2	1	0	0	0	1	0	0	0	1	0	0	0	0	0	0	0	0	0
C8967	0	0	0	0	1	0	0	0	0	0	0	0	2	0	0	0	0	0	0	1	0	1	1	0	1	2	0	0	0	0	0	0	3	0	1	0	3	0	2	0	0	0	0	0	1	0	0	0	0	4	0	0	0	0	0	0	0	0	2	2	3	0	0	0	1	0	0	0	1	0	0	2	0	0	1	2	0	0
C8971	0	0	0	0	0	0	0	2	0	0	0	0	0	0	1	0	0	0	0	0	0	0	0	0	0	0	0	0	0	0	0	0	0	0	0	0	0	1	0	1	0	0	0	1	0	0	0	0	0	0	0	0	0	0	0	0	0	0	1	4	0	2	0	0	0	0	0	0	0	0	0	0	0	0	0	0	0	0
C8972	0	0	0	0	0	0	0	0	0	0	0	0	1	0	0	0	0	0	0	0	0	0	0	0	0	0	0	0	0	0	0	0	0	0	0	0	1	0	0	0	0	0	0	1	0	0	1	0	0	0	0	0	0	0	0	0	0	0	0	0	0	1	4	6	0	0	2	0	0	1	0	0	0	0	0	0	0	0
C8975	0	0	0	0	0	0	2	0	0	0	0	0	0	0	0	0	0	0	0	0	1	0	1	1	0	0	0	0	0	0	0	0	0	0	0	0	8	0	1	1	0	0	1	1	0	0	1	2	0	0	0	0	0	1	0	0	0	1	0	0	3	1	5	0	6	0	0	0	0	1	0	0	0	0	0	0	0	0
C8984	0	0	0	0	0	0	0	0	0	2	0	0	0	0	1	0	0	0	0	0	0	0	0	0	0	0	0	8	0	0	0	0	0	1	1	0	0	0	0	0	0	0	0	0	0	0	0	0	0	0	0	0	0	0	0	0	0	1	0	0	2	0	0	0	4	0	0	0	0	0	0	0	0	0	0	0	0	0
C8989	0	0	0	0	0	0	0	0	0	4	0	0	0	0	0	0	0	0	0	0	0	0	3	0	0	0	1	0	0	0	0	0	0	0	0	0	0	0	0	0	0	0	0	0	4	0	0	0	0	0	0	0	0	0	0	1	0	0	9	0	0	0	0	0	0	0	0	0	0	0	0	0	0	0	0	0	0	0
C8991	0	0	0	0	0	0	0	0	0	1	0	0	0	0	0	0	0	0	1	0	0	0	0	0	0	0	0	0	0	0	0	0	0	0	0	0	0	1	0	0	0	0	0	2	1	1	0	2	0	0	0	0	0	0	2	0	0	0	0	0	1	0	12	5	1	0	0	0	2	1	0	0	0	0	0	1	0	0
C8993	0	0	0	0	0	0	0	0	0	0	0	0	1	0	1	0	0	0	0	0	0	0	1	0	0	0	1	0	0	0	0	0	0	0	0	0	0	0	0	0	0	0	0	0	0	0	0	0	0	1	0	0	0	0	0	0	0	1	1	0	0	1	2	7	0	0	0	0	1	2	0	0	0	0	0	0	0	0
C8995	0	0	0	1	0	0	0	0	0	0	0	0	0	0	0	0	0	0	0	0	0	0	0	0	0	0	0	0	0	0	0	0	0	0	0	0	0	0	0	0	0	0	0	0	1	0	6	0	0	0	0	0	0	0	0	0	0	1	0	0	0	2	0	0	3	0	0	0	0	0	0	0	0	0	0	1	0	0
C8996	0	0	0	0	0	0	0	0	0	0	0	0	0	0	0	0	0	0	0	0	0	0	0	0	0	0	0	0	0	0	0	0	0	0	0	0	0	0	0	0	0	0	0	2	0	0	0	0	0	0	0	0	0	0	0	0	0	0	0	3	0	1	0	0	16	0	0	0	0	0	0	0	0	0	0	0	0	0
C8997	0	0	0	0	2	0	0	0	0	0	0	1	0	0	0	0	0	0	0	0	0	0	0	0	0	0	0	0	0	0	0	0	0	0	0	0	0	0	0	0	0	0	0	0	0	0	0	0	0	1	0	0	0	0	0	0	1	0	0	0	1	0	0	0	39	0	0	0	0	0	1	1	0	0	0	0	0	0
C9009	8	0	3	0	0	0	0	0	0	0	0	0	0	1	0	1	0	0	0	0	0	0	0	0	0	0	0	0	0	0	0	0	0	0	0	0	0	0	0	0	1	0	0	0	0	0	0	0	0	0	0	1	0	0	0	0	0	0	0	0	0	0	0	0	0	5	0	0	0	0	0	0	0	0	0	0	0	0
C9010	0	0	0	0	0	0	0	0	0	6	0	0	2	0	1	0	0	0	0	0	2	0	0	0	0	0	0	0	0	0	0	0	2	1	0	0	0	0	0	9	0	0	0	1	0	1	2	0	0	0	0	0	0	1	0	0	0	1	1	0	5	4	0	0	9	0	0	0	0	0	0	0	0	0	1	0	0	0
C9013	0	0	0	0	0	0	0	1	0	0	1	0	1	0	1	0	0	1	0	0	0	0	0	0	0	1	1	0	0	0	0	0	0	1	0	0	0	0	0	0	0	0	0	0	1	0	0	0	0	0	0	0	0	0	0	1	0	0	0	1	0	0	0	1	1	0	0	0	0	0	0	1	0	0	0	0	0	0
C9015	0	0	0	1	1	0	0	0	0	0	0	0	0	0	0	0	0	0	0	0	0	1	0	0	0	1	0	1	0	0	0	1	0	0	1	0	1	0	0	0	0	0	0	0	0	1	0	0	0	1	0	0	0	1	1	0	0	2	1	1	1	1	0	0	0	0	1	0	0	0	0	1	0	0	0	0	0	0
C9016	0	0	0	0	1	0	0	0	0	0	1	0	3	0	0	0	0	0	1	0	2	1	1	0	1	1	2	1	0	0	0	2	1	0	1	0	1	0	0	2	0	0	1	0	0	0	1	0	1	1	0	0	0	0	2	1	0	0	1	1	0	0	1	1	0	0	1	0	3	0	0	2	0	0	2	2	0	0
C9018	0	0	0	0	1	0	4	1	0	0	1	0	1	0	2	0	0	2	0	3	1	1	0	0	2	2	1	1	0	0	0	3	4	2	0	0	3	0	2	0	0	0	0	2	0	0	0	0	1	8	0	0	0	4	3	0	0	5	1	6	0	1	0	0	3	0	1	0	6	0	0	0	0	0	5	0	0	0
C9020	0	0	0	0	0	0	0	0	0	0	0	0	0	0	0	0	0	0	0	0	0	1	0	0	0	0	0	0	0	0	0	0	0	0	0	0	0	0	0	0	0	0	0	0	0	0	1	0	0	0	0	0	0	0	0	0	0	0	0	2	0	1	0	0	6	0	0	0	0	0	0	0	0	0	0	0	0	0
C9021	0	0	0	2	0	0	1	0	0	0	0	1	0	0	1	0	0	0	1	0	0	1	0	10	0	0	1	0	0	0	0	0	0	0	1	0	0	0	2	0	0	0	2	1	0	0	0	0	0	1	0	0	0	0	0	0	8	0	0	0	1	0	0	1	0	0	0	1	0	0	0	2	0	0	0	0	0	0
C9023	0	0	0	0	0	0	0	4	0	0	5	0	0	0	2	0	0	0	0	0	0	0	0	0	1	1	0	11	0	0	0	1	0	0	4	0	0	0	0	0	0	0	0	0	0	0	1	0	0	0	0	0	0	0	0	2	0	0	0	0	2	3	0	9	0	1	0	0	1	0	0	1	0	0	0	0	0	0
C9024	0	0	6	0	0	0	0	0	4	0	0	0	0	0	2	0	0	0	0	0	0	0	2	0	0	0	0	0	0	0	0	0	0	0	0	0	0	0	0	0	2	0	0	0	13	1	0	0	0	0	0	0	0	2	0	0	0	0	0	0	0	1	0	0	0	2306	0	0	1	0	0	84	0	0	0	0	0	0
C9025	0	0	0	0	0	0	0	0	0	0	0	0	0	0	0	0	0	0	0	0	0	0	0	0	0	0	0	0	0	0	0	0	0	0	0	0	0	0	0	0	0	0	0	0	0	0	0	0	0	0	0	0	0	0	0	0	0	0	0	0	0	0	0	0	0	1850	0	0	0	0	0	0	0	0	0	0	0	0
C9026	0	1	0	0	0	0	0	12	0	0	82	1	0	0	11	0	0	0	0	1	2	0	0	0	11	5	0	201	0	0	0	54	0	0	92	0	1	0	0	12	0	0	0	3	0	1	8	0	6	7	0	0	0	39	2	70	0	9	3	0	32	45	0	163	0	0	0	0	54	1	0	8	0	0	1	15	0	0
C9031	0	0	0	0	0	0	0	0	0	0	0	0	0	0	0	0	0	0	0	0	0	0	0	0	0	0	0	0	0	0	0	0	0	0	0	0	0	0	0	0	0	0	0	0	0	0	0	0	0	0	0	0	0	0	0	0	0	0	0	0	0	0	0	0	0	0	0	30	24	0	0	0	0	0	0	0	0	0
C9037	0	0	0	0	0	0	0	0	0	0	0	0	0	0	0	0	0	0	0	2	0	0	0	0	0	0	0	0	0	0	0	0	0	0	0	0	0	4	0	0	0	0	0	0	0	0	1	0	0	0	0	0	0	0	0	0	0	0	0	0	3	0	0	0	17	0	0	0	0	0	0	0	0	0	0	0	0	0
C9039	0	0	0	1	2	0	0	0	0	0	0	0	0	0	0	0	0	0	0	0	1	0	0	0	0	0	0	0	0	0	0	1	1	1	0	0	0	1	0	1	0	0	0	0	0	0	0	0	1	0	0	0	0	0	0	1	0	0	1	0	1	1	1	1	0	0	0	0	0	1	0	0	0	0	0	0	0	0
C9040	0	0	0	0	0	0	1	0	0	0	0	0	1	0	0	0	0	0	0	0	0	0	0	0	0	0	0	0	0	0	0	0	0	0	0	0	0	0	0	2	0	0	0	0	0	0	0	0	0	0	0	0	0	0	0	0	0	0	0	0	4	0	0	0	33	0	0	1	0	0	0	0	0	0	0	0	0	0
C9050	0	0	0	9	0	0	0	0	0	0	0	0	0	0	0	0	0	4	0	0	0	1	0	0	1	18	6	3	0	0	0	1	1	0	9	0	0	4	0	0	0	0	0	0	0	0	3	1	2	0	0	0	0	0	0	1	0	1	2	0	5	0	0	0	0	0	0	0	5	15	0	1	0	0	1	0	0	0
C9052	0	0	0	4	1	0	1	0	0	1	1	0	0	0	0	0	0	0	0	1	3	3	0	0	2	0	7	0	0	0	0	0	4	1	0	0	1	1	1	22	0	0	0	0	0	0	5	0	6	1	0	0	0	0	2	0	0	0	2	0	70	0	0	0	61	0	0	1	1	7	0	0	0	0	0	3	0	0
C9053	0	0	0	0	0	0	0	0	0	0	0	0	0	0	0	0	0	0	0	0	2	0	0	0	0	0	1	0	0	0	0	0	0	0	0	0	0	0	0	0	0	0	0	0	0	0	2	0	1	0	0	0	0	0	0	0	0	0	0	0	2	0	0	0	4	0	0	0	1	0	0	0	0	0	0	0	0	0
C9055	0	0	0	0	0	0	0	0	0	0	0	0	0	0	0	0	0	0	0	0	0	0	0	0	0	0	0	0	0	0	0	0	0	0	0	0	0	0	0	0	0	0	0	0	0	0	0	0	0	1	0	0	0	0	0	0	0	0	0	0	0	0	0	0	0	0	0	0	0	0	0	0	10	0	0	0	0	0
C9057	0	0	0	0	1	0	0	0	0	0	0	0	0	0	0	0	0	1	0	1	1	1	0	1	0	3	1	1	0	0	0	1	1	0	0	0	0	1	1	0	0	0	0	0	0	1	1	0	0	0	0	0	0	0	0	1	1	0	1	2	3	0	0	1	0	0	0	4	2	0	0	1	1	0	1	0	0	0
C9059	0	0	0	2	1	0	0	0	0	1	0	0	1	0	0	0	0	0	0	0	0	1	0	0	0	0	0	1	0	0	0	1	0	0	0	0	2	0	0	2	0	0	0	0	0	0	0	0	0	0	0	0	0	0	0	0	0	1	0	0	0	1	1	3	0	0	0	0	0	2	0	0	0	0	0	0	0	0
C9061	4	2	2	0	0	0	0	0	0	0	0	0	0	2	0	2	0	0	0	0	0	0	0	0	0	0	0	0	0	0	0	0	0	0	0	0	0	0	0	0	5	0	0	0	0	0	0	0	0	0	0	0	0	0	0	0	0	0	0	0	0	0	0	0	0	1	0	0	0	0	0	0	0	0	0	0	0	0
C9064	0	0	0	1	0	0	0	0	0	1	1	5	34	0	504	0	0	2	0	0	4	0	4	0	1447	0	2518	8	0	0	0	410	1559	6	16	0	0	0	0	0	0	0	0	1213	2	0	318	4	0	0	0	0	0	425	0	0	0	2	609	0	57	1333	3	1	83	0	0	7834	14	12	0	6	0	0	132	1479	0	0
C9070	0	0	0	0	0	0	0	0	0	0	0	0	0	0	0	0	0	0	0	0	0	0	0	0	0	0	0	0	0	0	0	0	0	0	0	0	0	0	0	0	0	0	0	0	0	0	0	0	0	0	0	0	0	0	0	0	0	0	0	0	1	0	0	0	10	0	0	0	0	0	0	0	0	0	0	0	0	0
C9073	0	0	0	0	1	0	1	0	0	0	0	0	0	0	0	0	0	0	0	0	0	0	0	0	0	0	0	0	0	0	0	0	0	0	0	0	0	0	0	0	0	0	0	0	2	0	0	0	2	0	0	0	0	0	0	1	0	0	0	1	0	0	1	0	7	0	0	1	0	0	0	0	0	0	0	0	0	0
C9074	0	0	0	0	0	4	95	0	0	0	3	2	0	0	0	0	1	0	0	0	1	0	1	0	70	0	2	0	0	0	0	2	0	0	3	0	1	4	0	2	0	0	0	0	1	0	9	0	14	0	1	0	0	0	0	48	0	0	4	1	3	38	0	0	1322	0	0	355	2	0	6	3	0	0	1	13	0	0
C9075	0	0	1	2	2	0	0	0	0	0	1	1	1	0	0	0	0	1	0	0	0	0	0	0	0	1	0	1	0	0	0	0	2	1	0	0	2	2	1	2	0	2	0	0	0	1	1	0	4	0	0	0	0	0	0	0	0	0	1	0	0	1	2	0	0	0	2	0	0	0	0	0	0	0	0	2	0	0
C9076	0	0	0	0	1	0	0	0	0	0	0	0	2	0	0	0	0	1	0	1	0	0	0	0	0	0	0	1	0	0	0	0	0	2	0	0	2	0	0	0	0	0	0	1	0	0	0	0	0	2	0	0	0	2	1	0	0	1	0	0	0	1	0	0	0	0	1	0	2	0	0	0	0	0	0	0	0	0
C9077	0	0	0	0	0	0	0	0	0	0	0	0	0	0	0	0	0	0	0	0	0	0	0	0	0	0	0	0	0	0	0	0	0	0	0	0	0	0	0	0	0	0	0	0	0	0	0	0	0	0	0	0	0	0	0	0	0	0	0	0	0	0	0	0	0	0	0	0	0	24	0	0	0	0	0	0	0	0
C9078	0	0	0	0	0	0	0	0	0	0	0	0	1	0	0	0	0	0	0	1	0	0	1	0	0	0	0	0	0	0	0	0	0	0	0	0	0	0	0	3	0	0	0	0	0	1	1	0	0	0	0	0	0	1	0	0	0	0	0	0	0	0	3	0	0	0	2	0	0	1	0	0	0	0	0	1	0	0
C9079	0	0	0	2	0	0	0	0	0	0	0	0	0	0	0	0	0	0	0	0	0	0	1	0	0	2	1	0	0	0	0	1	0	0	1	0	0	3	0	0	0	0	0	0	0	0	1	0	1	0	0	0	0	0	0	0	0	0	2	0	0	0	1	0	0	0	0	0	0	4	0	1	0	0	0	0	0	0
C9080	0	0	0	8	6	0	12	1	0	5	10	2	4	0	8	0	4	20	0	13	9	0	10	4	3	12	3	2	0	7	15	3	7	2	1	0	16	31	1	18	1	9	0	8	0	22	7	6	26	16	8	0	1	11	2	4	2	4	3	5	10	3	11	0	0	0	20	0	0	1	0	1	1	0	5	3	4	2
C9081	0	0	0	0	0	0	0	0	0	0	0	0	0	0	0	0	0	0	0	0	0	0	0	0	0	0	0	0	0	0	0	1	0	0	0	0	0	0	0	6	0	0	0	0	3	0	5	0	5	0	0	0	0	0	0	0	0	0	1	0	11	0	0	0	3	0	0	12	0	0	0	0	0	0	0	0	0	0
C9082	0	0	2	0	0	0	0	0	3	0	0	0	0	0	0	0	0	0	0	0	0	0	0	0	0	0	0	0	0	0	0	0	0	0	0	0	0	0	0	0	1	0	0	0	0	0	0	0	0	0	0	0	0	0	0	0	0	0	0	0	0	0	0	0	0	6	0	0	0	0	0	0	0	0	0	0	0	0
C9083	0	0	0	2	1	0	2	0	0	0	0	1	0	0	0	0	0	0	0	1	4	2	0	0	0	2	5	2	0	0	0	1	6	0	0	0	1	1	0	12	0	0	0	0	0	0	0	0	12	3	0	0	0	0	1	0	0	0	3	0	77	0	0	0	82	0	0	8	2	3	0	0	0	0	0	8	0	0
C9084	0	0	1	19	5	0	25	0	0	12	31	0	9	0	14	0	0	21	0	9	28	3	2	0	3	12	1	7	0	5	25	4	9	9	0	0	33	42	4	0	1	0	0	23	0	123	13	6	39	49	7	1	1	11	5	0	0	3	0	9	16	2	2	0	0	0	70	0	1	6	0	0	0	0	5	2	2	0
C9086	0	0	0	0	0	0	0	1	0	1	0	0	1	0	0	0	0	0	0	0	1	0	0	2	0	0	0	0	0	0	0	1	0	0	0	0	0	0	1	0	0	0	0	0	1	0	0	0	0	0	1	0	0	0	0	0	1	1	0	0	1	1	5	9	0	1	0	0	2	0	0	0	0	0	0	0	0	0
C9087	0	0	0	1	1	0	0	1	0	1	0	2	4	0	1	0	0	1	1	0	0	0	0	4	1	3	1	1	0	0	0	4	0	2	0	0	1	1	1	0	0	0	1	1	1	1	2	1	1	2	0	0	0	1	2	1	3	2	0	2	0	1	1	2	0	0	1	1	7	0	0	3	0	0	2	0	0	1
C9089	0	0	0	1	0	0	5	1	0	1	1	0	17	1	26	0	0	8	0	4	5	7	5	1	1	3	1	25	0	0	0	0	4	2	0	0	11	4	2	11	0	0	0	21	3	8	1	1	0	1	0	0	0	21	2	0	0	19	3	6	6	13	8	3	8	0	22	0	6	3	0	0	0	0	9	0	0	0
C9090	2	0	2	0	0	0	0	0	0	0	0	0	0	1	0	2	0	0	0	0	0	0	0	0	0	0	0	0	0	0	0	0	0	0	0	0	0	0	0	0	11	0	0	0	0	0	0	0	0	0	0	3	0	0	0	0	0	0	0	0	0	0	0	0	0	11	0	0	0	0	0	0	0	0	0	0	0	0
C9091	0	0	0	1	0	0	0	0	0	1	0	0	2	0	5	0	1	0	5	1	0	0	0	1	0	0	0	1	0	0	0	1	0	0	0	0	2	0	1	0	0	0	0	3	0	1	1	0	0	0	2	0	0	0	0	1	0	1	0	1	1	3	1	6	0	0	2	0	3	2	0	0	0	0	1	0	0	0
C9092	0	0	0	0	0	0	2	0	0	0	1	0	0	0	0	0	0	0	0	0	10	0	1	0	0	0	1	0	0	0	0	1	0	0	0	0	0	0	0	0	0	0	0	0	0	0	1	0	3	0	0	0	0	0	0	0	0	1	0	21	1	0	0	0	13	0	0	0	0	77	0	0	0	0	0	0	0	0
C9094	0	0	0	0	1	0	0	0	0	5	1	0	0	0	0	0	0	0	0	0	0	0	0	0	0	1	0	1	0	0	0	1	0	0	1	0	0	2	0	1	0	0	0	0	0	0	2	0	3	1	0	0	0	0	0	0	0	0	0	1	3	0	0	0	0	0	0	3	0	0	0	0	0	0	0	0	0	0
C9095	0	0	0	0	1	0	2	0	0	0	1	0	0	0	3	0	0	0	0	0	2	4	0	0	3	0	0	1	0	0	0	1	0	1	0	0	3	0	0	0	0	0	0	3	0	0	0	0	0	3	0	0	0	4	1	0	0	1	0	4	0	1	0	0	0	0	2	0	3	1	0	0	0	0	3	0	0	0
C9096	0	0	0	1	0	0	0	1	0	0	0	0	0	0	0	0	0	0	0	0	0	0	1	0	0	1	0	0	0	0	0	1	0	0	1	0	0	8	0	0	0	0	0	0	0	0	0	0	0	0	0	0	0	0	8	1	0	0	0	15	0	4	0	0	0	0	0	0	0	0	0	0	0	0	0	1	0	0
C9097	0	0	0	0	2	0	23	0	0	0	4	0	4	0	5	0	0	15	0	6	10	3	7	1	7	6	0	2	0	0	2	1	8	4	0	0	6	3	1	3	0	1	0	8	1	2	5	1	6	4	0	0	3	2	4	0	0	2	0	18	4	3	1	0	2	0	16	0	0	0	0	0	0	0	2	0	0	0
C9098	0	0	1	0	0	0	0	0	0	0	0	0	0	0	0	1	0	0	0	0	0	0	0	0	0	0	0	0	0	0	0	0	0	0	0	0	0	0	0	0	1	0	0	0	0	0	0	0	0	0	0	0	0	0	0	0	0	0	0	0	0	0	0	0	0	8	0	0	0	0	0	0	0	0	0	0	0	0
C9099	6	3	59	7	0	0	7	0	0	4	16	0	5	5	2	21	0	9	0	1	11	0	0	0	0	7	0	2	0	0	0	2	3	5	0	0	7	21	2	1	58	0	0	21	0	49	8	3	12	20	0	16	0	8	5	0	0	1	0	3	4	1	4	0	0	40	28	0	0	2	0	0	0	3	6	0	1	0
C9101	0	0	0	0	1	0	3	1	0	0	3	0	3	0	7	0	0	2	1	1	4	12	2	0	1	8	1	3	0	0	0	2	4	1	0	0	9	1	7	5	0	0	0	3	1	2	1	1	1	7	0	0	0	5	0	0	0	6	1	3	2	4	0	0	2	0	2	0	0	0	0	0	0	0	5	0	0	0
C9102	1	4	10	0	0	0	0	0	6	0	0	0	0	0	0	3	0	0	0	0	0	0	1	0	0	0	0	0	0	0	0	0	0	0	0	0	0	0	0	0	19	0	0	0	0	0	0	0	0	0	0	0	0	0	0	0	0	0	0	1	0	0	0	0	0	38	0	0	0	0	0	0	0	2	0	0	0	0
C9105	1	5	8	0	0	0	0	0	5	0	0	0	0	0	0	1	0	0	0	0	0	0	0	0	0	0	0	0	0	0	0	0	0	0	0	0	0	0	0	0	21	0	0	1	0	0	0	0	0	0	0	0	0	0	2	0	0	0	0	0	0	0	0	0	0	37	0	0	0	0	0	0	0	0	0	0	0	0
C9106	0	0	0	0	0	0	0	0	0	0	0	0	1	0	0	0	0	0	0	0	0	0	2	0	0	0	0	3	0	0	0	0	0	0	0	0	0	0	0	0	0	0	0	0	0	0	0	1	1	0	0	0	0	0	0	3	0	1	0	0	0	0	0	0	0	0	0	0	0	2	0	0	0	0	0	0	0	0
C9107	0	0	0	2	1	0	4	0	0	4	5	0	1	0	3	0	0	6	0	3	4	1	1	0	0	2	0	0	0	0	0	0	0	3	0	0	7	14	2	0	0	0	0	11	0	14	1	0	10	11	0	0	0	3	4	0	0	0	0	0	1	1	0	0	0	0	9	0	0	4	0	1	0	0	0	2	0	0
C9110	0	0	0	0	0	0	0	0	0	1	0	0	0	0	0	0	0	2	0	2	0	2	0	0	1	0	0	3	0	0	0	0	0	1	0	0	1	0	0	1	0	0	0	0	0	1	0	0	0	0	0	0	0	1	0	0	0	2	0	0	1	3	1	4	1	0	2	0	0	6	0	0	0	0	0	1	0	0
C9111	0	0	1	4	1	0	5	1	0	0	2	0	1	0	0	0	0	3	0	4	5	2	1	0	0	1	0	1	0	0	3	0	1	0	0	0	1	2	3	1	0	0	0	2	1	2	0	0	13	3	2	0	1	3	0	2	0	1	3	4	3	2	1	0	0	0	1	0	0	0	0	0	0	0	0	0	0	0
C9113	0	0	0	0	0	0	0	0	0	0	0	0	0	0	0	0	0	0	0	0	0	0	0	0	2	0	0	0	0	0	0	0	0	0	0	0	0	0	0	0	0	0	0	0	0	0	0	0	1	0	0	0	0	0	0	0	0	0	0	0	0	3	0	0	0	0	0	6	0	0	0	0	0	0	0	0	0	0
C9114	0	0	0	0	0	0	2	0	0	0	0	0	2	0	2	0	0	0	0	0	0	3	0	1	0	0	0	0	0	0	0	1	2	0	0	0	3	1	0	0	0	0	0	1	1	1	1	0	0	2	0	0	1	1	1	0	0	3	0	7	1	1	0	0	2	0	0	0	2	0	0	0	0	0	2	0	0	0
C9115	0	0	0	2	0	0	5	0	0	0	1	0	1	0	1	0	0	2	0	0	2	0	0	0	0	1	0	1	0	0	0	1	2	2	0	0	7	1	0	4	0	0	0	0	0	4	4	0	0	1	0	0	0	2	0	0	0	0	0	1	0	0	0	0	38	0	1	1	0	0	0	1	0	0	0	1	0	0
C9116	0	0	0	1	0	0	0	0	0	0	0	0	1	0	0	0	0	1	0	0	0	0	0	0	0	1	0	0	0	0	0	0	0	1	1	0	0	0	0	0	0	0	0	0	0	0	0	0	0	0	0	0	0	1	1	0	0	0	0	0	1	0	0	0	0	0	0	2	0	0	0	0	0	0	0	0	0	0
C9117	0	0	0	0	1	0	0	1	0	0	0	0	0	0	0	0	0	1	0	0	0	0	0	0	0	0	0	3	0	0	0	1	0	0	0	0	0	0	0	0	0	0	0	0	0	0	1	0	0	0	0	0	0	0	0	1	0	0	0	0	0	0	0	0	1	0	1	0	0	0	0	1	0	0	0	0	0	0
C9119	0	0	0	0	0	0	0	0	0	0	0	3	0	0	0	0	2	0	6	0	0	0	0	2	0	0	0	0	0	0	0	0	0	0	0	0	0	0	0	0	0	1	0	0	0	0	0	0	0	0	5	0	0	0	0	0	0	0	0	0	0	0	0	0	0	0	0	0	0	0	0	0	0	0	0	0	0	4
C9122	0	0	0	0	0	0	6	1	0	0	1	0	0	0	0	0	0	0	0	0	0	0	0	0	0	0	0	0	0	0	0	0	0	0	0	0	0	0	0	0	0	0	0	0	2	0	2	0	0	0	0	0	0	0	0	6	0	0	0	0	0	0	0	0	1	0	0	6	0	0	0	0	0	0	0	2	0	0
C9130	0	2	53	0	0	0	0	0	0	0	26	0	0	0	0	0	0	0	0	0	0	0	0	0	0	0	0	0	0	0	0	0	4	0	0	0	0	0	0	0	0	0	0	0	0	0	3	0	1	0	0	0	0	0	2	0	0	0	0	0	9	0	0	0	0	0	0	11	0	0	0	0	0	0	0	0	0	0
C9131	0	0	0	0	1	0	0	0	0	1	1	0	1	0	0	0	0	0	0	0	0	0	0	0	0	2	0	0	0	0	0	2	0	0	0	0	0	0	0	1	0	0	0	1	0	0	1	1	0	1	0	0	0	0	0	0	0	0	0	0	1	0	0	0	1	0	0	0	1	0	0	2	0	0	0	0	0	0
C9132	0	0	0	0	3	0	0	0	0	0	4	0	0	0	1	0	0	0	0	0	0	1	0	0	0	1	0	0	0	0	0	1	0	0	0	0	1	0	1	0	0	0	0	0	0	0	0	0	0	0	0	0	0	1	0	4	0	0	2	1	1	1	2	2	0	0	0	0	0	2	0	0	0	0	0	0	0	0
C9136	0	0	0	3	0	1	0	0	0	0	0	1	0	0	0	0	2	0	0	1	0	0	0	0	0	1	0	0	0	0	0	0	0	0	0	0	2	2	0	0	0	1	0	0	0	0	0	0	0	0	0	0	0	0	0	0	0	1	0	1	1	0	3	0	0	0	0	0	0	0	0	0	1	0	0	0	0	0
C9137	0	0	0	0	0	0	2	0	0	0	0	0	0	0	0	0	0	0	0	0	0	0	0	0	0	0	0	0	0	0	0	0	0	0	0	0	0	0	0	0	0	0	0	0	0	0	0	0	0	0	0	0	0	0	0	3	0	0	0	0	0	0	0	0	0	0	0	6	0	0	0	0	0	0	0	0	0	0
C9139	0	0	0	0	7	0	2	3	0	0	7	0	6	0	5	0	0	7	0	3	6	6	3	0	3	5	1	7	0	0	0	8	5	1	0	0	17	3	12	9	0	0	0	15	3	2	4	0	3	3	0	0	0	7	1	0	0	6	7	1	3	6	3	0	10	0	7	0	6	0	0	0	0	0	8	0	0	0
C9140	0	0	0	0	0	0	1	2	0	0	0	0	0	0	0	0	0	0	0	1	0	0	1	0	0	0	0	1	0	0	0	1	0	0	2	0	0	2	0	0	0	0	1	1	0	0	0	0	0	0	0	0	0	0	1	0	0	0	0	1	0	0	0	0	1	0	0	2	0	2	0	0	0	0	0	0	0	0
C9145	0	0	0	0	0	0	0	0	0	2	0	0	0	0	0	0	0	0	0	0	1	0	0	0	0	0	0	0	0	0	0	0	0	0	0	0	0	0	0	2	0	0	0	0	0	0	0	0	3	0	0	0	0	0	0	0	0	0	0	0	0	0	0	0	0	0	0	0	13	0	0	0	0	0	1	0	0	0
C9146	0	0	0	2	4	1	4	1	0	2	14	0	0	0	0	0	0	0	0	14	4	0	0	0	0	1	2	10	0	0	0	1	1	0	0	0	0	0	0	11	0	0	0	0	0	0	1	2	50	0	0	0	1	0	1	0	0	0	0	0	72	0	0	0	34	0	0	0	1	18	2	0	0	0	0	1	0	0
C9148	0	0	0	0	0	0	6	0	0	0	0	0	0	0	0	0	0	0	0	0	0	0	0	0	0	0	0	0	0	0	0	1	0	0	0	0	0	0	0	0	0	0	0	0	0	0	0	0	0	0	0	0	0	0	0	1	0	0	0	0	0	0	0	0	0	0	0	4	0	0	0	0	0	0	0	0	0	0
C9150	0	0	0	0	0	0	0	3	0	0	37	0	0	0	11	0	0	0	0	0	2	0	1	1	4	3	0	48	0	0	0	18	0	0	12	0	0	0	0	3	0	0	0	1	0	0	1	0	5	3	1	0	0	15	0	38	0	4	2	2	6	18	0	121	0	2	0	0	11	0	0	3	0	0	1	2	0	0
C9153	0	0	0	11	4	0	28	0	0	18	32	0	12	0	18	1	0	30	0	17	19	2	6	1	2	10	1	8	0	0	1	1	4	14	1	0	26	86	4	2	0	1	0	61	1	131	16	3	52	79	0	0	0	14	14	0	0	7	3	17	14	4	4	0	1	0	81	1	1	7	1	1	0	0	15	5	0	1
C9156	0	0	0	0	0	0	0	0	0	0	0	0	0	0	0	0	0	0	0	0	0	0	0	0	0	0	0	0	0	0	0	0	0	0	0	0	0	0	0	0	0	0	0	0	0	0	2	0	0	0	0	0	0	0	0	0	0	0	0	0	6	0	0	0	4	0	0	0	0	0	0	0	0	0	0	0	0	0
C9160	0	0	0	1	2	0	0	0	0	0	0	0	0	0	0	0	0	0	0	0	1	0	0	0	0	13	0	0	0	0	0	0	0	0	0	0	0	13	0	1	0	11	0	6	0	0	0	0	0	1	0	0	0	0	0	0	0	0	5	1	1	0	0	0	3	0	3	11	1	0	0	0	0	0	0	0	0	0
C9161	0	0	0	0	0	0	4	0	0	0	0	0	3	0	0	0	0	2	0	0	0	2	1	0	0	3	0	0	0	0	0	0	0	0	0	0	6	0	0	0	0	0	0	1	0	0	0	0	1	1	0	0	0	1	0	0	0	1	0	2	0	2	1	0	5	0	0	0	0	0	0	0	0	0	0	0	0	0
C9162	0	0	0	1	0	0	0	4	0	0	24	0	0	0	8	0	0	1	0	0	0	0	0	0	4	5	0	59	0	0	0	17	1	0	14	0	0	1	0	2	0	0	0	2	0	0	2	0	12	1	0	0	0	19	0	13	0	0	0	14	8	12	0	52	1	0	0	0	39	1	0	3	0	0	2	2	0	0
C9163	0	0	0	0	0	0	0	0	0	0	0	0	0	0	0	0	0	0	0	0	0	0	0	0	0	1	1	0	0	0	0	1	0	0	1	0	0	0	0	0	0	1	0	0	0	1	2	1	0	0	0	0	0	0	0	0	0	0	0	0	0	0	0	0	16	0	0	0	0	0	0	0	0	0	0	0	0	0
C9164	0	0	0	0	1	0	0	0	0	0	1	0	0	0	0	0	0	1	0	1	0	0	0	0	0	0	0	0	0	0	0	1	3	0	0	0	0	0	0	0	0	0	0	0	1	0	0	0	0	0	0	0	0	0	0	0	0	0	0	0	1	0	0	0	0	0	3	0	0	0	0	0	0	0	0	0	0	0
C9166	0	0	0	3	1	0	12	0	0	0	0	0	0	0	1	0	0	1	0	0	1	0	0	0	0	4	0	1	0	0	0	0	0	5	3	0	10	0	1	0	0	5	0	1	0	0	2	5	0	0	1	0	0	0	0	0	0	0	0	1	1	0	0	0	311	0	2	6	0	1	0	0	0	0	0	1	0	0
C9167	0	0	0	3	0	0	0	0	0	2	0	0	2	0	1	0	0	0	2	0	1	2	0	3	1	0	0	3	0	0	0	0	0	0	2	0	1	0	2	0	0	0	0	0	1	0	0	0	0	2	0	0	0	0	0	0	0	1	0	3	0	0	0	0	0	0	0	1	3	0	0	3	0	0	2	1	0	0
C9169	0	0	0	0	0	0	0	0	0	0	3	0	0	0	0	0	0	0	0	0	0	0	0	0	0	0	0	3	0	0	0	1	0	0	0	0	0	0	0	0	0	0	0	0	0	0	0	0	0	0	0	0	0	0	0	0	0	0	0	0	1	2	0	1	0	0	0	0	3	0	0	0	0	0	0	0	0	0
C9172	0	0	0	0	0	0	5	0	0	0	0	0	0	0	0	0	0	0	0	0	0	0	0	0	0	0	0	0	0	0	0	0	0	0	0	0	0	0	0	0	0	0	0	2	0	0	0	0	0	0	0	0	0	0	0	0	0	0	0	0	0	0	0	0	0	0	0	6	0	0	0	0	0	0	0	0	0	0
C9175	0	0	0	0	1	0	2	1	0	0	1	0	4	0	3	0	0	0	0	3	4	5	2	0	1	2	0	8	0	0	0	2	1	2	0	0	19	2	3	10	0	0	0	6	1	2	5	0	3	0	0	0	0	5	5	0	0	9	2	3	7	1	1	1	18	0	8	0	0	4	0	0	0	0	1	0	0	0
C9176	0	0	6	0	0	0	0	0	1	0	0	0	0	0	0	1	0	0	0	0	0	0	0	0	0	0	0	0	0	0	0	0	0	0	0	0	0	0	0	0	6	0	0	0	0	0	0	0	0	0	0	2	0	0	0	0	0	0	0	0	0	0	0	0	0	10	0	0	0	0	0	0	0	1	0	0	0	0
C9178	0	0	0	0	0	0	1	1	0	0	1	0	0	0	0	0	0	0	0	0	1	0	1	0	0	0	0	0	0	0	0	0	0	0	0	0	0	1	0	0	0	0	0	0	0	0	0	0	0	0	0	0	0	0	0	1	0	0	0	1	0	0	0	0	1	0	0	0	1	1	0	0	0	0	0	0	0	0
C9179	0	0	0	0	0	0	0	5	0	0	13	0	0	0	1	0	0	0	0	0	0	0	0	0	4	2	0	8	0	0	0	13	0	0	7	1	0	0	0	0	0	0	0	0	0	0	4	0	9	0	0	0	0	5	0	8	0	0	3	2	15	5	0	12	1	0	0	0	11	0	0	0	0	0	2	0	0	0
C9181	0	0	0	28	16	0	46	0	0	19	53	0	19	0	31	0	1	41	0	20	77	1	8	1	3	12	7	7	0	3	24	4	14	21	2	0	30	59	4	2	1	1	0	49	6	191	19	11	111	68	1	0	0	19	12	0	0	8	2	10	27	3	19	0	2	0	111	1	1	5	0	0	2	0	17	5	0	1
C9184	0	0	0	0	0	0	0	0	0	0	0	0	0	0	0	0	0	0	0	0	0	0	1	0	0	0	0	0	0	0	3	0	1	1	0	0	0	0	0	0	0	0	0	0	0	0	7	0	0	0	1	0	18	0	0	0	0	0	1	0	3	0	0	0	1	0	0	0	0	4	0	0	0	0	0	0	0	3
C9185	0	0	0	0	1	0	0	0	0	0	0	0	0	0	0	0	0	1	0	0	0	0	0	0	0	0	0	1	0	0	0	0	1	0	0	0	0	1	0	0	0	0	0	0	0	3	0	0	2	2	0	0	0	0	0	0	0	0	0	0	0	0	0	0	1	0	1	0	0	0	0	0	0	0	0	0	0	0
C9187	0	0	0	0	0	0	0	0	0	0	0	0	0	0	0	0	0	0	0	0	0	0	0	0	0	0	0	0	0	0	0	0	0	0	0	0	0	0	0	0	0	0	0	0	0	0	0	0	0	0	0	0	0	0	0	0	0	0	0	0	0	1	11	0	0	0	0	0	0	0	0	0	0	0	0	0	0	0
C9193	0	0	0	0	0	0	7	0	0	1	4	1	1	0	1	0	0	6	0	1	4	2	0	0	0	1	1	3	0	0	0	1	1	3	0	0	3	14	0	0	0	0	0	7	0	17	2	0	4	13	0	0	0	1	1	0	0	1	0	4	2	0	1	0	1	0	13	0	0	0	0	0	0	0	3	0	0	0
C9194	0	0	0	2	11	0	2	5	0	1	22	0	4	0	10	0	0	4	0	7	15	2	2	1	8	9	1	4	0	0	1	6	8	0	0	0	2	3	5	3	0	2	0	13	2	8	5	0	8	5	1	0	0	18	2	2	0	9	3	6	4	11	4	4	3	0	15	0	4	1	0	5	0	0	5	4	0	1
C9195	0	0	0	0	1	1	0	0	0	0	0	0	0	0	0	0	0	0	0	0	0	0	0	0	0	0	0	0	0	0	0	0	0	0	0	1	1	0	0	2	0	2	0	0	0	1	0	0	1	0	0	0	0	0	0	0	0	0	0	2	3	0	1	0	9	0	0	8	1	0	0	0	0	0	0	0	0	0
C9196	0	0	0	0	0	0	17	15	0	0	1	0	1	0	0	0	0	0	0	0	0	0	0	0	0	1	1	0	0	0	0	7	0	1	18	0	0	10	0	1	0	0	0	13	1	0	2	0	0	0	0	0	0	0	4	39	0	0	3	7	0	10	0	0	0	0	0	4	1	1	0	0	0	0	0	2	0	0
C9206	0	0	0	1	2	0	1	2	0	1	0	0	0	0	1	0	0	1	0	2	1	0	0	0	0	2	0	0	0	0	4	1	0	1	1	0	2	0	1	3	0	0	0	0	0	2	0	2	1	0	0	0	1	3	0	0	0	2	0	3	3	2	1	2	1	0	3	0	1	0	0	0	0	0	0	1	0	0
C9209	0	0	0	3	1	0	2	1	0	0	0	0	2	0	1	0	0	0	0	0	0	0	0	0	1	0	0	1	0	0	0	1	2	0	0	0	2	0	1	1	0	0	0	0	1	0	1	0	0	0	0	0	0	0	1	0	0	0	2	2	2	0	0	0	1	0	1	0	1	0	0	0	0	0	2	0	0	0
C9214	0	7	1	0	0	0	0	0	6	0	0	0	0	0	0	0	0	0	0	0	0	0	0	0	0	0	0	0	0	0	0	0	0	0	0	0	0	0	0	0	17	0	0	0	0	0	0	0	0	0	0	0	0	0	0	0	0	0	0	0	0	0	0	0	0	44	0	0	0	0	0	0	0	0	0	0	0	0
C9216	0	0	0	1	1	0	3	0	0	0	0	0	1	0	2	0	0	4	0	0	0	1	2	0	1	0	0	1	0	0	0	3	7	1	0	0	21	1	6	0	0	0	0	0	0	0	0	0	1	1	0	0	0	2	1	0	0	0	0	0	0	1	0	0	4	0	1	0	1	0	0	0	0	0	1	0	0	0
C9220	1	0	0	0	0	0	0	0	0	0	0	0	0	0	0	1	0	0	0	2	0	0	0	1	0	0	0	0	0	0	0	0	0	0	0	0	0	1	0	0	2	0	0	0	0	1	0	0	1	0	0	3	0	0	0	0	0	0	0	0	0	0	0	0	0	4	0	0	0	0	0	0	0	0	0	0	1	0
C9221	0	0	0	3	0	0	5	0	0	2	8	0	8	0	0	0	0	6	0	1	2	1	2	0	0	7	0	2	0	0	1	1	3	4	0	0	7	17	2	1	0	0	0	7	1	30	2	0	6	20	0	0	0	3	2	0	0	0	0	2	2	1	0	1	0	0	23	0	0	2	0	1	0	0	2	0	0	0
C9223	0	0	0	0	0	0	15	0	0	0	0	0	0	0	0	0	0	0	0	0	0	0	0	0	0	0	0	0	0	0	0	0	0	0	0	0	0	0	0	0	0	0	0	0	0	0	0	0	1	0	0	0	0	0	0	2	0	0	0	0	0	0	0	0	2	0	0	10	0	0	0	0	0	0	0	0	0	0
C9224	0	0	0	5	7	0	0	1	0	3	0	0	4	0	2	0	0	3	0	0	3	2	1	0	4	5	1	2	0	0	0	4	2	0	1	0	6	1	2	0	0	0	0	1	5	2	1	1	1	9	0	0	0	1	0	1	0	2	4	3	2	0	1	3	2	0	4	3	4	0	0	8	0	0	4	2	0	2
C9226	0	0	0	0	0	0	0	0	0	1	0	0	0	0	0	0	0	0	0	0	1	0	0	0	0	0	0	0	0	0	0	0	0	0	0	0	0	0	0	1	0	0	0	0	0	0	0	0	1	1	0	0	0	0	0	0	0	0	0	0	8	0	0	0	2	0	0	9	0	0	0	0	0	0	0	0	0	0
C9228	1	0	0	0	0	0	0	0	0	0	0	0	0	1	0	1	0	0	0	0	0	0	0	0	0	0	0	0	0	0	0	0	0	0	0	0	0	0	0	0	5	0	0	0	0	0	0	0	0	0	0	0	0	0	0	0	0	0	0	0	0	0	0	0	0	7	0	0	0	0	0	0	0	0	0	0	0	0
C9229	0	0	0	1	0	0	0	0	0	0	0	0	0	0	0	0	0	0	0	1	0	0	0	0	0	0	0	0	0	0	0	0	0	1	0	0	0	0	0	1	0	0	0	1	0	1	0	0	1	0	0	0	0	0	0	0	0	0	0	0	0	1	1	3	0	0	1	0	0	0	0	1	0	0	0	1	1	0
C9230	0	0	0	0	13	0	5	0	0	0	1	0	9	0	16	0	0	6	0	2	18	3	4	1	1	39	0	16	0	0	0	1	8	3	0	0	9	2	10	7	0	0	0	9	2	11	5	0	1	12	0	0	0	12	2	0	0	9	7	19	2	14	1	0	7	0	21	0	0	2	0	0	0	0	6	1	0	0
C9239	4	8	0	0	0	0	0	0	10	0	0	0	0	0	0	0	0	0	0	0	0	0	0	0	0	0	0	0	0	0	0	0	0	0	0	0	0	0	0	0	0	0	0	0	0	0	0	0	0	0	0	0	0	0	0	0	0	0	0	0	0	0	0	0	0	5	0	0	0	0	0	0	0	0	0	0	0	0
C9245	0	0	0	0	1	0	1	0	0	0	1	0	0	0	0	0	0	1	0	0	1	0	0	0	0	1	0	0	0	0	0	0	1	0	1	0	0	1	0	0	0	0	0	1	0	0	0	0	1	0	0	0	0	0	0	0	0	0	0	0	0	0	1	1	0	0	0	0	2	0	0	0	0	0	0	0	0	0
C9246	0	0	0	0	0	0	12	0	0	0	0	0	0	0	0	2	0	0	0	0	1	0	0	0	0	0	1	0	0	0	0	0	0	0	0	0	0	0	0	2	0	0	0	0	0	0	0	0	0	0	0	0	0	0	0	14	0	0	1	0	0	1	0	0	59	0	0	39	1	0	2	0	0	0	0	2	0	0
C9248	0	0	4	0	0	0	0	0	0	0	0	0	0	0	0	0	0	0	0	0	0	0	0	0	0	0	0	0	0	0	0	0	0	0	0	0	0	0	0	0	5	0	0	0	0	0	0	0	0	0	0	1	0	0	0	0	0	0	0	0	0	0	0	0	0	4	0	0	0	0	0	0	0	0	0	0	0	0
C9249	0	0	0	0	0	0	1	0	0	1	1	0	1	0	0	0	0	0	0	0	0	1	0	0	1	0	1	0	0	0	0	1	0	0	0	0	1	0	1	0	0	0	0	1	1	0	0	1	0	1	0	0	0	0	0	0	0	1	1	0	1	0	0	0	0	0	0	0	0	0	0	0	0	0	0	0	0	0
C9250	0	0	0	0	0	0	1	0	0	0	1	0	0	0	0	0	0	1	0	0	0	0	0	0	1	0	0	0	0	0	0	0	0	1	0	0	0	0	0	0	0	0	0	0	0	0	0	0	0	0	0	0	0	0	1	0	0	1	0	0	0	0	0	1	0	0	0	2	0	0	0	0	0	0	2	0	0	0
C9252	0	0	0	0	0	0	0	0	0	0	0	0	0	0	1	0	0	1	0	0	1	1	0	0	6	0	0	0	0	0	0	1	0	0	0	0	0	1	1	2	0	0	0	0	0	0	0	0	1	0	0	0	0	0	1	0	0	0	0	2	0	0	0	0	1	0	0	0	3	0	0	1	0	0	0	0	0	1
C9253	0	0	0	0	1	0	0	0	0	1	0	0	0	0	1	0	0	0	0	0	0	0	0	0	1	1	0	0	0	0	0	0	0	0	0	0	0	0	0	0	0	0	0	0	0	0	0	0	1	0	0	0	0	0	0	3	0	0	3	0	0	0	0	0	0	0	0	0	0	1	0	0	0	0	0	0	0	0
C9256	0	0	0	0	0	0	0	1	0	0	0	0	5	0	1	0	0	2	0	2	2	0	0	0	0	1	0	8	0	0	0	0	0	0	0	0	3	1	0	5	0	0	0	1	0	1	0	2	0	0	0	0	0	1	0	0	0	0	0	1	2	1	0	1	0	0	1	0	1	6	0	0	0	0	0	1	0	0
C9257	0	0	0	0	3	0	2	0	0	0	0	0	0	0	5	0	0	0	0	1	12	1	1	0	0	2	1	1	0	0	0	4	14	0	0	0	18	0	8	13	0	0	0	3	2	4	3	1	2	1	0	0	0	3	0	1	0	2	2	1	0	8	2	0	10	0	2	0	2	0	0	0	0	0	2	0	0	0
C9260	0	0	0	4	1	0	5	0	0	3	3	0	1	0	2	0	0	1	0	1	0	0	0	0	0	0	0	1	0	0	0	1	4	0	0	0	0	4	0	0	0	0	0	6	0	15	0	0	3	7	0	0	0	0	0	0	0	1	0	3	3	0	0	0	0	0	7	0	1	1	0	0	0	0	2	0	0	0
C9261	0	0	0	0	0	0	12	0	0	0	0	0	0	0	0	0	0	0	0	0	0	0	0	0	0	0	0	0	0	0	0	0	0	0	0	0	1	0	0	0	0	1	0	0	1	0	0	0	0	0	0	0	0	0	0	3	0	0	0	0	0	0	0	0	0	0	0	19	0	2	1	0	0	0	0	1	0	0
C9264	0	0	0	0	0	0	0	0	0	0	0	0	0	0	1	0	0	0	0	4	2	0	3	0	0	1	0	22	0	0	0	2	0	0	9	0	0	2	0	0	0	0	0	1	0	0	0	0	0	0	0	0	0	0	0	5	0	3	0	0	0	0	0	0	15	0	0	0	0	0	0	0	0	0	0	0	0	0
C9265	1	1	3	0	0	0	0	0	0	0	0	0	0	2	0	14	0	0	0	0	0	0	0	0	0	0	0	0	0	0	0	0	0	0	0	0	0	0	0	0	1	0	0	0	0	0	0	0	0	0	0	0	0	0	0	0	0	0	0	0	0	0	0	0	0	18	0	0	0	0	0	0	0	0	0	0	0	0
C9267	0	0	0	0	2	0	1	0	0	0	1	0	1	0	0	0	0	0	0	0	0	1	1	1	1	0	0	0	0	0	0	0	1	0	0	0	1	1	1	1	0	0	0	3	1	0	2	0	0	1	0	0	0	0	2	0	0	0	0	2	0	4	0	0	0	0	0	0	0	0	0	0	0	0	0	0	0	0
C9269	0	0	0	0	0	0	0	5	0	2	6	0	7	0	17	0	0	3	1	1	1	2	2	0	4	1	0	14	0	0	0	6	0	0	1	0	5	3	2	6	0	0	0	0	2	5	20	8	5	0	2	0	0	17	6	0	0	196	0	2	3	47	25	0	1	0	3	0	0	7	0	0	0	0	1	1	0	0
C9270	0	0	0	1	0	0	0	0	0	0	1	0	2	0	0	0	0	0	1	0	0	0	0	0	0	0	0	1	0	0	0	0	0	1	0	0	1	0	0	0	0	0	0	0	2	1	0	0	0	0	2	0	0	1	0	0	0	2	1	0	1	0	1	8	0	0	1	0	1	1	0	0	0	0	1	0	0	0
C9271	1	0	0	0	1	0	0	0	0	0	0	0	0	0	0	0	0	0	0	0	0	0	1	0	0	0	1	1	0	0	0	1	1	0	0	0	0	0	0	0	0	0	0	0	0	1	0	0	0	1	0	0	0	2	0	0	0	0	0	0	0	0	0	0	0	0	1	0	1	0	0	0	0	0	0	0	0	0
C9273	0	0	0	0	0	0	0	0	0	0	0	0	0	0	0	0	0	0	0	0	0	0	0	0	0	0	0	0	0	0	0	0	0	0	0	0	0	0	0	0	0	0	0	0	0	0	0	0	0	0	0	0	0	0	0	0	0	0	0	0	0	0	0	0	0	16	0	0	0	0	0	0	0	0	0	0	0	0
C9274	0	0	0	0	1	0	0	1	0	1	0	0	0	0	1	0	0	0	0	0	0	1	0	0	0	1	3	0	0	0	0	0	2	0	0	0	0	0	0	0	0	0	0	0	0	0	0	0	1	1	0	0	0	0	1	1	0	0	0	1	1	0	0	3	0	0	0	1	0	0	0	0	0	0	1	1	0	0
C9276	0	0	0	0	0	0	1	0	0	0	0	2	0	0	0	0	0	0	0	0	0	1	1	0	1	0	0	0	0	0	0	0	0	0	0	0	0	0	0	0	0	0	0	2	0	0	0	0	0	0	0	0	2	0	0	0	0	0	0	1	0	1	0	0	0	0	2	0	2	0	0	1	1	0	0	0	0	0
C9279	0	0	0	0	0	0	0	1	0	0	0	0	0	0	0	0	0	0	0	0	0	0	0	0	0	0	0	0	0	0	0	0	0	0	1	0	0	2	0	0	0	0	0	0	0	0	0	0	0	0	0	0	0	0	0	0	0	0	1	6	0	0	0	0	0	0	0	0	0	0	0	0	0	0	0	0	0	0
C9280	0	0	0	0	0	0	2	0	0	0	0	0	0	0	0	0	0	0	0	0	0	0	0	0	0	0	0	0	0	0	0	0	0	0	0	0	0	0	0	0	0	0	0	0	0	0	0	0	0	0	0	0	0	0	0	1	0	0	0	0	0	0	0	0	31	0	0	0	0	0	0	0	0	0	0	0	0	0
C9282	0	0	0	0	0	0	27	0	0	0	0	0	0	0	0	0	0	0	0	0	0	0	0	0	0	0	0	0	0	0	0	0	0	0	0	0	0	0	0	0	0	0	0	0	0	0	0	0	0	0	0	0	0	0	0	18	0	0	0	0	0	0	0	0	0	0	0	26	0	0	0	0	0	0	0	4	0	0
C9283	0	0	0	0	0	0	0	0	0	0	15	0	0	0	3	0	0	0	0	0	0	0	2	0	0	0	0	28	0	0	0	10	0	0	20	0	0	0	0	0	0	0	0	0	0	0	1	0	1	3	0	0	0	8	0	9	0	3	0	0	8	9	0	24	0	0	0	0	11	0	0	3	0	0	0	5	0	0
C9284	0	0	0	6	7	0	4	5	0	3	8	0	6	0	5	0	0	7	0	4	6	0	3	0	3	8	0	0	0	0	0	1	1	7	0	0	11	18	3	2	0	0	0	13	0	21	3	0	13	10	0	0	0	4	5	3	0	2	6	2	7	0	2	2	1	0	34	0	0	2	0	1	0	0	7	0	0	0
C9291	0	0	0	0	0	0	0	0	0	0	0	0	0	0	4	0	0	0	0	1	0	0	0	0	0	1	0	0	0	0	0	0	0	0	0	0	0	0	0	0	0	0	0	0	0	1	0	0	0	0	0	0	0	0	0	0	0	1	1	1	0	0	0	0	0	0	2	0	0	3	0	0	0	0	2	1	0	0
C9293	0	0	0	0	3	0	4	2	0	0	1	0	0	0	0	0	0	1	0	0	4	0	0	0	1	2	0	1	0	0	0	0	1	0	0	0	2	0	0	1	0	0	0	2	0	2	0	0	0	0	0	0	0	1	1	0	0	0	1	2	2	3	1	0	1	0	4	0	0	0	0	0	0	0	1	1	0	0
C9294	0	0	0	15	6	0	18	1	0	15	18	0	10	0	17	0	0	22	0	6	9	1	2	0	3	10	0	2	0	1	0	4	5	10	0	0	23	34	8	2	0	0	0	33	0	77	12	7	32	44	0	0	0	12	6	3	0	6	3	6	17	6	5	1	1	0	47	1	1	6	0	0	0	0	15	7	0	0
C9295	0	0	0	0	0	0	0	0	0	0	0	0	0	0	0	0	0	1	0	1	0	1	0	0	0	1	0	2	0	0	0	1	0	0	0	0	0	1	0	2	0	0	0	0	0	0	0	0	0	0	0	0	0	0	1	0	0	3	0	2	0	2	0	0	4	0	2	0	0	0	0	0	0	0	1	0	0	0
C9297	0	0	0	2	0	0	0	0	0	2	1	0	1	0	4	0	0	3	0	1	3	0	0	0	2	0	0	0	0	0	0	0	0	2	0	0	4	4	0	2	0	1	0	2	0	7	4	0	3	3	0	0	0	0	1	0	0	0	0	0	0	0	3	0	0	0	8	0	1	1	0	0	0	0	0	0	0	0
C9300	0	0	0	0	0	0	0	0	0	0	0	0	1	0	0	0	0	0	0	0	0	1	0	0	0	0	1	0	0	0	0	0	0	0	0	0	1	0	0	0	0	0	0	0	1	0	0	0	0	2	0	0	0	1	0	0	1	0	0	0	2	0	0	0	0	0	0	1	0	0	0	0	0	0	0	1	0	0
C9302	0	0	0	0	0	0	0	2	0	0	0	0	1	0	1	0	0	0	2	0	0	0	0	1	0	1	0	0	0	0	0	0	0	0	0	0	1	0	0	0	0	0	1	0	1	0	0	1	0	1	0	0	1	0	0	0	1	0	1	1	2	0	0	0	0	0	0	0	3	0	0	0	0	0	0	0	0	2
C9303	0	0	0	0	0	0	0	0	0	0	0	0	0	0	0	0	0	0	0	0	0	0	0	0	0	0	0	0	0	0	0	0	0	2	0	0	0	1	0	4	0	0	0	0	0	0	0	0	0	0	0	0	0	0	0	0	0	0	0	0	0	0	0	0	0	0	0	0	5	0	0	0	0	0	0	0	0	0
C9304	0	0	0	1	2	0	2	1	0	2	1	0	4	0	0	0	0	1	0	0	0	1	0	0	0	2	1	0	0	0	0	1	0	0	0	0	0	0	1	0	0	0	0	0	1	1	0	0	0	1	0	0	0	2	0	1	0	2	2	1	1	0	0	0	0	0	1	1	1	0	0	0	0	0	1	0	0	0
C9305	0	0	0	0	0	0	7	0	0	0	0	0	0	0	0	0	0	0	0	0	0	0	0	0	0	0	1	0	0	0	0	0	0	0	0	0	0	0	0	0	0	0	0	0	0	0	0	0	0	0	0	0	0	0	0	3	0	0	2	0	0	0	0	0	0	0	0	3	0	0	0	0	0	0	0	0	0	0
C9306	0	0	0	8	0	0	0	2	0	2	4	0	14	0	11	0	0	13	0	20	9	2	3	1	2	6	2	19	0	0	0	1	3	1	0	0	17	9	0	48	0	0	0	17	2	50	4	5	1	0	0	0	0	26	12	0	0	12	1	3	17	6	13	3	0	0	52	0	6	21	0	1	0	0	6	8	0	0
C9307	0	0	0	0	0	0	0	0	0	0	1	0	0	0	0	0	0	0	0	1	1	2	0	0	0	0	0	0	0	0	0	0	0	0	0	0	1	0	0	0	0	0	0	1	0	0	1	0	0	0	0	0	0	0	0	0	0	0	0	1	0	1	1	0	2	0	1	0	0	0	0	0	0	0	1	0	0	0
C9310	0	0	0	0	0	0	0	0	0	0	0	0	0	0	0	0	0	0	0	0	0	0	0	0	0	0	0	0	0	0	0	0	0	0	0	0	1	0	1	0	0	0	0	0	0	0	0	2	0	0	0	0	0	0	0	0	0	0	0	0	0	0	0	0	0	0	1	0	0	6	0	0	0	0	0	0	0	0
C9311	0	0	0	0	0	0	0	0	0	0	3	0	0	0	0	0	0	0	0	0	0	0	0	0	0	0	0	4	0	0	0	4	0	0	2	0	0	0	0	0	0	0	0	0	0	0	0	0	0	1	0	0	0	0	0	2	0	0	0	0	0	1	0	2	0	0	0	0	3	0	0	0	0	0	0	1	0	0
C9312	0	0	0	1	1	0	0	0	0	1	0	0	0	0	2	0	0	1	0	1	2	1	0	0	2	2	1	0	0	0	0	0	1	0	0	0	0	0	0	0	0	0	0	0	0	0	0	0	1	1	0	0	0	0	1	1	0	1	1	2	1	1	1	0	0	0	0	3	2	0	0	0	0	0	0	2	0	0
C9313	0	0	0	1	0	0	0	1	0	0	1	0	1	0	1	0	0	1	0	1	2	1	0	1	0	0	0	0	0	0	0	0	0	0	0	0	0	1	0	0	0	0	0	0	0	0	0	0	0	0	0	0	0	0	0	0	0	0	1	0	0	0	0	1	0	0	0	0	1	0	0	2	0	0	0	0	0	0
C9314	0	0	0	0	0	0	0	0	0	0	0	0	0	0	0	0	0	0	0	0	0	0	0	0	0	0	0	0	0	0	0	0	0	0	0	0	0	0	0	1	0	0	0	0	0	0	0	0	0	0	0	0	0	0	0	0	0	0	0	0	0	0	0	0	8	0	0	0	0	0	2	0	0	0	0	0	0	0
C9316	1	0	0	0	1	0	0	0	0	0	0	1	1	0	0	0	0	2	1	0	2	0	0	0	0	2	0	1	0	0	0	0	1	0	0	0	0	0	1	0	0	0	1	1	0	0	0	1	0	0	0	0	0	0	1	0	0	0	0	0	1	1	0	2	1	0	0	0	0	0	0	4	0	0	1	1	0	0
C9318	0	0	0	3	0	0	0	0	0	0	2	0	1	0	0	0	1	1	0	0	1	1	0	0	0	1	0	1	0	0	0	0	0	0	0	0	1	0	0	5	0	0	0	0	0	0	1	0	1	0	0	0	0	0	1	1	0	2	0	1	2	1	0	0	0	0	0	0	1	3	0	0	0	0	0	1	0	0
C9319	1	0	6	4	0	0	0	0	0	0	0	0	0	1	0	3	0	32	0	0	0	3	0	0	73	0	0	21	0	0	0	62	0	0	0	0	20	0	3	3	0	0	0	0	0	0	0	1	0	0	0	3	0	41	0	0	0	0	0	9	0	0	0	0	0	61	3	0	4	0	0	0	0	0	0	0	0	0
C9320	0	0	0	0	0	0	0	0	0	0	0	0	0	0	0	0	0	0	0	0	0	0	0	0	3	0	0	0	0	0	0	0	0	0	0	0	0	0	0	0	0	0	0	0	0	0	0	0	0	0	0	0	0	0	0	0	0	0	1	0	0	1	0	0	0	0	0	9	0	0	0	0	0	0	0	0	0	0
C9323	0	3	2	0	0	0	0	0	6	0	0	0	0	0	0	1	0	0	0	0	0	0	0	0	0	0	0	0	0	0	0	0	0	0	0	0	0	0	0	0	14	0	0	0	0	0	0	0	0	0	0	0	0	0	0	0	0	0	0	0	0	0	0	0	0	21	0	0	0	0	0	0	0	0	0	0	0	0
C9324	0	0	0	0	1	0	2	0	0	0	0	0	0	0	0	0	0	0	0	0	0	0	0	0	0	1	0	0	0	0	0	0	0	0	2	0	0	2	0	0	0	0	0	0	0	0	2	0	1	0	0	0	0	0	0	3	0	0	0	2	2	0	0	0	0	0	0	2	0	1	0	0	0	0	0	5	0	0
C9325	0	0	0	1	0	0	1	0	0	0	0	0	0	0	0	0	0	0	0	0	3	0	1	0	0	0	0	0	0	0	0	0	1	1	0	0	1	1	1	0	0	0	0	0	0	2	1	0	0	1	0	0	0	0	0	0	0	0	0	0	0	1	1	0	0	0	3	0	1	0	0	0	0	0	0	0	0	0
C9326	0	0	0	0	1	0	1	0	0	0	0	0	0	0	0	0	0	0	0	0	0	1	0	0	0	0	2	1	0	0	0	1	0	0	0	0	0	0	0	0	0	0	0	0	2	0	0	0	0	0	0	0	0	0	1	0	1	1	1	1	0	0	1	3	0	0	0	0	0	0	0	1	0	0	2	4	0	0
C9327	0	0	1	10	2	0	14	0	0	10	16	0	5	0	5	0	1	10	0	5	7	0	5	0	0	7	1	3	0	0	4	2	0	3	0	0	20	39	1	0	1	0	0	26	0	68	7	0	24	42	1	0	1	4	5	0	1	4	1	3	8	1	2	0	1	0	32	0	0	3	0	1	2	0	4	2	0	0
C9329	0	0	1	0	0	0	0	0	1	0	0	0	0	0	0	0	0	0	0	0	0	0	1	0	0	0	0	0	0	0	0	0	0	0	0	0	0	2	0	0	2	0	0	0	0	0	0	0	0	0	0	0	0	0	0	0	0	0	0	7	0	0	0	0	0	10	0	0	0	0	0	0	0	0	0	0	0	0
C9331	0	0	0	0	0	0	0	0	0	0	0	0	0	0	0	0	0	0	0	0	0	0	0	0	1	0	0	0	0	0	0	0	0	0	0	0	0	0	0	0	0	0	0	0	0	0	0	0	0	0	0	0	0	0	0	0	0	0	0	0	0	0	0	0	37	0	0	2	0	0	0	0	0	0	0	0	0	0
C9333	0	0	0	0	0	0	0	0	0	0	0	0	0	0	0	0	0	0	0	0	0	0	0	0	0	0	0	0	0	0	0	0	0	0	0	0	0	0	0	0	0	0	0	0	0	0	0	0	0	0	0	0	0	0	0	0	0	0	0	0	0	0	0	0	0	0	0	0	0	0	245	0	0	0	0	0	0	1
C9335	0	0	0	0	0	0	0	0	0	0	0	0	0	0	0	0	0	0	0	0	0	0	0	0	0	0	0	0	0	0	0	0	0	0	0	0	0	0	0	0	0	0	0	0	0	0	0	0	0	0	0	0	0	0	0	0	0	0	0	0	0	0	0	0	0	0	0	0	0	0	0	0	0	734	0	0	0	0
C9337	0	0	0	0	0	0	22	0	0	0	0	0	0	0	0	0	0	1	0	0	0	0	0	0	0	0	0	0	0	0	0	0	0	0	0	0	0	0	0	2	0	0	0	0	0	0	1	0	0	0	0	0	0	0	0	20	0	0	0	0	0	0	0	0	1	0	0	43	0	0	1	0	0	0	0	3	0	0
C9340	0	0	0	0	0	0	0	0	0	0	0	0	0	0	0	0	0	0	0	0	0	0	0	0	0	0	0	0	0	0	0	0	0	0	0	0	0	0	0	0	0	0	0	0	0	0	0	0	0	0	0	0	0	0	0	0	0	0	0	0	0	0	0	0	0	0	0	0	0	0	15	0	0	0	0	0	0	0
C9343	0	0	0	0	0	0	0	0	0	0	0	0	0	0	0	0	0	0	0	0	0	0	0	0	0	0	0	0	0	0	0	0	0	0	0	0	0	0	0	0	0	0	0	0	0	0	0	0	0	0	0	0	0	0	0	0	0	0	0	0	0	0	0	0	0	0	0	0	0	0	0	0	0	270	0	0	0	0
C9344	0	0	0	0	0	0	0	0	0	0	0	0	0	0	0	0	0	0	0	1	0	0	0	0	0	0	0	0	0	0	0	0	0	0	0	1	0	0	0	0	0	0	0	0	0	0	0	0	0	0	0	0	0	0	0	0	0	0	8	0	3	0	0	0	2	0	0	0	0	1	40	0	0	0	1	0	0	0
C9346	0	0	0	0	0	0	0	0	0	0	0	0	0	0	0	0	0	0	1	0	0	0	0	0	0	0	0	0	0	0	0	0	0	0	0	1	0	0	0	0	0	0	0	0	0	0	0	0	0	0	0	0	0	0	0	0	0	0	0	0	0	0	0	0	0	0	0	0	0	0	10	0	0	0	0	0	0	1
C9347	0	0	0	0	0	0	0	0	0	0	0	0	0	0	0	0	0	0	0	0	0	0	0	0	0	0	0	0	0	0	0	0	0	1	0	0	0	0	1	0	0	1	0	2	0	0	0	0	0	1	0	0	0	0	0	0	1	0	0	21	4	0	0	0	19	0	0	0	0	0	7	0	0	0	0	0	0	0
C9349	0	0	0	0	0	0	0	0	0	0	0	1	0	0	0	0	0	0	0	1	0	0	0	0	0	0	0	1	0	0	0	0	0	0	0	0	0	0	0	2	0	0	0	0	0	0	0	0	0	0	0	0	0	0	0	0	0	0	0	0	7	0	0	0	7	0	0	0	0	0	0	0	0	0	0	0	0	0
C9350	0	0	0	0	0	1	0	0	0	0	0	0	0	0	0	0	0	0	0	0	0	0	0	0	0	0	0	0	0	0	0	0	0	0	0	0	0	0	0	0	0	0	0	0	0	0	0	0	0	0	0	0	0	0	0	0	0	0	0	0	0	0	0	0	0	0	0	0	0	0	26	0	0	0	0	0	0	0
C9351	0	0	0	0	0	0	0	0	0	0	0	0	0	0	0	0	0	0	0	0	0	0	0	0	0	0	0	0	0	0	0	0	0	0	0	0	0	0	0	0	0	0	0	0	0	0	0	0	0	0	0	0	0	0	0	0	0	0	0	0	0	0	0	0	0	0	0	0	0	0	0	0	22	0	0	0	0	0
C9352	0	0	0	0	0	0	0	0	0	0	0	0	0	0	0	0	0	0	0	0	0	0	0	0	0	0	0	0	0	0	0	0	0	0	0	0	0	0	0	0	0	0	0	0	0	0	0	0	0	0	0	0	0	0	0	0	0	0	0	0	0	0	0	0	0	0	0	0	0	0	64	0	0	0	0	0	0	0
C9357	0	0	0	0	0	0	0	0	0	0	0	0	0	0	0	0	0	0	0	0	0	0	1	0	0	0	0	2	0	0	0	0	0	0	0	0	0	0	0	1	0	0	0	0	0	0	0	0	0	0	0	0	0	0	0	0	0	0	0	0	0	0	0	0	0	0	0	0	0	0	1	8	0	0	0	0	0	0
C9358	0	0	0	0	0	3	1	0	0	0	0	2	0	0	0	0	0	0	2	0	0	0	0	0	0	0	4	0	0	0	0	0	0	0	0	4	2	0	0	1	0	2	0	0	0	0	7	0	2	0	0	30	0	0	0	0	2	0	0	0	12	0	0	0	2	0	0	0	0	0	230	32	0	1	0	1	0	6
C9359	0	0	0	0	0	0	0	0	0	0	0	0	0	0	0	0	1	0	0	0	0	0	0	0	0	0	0	0	0	0	0	0	0	0	0	0	0	0	0	0	0	0	0	0	0	0	0	0	0	0	0	0	0	0	0	0	0	0	0	0	1	0	0	0	0	0	0	0	0	0	10	0	0	0	2	0	0	0
C9363	0	0	0	0	0	0	0	0	0	0	0	0	0	0	0	0	0	0	0	0	0	0	0	0	0	0	0	0	0	0	0	0	0	0	0	0	0	0	0	0	0	0	0	0	0	0	0	0	0	0	0	0	0	0	0	0	0	0	0	0	0	0	0	0	0	0	0	0	0	0	0	16	0	0	0	0	0	0
C9364	0	0	7	6	8	5	21	0	0	0	4	6	2	0	2	0	3	35	2	7	8	0	4	3	1	1	0	0	0	6	23	2	8	8	0	0	7	6	0	0	0	24	1	2	3	1	1	8	54	0	4	1	3	1	1	0	0	1	1	9	6	0	1	0	0	1	5	0	0	0	3	0	1	0	0	3	0	4
C9367	0	0	0	0	1	0	2	0	0	2	3	0	0	0	0	0	0	0	0	1	1	0	0	0	0	0	3	0	0	0	0	0	1	0	0	0	2	0	0	6	0	0	0	0	0	0	13	0	6	0	1	0	0	0	0	0	0	0	0	1	71	0	0	0	6	0	0	0	0	0	0	0	0	0	0	0	0	0
C9370	0	0	0	1	0	0	0	0	0	1	0	0	4	0	2	0	0	0	0	2	0	0	1	0	0	1	0	0	0	0	0	0	0	2	0	0	1	0	0	1	0	0	0	6	1	1	3	2	0	1	0	0	0	1	0	0	0	1	0	0	0	1	12	16	1	0	2	0	7	2	0	0	0	0	0	3	0	0
C9374	0	0	0	0	0	0	0	1	0	0	0	0	0	0	0	0	0	0	0	0	1	0	0	0	0	0	0	0	0	0	0	0	0	0	0	0	0	0	0	0	0	0	0	0	0	0	0	0	0	1	0	0	0	1	0	0	0	1	0	0	0	0	0	0	1	0	0	4	1	0	0	0	0	0	0	0	0	0
C9375	0	0	0	0	0	1	0	0	0	0	0	0	1	0	0	0	2	0	1	0	0	1	0	0	0	0	1	0	0	0	0	0	1	0	0	0	0	0	1	8	0	0	0	0	0	0	1	0	0	0	1	0	0	0	0	0	1	0	0	2	9	0	0	0	0	0	0	0	0	0	41	1	0	0	0	0	0	0
C9383	0	0	0	1	1	3	1	0	0	0	0	0	1	0	0	0	0	1	0	0	0	0	0	2	0	0	0	0	0	0	0	0	0	0	0	0	1	0	0	0	0	0	0	0	0	0	6	0	4	0	2	1	0	0	0	0	0	0	0	3	50	0	0	0	26	0	0	1	0	1	51	2	0	0	0	1	0	0
C9385	0	0	0	0	0	0	0	0	0	0	0	0	0	0	0	0	0	0	0	0	0	0	0	0	0	0	0	0	0	0	0	0	0	0	0	0	0	0	0	0	0	1	0	0	0	0	0	0	0	0	1	0	0	0	0	0	0	0	0	0	0	0	0	0	0	0	0	0	0	0	36	0	0	0	0	0	0	1
C9388	0	0	0	0	0	0	0	0	0	0	0	0	0	0	0	0	0	0	0	0	0	0	0	0	0	0	0	0	0	0	0	0	0	0	0	0	0	0	0	0	0	0	0	0	0	0	0	0	0	0	0	0	0	0	0	0	0	0	0	0	0	0	0	0	1	0	0	0	0	0	0	0	10	0	0	0	0	0
C9392	0	0	0	0	13	0	1	3	0	0	4	0	1	0	6	0	0	4	0	1	4	1	3	0	5	3	0	0	0	0	0	2	3	0	0	0	2	0	2	2	0	0	0	5	2	2	1	0	1	2	0	0	0	3	0	2	0	7	2	2	1	4	4	0	0	0	1	0	0	0	0	0	0	0	1	0	0	0
C9393	0	0	0	0	0	0	0	0	0	0	0	0	0	0	0	0	0	0	0	0	0	0	0	0	0	0	0	0	0	0	0	0	0	0	0	0	0	0	0	0	0	0	0	0	0	0	0	0	0	0	0	0	0	0	0	0	0	0	0	0	0	0	0	0	0	0	0	0	0	0	0	0	0	24	0	0	0	0
C9402	0	0	0	0	0	0	0	0	0	0	0	0	0	0	0	0	0	0	0	0	0	0	0	0	0	0	0	0	0	0	0	0	0	0	0	0	0	0	0	0	0	0	0	0	0	0	0	0	0	0	0	0	0	0	0	0	0	0	0	0	0	0	0	0	0	0	0	0	0	0	0	0	0	31	0	0	0	0
C9404	0	0	0	0	0	0	0	0	0	0	0	1	0	0	0	0	0	0	0	0	0	0	0	0	0	0	0	0	0	1	0	0	0	0	0	0	0	0	0	0	0	0	0	0	0	0	0	0	0	0	0	0	0	0	0	0	0	0	0	0	0	0	0	0	0	0	0	0	0	0	10	0	0	0	0	0	0	4
C9405	0	0	0	0	0	0	0	0	0	0	1	0	0	0	0	0	0	0	0	0	0	0	0	0	0	0	0	0	0	0	0	0	0	0	0	0	0	2	0	0	0	0	0	0	0	0	1	0	1	0	0	0	0	0	0	0	0	0	0	0	5	0	0	0	0	0	0	0	0	0	5	0	0	0	0	0	0	0
C9408	0	0	0	0	0	0	0	0	0	0	0	0	0	0	0	0	0	0	0	0	0	0	0	0	0	0	0	0	0	0	0	0	0	0	0	0	0	0	0	0	0	0	0	0	0	0	0	0	0	0	0	0	0	0	0	0	0	0	0	0	0	0	0	0	0	0	0	0	0	0	0	0	16	0	0	0	0	0
C9409	0	0	0	0	0	0	0	0	0	0	0	0	0	0	0	0	0	0	0	0	0	0	0	0	0	0	0	0	0	0	0	0	0	0	0	0	0	0	0	0	0	0	0	0	0	0	0	0	0	0	0	0	0	0	0	0	0	0	0	0	0	0	0	0	0	0	0	0	0	0	0	0	12	0	0	0	0	0
C9414	0	0	0	2	1	0	0	0	0	0	0	0	0	0	0	0	0	0	0	0	0	0	0	0	0	0	1	0	0	0	0	1	0	0	0	0	0	0	0	0	0	0	0	0	0	0	0	0	0	0	0	0	0	0	1	1	0	1	2	0	0	1	0	1	1	0	0	1	2	0	0	0	0	0	0	0	0	0
C9418	0	0	0	0	0	0	1	0	0	0	6	0	0	0	1	0	0	1	0	1	33	0	2	0	0	0	1	1	0	0	0	9	1	0	0	0	5	3	0	1	0	0	0	0	0	0	5	0	21	0	0	0	0	0	0	2	0	1	0	166	8	5	0	0	45	0	0	0	1	437	0	0	0	0	0	0	0	0
C9420	0	0	0	0	0	0	0	0	0	0	0	0	0	0	0	0	0	0	0	0	0	0	0	0	0	0	0	0	0	0	0	0	0	0	0	0	0	0	0	0	0	0	0	0	0	0	1	0	1	0	1	0	0	0	0	0	0	0	1	0	0	0	0	0	0	0	0	0	0	0	10	0	0	0	0	1	0	0
C9422	0	0	0	0	0	0	1	0	0	0	0	0	0	0	0	0	0	0	1	0	0	0	0	0	0	0	0	0	0	0	0	0	0	0	0	0	0	0	1	6	0	0	0	0	0	0	5	0	0	0	0	0	0	0	0	0	0	0	1	0	2	0	0	0	3	0	0	0	0	0	33	0	0	0	0	0	0	0
C9428	0	0	0	0	0	0	0	0	0	0	0	0	0	0	0	0	0	0	0	0	0	0	0	0	0	0	0	0	0	0	0	0	0	0	0	0	0	0	0	0	0	0	0	0	0	0	0	0	0	0	0	3	0	0	0	0	0	0	0	0	0	0	0	0	0	0	0	0	0	0	0	0	0	16	0	0	0	0
C9431	1	0	0	2	0	0	0	1	0	1	1	0	2	0	0	0	0	0	0	1	1	1	0	0	1	0	0	0	0	0	0	1	1	0	0	0	1	0	1	3	0	0	0	0	0	3	0	0	0	0	0	0	0	1	2	1	0	2	0	0	1	0	1	1	0	0	1	0	0	5	0	0	0	0	1	1	0	0
C9440	0	0	0	0	0	0	0	0	0	0	0	0	0	0	0	0	0	0	0	0	0	0	0	0	0	0	0	0	0	0	0	0	0	0	0	0	0	0	0	0	0	0	0	0	0	0	0	0	0	0	0	0	0	0	0	0	0	0	0	0	0	0	0	0	0	0	0	0	0	0	0	0	0	13	0	0	0	0
C9442	0	0	0	0	0	0	0	0	0	0	0	0	0	0	0	0	0	0	0	0	0	0	0	0	0	0	0	0	0	0	0	0	0	0	0	0	0	0	0	0	0	0	0	0	0	0	0	0	0	0	0	0	0	0	0	0	0	0	0	0	0	0	0	0	0	0	0	0	0	0	0	0	12	0	0	0	0	0
C9447	0	0	0	0	0	0	0	0	0	0	0	0	0	0	0	0	0	0	0	0	0	0	0	0	0	0	0	0	0	0	0	0	0	0	0	0	0	0	0	0	0	0	0	1	0	0	0	0	0	0	0	0	0	0	0	0	0	0	0	0	0	0	1	0	0	0	0	0	0	0	0	0	9	0	1	0	0	0
C9449	0	0	0	0	0	0	0	0	0	0	0	0	0	5	0	0	0	0	0	0	0	0	0	0	0	0	0	0	0	0	0	0	0	0	0	0	0	0	0	0	2	0	0	0	0	0	0	0	0	0	0	20	0	0	0	0	0	0	0	0	0	0	0	0	0	0	0	0	0	0	0	0	0	4	0	0	0	0
C9456	0	0	0	0	0	0	1	0	0	0	0	0	0	0	1	0	0	0	0	0	1	0	0	0	0	1	0	0	0	0	0	0	0	0	0	0	1	0	1	0	0	0	0	0	0	0	0	0	0	0	0	0	0	0	0	1	0	0	0	0	1	0	0	0	0	0	0	0	0	0	0	3	0	0	0	0	0	0
C9467	0	0	0	0	0	0	0	0	0	0	0	0	0	0	0	0	0	0	0	0	0	0	0	0	16	0	0	1	0	0	0	1	0	0	2	0	0	0	0	0	0	0	0	0	43	0	0	0	1	0	0	0	0	0	0	0	0	0	0	0	0	0	0	0	0	0	0	0	0	0	0	51	0	0	0	0	0	0
C9474	0	0	3	0	0	0	0	0	0	0	0	0	0	0	0	1	0	0	0	0	0	0	0	0	0	1	0	0	0	0	0	0	0	0	0	0	0	0	0	0	3	0	0	0	0	0	0	0	0	0	0	0	0	0	0	0	0	0	0	1	0	0	0	0	0	10	0	0	0	0	0	0	0	0	0	0	0	0
C9475	0	0	0	0	0	0	0	0	0	0	1	0	0	0	0	0	0	0	0	0	3	0	0	0	0	0	0	0	0	0	0	2	0	0	0	0	0	0	0	0	0	0	0	0	0	0	0	0	0	0	0	0	0	0	0	1	0	0	0	11	0	0	0	0	15	0	0	1	0	31	0	0	0	0	1	0	0	0
C9482	0	0	0	0	0	0	0	0	0	0	0	0	0	0	0	0	0	0	0	0	0	0	0	0	0	0	0	0	0	0	0	0	0	0	0	0	0	0	0	0	0	0	0	0	0	0	0	0	0	0	0	0	0	0	0	0	0	0	0	0	0	0	0	0	2	0	0	0	0	0	0	0	10	0	0	0	0	0
C9483	4	2	2	0	0	0	0	0	0	0	0	0	0	0	0	0	0	0	0	0	0	0	0	0	0	0	0	0	0	0	0	0	0	0	0	0	0	0	0	0	0	0	0	0	0	0	0	0	0	0	0	0	0	0	0	0	0	0	0	0	0	0	0	0	0	0	0	0	0	1	0	4	0	0	0	0	0	0
C9484	0	0	0	1	0	0	0	0	0	0	0	0	0	0	0	0	0	0	0	0	1	2	0	0	0	1	0	1	0	0	0	0	0	0	1	0	0	0	0	0	0	0	0	0	1	0	0	0	0	0	0	0	0	2	0	0	0	1	1	0	1	0	0	0	1	0	1	1	0	0	0	2	0	0	1	0	0	0
C9487	0	0	0	0	0	0	0	0	0	0	0	0	0	0	0	0	0	0	0	0	0	0	0	0	0	0	0	0	0	0	0	0	0	0	0	0	0	0	0	0	0	0	0	0	0	0	0	0	0	0	0	0	0	0	0	0	0	0	0	0	0	0	0	0	0	0	0	0	0	0	12	0	0	0	0	0	0	0
C9492	0	1	0	0	0	0	0	0	0	0	1	1	1	0	2	0	0	0	0	0	1	0	0	0	1	2	0	1	0	0	0	1	0	0	0	0	0	0	0	0	0	0	0	0	0	0	1	1	0	0	0	0	0	0	0	1	1	0	0	3	1	1	0	3	0	0	0	0	0	0	0	2	0	0	0	1	0	1
C9495	0	0	0	1	1	0	2	0	0	1	1	1	3	0	1	0	0	1	0	0	0	2	1	0	0	3	0	3	0	0	0	0	0	1	1	0	1	2	2	0	0	0	0	1	3	2	1	1	0	1	0	0	0	1	0	0	0	1	1	0	0	0	1	0	0	0	0	2	2	0	0	5	0	0	1	0	0	0
C9501	0	0	0	0	0	0	0	0	0	0	0	0	0	0	0	0	0	0	0	0	0	0	0	0	0	0	0	0	0	0	0	0	0	0	0	0	0	0	0	0	0	0	0	0	0	0	0	0	0	0	0	1	0	0	0	0	0	0	0	0	0	0	0	0	0	10	0	0	0	0	0	0	0	0	0	0	0	0
C9502	0	0	0	2	1	0	1	0	0	1	1	0	1	0	2	0	0	0	0	0	1	1	2	0	0	2	0	0	0	1	1	1	0	0	0	0	3	8	0	0	0	0	0	6	0	9	0	1	2	6	0	0	0	1	0	0	0	1	0	1	1	1	0	0	1	0	2	0	0	2	0	0	0	0	1	0	0	0
C9503	0	0	0	0	0	0	0	0	0	0	0	0	0	0	0	0	0	0	0	0	0	0	0	0	0	0	0	0	0	0	0	0	0	0	0	0	0	0	0	1	0	0	0	0	0	0	1	1	1	0	1	0	0	0	0	0	0	0	0	0	3	0	0	0	0	0	0	0	0	0	8	0	0	0	0	0	0	0
C9506	0	0	1	0	1	0	4	0	0	0	3	0	1	0	2	0	0	0	0	0	0	1	1	0	2	3	1	3	0	0	0	4	5	0	0	0	12	1	8	3	0	0	0	8	1	5	1	0	2	2	0	0	0	5	0	0	0	4	1	7	5	3	3	0	0	0	6	0	1	0	0	0	0	0	6	0	0	1
C9512	0	0	0	0	1	0	2	1	0	0	0	0	3	0	4	0	0	0	0	1	0	1	1	0	1	1	0	2	0	0	0	0	3	0	0	0	3	1	3	1	0	0	0	2	0	0	2	0	2	1	0	0	0	1	0	2	0	2	3	1	7	0	2	1	0	0	2	4	2	0	0	3	0	0	3	2	0	0
C9513	0	0	6	0	0	0	0	1	4	0	0	0	0	0	0	0	0	0	0	0	0	0	0	0	0	0	0	0	0	0	0	1	0	0	1	0	0	1	0	1	8	0	0	0	0	0	0	0	0	0	0	0	0	0	0	1	0	0	0	0	0	1	0	0	0	22	0	0	0	0	0	0	0	0	0	0	0	0
C9514	0	0	0	2	1	0	1	2	0	4	1	0	9	0	9	0	0	3	0	4	1	3	2	0	0	3	2	0	0	0	0	0	1	5	0	0	6	1	3	4	0	0	0	4	2	4	3	1	0	2	1	0	0	2	0	0	0	4	0	1	3	5	20	35	1	0	2	0	5	9	0	0	0	0	1	4	0	0
C9522	1	0	0	0	3	0	0	5	0	1	0	0	1	0	0	0	0	1	0	2	0	0	1	0	0	1	0	2	0	0	0	1	2	0	0	0	0	0	1	2	0	0	0	2	0	0	1	0	2	1	0	0	0	0	0	16	0	0	6	1	0	0	0	3	0	0	0	0	1	2	0	1	0	0	1	1	0	1
C9523	0	0	0	0	0	0	0	0	0	0	0	0	0	0	0	0	0	0	0	0	0	0	0	0	0	0	0	0	0	0	0	0	0	0	0	0	0	0	0	0	0	0	0	0	0	0	0	0	0	0	0	0	0	0	0	0	0	0	0	0	0	0	0	0	0	0	0	0	0	0	0	0	0	11	0	0	0	0
C9524	0	0	0	0	0	1	0	0	0	0	0	0	0	0	0	0	0	0	0	0	0	0	0	0	0	0	0	0	0	0	0	0	0	0	0	0	0	0	0	0	0	2	0	0	0	0	0	0	0	0	0	0	0	0	0	0	0	0	0	0	0	0	0	0	0	0	0	0	0	0	16	0	0	0	0	0	0	0
C9525	0	0	0	0	1	0	0	1	0	0	0	0	0	0	0	0	0	1	0	0	1	0	0	0	0	0	0	0	0	0	0	0	1	0	0	0	0	0	1	0	0	0	0	1	0	0	0	0	0	1	0	0	0	0	0	0	0	1	0	0	1	0	0	0	1	0	0	1	0	0	0	1	0	0	0	1	0	0
C9527	0	0	0	0	0	0	30	3	0	0	5	1	0	0	0	0	0	1	0	1	0	0	3	0	41	1	0	0	0	0	0	3	0	0	1	0	0	8	0	5	0	4	0	2	2	0	15	0	5	0	0	0	0	0	0	13	0	0	8	9	7	67	0	0	120	0	0	446	0	0	16	0	0	0	0	2	0	0
C9531	0	0	0	0	0	0	0	0	0	0	0	0	0	0	0	0	0	0	0	0	0	0	0	0	0	0	0	0	0	0	0	0	0	0	0	0	1	0	0	0	0	0	0	0	0	0	0	0	1	0	0	0	0	0	0	0	0	0	0	0	0	0	0	0	0	0	0	10	0	0	0	0	0	0	0	0	0	0
C9534	0	0	0	0	0	0	0	4	0	2	1	0	0	0	1	0	1	1	0	1	0	0	0	0	0	0	0	0	0	0	1	0	1	0	0	0	0	0	0	0	0	1	0	0	1	3	1	1	1	0	0	0	0	1	0	2	0	1	1	0	1	0	1	0	0	0	2	0	0	0	0	0	0	0	0	0	0	0
C9535	0	0	0	0	0	0	0	0	0	0	0	0	0	0	0	0	0	0	0	0	0	0	0	0	3	0	0	0	0	0	0	0	0	0	0	0	0	0	0	0	0	0	0	0	0	0	1	0	0	0	0	0	0	0	0	0	0	0	0	0	0	7	0	0	74	0	0	28	0	0	0	0	0	0	0	0	0	0
C9542	0	0	0	0	1	0	2	0	0	0	1	0	0	0	0	0	0	0	0	1	0	0	0	0	0	0	0	0	0	0	0	0	0	0	0	0	1	0	0	2	0	0	0	0	0	0	0	0	0	1	0	0	0	0	0	0	0	0	0	1	0	0	0	0	0	0	0	0	0	0	0	0	8	0	0	0	0	0
C9544	0	0	0	2	0	0	0	0	0	1	0	0	0	0	0	0	0	0	0	0	0	0	0	0	0	0	0	0	0	0	0	0	0	0	0	0	0	0	0	1	0	0	0	0	0	0	0	0	0	0	0	0	0	0	0	0	0	0	0	0	0	0	0	0	4	0	0	0	0	0	5	0	0	0	0	0	0	0
C9556	0	0	0	0	0	0	0	0	0	0	0	0	0	0	0	0	0	1	0	0	0	3	0	0	1	0	0	0	0	0	0	0	0	3	0	0	0	0	0	1	0	0	0	0	0	0	1	3	0	0	0	0	0	1	0	0	0	3	0	1	0	0	0	0	0	0	0	0	4	2	0	0	0	0	1	0	0	0
C9557	0	0	0	0	0	0	0	0	0	0	0	0	0	0	0	0	0	0	0	0	0	0	0	0	0	0	0	0	0	0	0	0	0	0	0	0	0	0	0	0	0	2	0	0	0	0	0	0	0	0	0	0	0	0	0	0	0	0	0	0	0	0	0	0	0	0	0	0	0	0	10	0	0	0	0	0	0	0
C9560	0	0	0	8	0	0	0	2	0	0	3	0	0	0	1	0	0	2	0	3	1	0	1	0	1	34	14	2	0	0	0	2	1	0	7	0	0	6	0	1	0	0	0	2	1	2	3	0	1	2	0	0	0	2	0	0	4	0	5	0	9	0	0	0	0	0	0	0	4	18	0	6	0	0	0	3	0	0
C9561	0	0	0	1	0	0	0	0	0	0	0	0	1	0	1	0	0	1	0	0	0	1	0	0	0	2	1	1	0	0	0	0	1	0	0	0	0	0	3	1	0	0	0	0	0	0	0	0	0	0	0	0	0	0	1	0	0	0	0	0	0	0	0	0	0	0	1	0	0	0	0	3	0	0	0	1	0	0
C9564	0	0	0	0	0	0	0	0	0	0	0	0	0	0	0	0	0	0	0	0	0	0	0	0	0	2	0	0	0	0	0	0	0	0	0	0	0	1	0	1	0	0	0	0	1	0	0	0	0	0	0	0	0	0	0	0	2	0	0	0	2	0	0	0	0	0	0	0	0	1	0	1	0	0	0	0	0	0
C9568	0	0	0	2	0	0	0	1	0	0	0	0	5	0	1	0	1	1	0	2	0	3	1	0	1	1	0	5	0	0	0	3	2	1	1	0	4	1	1	10	0	0	0	3	0	3	0	1	0	0	0	0	0	3	0	1	0	2	0	2	3	2	6	4	0	0	4	0	5	4	0	0	0	0	2	2	0	0
C9573	0	0	0	4	2	0	2	1	0	1	2	0	1	0	1	0	1	1	0	0	1	1	1	1	0	2	1	0	0	0	0	1	0	2	0	0	1	1	1	0	0	0	0	2	3	0	0	0	1	3	0	0	0	2	0	1	0	1	2	1	6	0	0	0	1	0	3	1	4	0	0	2	0	0	1	1	0	0
C9574	0	1	0	0	0	0	0	0	0	0	0	0	0	0	0	0	0	0	0	0	0	0	0	0	0	0	0	0	0	0	0	0	0	0	0	0	0	0	0	0	0	0	0	0	0	0	0	0	0	0	0	10	0	1	0	0	0	0	0	0	0	0	0	0	0	0	0	0	0	0	0	1	0	18	0	0	0	0
C9580	0	0	0	0	0	0	0	2	0	0	8	0	0	0	0	0	0	0	0	0	0	0	0	0	0	2	1	17	0	0	0	10	0	0	35	0	0	2	0	2	0	0	0	0	0	0	2	0	0	0	0	0	0	6	0	2	0	2	3	0	5	9	0	3	0	0	0	0	11	2	0	2	0	0	1	2	0	0
C9581	0	0	0	0	0	0	22	0	0	0	0	0	0	0	0	0	0	0	0	0	0	0	0	0	0	1	0	0	0	0	0	0	0	0	2	0	0	1	0	0	0	1	0	0	1	0	0	0	0	0	0	0	0	0	0	13	0	0	0	2	2	0	0	0	0	0	0	21	0	1	4	0	0	0	0	4	0	0
C9582	1	0	0	2	2	0	2	1	0	3	0	0	1	0	2	0	0	2	0	1	1	1	0	0	2	0	5	2	0	0	0	2	1	3	1	0	0	1	1	0	0	0	0	1	2	0	2	1	1	2	0	0	0	2	1	0	0	2	1	3	2	0	1	1	1	0	0	3	2	0	0	3	0	0	2	5	0	0
C9586	0	0	0	0	0	0	2	7	0	0	1	0	1	0	0	0	0	0	0	0	0	0	0	0	0	0	0	0	1	0	0	5	0	1	9	0	0	22	0	0	0	1	0	2	0	0	1	0	0	0	0	0	0	0	9	2	0	0	3	24	0	7	0	0	1	0	0	0	0	0	0	0	0	0	0	2	0	0
C9587	0	1	0	0	0	0	0	0	4	0	0	0	0	0	0	0	0	0	0	0	0	0	0	0	0	0	0	0	0	0	0	0	0	0	0	0	0	0	0	0	1	0	0	0	0	0	0	0	0	0	0	0	0	0	0	0	0	0	0	0	0	0	0	0	0	11	0	0	0	0	0	0	0	0	0	0	0	0
C9588	0	0	0	0	0	0	0	0	0	0	1	0	0	0	0	0	0	0	0	0	1	0	0	0	1	0	0	0	0	0	0	0	1	0	0	0	0	0	0	0	0	0	0	0	1	0	0	0	0	0	0	0	0	0	1	1	0	0	0	0	0	0	0	0	0	0	1	0	1	0	0	2	0	0	0	0	0	0
C9590	0	0	0	0	0	0	0	0	0	0	0	0	0	0	0	0	0	0	0	0	0	0	0	0	0	0	0	0	0	0	0	0	0	0	0	0	0	0	0	0	0	0	0	0	3	0	0	0	0	0	0	0	0	0	0	0	0	0	0	0	0	0	0	0	0	0	0	0	0	0	0	8	0	0	0	0	0	0
C9595	0	0	0	1	2	0	1	0	0	1	0	1	1	0	0	0	0	0	0	0	0	0	0	0	1	0	1	0	0	0	0	0	1	0	0	0	0	1	0	0	0	0	0	0	0	0	0	2	1	0	0	0	0	0	1	0	0	0	0	0	1	1	0	0	0	0	0	2	0	0	0	4	0	0	0	2	0	0
C9614	0	0	0	1	2	0	3	0	0	0	2	0	0	0	0	0	0	0	0	0	2	0	0	0	0	2	0	0	0	0	0	0	1	1	0	0	1	1	0	1	0	0	0	1	2	0	2	0	0	1	0	0	1	0	1	2	0	0	0	0	1	0	0	0	1	0	0	1	1	0	0	3	0	0	1	0	0	0
C9616	0	0	0	0	0	0	0	0	0	0	0	0	0	0	0	0	0	0	0	0	0	0	0	0	0	0	0	0	0	1	0	0	0	0	0	0	1	0	2	0	0	0	0	0	0	0	0	0	0	0	0	0	0	0	0	4	0	0	0	0	2	0	1	0	0	0	1	0	0	0	0	0	14	0	1	0	0	0
C9621	0	0	0	0	0	0	9	0	0	0	0	0	0	0	0	0	0	0	0	0	0	0	0	0	0	0	0	0	0	0	0	0	0	0	0	0	0	0	0	0	0	0	0	0	0	0	0	0	0	0	0	0	0	0	0	2	0	0	0	0	0	0	0	0	0	0	0	7	0	0	0	0	0	0	0	0	0	0
C9622	0	0	0	0	0	1	1	0	0	0	0	0	0	0	0	0	0	0	0	0	0	0	0	0	0	1	0	0	0	0	0	0	0	0	0	0	0	7	0	2	0	0	0	0	0	0	0	0	1	0	0	0	0	0	0	0	0	0	0	0	0	0	0	0	0	0	0	0	0	0	4	0	0	0	0	1	0	0
C9628	0	0	0	3	2	0	3	2	0	2	2	0	4	0	3	0	0	3	1	1	4	5	0	0	3	4	2	1	0	0	0	0	8	2	2	0	5	4	2	0	0	0	1	0	4	3	1	2	0	0	0	0	0	2	0	2	0	0	2	1	3	0	0	1	3	0	0	5	1	0	0	7	0	0	2	5	0	0
C9634	0	0	0	0	0	0	0	0	0	0	0	0	0	0	0	0	0	0	0	0	0	1	0	0	0	0	0	0	0	0	0	0	0	0	0	0	0	0	0	0	0	0	0	0	0	0	0	0	0	1	0	1	0	0	0	0	0	0	0	0	0	0	0	0	0	0	0	0	0	0	0	0	0	14	0	0	0	0
C9640	0	0	0	0	0	0	1	0	0	0	0	0	2	0	1	0	0	1	0	0	1	1	1	0	1	3	0	2	0	0	0	1	1	1	0	0	12	1	3	0	0	0	0	2	0	0	0	0	0	6	0	0	0	0	1	0	0	1	0	1	1	1	0	0	5	0	0	0	3	0	0	0	0	0	1	0	0	0
C9644	0	0	0	1	0	1	1	0	0	0	0	1	0	0	0	0	0	0	1	0	0	0	0	0	0	0	0	0	0	0	0	0	0	0	1	0	0	0	0	16	0	1	0	0	0	0	1	0	0	0	0	0	0	0	0	0	0	0	0	0	1	0	0	0	1	0	0	0	0	0	15	0	0	0	0	0	0	0
C9647	0	0	0	0	0	0	0	0	0	0	0	0	0	0	0	0	0	0	0	0	0	0	0	0	0	0	0	0	0	0	0	0	0	0	0	0	0	0	0	0	0	0	0	0	0	0	0	0	0	0	0	0	0	0	0	0	0	0	0	0	0	0	0	0	8	0	0	0	0	0	0	0	3	0	0	0	0	0
C9650	0	0	0	0	2	0	0	0	0	0	0	0	0	0	0	0	0	0	0	0	0	0	0	0	7	0	0	0	0	0	0	0	0	0	0	0	0	0	0	0	0	0	0	0	0	0	0	0	1	0	1	0	0	0	0	4	0	0	1	0	1	3	0	0	63	0	0	12	0	0	0	0	0	0	0	2	0	0
C9657	0	0	0	2	0	0	0	0	0	0	0	0	0	0	0	0	0	0	0	0	0	0	0	0	0	2	1	0	0	0	0	0	0	0	2	0	0	1	1	1	0	0	0	0	2	0	0	0	0	0	0	0	0	0	0	0	0	0	0	0	0	0	0	0	0	0	0	0	0	1	0	1	0	0	0	0	0	0
C9659	0	0	0	0	0	0	0	0	0	0	0	0	0	0	0	0	0	0	0	0	0	0	0	0	0	1	0	1	0	0	0	0	0	0	0	0	1	0	0	0	0	0	0	1	0	1	0	0	0	0	0	0	0	1	0	0	0	0	0	0	1	0	1	5	0	0	0	0	1	0	0	0	0	0	0	0	0	0
C9668	0	0	0	0	0	0	2	1	0	0	0	0	1	0	0	0	0	0	1	1	0	0	0	2	0	1	2	1	0	0	0	0	0	1	0	0	1	0	0	0	0	0	1	1	0	1	0	1	0	0	0	0	0	0	1	1	2	0	0	0	0	0	0	1	0	0	1	1	1	0	0	2	0	0	0	0	0	0
C9672	0	0	0	1	0	0	0	2	1	0	5	0	0	0	2	0	0	0	0	0	0	0	0	0	2	0	0	9	0	0	0	1	0	0	2	0	0	0	0	0	0	0	0	0	0	0	1	0	2	0	0	0	0	1	0	7	0	0	0	1	1	1	0	19	0	0	0	0	6	0	0	0	0	0	0	1	0	0
C9687	0	0	0	0	1	0	1	0	0	0	0	0	0	0	0	0	0	1	0	0	1	0	0	0	0	2	0	1	0	0	0	0	2	1	0	0	0	0	2	1	0	0	0	0	0	0	1	0	0	1	0	0	0	1	0	0	0	0	5	2	0	0	0	0	0	0	6	0	0	0	0	0	0	0	0	0	0	0
C9688	0	0	0	0	1	4	0	0	0	0	0	0	0	0	0	0	2	0	0	0	0	0	0	0	0	0	0	0	8	0	1	0	0	0	0	19	0	0	0	0	0	5	0	0	0	0	0	0	0	0	0	0	0	0	0	0	0	0	0	0	0	0	0	0	0	0	0	0	0	0	4	0	0	0	0	0	2	0
C9693	0	0	0	0	0	0	0	0	0	0	0	0	0	0	0	0	0	0	0	0	0	0	0	0	0	1	0	0	0	0	0	0	0	0	0	0	0	8	0	0	0	1	0	0	1	0	0	0	1	0	0	0	0	1	0	1	0	0	1	0	0	0	0	0	0	0	0	0	0	0	7	0	0	0	0	7	0	0
C9696	0	0	0	0	0	0	1	0	0	0	0	0	4	0	4	0	0	1	0	3	0	0	1	0	1	1	2	1	0	0	0	1	0	1	0	0	0	1	0	2	0	0	0	1	1	2	0	1	0	1	0	0	0	4	0	0	0	1	1	0	1	2	5	12	0	0	3	0	2	6	0	0	0	0	2	2	0	0
C9697	0	0	0	0	0	0	0	0	0	0	0	0	0	0	0	0	0	0	0	0	0	0	0	0	0	0	0	0	0	0	0	0	0	0	0	0	0	0	0	0	0	0	0	0	0	0	0	0	0	0	0	4	0	0	0	0	0	0	0	0	0	0	0	0	0	0	0	0	0	0	0	0	0	15	0	0	0	0
C9698	0	0	0	0	1	0	0	3	0	1	0	0	0	0	0	0	0	1	0	1	0	0	1	0	0	0	1	2	0	0	0	0	0	0	0	0	1	1	2	0	0	0	0	0	0	0	0	0	0	0	0	0	0	0	0	14	0	0	8	0	0	0	0	0	0	0	0	0	0	0	0	0	0	0	0	2	0	0
C9701	0	0	0	1	0	0	0	2	0	1	0	0	2	0	2	0	0	2	0	0	0	1	2	0	0	0	0	6	0	0	0	1	0	1	0	0	1	0	2	4	0	0	0	1	2	3	0	1	0	0	1	0	0	1	2	1	0	7	2	1	0	5	2	8	0	0	2	0	1	10	0	0	0	0	0	3	0	0
C9702	0	0	0	0	4	0	3	1	0	1	3	0	3	0	1	0	0	2	0	1	7	4	0	0	0	5	1	3	0	0	0	10	4	6	4	0	2	3	3	0	0	0	0	2	2	1	0	1	1	3	0	0	0	1	3	2	0	3	5	3	3	1	1	2	1	0	1	2	7	0	0	2	1	0	3	3	0	0
C9704	0	0	0	0	0	1	0	0	0	0	0	0	0	0	0	0	0	0	0	0	0	0	0	0	0	0	1	0	7	1	0	0	0	0	0	17	0	0	0	0	0	4	0	0	0	0	0	0	0	0	0	0	0	0	0	0	0	0	0	0	0	0	0	0	0	0	0	0	0	0	9	0	0	0	0	0	2	0
C9708	0	0	0	0	0	0	1	1	0	0	0	0	0	0	0	0	0	0	0	0	0	0	0	0	0	0	0	0	0	0	0	0	0	0	0	0	0	2	0	0	0	0	0	0	0	0	0	0	0	0	0	0	0	0	0	0	0	0	0	0	0	0	0	0	0	0	0	0	0	10	0	0	0	0	0	0	0	0
C9709	0	0	0	0	0	0	0	0	0	0	0	0	0	0	0	0	0	10	0	0	0	0	0	0	3	7	4	0	0	0	0	0	0	0	0	0	0	1	0	0	0	0	0	0	2	0	0	0	0	0	0	0	0	3	0	0	0	0	0	0	0	0	0	0	0	0	0	0	0	0	0	2	0	0	0	0	0	0
C9712	0	0	0	0	1	0	0	2	0	1	1	0	0	0	3	0	0	0	0	0	0	1	1	0	0	0	0	1	0	0	0	0	1	0	0	0	4	0	1	2	0	0	0	1	1	0	0	0	0	1	0	0	0	2	0	1	0	2	1	0	3	2	2	6	0	0	2	0	1	2	0	0	0	0	0	1	0	0
C9713	0	0	0	0	0	0	0	0	0	0	0	0	0	0	0	0	0	0	0	0	0	2	0	0	0	0	1	0	0	0	0	0	1	0	1	0	0	1	0	2	0	0	0	0	0	0	1	0	2	2	0	0	0	0	3	0	0	0	0	0	34	0	0	0	36	0	0	1	0	0	0	0	0	0	0	2	0	0
C9715	0	0	0	6	32	0	5	47	0	17	2	0	1	0	2	0	0	6	0	2	1	3	1	0	3	4	0	2	0	0	0	8	0	2	0	0	0	3	2	5	0	0	0	6	1	6	0	1	9	9	0	0	0	3	2	88	0	0	62	2	3	1	0	1	0	0	10	1	5	10	0	13	0	0	3	0	0	0
C9722	0	0	0	0	0	0	0	0	0	0	0	0	0	0	0	0	0	0	0	0	0	0	0	1	0	0	0	0	0	0	0	0	0	0	0	0	0	0	0	0	0	0	1	0	0	0	0	0	0	0	0	0	0	0	0	0	0	0	0	0	0	0	0	0	0	0	0	0	0	0	83	0	0	0	0	0	0	0
C9728	0	0	0	4	0	0	2	0	0	1	7	0	2	0	2	0	4	5	0	1	1	1	2	4	0	6	0	2	0	0	1	1	2	4	0	0	4	6	0	1	0	20	0	9	0	15	5	0	3	19	2	0	0	4	4	0	0	2	2	5	5	1	2	0	0	0	22	0	0	0	3	0	0	0	2	0	1	2
C9729	0	0	0	0	5	0	2	0	0	0	2	0	6	0	9	0	0	5	0	2	6	6	1	0	2	3	0	2	0	0	0	3	3	2	0	0	13	0	7	0	0	0	0	14	0	2	1	0	2	6	0	0	0	4	0	0	0	6	2	2	0	1	0	0	1	0	4	0	4	0	0	0	0	0	5	0	0	0
C9736	0	0	0	0	0	0	5	0	0	1	0	0	0	0	0	0	0	0	0	0	0	0	0	0	0	0	0	0	0	0	0	0	0	0	0	0	0	0	0	0	0	0	0	0	0	0	0	0	0	0	0	0	0	0	0	3	0	0	0	0	0	0	0	0	0	0	0	9	0	0	0	0	0	0	0	1	0	0
C9739	0	0	0	0	0	0	0	0	0	0	0	0	0	0	0	0	0	0	0	0	2	1	0	0	0	0	0	0	0	0	0	0	0	0	0	0	0	0	2	0	0	0	0	0	0	0	0	0	4	0	0	0	0	0	0	0	0	0	0	0	2	0	0	0	2	0	0	0	0	0	3	0	0	0	0	0	0	0
C9744	0	0	0	0	1	0	0	0	0	1	0	0	0	0	2	0	0	0	0	0	2	1	0	1	0	1	1	1	0	0	0	0	1	1	0	0	0	0	0	0	0	0	0	1	0	1	1	0	1	1	0	0	0	0	0	0	0	0	0	1	0	1	1	0	0	0	3	0	1	0	0	0	0	0	0	0	0	0
C9751	0	0	0	2	4	0	1	1	0	0	0	0	0	0	0	0	0	2	1	0	2	1	0	0	1	2	1	1	0	0	0	3	0	0	1	1	0	1	0	0	0	0	1	3	1	1	2	0	1	0	0	0	2	2	0	0	0	2	0	1	3	1	0	2	0	0	1	2	2	0	0	5	2	0	2	2	0	0
C9754	1	0	3	0	0	0	0	0	0	0	0	0	0	0	0	1	0	0	0	0	0	0	0	0	0	0	0	0	0	0	0	0	0	0	0	0	0	0	0	0	2	0	0	0	0	0	0	0	0	0	0	2	0	0	0	0	0	0	0	0	0	0	0	0	0	10	0	0	0	0	0	0	0	0	0	0	0	0
C9764	0	0	0	1	0	0	1	1	0	0	1	1	1	0	0	0	0	0	0	0	1	0	0	0	0	1	3	0	0	0	0	1	0	1	0	0	2	0	1	0	0	0	0	1	1	0	0	0	0	0	0	0	0	0	0	0	0	0	0	0	0	0	1	1	2	0	2	0	1	0	0	2	0	0	2	0	0	0
C9771	0	0	0	1	0	0	3	0	0	2	2	0	0	0	1	0	0	4	0	3	2	1	1	0	2	0	0	1	0	1	1	0	1	1	0	0	1	9	0	0	0	0	0	6	0	19	1	1	6	6	0	0	0	3	3	0	0	0	0	1	1	0	0	0	0	0	8	0	1	0	0	0	0	0	0	0	0	1
C9776	0	0	0	0	0	0	0	0	0	0	1	0	1	0	0	0	0	0	0	0	0	0	0	0	0	0	0	0	0	0	0	1	0	0	1	0	0	0	0	0	0	0	0	1	0	2	0	0	0	1	0	0	0	0	0	0	0	0	0	1	0	0	0	0	0	0	0	0	1	0	0	2	0	0	0	2	0	0
C9778	0	0	0	0	2	1	24	0	0	0	0	0	0	0	0	0	0	0	2	0	5	0	0	0	0	0	1	0	0	0	1	0	0	0	1	0	0	1	0	3	0	1	0	0	13	0	4	0	3	0	2	0	0	0	0	19	0	0	3	1	2	0	0	0	30	0	0	25	0	0	0	0	0	0	1	1	0	0
C9782	0	0	0	1	1	0	1	1	0	0	0	0	0	0	0	0	0	0	0	0	1	0	1	0	0	1	1	0	0	0	0	0	0	0	0	0	0	0	1	0	0	0	0	0	0	0	0	0	0	2	0	0	0	0	0	1	0	0	0	0	0	0	0	0	0	0	0	1	1	0	0	1	0	0	1	1	0	0
C9785	0	0	0	0	0	0	0	0	0	0	0	0	0	0	1	0	0	0	0	0	0	0	0	0	0	0	0	0	0	0	0	0	0	0	0	0	1	1	0	1	0	0	0	1	0	0	0	0	0	0	0	0	0	0	0	0	0	0	0	0	0	1	2	4	0	0	1	0	1	2	0	0	0	0	0	1	0	0
C9795	0	3	0	7	3	0	3	3	0	0	3	0	2	0	3	0	0	1	1	0	5	5	3	0	3	7	4	3	0	0	0	2	2	1	5	0	2	3	4	1	0	0	0	2	1	1	0	1	2	4	0	0	1	5	2	2	1	3	1	5	5	1	1	4	3	0	3	2	4	0	0	6	0	0	4	4	0	0
C9796	0	0	0	0	2	0	1	1	0	1	0	0	2	0	2	0	0	3	0	1	1	3	0	0	0	0	2	0	0	0	0	0	0	1	2	0	1	0	1	0	0	0	0	0	1	1	0	0	1	2	0	0	0	2	0	0	0	2	0	3	0	1	0	0	1	0	0	4	1	0	0	1	0	0	3	0	0	0
C9798	1	0	0	0	1	0	6	0	0	2	11	0	0	0	0	3	0	2	0	3	68	1	3	0	0	2	1	2	0	0	0	8	1	0	0	0	22	14	0	2	0	1	0	0	0	0	16	1	29	0	0	0	0	0	0	0	0	2	2	498	17	1	0	0	71	2	0	0	0	1753	0	0	0	1	0	0	0	1
C9801	0	0	0	1	2	0	0	4	0	1	0	0	1	0	4	0	0	0	0	1	1	0	2	0	3	3	0	0	0	0	0	2	0	0	0	0	1	2	0	0	0	0	0	1	0	1	0	0	0	1	0	0	0	2	0	13	0	0	7	0	1	0	1	5	0	0	0	2	2	0	0	3	0	0	1	1	0	1
C9806	0	0	0	0	0	0	0	0	0	0	0	0	0	0	0	0	0	0	0	0	1	0	0	0	0	0	0	0	0	0	0	0	0	0	0	0	1	0	0	0	0	0	0	0	0	0	0	0	0	0	0	0	0	0	0	0	0	0	0	10	0	0	0	0	1	0	0	0	0	23	0	0	0	0	0	0	0	0
C9807	0	0	0	0	0	0	0	0	0	0	1	0	0	0	0	0	0	0	0	0	0	0	0	0	0	0	0	0	0	0	0	0	0	0	0	0	0	0	0	0	0	0	0	0	0	0	0	0	0	0	0	0	0	0	0	0	0	0	0	0	0	0	0	0	0	0	0	1	0	0	11	0	0	0	0	0	0	0
C9808	0	0	0	0	0	0	0	0	0	0	0	1	0	0	0	0	0	0	1	0	0	0	0	0	0	0	0	0	0	0	0	0	0	0	0	0	0	0	0	0	0	2	0	0	0	0	0	0	1	0	0	0	0	0	0	0	0	0	0	0	2	0	0	0	4	0	0	0	0	0	48	0	0	0	0	0	0	1
C9809	0	0	0	0	0	0	0	0	0	0	0	0	0	0	0	0	0	0	0	0	0	0	0	0	0	0	0	0	0	0	0	0	0	0	0	0	0	0	0	0	0	0	0	0	0	0	0	0	0	0	0	0	0	0	0	0	0	0	0	0	0	0	0	0	0	0	0	0	0	0	6	2	0	0	0	0	4	0
C9812	0	0	0	0	0	3	0	0	0	0	0	2	0	0	0	0	0	0	0	0	0	0	0	0	0	0	0	0	0	0	0	0	0	0	0	0	0	0	0	0	0	4	0	0	0	0	0	0	0	0	0	0	0	0	0	0	0	0	0	0	0	0	0	0	0	0	0	0	0	0	28	0	0	0	0	0	0	0
C9817	0	0	0	0	0	0	0	0	0	0	0	0	0	0	0	0	0	0	0	0	0	0	2	0	0	0	0	0	0	0	0	0	0	0	0	0	0	0	0	0	0	0	0	0	13	1	0	0	0	0	0	0	0	2	0	0	0	0	1	0	0	0	0	0	0	1	0	0	1	0	0	71	0	0	0	0	0	0
C9822	0	0	0	0	0	0	0	0	0	0	0	1	0	0	0	0	0	0	0	0	0	0	1	0	0	0	0	0	0	0	0	0	0	0	0	0	0	2	0	0	0	0	0	0	0	0	1	0	0	0	0	0	0	0	0	0	0	0	0	3	1	0	0	0	1	0	0	0	0	0	10	0	0	0	0	1	0	0
C9824	0	0	0	1	1	0	0	0	0	0	0	0	0	0	0	0	0	0	0	1	3	1	0	1	0	1	1	1	0	0	0	1	0	0	0	0	1	0	0	0	0	0	1	1	0	1	1	0	0	1	0	0	0	0	0	1	0	1	0	0	2	0	0	1	0	0	0	0	1	0	0	2	0	0	2	1	0	0
C9826	0	0	0	0	0	0	0	0	0	1	0	0	1	0	0	0	0	0	1	1	0	0	0	0	0	0	1	0	0	0	0	1	0	1	1	0	0	1	0	0	0	0	0	1	0	0	0	2	0	0	0	0	0	0	0	0	0	0	1	0	2	1	5	6	0	0	0	0	1	1	0	0	0	0	0	1	0	0
C9827	0	0	0	0	2	0	4	0	0	0	2	0	2	0	3	0	0	0	0	0	1	7	0	0	1	3	1	0	0	0	0	0	2	1	0	0	6	0	2	0	0	0	0	1	0	3	1	0	1	3	0	0	0	2	0	0	0	5	0	1	0	1	0	0	1	0	2	0	1	0	0	0	0	0	6	0	0	0
C9828	0	0	0	4	4	0	3	1	0	3	4	0	4	0	4	0	0	1	0	1	3	3	0	0	0	3	0	1	0	0	0	3	4	1	1	0	3	1	2	1	0	0	0	0	3	1	1	4	1	0	0	0	0	4	1	5	0	2	0	3	2	2	0	2	2	0	2	1	3	0	0	4	0	0	3	3	0	0
C9831	0	0	0	0	0	0	0	0	0	0	1	0	0	0	1	0	0	1	0	1	1	0	0	0	0	2	0	5	0	0	0	0	1	0	1	0	4	1	1	0	0	0	0	2	0	0	1	0	0	0	0	0	0	0	0	2	0	1	0	1	1	0	0	0	7	0	6	0	0	0	0	0	0	0	4	2	0	0
C9834	0	0	0	1	0	0	1	0	0	0	0	0	0	0	0	0	0	1	0	0	1	0	0	0	0	0	0	0	0	0	0	0	0	0	0	0	0	0	0	0	0	0	0	0	0	0	0	0	0	0	0	0	0	0	0	1	0	0	0	0	0	1	0	0	0	0	1	0	1	0	0	1	0	0	0	2	0	0
C9835	0	0	0	1	1	0	8	0	0	0	3	1	6	0	2	0	0	7	0	1	1	3	2	3	1	5	3	2	0	0	1	2	12	1	0	0	8	0	4	0	0	1	0	8	2	6	5	0	3	5	0	0	1	7	1	1	0	8	1	5	1	2	0	2	7	0	8	0	3	1	0	0	0	0	1	2	0	0
C9838	0	0	0	0	0	0	0	0	0	0	0	0	0	0	0	0	0	0	0	0	0	0	0	0	0	0	0	1	0	0	0	0	0	0	0	0	0	0	1	0	0	0	0	0	1	0	2	0	0	0	0	0	0	0	0	0	0	1	0	0	2	0	1	1	1	0	0	0	0	0	0	0	0	0	0	0	0	0
C9843	0	0	0	0	0	0	0	0	0	0	0	0	0	0	0	0	0	0	0	0	0	2	0	0	0	0	0	0	0	0	0	0	0	0	0	0	0	0	0	0	0	0	0	0	0	0	1	0	1	0	0	0	0	0	0	0	0	0	0	0	8	0	0	0	1	0	0	0	0	0	27	0	0	0	0	0	0	0
C9849	0	0	1	0	2	0	5	0	0	0	3	0	2	0	4	0	0	0	3	1	10	6	3	0	0	20	2	4	0	0	0	0	1	4	0	0	5	0	3	3	0	0	0	10	1	1	3	0	2	2	0	0	0	1	0	0	0	2	0	3	0	1	0	0	8	0	6	0	0	0	0	0	0	0	0	0	0	0
C9853	0	0	0	0	0	0	0	0	0	0	0	0	0	0	0	0	0	0	0	0	0	0	0	0	0	0	0	0	0	0	0	0	0	0	0	0	0	0	0	0	0	0	0	0	0	0	0	0	0	0	0	0	0	0	0	0	0	0	0	0	0	0	0	0	0	0	0	0	0	0	23	0	0	0	0	0	0	0
C9857	0	0	0	8	5	0	0	0	0	1	2	0	3	0	4	0	0	3	1	2	4	0	0	0	0	1	0	8	0	1	1	1	1	3	1	0	6	2	3	6	0	0	0	2	1	7	1	1	1	0	0	0	0	1	1	1	0	0	1	4	2	4	11	10	2	0	1	1	1	11	0	1	0	0	3	3	0	0
C9858	0	0	0	0	2	0	0	1	0	2	0	0	2	0	0	0	0	2	0	1	2	0	0	0	0	1	2	2	0	0	0	0	1	0	1	0	0	0	0	0	0	0	0	1	3	1	1	0	0	0	0	0	0	2	0	0	1	1	1	2	0	1	0	0	0	0	1	1	5	0	0	0	0	0	0	2	0	0
C9863	0	0	0	0	1	0	0	0	0	1	1	0	0	0	0	0	0	0	0	0	0	1	0	0	0	0	0	0	0	0	0	0	1	0	0	0	0	0	0	0	0	0	0	0	2	0	0	1	0	0	0	0	0	0	0	0	0	0	0	0	3	0	0	2	1	0	0	0	0	0	0	0	0	0	0	1	0	0
C9868	0	0	4	0	0	0	0	0	0	0	0	0	0	0	0	11	0	0	0	0	0	0	0	0	0	0	0	0	0	0	0	0	0	0	0	0	0	0	0	0	0	0	0	0	0	0	0	0	0	0	0	40	0	0	0	0	0	0	0	0	0	0	0	0	0	1	0	0	0	0	0	0	0	21	0	0	0	0
C9869	0	0	0	1	0	0	1	1	0	0	2	0	0	0	0	0	0	1	0	2	0	2	0	0	1	0	1	1	0	0	0	0	0	0	0	0	1	1	1	0	0	0	0	0	0	0	0	2	0	0	0	0	0	0	0	0	0	0	0	0	0	0	0	1	0	0	1	0	2	0	0	1	0	0	1	0	0	0
C9871	0	0	0	9	0	0	0	1	0	3	1	0	11	0	13	0	0	0	0	1	0	2	2	0	0	3	2	4	0	0	0	3	0	7	0	0	32	4	0	4	0	0	0	6	5	3	19	6	0	2	0	0	0	9	3	1	0	8	5	0	9	6	18	51	26	0	10	0	8	25	0	0	0	0	1	3	0	0
C9875	0	0	0	0	1	0	1	0	0	1	0	0	0	0	0	0	0	1	1	1	2	2	0	0	2	1	1	1	0	0	0	0	1	0	2	0	3	0	1	0	0	0	0	1	0	0	0	0	1	0	0	0	0	0	0	1	1	2	1	1	1	0	0	1	0	0	1	2	0	0	0	4	0	0	0	0	0	0
C9876	0	0	0	0	0	0	0	0	0	0	0	0	0	0	0	0	0	0	0	0	0	0	0	0	0	0	0	0	0	1	3	0	0	0	0	0	0	0	0	0	0	1	0	0	0	0	0	0	0	0	0	0	0	0	0	0	0	0	0	0	0	0	0	0	0	0	0	0	0	0	0	0	0	0	0	23	0	0
C9886	0	0	1	0	0	0	2	0	0	0	0	0	2	0	1	0	0	0	1	0	3	3	0	0	0	2	0	2	0	0	0	0	2	1	0	0	4	1	5	0	0	0	0	3	0	0	0	0	0	4	0	0	0	1	0	0	0	3	0	4	1	2	0	0	3	0	0	0	1	0	0	0	0	0	3	0	0	0
C9890	0	0	0	1	1	0	1	0	0	0	0	0	4	0	2	0	0	0	0	0	1	1	0	0	0	1	0	0	0	0	0	1	1	3	1	0	2	1	0	0	0	0	0	5	1	0	1	3	1	1	0	0	0	2	1	0	0	1	0	0	0	2	4	22	1	0	2	0	0	4	0	0	0	0	0	1	0	0
C9892	0	0	0	0	0	0	1	0	0	0	0	0	0	0	1	0	0	1	0	0	0	1	0	0	0	1	0	0	0	0	0	0	0	1	0	0	1	0	2	0	0	0	0	0	0	0	0	0	0	0	0	0	0	0	0	0	0	0	0	0	0	0	1	0	0	0	0	0	0	0	0	1	0	0	0	1	0	0
C9898	0	0	0	0	0	0	0	0	0	0	0	0	0	0	0	3	0	0	0	0	0	0	0	0	0	0	0	0	0	0	0	0	0	0	0	0	0	0	0	0	2	0	0	0	0	0	0	0	0	0	0	1	0	0	0	0	0	0	0	0	0	0	0	0	0	0	0	0	0	0	0	0	0	8	0	0	0	0
C9903	0	0	0	0	0	0	0	0	0	0	0	0	0	0	1	0	0	0	0	1	0	1	0	0	0	0	0	0	0	0	0	0	1	1	0	0	0	0	0	0	0	0	0	1	1	0	0	0	0	0	0	0	0	0	0	0	0	0	2	0	0	0	0	1	0	0	0	1	0	0	0	2	0	0	0	1	0	0
C9904	0	0	0	0	0	0	0	0	0	0	6	0	0	0	0	0	0	0	0	0	0	0	0	0	0	1	0	1	0	0	0	0	0	0	0	0	0	0	0	0	0	0	0	0	0	0	0	0	0	0	0	0	0	0	0	0	0	0	0	0	0	0	0	0	0	0	0	0	0	0	0	0	0	0	0	3	0	0
C9905	0	0	0	0	0	0	0	0	0	0	0	0	0	0	7	0	0	1	0	6	1	1	0	0	0	6	0	4	0	0	0	1	0	0	0	0	0	0	1	3	0	0	0	2	0	0	0	0	0	0	0	0	0	0	1	1	0	6	0	2	0	0	0	0	5	0	17	0	0	0	0	0	0	0	20	0	0	0
C9908	0	0	0	0	0	1	1	1	0	0	2	0	0	0	0	0	0	0	0	0	1	0	0	0	0	0	0	0	0	0	0	0	0	0	0	0	0	0	0	0	0	0	1	0	0	0	0	0	0	0	0	0	0	0	0	1	0	0	0	0	0	0	0	0	1	0	0	1	0	0	15	0	0	0	0	1	0	0
C9914	0	0	0	0	7	0	0	0	0	0	0	0	0	1	5	0	0	6	0	16	0	3	0	0	0	13	0	3	0	0	0	7	0	0	1	0	1	0	2	9	0	0	0	1	1	0	0	0	0	1	0	0	0	0	1	0	0	8	0	0	0	1	2	0	5	0	13	0	0	0	0	0	0	0	61	0	0	0
C9915	0	0	0	0	0	0	0	0	0	0	0	0	0	0	0	0	0	0	0	0	0	0	0	0	0	0	0	0	0	0	0	0	0	0	0	0	0	0	0	0	0	1	0	0	0	0	0	0	0	0	0	0	0	0	0	0	0	0	0	0	0	0	0	0	0	0	0	0	0	0	49	0	0	0	0	0	0	0
C9918	0	0	0	0	0	0	0	0	0	0	0	0	0	0	0	0	0	0	0	0	0	0	0	0	0	0	0	0	0	0	0	0	0	0	0	0	0	0	0	0	0	1	0	0	0	0	0	0	0	0	0	0	0	0	0	0	0	0	0	0	0	0	0	0	0	0	0	0	0	0	15	0	0	0	0	0	0	0
C9921	0	0	0	1	0	0	1	0	0	0	0	0	0	0	0	0	0	0	0	0	1	1	0	0	0	0	1	1	0	0	0	0	1	0	0	0	0	0	0	1	0	0	0	0	0	0	6	0	0	0	0	0	0	0	0	0	0	0	2	0	10	0	0	0	16	0	0	1	0	0	0	0	0	0	0	3	0	0
C9923	0	0	0	0	0	0	15	0	0	0	1	0	0	0	0	0	0	0	0	0	0	0	0	0	0	0	0	0	0	0	0	0	0	0	0	0	0	0	0	1	0	2	0	3	1	0	10	0	0	0	0	0	0	2	0	1	0	0	0	4	0	0	0	0	5	0	0	1	0	0	0	0	0	0	0	5	0	0
C9928	0	0	0	0	0	0	1	0	0	0	1	0	0	0	0	0	0	0	0	0	0	0	0	0	0	0	0	0	0	0	0	0	0	0	2	0	1	0	0	0	0	0	0	0	0	0	0	0	0	0	0	0	0	0	0	0	0	0	0	2	1	0	0	0	3	0	1	0	0	0	0	0	0	0	0	4	0	0
C9932	0	0	0	0	0	0	1	0	0	0	0	0	0	0	0	0	0	0	0	0	0	0	0	0	2	0	0	0	0	0	0	0	0	0	0	0	0	0	0	0	0	1	0	0	0	0	0	0	0	0	0	0	0	0	0	0	0	0	0	0	0	1	0	0	0	0	0	12	0	0	10	0	0	0	0	0	0	0
C9934	0	0	0	0	0	1	0	0	0	0	0	0	0	0	0	0	0	0	0	0	0	0	0	0	0	0	0	0	0	0	0	0	0	0	0	0	0	0	0	0	0	3	0	0	0	0	0	0	0	0	0	0	0	0	0	0	0	0	0	0	0	0	0	0	0	0	0	0	0	0	17	0	0	0	0	0	0	0
C9936	0	0	0	0	0	0	0	1	0	0	0	0	1	0	0	0	0	0	0	0	0	0	0	0	0	0	0	0	0	0	0	0	0	0	1	0	0	1	0	1	0	0	0	0	0	0	0	0	0	0	0	0	0	0	1	0	0	0	2	7	0	4	0	0	1	0	0	0	0	0	0	0	0	0	0	0	0	0
C9937	0	0	0	0	0	3	0	0	0	0	0	2	0	0	0	0	0	0	0	0	0	0	0	0	0	0	0	0	0	0	0	0	0	0	0	0	0	0	0	0	0	10	0	0	0	0	0	0	0	0	0	0	0	0	0	0	0	0	0	0	0	0	0	0	0	0	0	0	0	0	218	0	0	0	0	0	0	2
C9943	0	0	0	0	0	0	0	0	0	0	0	0	0	0	0	0	0	0	0	0	0	0	1	0	0	0	0	0	0	0	0	0	0	0	0	0	0	1	0	1	0	1	0	0	2	0	0	0	1	0	0	0	0	0	0	0	0	0	1	2	0	0	0	0	1	0	0	0	0	0	4	0	0	0	0	0	0	0
C9949	7	2	9	0	0	0	0	1	0	0	0	0	0	1	0	3	0	0	0	0	0	0	0	0	0	0	0	0	0	0	0	0	0	0	0	0	0	0	0	0	0	0	0	0	0	0	0	0	0	0	0	2	0	0	0	0	0	0	1	0	0	0	0	0	0	64	0	0	0	0	0	0	0	1	0	0	0	0
C9950	0	0	0	4	0	0	2	2	0	1	2	0	5	0	12	0	0	1	2	2	1	1	0	2	0	1	0	0	0	0	1	0	0	1	0	0	2	1	0	3	0	0	0	5	1	4	2	0	1	0	0	0	0	7	2	2	0	7	5	0	1	2	9	6	1	0	7	0	6	6	0	0	0	0	1	1	0	0
C9952	0	0	0	0	3	0	0	0	0	0	1	0	0	0	1	0	0	0	0	1	2	2	0	0	1	1	1	3	0	0	0	1	0	0	0	0	3	1	3	1	0	0	0	4	1	1	8	0	0	0	0	0	0	0	2	0	0	2	0	1	2	1	4	2	8	0	2	0	2	3	0	0	0	0	2	3	0	0
C9954	0	0	0	7	2	0	1	0	0	2	1	1	3	0	1	0	0	2	0	0	0	3	0	0	1	2	1	4	0	0	0	1	0	1	1	0	2	3	5	1	0	0	0	1	2	0	2	1	2	6	0	0	0	1	0	1	0	1	0	0	1	0	0	3	1	0	1	2	2	0	0	5	0	0	3	3	0	0
C9957	0	0	0	0	0	1	2	0	0	0	0	0	0	0	0	0	0	0	0	0	0	0	0	0	0	0	0	0	0	0	0	0	0	0	0	0	0	0	0	0	0	2	0	0	0	0	0	0	0	0	0	0	0	0	0	2	0	0	0	0	0	0	0	0	0	0	0	0	0	0	24	0	0	0	0	0	0	0
C9959	0	0	0	0	0	0	0	1	0	0	0	0	0	0	0	0	0	0	0	0	0	0	0	0	0	2	0	0	0	0	0	0	0	0	0	0	0	2	0	0	0	0	0	0	0	0	0	0	0	0	0	0	0	0	0	0	0	0	1	2	1	0	0	0	2	0	0	0	0	0	0	0	0	0	0	16	0	0
C9960	0	0	0	0	0	0	1	0	0	0	0	0	0	0	0	0	0	1	0	0	0	0	1	0	0	1	0	0	0	0	0	0	0	1	0	0	0	0	1	0	0	0	0	0	0	1	0	0	0	0	0	0	0	1	0	0	0	0	0	1	0	0	0	0	1	0	0	0	0	0	0	0	0	0	0	1	0	0
C9961	0	0	0	0	0	0	0	0	0	0	0	0	2	0	0	0	0	1	0	0	2	0	0	0	0	1	0	3	0	0	0	0	0	1	0	0	0	0	0	0	0	0	0	0	0	0	0	0	0	1	0	0	0	0	0	0	0	0	0	0	0	0	0	0	0	0	2	0	0	1	0	0	0	0	1	0	0	0
C9963	0	0	1	0	0	0	0	0	1	0	0	0	0	0	0	22	0	0	0	0	0	0	0	0	0	0	0	0	0	0	0	0	0	0	0	0	0	0	0	0	4	0	0	0	0	0	0	0	0	0	0	0	0	0	0	0	0	0	0	0	0	0	0	0	0	2	0	0	0	0	0	0	0	16	0	0	0	0
C9971	0	0	0	0	0	0	0	0	0	0	1	2	0	0	0	0	2	0	1	0	1	2	0	1	0	0	0	1	0	0	0	0	0	0	0	0	0	0	0	0	0	0	0	0	0	0	0	1	1	1	0	0	0	0	0	0	0	0	0	1	0	0	0	1	0	0	0	0	0	0	0	0	0	0	0	1	0	1
C9981	0	0	0	0	0	0	0	0	0	0	0	0	0	0	0	0	0	0	0	0	0	0	0	0	0	0	0	0	0	0	0	0	0	0	0	0	0	0	0	0	0	0	0	0	0	0	0	0	0	0	0	0	0	0	0	0	0	0	0	1	0	0	0	0	0	0	0	1	0	0	10	0	0	0	0	0	0	0
C9982	0	0	0	0	0	0	0	0	0	0	0	0	0	0	1	0	0	0	0	0	0	0	0	0	0	0	0	1	0	0	0	1	1	0	0	0	1	0	0	2	0	0	0	0	0	1	1	0	1	0	0	0	0	0	0	0	0	0	0	0	1	0	1	0	0	0	3	0	1	1	0	0	0	0	1	0	0	0
C9983	0	0	0	0	2	0	1	0	0	0	0	0	0	0	0	0	0	1	0	2	1	2	0	0	1	0	0	0	0	0	0	1	0	0	0	0	0	1	0	1	0	0	0	2	0	0	1	1	0	0	0	0	0	2	0	0	0	1	1	1	1	0	0	0	0	0	1	0	0	0	0	2	2	0	1	0	0	0
C9984	0	0	0	1	5	0	0	4	0	2	0	0	2	0	3	0	0	1	0	0	3	0	0	0	0	2	0	1	0	0	0	1	3	1	0	0	2	0	1	0	0	0	0	4	0	0	0	2	1	2	0	0	0	3	0	5	0	1	5	1	1	0	1	8	0	0	2	0	4	0	0	0	0	0	2	2	0	1
C9991	0	0	0	0	0	0	0	0	0	0	0	0	0	0	0	5	0	0	0	0	0	0	0	0	0	0	0	0	0	0	0	0	0	0	0	0	0	0	0	0	1	0	0	0	0	0	0	0	0	0	0	0	0	0	0	0	0	0	0	0	0	0	0	0	0	1	0	0	0	0	0	0	0	5	0	0	0	0
C9994	1	0	0	0	0	0	0	0	0	0	5	0	0	0	1	0	0	0	0	0	1	0	0	0	1	1	0	13	0	0	0	6	0	0	3	0	0	0	0	0	0	0	0	0	0	0	1	0	0	0	0	0	0	2	0	3	0	0	0	0	2	0	0	9	0	0	0	0	7	0	0	0	0	0	0	0	0	0
C9997	2	0	0	1	1	0	0	0	0	0	0	0	0	0	0	0	0	0	0	0	3	0	1	0	0	0	0	0	0	0	0	3	2	1	1	0	0	0	0	0	0	0	0	0	1	0	0	0	0	1	0	0	0	1	0	0	0	1	2	3	1	0	0	1	1	0	0	0	2	0	0	0	0	0	1	1	0	0
C9998	1	0	0	15	5	0	5	2	0	4	4	0	22	0	14	0	0	7	2	22	16	6	1	0	10	1	6	28	0	0	0	9	11	6	2	0	18	13	2	34	0	0	0	8	8	20	6	23	1	2	3	0	1	21	12	0	0	17	5	7	22	10	23	34	3	0	8	0	11	29	0	3	0	0	15	15	3	0
C10000	0	0	0	0	0	0	0	0	0	0	0	1	0	0	0	0	4	0	0	0	0	0	0	2	0	0	0	0	0	0	0	0	0	0	0	0	0	0	0	0	0	7	0	0	0	0	0	0	0	0	2	0	0	0	0	0	0	0	0	1	0	0	0	0	0	0	0	0	0	0	4	0	0	0	0	0	0	0
C10002	0	0	0	0	0	0	0	0	0	0	0	0	0	0	0	0	0	1	0	0	0	0	0	0	1	2	0	0	0	0	0	0	0	0	0	0	0	0	0	0	0	0	0	0	1	0	1	0	0	1	0	0	0	1	0	0	1	1	0	0	1	1	0	0	0	0	0	0	0	0	0	0	0	0	1	0	0	0
C10005	0	0	0	0	2	0	8	0	0	0	4	0	1	0	3	0	0	8	0	0	1	0	1	0	2	0	0	2	0	0	0	3	0	0	0	0	6	0	1	0	0	0	0	3	0	6	8	0	1	3	0	0	0	6	0	0	0	5	1	3	2	4	3	0	3	0	5	1	0	0	0	0	0	0	6	0	0	0
C10007	0	0	0	2	0	0	0	0	0	0	0	0	1	0	2	0	0	1	0	0	0	1	0	0	1	0	0	0	0	0	0	0	0	0	0	0	1	0	0	1	0	0	0	1	0	1	0	0	1	0	0	0	0	0	0	0	0	0	1	0	0	0	0	1	0	0	0	1	1	0	0	3	0	0	1	0	0	0
C10011	0	0	0	0	0	0	0	0	0	0	2	0	1	0	0	0	0	0	0	0	0	3	1	0	1	0	0	1	0	0	0	0	1	0	0	0	1	0	1	1	0	0	0	3	0	0	0	0	1	1	0	0	0	0	0	0	0	1	0	0	0	0	0	0	2	0	0	0	0	0	0	0	0	0	2	0	0	0
C10012	0	0	0	0	1	0	5	2	0	0	1	0	8	0	2	0	0	4	0	0	4	11	1	1	2	6	0	3	0	0	0	1	7	1	0	0	6	0	7	3	0	0	1	5	1	1	2	0	0	6	0	0	0	2	1	0	0	6	0	4	1	4	0	0	2	0	1	0	4	0	0	1	0	0	4	0	0	1
C10013	1	0	0	0	0	0	1	0	0	0	0	0	1	0	2	0	0	2	0	0	2	0	2	0	0	2	0	1	0	0	0	1	1	0	0	0	2	0	3	0	0	0	0	2	0	0	1	0	1	1	0	0	0	3	0	0	0	1	0	1	0	1	1	0	1	0	1	0	0	0	0	0	0	0	3	0	0	0
C10014	0	0	0	2	2	0	2	1	0	1	1	0	1	0	2	0	0	1	0	0	1	1	0	0	0	4	0	0	0	0	0	1	2	2	0	0	3	1	1	0	0	0	0	0	1	1	0	1	0	0	0	0	0	0	0	1	0	2	1	2	0	0	1	3	0	0	3	0	1	0	0	1	0	0	0	0	0	0
C10015	0	0	0	2	2	0	0	1	0	0	0	0	0	0	0	0	0	2	0	0	0	0	0	0	1	1	1	0	0	0	0	2	0	0	0	0	1	0	0	0	0	0	0	1	2	0	1	0	0	1	0	0	0	0	0	3	0	0	0	1	1	0	0	1	1	0	0	2	2	0	0	3	0	0	2	0	0	0
C10017	0	0	0	0	0	0	1	0	0	0	0	0	0	0	0	0	0	0	0	0	0	0	0	0	1	0	0	0	0	0	0	0	0	0	0	0	0	0	1	0	0	0	0	0	0	0	0	0	0	0	0	0	0	0	0	0	0	0	0	0	0	0	0	0	0	0	0	2	3	0	0	1	0	0	2	0	0	0
C10019	0	0	0	0	0	0	1	0	0	0	3	0	0	0	0	0	0	0	0	0	4	0	2	0	0	1	1	0	0	0	0	4	0	0	0	0	1	0	0	0	0	0	0	0	0	0	2	0	1	0	0	0	0	0	0	0	0	0	0	10	1	1	0	0	25	0	0	0	0	31	0	0	0	0	1	1	0	0
C10021	0	0	0	2	0	0	0	0	0	0	1	0	0	0	0	0	0	2	0	0	1	0	0	0	0	1	0	0	0	0	0	0	0	2	0	0	1	1	0	0	0	0	0	1	0	0	0	0	0	1	0	0	0	0	0	0	0	2	1	1	0	0	0	2	5	0	0	0	1	0	0	0	0	0	1	6	0	0
C10023	0	0	0	0	1	0	1	0	0	0	2	0	1	0	0	0	0	0	0	0	1	1	1	0	0	0	0	0	0	0	0	0	1	0	0	0	2	0	3	0	0	0	0	0	0	0	0	2	0	1	0	0	0	0	2	1	0	0	2	0	1	0	0	0	0	0	1	2	3	0	0	2	0	0	0	1	0	0
C10025	0	0	0	1	0	0	0	0	0	0	1	0	0	0	0	0	0	0	0	0	0	0	0	0	0	0	0	0	0	0	0	1	1	0	1	0	0	0	1	0	0	0	0	0	0	0	0	0	0	0	0	0	0	0	0	0	0	0	1	0	0	0	0	0	0	0	0	0	0	0	0	4	0	0	1	2	0	1
C10028	0	0	0	1	2	0	0	0	0	0	0	0	0	0	1	0	0	1	0	0	0	1	0	0	0	0	0	0	0	0	0	0	0	0	0	0	1	0	0	1	0	0	0	0	0	0	0	0	0	0	0	0	0	1	0	0	0	1	0	0	0	0	0	1	0	0	0	0	0	0	0	0	0	0	0	3	0	0
C10029	0	0	0	0	0	0	1	0	0	0	0	0	0	0	1	0	0	0	0	0	0	0	0	0	0	1	0	0	0	0	0	0	0	1	1	0	0	0	1	0	0	0	0	0	0	0	0	0	0	0	0	0	0	1	0	0	0	0	1	0	1	1	1	1	1	0	0	0	2	0	0	0	0	0	1	0	0	0
C10031	0	0	0	0	0	0	1	0	0	0	1	0	0	0	0	0	0	0	0	0	1	0	0	0	0	0	0	0	0	0	0	0	0	0	0	0	0	0	1	1	0	0	0	1	0	0	1	0	0	0	0	0	0	0	0	0	0	1	1	0	0	0	4	3	0	0	0	0	1	0	0	0	0	0	0	0	0	0
