Cluster	Kingdom	Phylum	Class	Order	Family	Genus	Species
C1	Bacteria	Pseudomonadota	Alphaproteobacteria	Rickettsiales	Anaplasmataceae	Wolbachia	Wolbachia sp.
C2	Bacteria	Pseudomonadota	Alphaproteobacteria	Acetobacterales	Acetobacteraceae	Komagataeibacter	Komagataeibacter sp.
C3	Bacteria	Pseudomonadota	Alphaproteobacteria	Holosporales	Holosporaceae	Incertae Sedis	uncultured bacterium
C4	Unknown	Unknown	Unknown	Unknown	Unknown	Unknown	Unknown
C5	Bacteria	Bacillota	Bacilli	Lactobacillales	Lactobacillaceae	Leuconostoc	Leuconostoc sp.
C6	Bacteria	Pseudomonadota	Gammaproteobacteria	Enterobacterales	Orbaceae	Incertae Sedis	uncultured bacterium
C7	Bacteria	Pseudomonadota	Gammaproteobacteria	Pseudomonadales	Moraxellaceae	Psychrobacter	Psychrobacter sp.
C8	Bacteria	Pseudomonadota	Gammaproteobacteria	Enterobacterales	Erwiniaceae	Pantoea	Pantoea sp.
C9	Bacteria	Bacillota	Bacilli	Lactobacillales	Lactobacillaceae	Lactiplantibacillus	Lactiplantibacillus sp.
C10	Bacteria	Actinomycetota	Actinobacteria	Mycobacteriales	Corynebacteriaceae	Corynebacterium	Corynebacterium sp.
C11	Bacteria	Bacteroidota	Bacteroidia	Cytophagales	Spirosomataceae	Leadbetterella	uncultured bacterium
C12	Bacteria	Pseudomonadota	Gammaproteobacteria	Pseudomonadales	Cellvibrionaceae	Cellvibrio	uncultured bacterium
C13	Bacteria	Bacteroidota	Bacteroidia	Flavobacteriales	Weeksellaceae	Chishuiella	Empedobacter sp. F-Fue-04TIIa
C14	Bacteria	Bacillota	Bacilli	Lactobacillales	Carnobacteriaceae	Carnobacterium	Carnobacterium sp.
C15	Bacteria	Pseudomonadota	Alphaproteobacteria	Rickettsiales	Anaplasmataceae	Wolbachia	Wolbachia sp.
C16	Bacteria	Pseudomonadota	Alphaproteobacteria	Hyphomicrobiales	Beijerinckiaceae	Methylobacterium	Methylobacterium sp.
C17	Bacteria	Bacteroidota	Bacteroidia	Sphingobacteriales	Sphingobacteriaceae	Sphingobacterium	Sphingobacterium sp.
C18	Bacteria	Bacillota	Bacilli	Staphylococcales	Staphylococcaceae	Staphylococcus	Staphylococcus sp.
C19	Bacteria	Bacillota	Bacilli	Lactobacillales	Lactobacillaceae	Oenococcus	Oenococcus sp.
C20	Bacteria	Pseudomonadota	Gammaproteobacteria	Lysobacterales	Rhodanobacteraceae	Rhodanobacteraceae sp.	Rhodanobacteraceae sp.
C21	Bacteria	Pseudomonadota	Gammaproteobacteria	Pseudomonadales	Pseudomonadaceae	Pseudomonas	Pseudomonas sp.
C22	Bacteria	Pseudomonadota	Alphaproteobacteria	Holosporales	Holosporaceae	Incertae Sedis	Incertae Sedis sp.
C23	Bacteria	Bacteroidota	Bacteroidia	Bacteroidales	Dysgonomonadaceae	Dysgonomonas	Dysgonomonas sp.
C24	Bacteria	Pseudomonadota	Gammaproteobacteria	Pseudomonadales	Moraxellaceae	Acinetobacter	Acinetobacter sp.
C25	Bacteria	Bacteroidota	Bacteroidia	Cytophagales	Spirosomataceae	Persicitalea	Persicitalea sp.
C26	Bacteria	Pseudomonadota	Alphaproteobacteria	Rickettsiales	Anaplasmataceae	Wolbachia	Wolbachia sp.
C27	Bacteria	Pseudomonadota	Gammaproteobacteria	Pseudomonadales	Halomonadaceae	Halomonas	Halomonas sp.
C28	Bacteria	Pseudomonadota	Gammaproteobacteria	Burkholderiales	Alcaligenaceae	Alcaligenaceae sp.	Alcaligenaceae sp.
C31	Bacteria	Pseudomonadota	Gammaproteobacteria	Burkholderiales	Burkholderiaceae	Burkholderia-Caballeronia-Paraburkholderia	Burkholderia-Caballeronia-Paraburkholderia sp.
C32	Bacteria	Bacteroidota	Bacteroidia	Sphingobacteriales	Sphingobacteriaceae	Sphingobacterium	Sphingobacterium sp.
C33	Bacteria	Bacillota	Bacilli	Lactobacillales	Streptococcaceae	Lactococcus	Lactococcus sp.
C34	Bacteria	Pseudomonadota	Alphaproteobacteria	Caulobacterales	Caulobacteraceae	Brevundimonas	Brevundimonas sp.
C35	Bacteria	Pseudomonadota	Alphaproteobacteria	Acetobacterales	Acetobacteraceae	Roseomonas	Roseomonas sp.
C36	Bacteria	Pseudomonadota	Alphaproteobacteria	Acetobacterales	Acetobacteraceae	Commensalibacter	Commensalibacter sp.
C37	Bacteria	Pseudomonadota	Gammaproteobacteria	Cardiobacteriales	Wohlfahrtiimonadaceae	Wohlfahrtiimonadaceae sp.	Wohlfahrtiimonadaceae sp.
C38	Bacteria	Pseudomonadota	Alphaproteobacteria	Hyphomicrobiales	Devosiaceae	Devosia	Devosia sp.
C39	Bacteria	Actinomycetota	Actinobacteria	Micrococcales	Micrococcaceae	Rothia	Rothia sp.
C41	Bacteria	Pseudomonadota	Gammaproteobacteria	Burkholderiales	Oxalobacteraceae	Massilia	Massilia sp.
C42	Bacteria	Pseudomonadota	Gammaproteobacteria	Burkholderiales	Comamonadaceae	Comamonadaceae sp.	Comamonadaceae sp.
C43	Bacteria	Bacteroidota	Bacteroidia	Chitinophagales	Chitinophagaceae	Incertae Sedis	uncultured bacterium
C44	Unknown	Unknown	Unknown	Unknown	Unknown	Unknown	Unknown
C45	Bacteria	Pseudomonadota	Alphaproteobacteria	Rickettsiales	Mitochondria	Incertae Sedis	Incertae Sedis sp.
C47	Bacteria	Cyanobacteriota	Cyanobacteriia	Chloroplast	Incertae Sedis	Incertae Sedis	Pereskiopsis diguetii
C48	Bacteria	Bacteroidota	Bacteroidia	Sphingobacteriales	Sphingobacteriaceae	Sphingobacterium	Sphingobacterium wenxiniae
C50	Bacteria	Pseudomonadota	Alphaproteobacteria	Hyphomicrobiales	Rhizobiaceae	Brucella	Brucella sp.
C51	Bacteria	Pseudomonadota	Alphaproteobacteria	Rhodobacterales	Paracoccaceae	Ketogulonicigenium	Ketogulonicigenium sp.
C52	Bacteria	Bacteroidota	Bacteroidia	Flavobacteriales	Weeksellaceae	Ornithobacterium	uncultured bacterium
C53	Bacteria	Bacteroidota	Bacteroidia	Sphingobacteriales	Sphingobacteriaceae	Sphingobacterium	Sphingobacterium sp.
C54	Bacteria	Pseudomonadota	Alphaproteobacteria	Acetobacterales	Acetobacteraceae	Gluconobacter	Gluconobacter sp.
C57	Bacteria	Actinomycetota	Actinobacteria	Micrococcales	Dermabacteraceae	Brachybacterium	Brachybacterium sp.
C59	Bacteria	Bacillota	Negativicutes	Veillonellales-Selenomonadales	Veillonellaceae	Veillonella	Veillonella sp.
C60	Bacteria	Bacteroidota	Bacteroidia	Sphingobacteriales	Sphingobacteriaceae	Sphingobacterium	uncultured bacterium
C61	Bacteria	Bacteroidota	Bacteroidia	Bacteroidales	Dysgonomonadaceae	Dysgonomonas	Dysgonomonas sp.
C62	Bacteria	Bacteroidota	Bacteroidia	Cytophagales	Hymenobacteraceae	Hymenobacter	Hymenobacter sp.
C63	Bacteria	Bacteroidota	Bacteroidia	Cytophagales	Spirosomataceae	Dyadobacter	Dyadobacter sp.
C65	Bacteria	Pseudomonadota	Gammaproteobacteria	Pseudomonadales	Cellvibrionaceae	Incertae Sedis	uncultured bacterium
C66	Bacteria	Pseudomonadota	Alphaproteobacteria	Acetobacterales	Acetobacteraceae	Commensalibacter	Commensalibacter sp.
C67	Bacteria	Bacteroidota	Bacteroidia	Cytophagales	Hymenobacteraceae	Hymenobacter	uncultured bacterium
C68	Unknown	Unknown	Unknown	Unknown	Unknown	Unknown	Unknown
C69	Bacteria	Bacillota	Bacilli	Lactobacillales	Streptococcaceae	Lactococcus	Lactococcus sp.
C71	Bacteria	Bacillota	Bacilli	Lactobacillales	Lactobacillaceae	Leuconostoc	Leuconostoc sp.
C72	Bacteria	Pseudomonadota	Gammaproteobacteria	Enterobacterales	Pasteurellaceae	Haemophilus	Haemophilus sp.
C73	Bacteria	Bacteroidota	Bacteroidia	Sphingobacteriales	Sphingobacteriaceae	Sphingobacterium	Sphingobacterium sp. 30C10-4-7
C74	Bacteria	Bacillota	Bacilli	Lactobacillales	Streptococcaceae	Streptococcus	uncultured bacterium
C75	Bacteria	Pseudomonadota	Gammaproteobacteria	Enterobacterales	Enterobacteriaceae	Enterobacteriaceae sp.	Enterobacteriaceae sp.
C76	Unknown	Unknown	Unknown	Unknown	Unknown	Unknown	Unknown
C77	Bacteria	Actinomycetota	Actinobacteria	Micrococcales	Micrococcales Incertae Sedis	Populibacterium	Populibacterium sp.
C80	Bacteria	Pseudomonadota	Alphaproteobacteria	Rhodobacterales	Paracoccaceae	Paracoccaceae sp.	Paracoccaceae sp.
C81	Bacteria	Pseudomonadota	Gammaproteobacteria	Burkholderiales	Alcaligenaceae	Paenalcaligenes	Paenalcaligenes sp.
C82	Bacteria	Bacteroidota	Bacteroidia	Flavobacteriales	Weeksellaceae	Cloacibacterium	uncultured bacterium
C83	Bacteria	Pseudomonadota	Alphaproteobacteria	Rhodobacterales	Paracoccaceae	Rubellimicrobium	uncultured bacterium
C84	Bacteria	Pseudomonadota	Gammaproteobacteria	Burkholderiales	Comamonadaceae	Lampropedia	Lampropedia sp.
C85	Bacteria	Pseudomonadota	Gammaproteobacteria	Enterobacterales	Orbaceae	Orbaceae sp.	Orbaceae sp.
C87	Bacteria	Bacteroidota	Bacteroidia	Flavobacteriales	Flavobacteriaceae	Flavobacterium	uncultured bacterium
C88	Bacteria	Bacteroidota	Bacteroidia	Sphingobacteriales	Sphingobacteriaceae	Sphingobacterium	Sphingobacterium sp.
C89	Bacteria	Bacteroidota	Bacteroidia	Chitinophagales	Chitinophagaceae	DVSBS1	Sphingobacteriia bacterium DVSBS1
C90	Bacteria	Actinomycetota	Actinobacteria	Micrococcales	Microbacteriaceae	Microbacteriaceae sp.	Microbacteriaceae sp.
C91	Bacteria	Bacteroidota	Bacteroidia	Sphingobacteriales	Sphingobacteriaceae	Sphingobacterium	Sphingobacterium sp.
C92	Bacteria	Pseudomonadota	Gammaproteobacteria	Lysobacterales	Rhodanobacteraceae	Luteibacter	Luteibacter sp.
C94	Bacteria	Bacteroidota	Bacteroidia	Chitinophagales	Chitinophagaceae	DVSBS1	Sphingobacteriia bacterium DVSBS1
C95	Bacteria	Pseudomonadota	Alphaproteobacteria	Hyphomicrobiales	Rhizobiaceae	Aquamicrobium	Aquamicrobium sp.
C98	Bacteria	Bacillota	Bacilli	Lactobacillales	Enterococcaceae	Enterococcus	Enterococcus sp.
C100	Bacteria	Pseudomonadota	Gammaproteobacteria	Lysobacterales	Lysobacteraceae	Lysobacteraceae sp.	Lysobacteraceae sp.
C103	Bacteria	Pseudomonadota	Alphaproteobacteria	Rickettsiales	Mitochondria	Incertae Sedis	Incertae Sedis sp.
C104	Bacteria	Pseudomonadota	Gammaproteobacteria	Lysobacterales	Lysobacteraceae	Stenotrophomonas	Stenotrophomonas sp.
C106	Bacteria	Pseudomonadota	Alphaproteobacteria	Sphingomonadales	Sphingomonadaceae	Sphingomonas	Sphingomonas sp.
C107	Unknown	Unknown	Unknown	Unknown	Unknown	Unknown	Unknown
C108	Bacteria	Pseudomonadota	Alphaproteobacteria	Hyphomicrobiales	Rhizobiaceae	Pseudochrobactrum	Pseudochrobactrum sp.
C109	Bacteria	Pseudomonadota	Gammaproteobacteria	Enterobacterales	Enterobacterales sp.	Enterobacterales sp.	Enterobacterales sp.
C110	Bacteria	Pseudomonadota	Alphaproteobacteria	Rickettsiales	Anaplasmataceae	Wolbachia	Wolbachia sp.
C111	Bacteria	Pseudomonadota	Alphaproteobacteria	Rickettsiales	Anaplasmataceae	Wolbachia	Wolbachia sp.
C113	Bacteria	Bacillota	Clostridia	Peptostreptococcales-Tissierellales	Family XI	Peptoniphilus	Peptoniphilus sp.
C114	Bacteria	Actinomycetota	Actinobacteria	Mycobacteriales	Corynebacteriaceae	Corynebacterium	Corynebacterium sp.
C115	Bacteria	Pseudomonadota	Gammaproteobacteria	Lysobacterales	Lysobacteraceae	Stenotrophomonas	Stenotrophomonas sp.
C116	Bacteria	Pseudomonadota	Gammaproteobacteria	Pseudomonadales	Pseudomonadaceae	Pseudomonas	Pseudomonas sp.
C118	Bacteria	Pseudomonadota	Alphaproteobacteria	Rickettsiales	Anaplasmataceae	Wolbachia	Wolbachia sp.
C119	Bacteria	Actinomycetota	Actinobacteria	Kitasatosporales	Streptomycetaceae	Streptomyces	Streptomyces sp.
C122	Bacteria	Actinomycetota	Actinobacteria	Actinomycetales	Actinomycetaceae	Flaviflexus	Flaviflexus sp.
C123	Bacteria	Actinomycetota	Actinobacteria	Micrococcales	Brevibacteriaceae	Brevibacterium	Brevibacterium sp.
C124	Bacteria	Pseudomonadota	Alphaproteobacteria	Rickettsiales	Anaplasmataceae	Wolbachia	Wolbachia sp.
C125	Bacteria	Bacillota	Bacilli	Bacillales	Bacillaceae	Bacillus	Bacillus sp.
C130	Bacteria	Pseudomonadota	Gammaproteobacteria	Burkholderiales	Oxalobacteraceae	Duganella	Duganella sp.
C134	Bacteria	Pseudomonadota	Gammaproteobacteria	Pseudomonadales	Pseudomonadaceae	Pseudomonas	Pseudomonas sp.
C136	Bacteria	Actinomycetota	Actinobacteria	Micrococcales	Sanguibacteraceae	Flavimobilis	Flavimobilis sp.
C138	Eukaryota	Bacillota	Clostridia	Oscillospirales	Ruminococcaceae	Incertae Sedis	Teleopsis dalmanni
C141	Bacteria	Bacteroidota	Bacteroidia	Flavobacteriales	Weeksellaceae	Chishuiella	Chishuiella changwenlii
C143	Bacteria	Bacillota	Bacilli	Lactobacillales	Streptococcaceae	Lactococcus	Lactococcus sp.
C147	Bacteria	Pseudomonadota	Alphaproteobacteria	Acetobacterales	Acetobacteraceae	Roseomonas	Roseomonas sp.
C148	Bacteria	Pseudomonadota	Alphaproteobacteria	Acetobacterales	Acetobacteraceae	Dankookia	uncultured bacterium
C152	Bacteria	Pseudomonadota	Alphaproteobacteria	Acetobacterales	Acetobacteraceae	Acetobacteraceae sp.	Acetobacteraceae sp.
C153	Bacteria	Pseudomonadota	Alphaproteobacteria	Acetobacterales	Acetobacteraceae	Komagataeibacter	Komagataeibacter sp.
C154	Bacteria	Pseudomonadota	Gammaproteobacteria	Enterobacterales	Pectobacteriaceae	Pectobacterium	Pectobacterium sp.
C156	Bacteria	Pseudomonadota	Alphaproteobacteria	Hyphomicrobiales	Rhizobiaceae	Rhizobiaceae sp.	Rhizobiaceae sp.
C157	Unknown	Unknown	Unknown	Unknown	Unknown	Unknown	Unknown
C158	Bacteria	Pseudomonadota	Gammaproteobacteria	Burkholderiales	Neisseriaceae	Vitreoscilla	Vitreoscilla sp.
C160	Bacteria	Pseudomonadota	Alphaproteobacteria	Alphaproteobacteria sp.	Alphaproteobacteria sp.	Alphaproteobacteria sp.	Alphaproteobacteria sp.
C161	Unknown	Unknown	Unknown	Unknown	Unknown	Unknown	Unknown
C167	Bacteria	Bacillota	Bacilli	Staphylococcales	Staphylococcaceae	Staphylococcus	uncultured bacterium
C169	Bacteria	Pseudomonadota	Alphaproteobacteria	Acetobacterales	Acetobacteraceae	Komagataeibacter	Komagataeibacter sp.
C173	Bacteria	Myxococcota	Polyangiia	Polyangiales	Polyangiaceae	Pajaroellobacter	uncultured bacterium
C174	Bacteria	Pseudomonadota	Alphaproteobacteria	Rickettsiales	Anaplasmataceae	Wolbachia	Wolbachia sp.
C185	Bacteria	Bacillota	Bacilli	Lactobacillales	Lactobacillaceae	Weissella	uncultured Lactobacillus sp.
C187	Bacteria	Pseudomonadota	Alphaproteobacteria	Acetobacterales	Acetobacteraceae	Gluconobacter	Gluconobacter sp.
C188	Bacteria	Actinomycetota	Actinobacteria	Propionibacteriales	Propionibacteriaceae	Cutibacterium	uncultured bacterium
C190	Bacteria	Pseudomonadota	Alphaproteobacteria	Acetobacterales	Acetobacteraceae	Commensalibacter	Commensalibacter sp.
C193	Bacteria	Pseudomonadota	Alphaproteobacteria	Rickettsiales	Anaplasmataceae	Wolbachia	Wolbachia sp.
C194	Bacteria	Bacteroidota	Bacteroidia	Cytophagales	Spirosomataceae	Persicitalea	Persicitalea sp.
C200	Bacteria	Actinomycetota	Actinobacteria	Frankiales	Geodermatophilaceae	Modestobacter	Modestobacter sp.
C204	Bacteria	Pseudomonadota	Alphaproteobacteria	Acetobacterales	Acetobacteraceae	Kozakia	Kozakia baliensis
C208	Bacteria	Pseudomonadota	Gammaproteobacteria	Burkholderiales	Neisseriaceae	Neisseria	uncultured bacterium
C211	Bacteria	Actinomycetota	Actinobacteria	Pseudonocardiales	Pseudonocardiaceae	Saccharopolyspora	Saccharopolyspora sp.
C216	Bacteria	Pseudomonadota	Gammaproteobacteria	Enterobacterales	Morganellaceae	Morganella	Morganella sp.
C221	Bacteria	Pseudomonadota	Alphaproteobacteria	Acetobacterales	Acetobacteraceae	Gluconobacter	Gluconobacter sp.
C222	Unknown	Unknown	Unknown	Unknown	Unknown	Unknown	Unknown
C223	Bacteria	Pseudomonadota	Alphaproteobacteria	Acetobacterales	Acetobacteraceae	Gluconobacter	Gluconobacter sp.
C231	Bacteria	Pseudomonadota	Alphaproteobacteria	Acetobacterales	Acetobacteraceae	Acetobacteraceae sp.	Acetobacteraceae sp.
C237	Bacteria	Bacteroidota	Bacteroidia	Chitinophagales	Chitinophagaceae	Incertae Sedis	uncultured bacterium
C238	Bacteria	Pseudomonadota	Alphaproteobacteria	Acetobacterales	Acetobacteraceae	Gluconobacter	Gluconobacter sp.
C242	Bacteria	Bacteroidota	Bacteroidia	Flavobacteriales	Weeksellaceae	Chryseobacterium	Chryseobacterium sp.
C243	Bacteria	Actinomycetota	Actinobacteria	Micrococcales	Microbacteriaceae	Microbacterium	Microbacterium sp.
C244	Bacteria	Bacteroidota	Bacteroidia	Flavobacteriales	Flavobacteriaceae	Flavobacterium	Flavobacterium sp.
C245	Bacteria	Bacteroidota	Bacteroidia	Flavobacteriales	Flavobacteriaceae	Flavobacterium	uncultured bacterium
C246	Bacteria	Bacteroidota	Bacteroidia	Sphingobacteriales	Sphingobacteriaceae	Sphingobacterium	uncultured bacterium
C247	Bacteria	Bacteroidota	Bacteroidia	Sphingobacteriales	Sphingobacteriaceae	Pedobacter	Pedobacter sp.
C248	Bacteria	Bacteroidota	Bacteroidia	Sphingobacteriales	Sphingobacteriaceae	Sphingobacterium	Sphingobacterium sp.
C249	Bacteria	Bacteroidota	Bacteroidia	Cytophagales	Spirosomataceae	Leadbetterella	uncultured bacterium
C251	Bacteria	Pseudomonadota	Gammaproteobacteria	Pseudomonadales	Cellvibrionaceae	Cellvibrio	uncultured bacterium
C252	Bacteria	Bacillota	Bacilli	Lactobacillales	Listeriaceae	Brochothrix	Brochothrix sp.
C255	Bacteria	Pseudomonadota	Gammaproteobacteria	Burkholderiales	Comamonadaceae	Comamonas	Comamonas sp.
C256	Bacteria	Pseudomonadota	Gammaproteobacteria	Pseudomonadales	Moraxellaceae	Acinetobacter	Acinetobacter sp.
C257	Bacteria	Pseudomonadota	Gammaproteobacteria	Enterobacterales	Alteromonadaceae	Incertae Sedis	uncultured bacterium
C258	Bacteria	Pseudomonadota	Alphaproteobacteria	Acetobacterales	Acetobacteraceae	Commensalibacter	Commensalibacter sp.
C259	Bacteria	Pseudomonadota	Alphaproteobacteria	Caulobacterales	Caulobacteraceae	Brevundimonas	Brevundimonas sp.
C261	Bacteria	Pseudomonadota	Gammaproteobacteria	Enterobacterales	Enterobacteriaceae	Enterobacteriaceae sp.	Enterobacteriaceae sp.
C263	Bacteria	Pseudomonadota	Alphaproteobacteria	Acetobacterales	Acetobacteraceae	Acetobacteraceae sp.	Acetobacteraceae sp.
C265	Bacteria	Bacteroidota	Bacteroidia	Flavobacteriales	Flavobacteriaceae	Myroides	Myroides sp.
C269	Bacteria	Actinomycetota	Actinobacteria	Micrococcales	Brevibacteriaceae	Brevibacterium	Brevibacterium sp.
C270	Bacteria	Acidobacteriota	Acidobacteriae	Terriglobales	Acidobacteriaceae (Subgroup 1)	Terriglobus	Terriglobus sp.
C271	Bacteria	Bacteroidota	Bacteroidia	Chitinophagales	Chitinophagaceae	Aurantisolimonas	metagenome
C273	Unknown	Unknown	Unknown	Unknown	Unknown	Unknown	Unknown
C274	Bacteria	Pseudomonadota	Gammaproteobacteria	Burkholderiales	Alcaligenaceae	Alcaligenaceae sp.	Alcaligenaceae sp.
C275	Bacteria	Pseudomonadota	Alphaproteobacteria	Sphingomonadales	Sphingomonadaceae	Novosphingobium	Novosphingobium sp.
C276	Bacteria	Pseudomonadota	Alphaproteobacteria	Sphingomonadales	Sphingomonadaceae	Sphingomonas	Sphingomonas sp.
C277	Bacteria	Bacillota	Bacilli	Bacillales	Bacillaceae	Priestia	Priestia sp.
C279	Bacteria	Bacteroidota	Bacteroidia	Chitinophagales	Chitinophagaceae	DVSBS1	Sphingobacteriia bacterium DVSBS1
C280	Bacteria	Bacillota	Bacilli	Paenibacillales	Paenibacillaceae	Saccharibacillus	uncultured bacterium
C281	Bacteria	Bacteroidota	Bacteroidia	Chitinophagales	Saprospiraceae	Incertae Sedis	uncultured bacterium
C282	Bacteria	Bacillota	Bacilli	Mycoplasmatales	Mycoplasmataceae	Williamsoniiplasma	Entomoplasma somnilux
C285	Bacteria	Actinomycetota	Actinobacteria	Kitasatosporales	Streptomycetaceae	Streptomyces	Streptomyces sp.
C287	Bacteria	Pseudomonadota	Alphaproteobacteria	Rickettsiales	Anaplasmataceae	Wolbachia	uncultured Alphaproteobacteria bacterium
C288	Bacteria	Pseudomonadota	Alphaproteobacteria	Sphingomonadales	Sphingomonadaceae	Sphingomonadaceae sp.	Sphingomonadaceae sp.
C289	Unknown	Unknown	Unknown	Unknown	Unknown	Unknown	Unknown
C290	Bacteria	Bacillota	Bacilli	Bacillales	Sporolactobacillaceae	Sporolactobacillus	Sporolactobacillus sp.
C293	Bacteria	Pseudomonadota	Gammaproteobacteria	Burkholderiales	Comamonadaceae	Comamonadaceae sp.	Comamonadaceae sp.
C295	Bacteria	Pseudomonadota	Gammaproteobacteria	Burkholderiales	Oxalobacteraceae	Oxalobacteraceae sp.	Oxalobacteraceae sp.
C297	Unknown	Unknown	Unknown	Unknown	Unknown	Unknown	Unknown
C298	Bacteria	Verrucomicrobiota	Verrucomicrobiia	Verrucomicrobiales	Rubritaleaceae	Luteolibacter	Luteolibacter sp.
C299	Bacteria	Bacteroidota	Bacteroidia	Flavobacteriales	Crocinitomicaceae	Fluviicola	Fluviicola sp.
C300	Bacteria	Verrucomicrobiota	Verrucomicrobiia	Opitutales	Puniceicoccaceae	Cerasicoccus	uncultured bacterium
C301	Bacteria	Actinomycetota	Actinobacteria	Mycobacteriales	Nocardiaceae	Rhodococcus	Rhodococcus sp.
C303	Bacteria	Pseudomonadota	Alphaproteobacteria	Rhodobacterales	Paracoccaceae	Gemmobacter	uncultured bacterium
C306	Bacteria	Pseudomonadota	Alphaproteobacteria	Acetobacterales	Acetobacteraceae	Roseomonas	Roseomonas sp.
C308	Bacteria	Bacillota	Bacilli	Lactobacillales	Vagococcaceae	Vagococcus	Vagococcus sp.
C311	Bacteria	Pseudomonadota	Alphaproteobacteria	Acetobacterales	Acetobacteraceae	Commensalibacter	Commensalibacter sp.
C312	Bacteria	Pseudomonadota	Alphaproteobacteria	Rhodobacterales	Paracoccaceae	Paracoccaceae sp.	Paracoccaceae sp.
C314	Unknown	Unknown	Unknown	Unknown	Unknown	Unknown	Unknown
C315	Bacteria	Pseudomonadota	Alphaproteobacteria	Acetobacterales	Acetobacteraceae	Acetobacter	Acetobacter sp.
C318	Bacteria	Bacillota	Bacilli	Lactobacillales	Lactobacillaceae	Levilactobacillus	Levilactobacillus sp.
C319	Bacteria	Pseudomonadota	Gammaproteobacteria	Pseudomonadales	Pseudomonadaceae	Pseudomonas	Pseudomonas sp.
C320	Bacteria	Pseudomonadota	Gammaproteobacteria	Burkholderiales	Methylophilaceae	Methylophilaceae sp.	Methylophilaceae sp.
C323	Bacteria	Pseudomonadota	Alphaproteobacteria	Rickettsiales	Anaplasmataceae	Wolbachia	Wolbachia sp.
C325	Bacteria	Bacteroidota	Bacteroidia	Sphingobacteriales	Sphingobacteriaceae	Sphingobacterium	Sphingobacterium sp.
C327	Unknown	Unknown	Unknown	Unknown	Unknown	Unknown	Unknown
C329	Bacteria	Bacillota	Bacilli	Lactobacillales	Streptococcaceae	Streptococcus	uncultured bacterium
C331	Bacteria	Bacillota	Bacilli	Lactobacillales	Lactobacillaceae	Periweissella	Periweissella sp.
C333	Bacteria	Pseudomonadota	Gammaproteobacteria	Burkholderiales	Comamonadaceae	Comamonadaceae sp.	Comamonadaceae sp.
C335	Bacteria	Pseudomonadota	Alphaproteobacteria	Rickettsiales	Anaplasmataceae	Wolbachia	Wolbachia sp.
C337	Bacteria	Pseudomonadota	Alphaproteobacteria	Acetobacterales	Acetobacteraceae	Komagataeibacter	Komagataeibacter sp.
C340	Bacteria	Bacteroidota	Bacteroidia	Flavobacteriales	Flavobacteriaceae	Flavobacterium	Flavobacterium sp.
C341	Bacteria	Actinomycetota	Actinobacteria	Micrococcales	Microbacteriaceae	Plantibacter	Plantibacter sp.
C342	Bacteria	Actinomycetota	Actinobacteria	Mycobacteriales	Nocardiaceae	Rhodococcus	Rhodococcus sp.
C343	Bacteria	Bacteroidota	Bacteroidia	Cytophagales	Spirosomataceae	Incertae Sedis	uncultured bacterium
C353	Bacteria	Pseudomonadota	Alphaproteobacteria	Rhodobacterales	Paracoccaceae	Paracoccaceae sp.	Paracoccaceae sp.
C354	Bacteria	Bacillota	Bacilli	Erysipelotrichales	Erysipelotrichaceae	Erysipelothrix	Erysipelothrix rhusiopathiae
C363	Bacteria	Pseudomonadota	Gammaproteobacteria	Enterobacterales	Erwiniaceae	Erwiniaceae sp.	Erwiniaceae sp.
C365	Bacteria	Bacteroidota	Bacteroidia	Sphingobacteriales	Sphingobacteriaceae	Sphingobacterium	Sphingobacterium psychroaquaticum
C366	Bacteria	Pseudomonadota	Gammaproteobacteria	Enterobacterales	Yersiniaceae	Yersiniaceae sp.	Yersiniaceae sp.
C368	Bacteria	Actinomycetota	Actinobacteria	Mycobacteriales	Corynebacteriaceae	Lawsonella	uncultured bacterium
C370	Bacteria	Pseudomonadota	Alphaproteobacteria	Sphingomonadales	Sphingomonadaceae	Sphingomonas	Sphingomonas sp.
C372	Bacteria	Pseudomonadota	Alphaproteobacteria	Acetobacterales	Acetobacteraceae	Gluconobacter	Gluconobacter sp.
C373	Bacteria	Pseudomonadota	Gammaproteobacteria	Pseudomonadales	Halomonadaceae	Zymobacter	Zymobacter sp.
C374	Bacteria	Pseudomonadota	Gammaproteobacteria	Pseudomonadales	Halomonadaceae	Marinospirillum	Marinospirillum sp.
C375	Bacteria	Pseudomonadota	Alphaproteobacteria	Acetobacterales	Acetobacteraceae	Gluconobacter	Gluconobacter sp.
C376	Bacteria	Pseudomonadota	Gammaproteobacteria	Pseudomonadales	Pseudomonadaceae	Pseudomonas	Pseudomonas sp.
C384	Unknown	Unknown	Unknown	Unknown	Unknown	Unknown	Unknown
C385	Bacteria	Pseudomonadota	Alphaproteobacteria	Acetobacterales	Acetobacteraceae	Gluconobacter	Gluconobacter sp.
C386	Bacteria	Actinomycetota	Actinobacteria	Propionibacteriales	Nocardioidaceae	Nocardioides	Nocardioides sp.
C388	Bacteria	Pseudomonadota	Gammaproteobacteria	Burkholderiales	Methylophilaceae	Methylophilus	uncultured bacterium
C398	Bacteria	Pseudomonadota	Alphaproteobacteria	Rickettsiales	Anaplasmataceae	Wolbachia	Wolbachia sp.
C399	Bacteria	Pseudomonadota	Gammaproteobacteria	Enterobacterales	Enterobacteriaceae	Klebsiella	Klebsiella sp.
C402	Bacteria	Actinomycetota	Actinobacteria	Frankiales	Geodermatophilaceae	Blastococcus	Blastococcus sp.
C403	Bacteria	Pseudomonadota	Alphaproteobacteria	Acetobacterales	Acetobacteraceae	Commensalibacter	Commensalibacter sp.
C405	Bacteria	Pseudomonadota	Alphaproteobacteria	Hyphomicrobiales	Xanthobacteraceae	Bradyrhizobium	Bradyrhizobium sp.
C415	Bacteria	Pseudomonadota	Alphaproteobacteria	Acetobacterales	Acetobacteraceae	Acetobacter	Acetobacter sp.
C423	Bacteria	Pseudomonadota	Gammaproteobacteria	Enterobacterales	Erwiniaceae	Erwiniaceae sp.	Erwiniaceae sp.
C429	Bacteria	Pseudomonadota	Gammaproteobacteria	Pseudomonadales	Pseudomonadaceae	Pseudomonas	Pseudomonas sp.
C430	Bacteria	Pseudomonadota	Alphaproteobacteria	Acetobacterales	Acetobacteraceae	Acetobacter	Acetobacter sp.
C431	Bacteria	Pseudomonadota	Alphaproteobacteria	Acetobacterales	Acetobacteraceae	Gluconobacter	Gluconobacter sp.
C432	Bacteria	Pseudomonadota	Alphaproteobacteria	Rickettsiales	Anaplasmataceae	Wolbachia	Wolbachia sp.
C433	Bacteria	Bacteroidota	Bacteroidia	Flavobacteriales	Weeksellaceae	Chryseobacterium	Chryseobacterium sp.
C434	Bacteria	Pseudomonadota	Alphaproteobacteria	Rickettsiales	Anaplasmataceae	Wolbachia	Wolbachia sp.
C435	Bacteria	Pseudomonadota	Alphaproteobacteria	Sphingomonadales	Sphingomonadaceae	Novosphingobium	Novosphingobium sp.
C436	Bacteria	Bacteroidota	Bacteroidia	Flavobacteriales	Flavobacteriaceae	Flavobacterium	Flavobacterium ceti
C437	Bacteria	Bacteroidota	Bacteroidia	Flavobacteriales	Flavobacteriaceae	Flavobacterium	Flavobacterium sp.
C438	Bacteria	Pseudomonadota	Alphaproteobacteria	Rickettsiales	Anaplasmataceae	Wolbachia	Wolbachia sp.
C440	Bacteria	Bacteroidota	Bacteroidia	Sphingobacteriales	Sphingobacteriaceae	Sphingobacterium	Sphingobacterium sp.
C441	Bacteria	Bacteroidota	Bacteroidia	Flavobacteriales	Flavobacteriaceae	Myroides	Myroides sp.
C442	Bacteria	Pseudomonadota	Gammaproteobacteria	Pseudomonadales	Moraxellaceae	Acinetobacter	Acinetobacter sp.
C443	Unknown	Unknown	Unknown	Unknown	Unknown	Unknown	Unknown
C444	Bacteria	Pseudomonadota	Alphaproteobacteria	Acetobacterales	Acetobacteraceae	Acetobacter	Acetobacter sp.
C446	Bacteria	Bacteroidota	Bacteroidia	Flavobacteriales	Flavobacteriaceae	Flavobacterium	uncultured bacterium
C447	Bacteria	Pseudomonadota	Alphaproteobacteria	Hyphomicrobiales	Beijerinckiaceae	Methylobacterium	Methylobacterium sp.
C449	Bacteria	Pseudomonadota	Gammaproteobacteria	Enterobacterales	Orbaceae	Orbaceae sp.	Orbaceae sp.
C452	Bacteria	Pseudomonadota	Alphaproteobacteria	Rhodobacterales	Paracoccaceae	Paracoccaceae sp.	Paracoccaceae sp.
C455	Bacteria	Bacteroidota	Bacteroidia	Cytophagales	Spirosomataceae	Dyadobacter	Dyadobacter sp.
C457	Bacteria	Pseudomonadota	Gammaproteobacteria	Burkholderiales	Burkholderiaceae	Robbsia	Robbsia sp.
C458	Bacteria	Pseudomonadota	Alphaproteobacteria	Rickettsiales	Anaplasmataceae	Wolbachia	Wolbachia sp.
C459	Bacteria	Bacillota	Bacilli	Paenibacillales	Paenibacillaceae	Paenibacillus	Paenibacillus sp.
C460	Bacteria	Bacteroidota	Bacteroidia	Flavobacteriales	Weeksellaceae	Moheibacter	Moheibacter sp.
C461	Bacteria	Actinomycetota	Actinobacteria	Propionibacteriales	Nocardioidaceae	Nocardioidaceae sp.	Nocardioidaceae sp.
C462	Bacteria	Bacteroidota	Bacteroidia	Flavobacteriales	Flavobacteriaceae	Flavobacterium	Flavobacterium sp.
C464	Bacteria	Pseudomonadota	Alphaproteobacteria	Acetobacterales	Acetobacteraceae	Gluconobacter	Gluconobacter sp.
C466	Bacteria	Pseudomonadota	Alphaproteobacteria	Rickettsiales	Rickettsiaceae	Rickettsia	Rickettsia sp.
C469	Bacteria	Bacteroidota	Bacteroidia	Sphingobacteriales	Sphingobacteriaceae	Sphingobacteriaceae sp.	Sphingobacteriaceae sp.
C470	Bacteria	Pseudomonadota	Gammaproteobacteria	Pseudomonadales	Pseudohongiellaceae	Pseudohongiella	Pseudohongiella sp.
C472	Bacteria	Pseudomonadota	Alphaproteobacteria	Acetobacterales	Acetobacteraceae	Gluconobacter	Gluconobacter sp.
C473	Bacteria	Pseudomonadota	Gammaproteobacteria	Burkholderiales	Oxalobacteraceae	Oxalobacteraceae sp.	Oxalobacteraceae sp.
C474	Bacteria	Bacteroidota	Bacteroidia	Sphingobacteriales	Sphingobacteriaceae	Sphingobacterium	Sphingobacterium sp.
C475	Bacteria	Bacillota	Bacilli	Paenibacillales	Paenibacillaceae	Saccharibacillus	Saccharibacillus sp.
C477	Bacteria	Pseudomonadota	Alphaproteobacteria	Rickettsiales	Anaplasmataceae	Wolbachia	Wolbachia sp.
C479	Bacteria	Pseudomonadota	Alphaproteobacteria	Rhodobacterales	Paracoccaceae	Paracoccaceae sp.	Paracoccaceae sp.
C483	Bacteria	Actinomycetota	Actinobacteria	Micrococcales	Microbacteriaceae	Leucobacter	Leucobacter sp.
C484	Unknown	Unknown	Unknown	Unknown	Unknown	Unknown	Unknown
C487	Bacteria	Bacteroidota	Bacteroidia	Sphingobacteriales	Sphingobacteriaceae	Sphingobacterium	Sphingobacterium sp.
C489	Bacteria	Bacteroidota	Bacteroidia	Flavobacteriales	Flavobacteriaceae	Flavobacterium	uncultured bacterium
C491	Bacteria	Bacillota	Bacilli	Staphylococcales	Gemellaceae	Gemella	Gemella sp.
C497	Bacteria	Pseudomonadota	Alphaproteobacteria	Sphingomonadales	Sphingomonadaceae	Novosphingobium	Novosphingobium sp.
C498	Bacteria	Pseudomonadota	Alphaproteobacteria	Hyphomicrobiales	Stappiaceae	Agaricicola	Agaricicola taiwanensis
C499	Bacteria	Bacteroidota	Bacteroidia	Flavobacteriales	Weeksellaceae	Chryseobacterium	Chryseobacterium sp.
C500	Bacteria	Pseudomonadota	Alphaproteobacteria	Acetobacterales	Acetobacteraceae	Acetobacter	Acetobacter sp.
C503	Bacteria	Bacteroidota	Bacteroidia	Cytophagales	Hymenobacteraceae	Hymenobacter	uncultured bacterium
C509	Bacteria	Pseudomonadota	Alphaproteobacteria	Acetobacterales	Acetobacteraceae	Gluconobacter	Gluconobacter sp.
C510	Bacteria	Pseudomonadota	Alphaproteobacteria	Acetobacterales	Acetobacteraceae	Commensalibacter	Commensalibacter sp.
C511	Bacteria	Actinomycetota	Actinobacteria	Streptosporangiales	Nocardiopsidaceae	Nocardiopsis	Nocardiopsis sp.
C513	Bacteria	Pseudomonadota	Alphaproteobacteria	Rickettsiales	Anaplasmataceae	Wolbachia	Wolbachia sp.
C514	Bacteria	Pseudomonadota	Alphaproteobacteria	Rickettsiales	Anaplasmataceae	Wolbachia	Wolbachia sp.
C515	Bacteria	Pseudomonadota	Gammaproteobacteria	Gammaproteobacteria sp.	Gammaproteobacteria sp.	Gammaproteobacteria sp.	Gammaproteobacteria sp.
C519	Bacteria	Pseudomonadota	Gammaproteobacteria	Enterobacterales	Erwiniaceae	Erwiniaceae sp.	Erwiniaceae sp.
C520	Bacteria	Pseudomonadota	Alphaproteobacteria	Rickettsiales	Anaplasmataceae	Wolbachia	Wolbachia sp.
C523	Bacteria	Bacteroidota	Bacteroidia	Sphingobacteriales	Sphingobacteriaceae	Sphingobacterium	Sphingobacterium sp.
C524	Bacteria	Pseudomonadota	Gammaproteobacteria	Pseudomonadales	Moraxellaceae	Moraxellaceae sp.	Moraxellaceae sp.
C525	Unknown	Unknown	Unknown	Unknown	Unknown	Unknown	Unknown
C526	Bacteria	Bacillota	Bacilli	Acholeplasmatales	Acholeplasmataceae	Acholeplasma	Acholeplasma sp.
C527	Bacteria	Pseudomonadota	Alphaproteobacteria	Rickettsiales	Anaplasmataceae	Wolbachia	Wolbachia sp.
C529	Bacteria	Pseudomonadota	Alphaproteobacteria	Hyphomicrobiales	Devosiaceae	Devosia	uncultured bacterium
C530	Bacteria	Pseudomonadota	Gammaproteobacteria	Enterobacterales	Erwiniaceae	Pantoea	Pantoea sp.
C535	Bacteria	Bacteroidota	Bacteroidia	Flavobacteriales	Crocinitomicaceae	Fluviicola	uncultured bacterium
C540	Unknown	Unknown	Unknown	Unknown	Unknown	Unknown	Unknown
C541	Bacteria	Pseudomonadota	Gammaproteobacteria	Burkholderiales	Neisseriaceae	Incertae Sedis	uncultured bacterium
C542	Bacteria	Pseudomonadota	Alphaproteobacteria	Rickettsiales	Mitochondria	Incertae Sedis	Incertae Sedis sp.
C547	Bacteria	Pseudomonadota	Alphaproteobacteria	Acetobacterales	Acetobacteraceae	Komagataeibacter	Komagataeibacter sp.
C548	Bacteria	Actinomycetota	Actinobacteria	Actinomycetales	Actinomycetaceae	Actinomyces	Actinomyces sp.
C550	Bacteria	Bacteroidota	Bacteroidia	Sphingobacteriales	Sphingobacteriaceae	Sphingobacteriaceae sp.	Sphingobacteriaceae sp.
C552	Bacteria	Pseudomonadota	Alphaproteobacteria	Acetobacterales	Acetobacteraceae	Gluconobacter	Gluconobacter sp.
C553	Bacteria	Bacillota	Bacilli	Lactobacillales	Lactobacillales sp.	Lactobacillales sp.	Lactobacillales sp.
C560	Bacteria	Pseudomonadota	Alphaproteobacteria	Rickettsiales	Anaplasmataceae	Wolbachia	Wolbachia sp.
C561	Bacteria	Pseudomonadota	Alphaproteobacteria	Hyphomicrobiales	Rhizobiaceae	Rhizobiaceae sp.	Rhizobiaceae sp.
C566	Bacteria	Pseudomonadota	Alphaproteobacteria	Acetobacterales	Acetobacteraceae	Gluconobacter	Gluconobacter sp.
C567	Bacteria	Pseudomonadota	Alphaproteobacteria	Rickettsiales	Anaplasmataceae	Wolbachia	Wolbachia sp.
C569	Bacteria	Pseudomonadota	Alphaproteobacteria	Rickettsiales	Anaplasmataceae	Wolbachia	Wolbachia sp.
C575	Bacteria	Pseudomonadota	Alphaproteobacteria	Acetobacterales	Acetobacteraceae	Gluconobacter	Gluconobacter sp.
C578	Bacteria	Actinomycetota	Actinobacteria	Mycobacteriales	Mycobacteriales sp.	Mycobacteriales sp.	Mycobacteriales sp.
C579	Bacteria	Bacillota	Clostridia	Clostridiales	Clostridiaceae	Clostridium	Clostridium sp.
C580	Bacteria	Bacteroidota	Bacteroidia	Chitinophagales	Chitinophagaceae	DVSBS1	Sphingobacteriia bacterium DVSBS1
C587	Bacteria	Pseudomonadota	Gammaproteobacteria	Enterobacterales	Erwiniaceae	Pantoea	Pantoea sp.
C593	Bacteria	Bacillota	Bacilli	Lactobacillales	Streptococcaceae	Lactococcus	Lactococcus sp.
C595	Bacteria	Pseudomonadota	Alphaproteobacteria	Rickettsiales	Anaplasmataceae	Wolbachia	Wolbachia sp.
C600	Unknown	Unknown	Unknown	Unknown	Unknown	Unknown	Unknown
C602	Bacteria	Pseudomonadota	Gammaproteobacteria	Enterobacterales	Enterobacteriaceae	Cronobacter	Cronobacter sp.
C605	Bacteria	Pseudomonadota	Alphaproteobacteria	Acetobacterales	Acetobacteraceae	Gluconobacter	Gluconobacter sp.
C606	Bacteria	Pseudomonadota	Alphaproteobacteria	Rickettsiales	Anaplasmataceae	Wolbachia	Wolbachia sp.
C611	Bacteria	Bacteroidota	Bacteroidia	Sphingobacteriales	Sphingobacteriaceae	Sphingobacteriaceae sp.	Sphingobacteriaceae sp.
C616	Bacteria	Pseudomonadota	Gammaproteobacteria	Enterobacterales	Pectobacteriaceae	Pectobacterium	Pectobacterium sp.
C617	Bacteria	Pseudomonadota	Alphaproteobacteria	Rickettsiales	Anaplasmataceae	Wolbachia	Wolbachia sp.
C618	Bacteria	Pseudomonadota	Gammaproteobacteria	Enterobacterales	Enterobacteriaceae	Enterobacter	Enterobacter sp.
C622	Bacteria	Pseudomonadota	Alphaproteobacteria	Rickettsiales	Anaplasmataceae	Wolbachia	Wolbachia endosymbiont of Craneopsylla minerva wolffheuglia
C627	Bacteria	Pseudomonadota	Alphaproteobacteria	Acetobacterales	Acetobacteraceae	Acetobacteraceae sp.	Acetobacteraceae sp.
C629	Bacteria	Bacillota	Clostridia	Peptostreptococcales-Tissierellales	Natronincolaceae	Alkaliphilus	Alkaliphilus sp.
C637	Bacteria	Pseudomonadota	Alphaproteobacteria	Rickettsiales	Anaplasmataceae	Wolbachia	Wolbachia sp.
C639	Bacteria	Bacillota	Bacilli	Lactobacillales	Lactobacillales sp.	Lactobacillales sp.	Lactobacillales sp.
C641	Bacteria	Pseudomonadota	Alphaproteobacteria	Holosporales	Holosporaceae	Incertae Sedis	Incertae Sedis sp.
C642	Bacteria	Actinomycetota	Actinobacteria	Micrococcales	Micrococcaceae	Micrococcaceae sp.	Micrococcaceae sp.
C644	Bacteria	Pseudomonadota	Alphaproteobacteria	Rickettsiales	Anaplasmataceae	Wolbachia	Wolbachia sp.
C645	Bacteria	Planctomycetota	Planctomycetes	Gemmatales	Gemmataceae	Incertae Sedis	Incertae Sedis sp.
C646	Bacteria	Bacteroidota	Bacteroidia	Flavobacteriales	Weeksellaceae	Weeksella	uncultured Flavobacterium sp.
C647	Bacteria	Bacteroidota	Bacteroidia	Flavobacteriales	Flavobacteriaceae	Flavobacterium	Flavobacterium sp.
C648	Bacteria	Bacillota	Bacilli	Lactobacillales	Aerococcaceae	Aerococcus	Aerococcus sp.
C649	Bacteria	Pseudomonadota	Gammaproteobacteria	Pseudomonadales	Moraxellaceae	Acinetobacter	Acinetobacter sp.
C650	Bacteria	Pseudomonadota	Gammaproteobacteria	Burkholderiales	Comamonadaceae	Comamonadaceae sp.	Comamonadaceae sp.
C651	Bacteria	Pseudomonadota	Alphaproteobacteria	Acetobacterales	Acetobacteraceae	Gluconobacter	Gluconobacter sp.
C652	Bacteria	Bacteroidota	Bacteroidia	Flavobacteriales	Flavobacteriaceae	Flavobacterium	Flavobacterium sp.
C656	Bacteria	Pseudomonadota	Alphaproteobacteria	Acetobacterales	Acetobacteraceae	Komagataeibacter	Komagataeibacter saccharivorans
C658	Bacteria	Pseudomonadota	Gammaproteobacteria	Burkholderiales	Comamonadaceae	Comamonadaceae sp.	Comamonadaceae sp.
C660	Bacteria	Pseudomonadota	Gammaproteobacteria	Enterobacterales	Erwiniaceae	Erwiniaceae sp.	Erwiniaceae sp.
C661	Bacteria	Pseudomonadota	Alphaproteobacteria	Rickettsiales	Anaplasmataceae	Wolbachia	Wolbachia sp.
C662	Bacteria	Pseudomonadota	Alphaproteobacteria	Acetobacterales	Acetobacteraceae	Gluconobacter	Gluconobacter sp.
C664	Bacteria	Bacillota	Clostridia	Oscillospirales	Ruminococcaceae	Ruminococcaceae sp.	Ruminococcaceae sp.
C665	Bacteria	Pseudomonadota	Gammaproteobacteria	Enterobacterales	Enterobacteriaceae	Enterobacteriaceae sp.	Enterobacteriaceae sp.
C666	Bacteria	Pseudomonadota	Alphaproteobacteria	Rhodobacterales	Paracoccaceae	Paracoccaceae sp.	Paracoccaceae sp.
C667	Bacteria	Actinomycetota	Actinobacteria	Propionibacteriales	Nocardioidaceae	Nocardioidaceae sp.	Nocardioidaceae sp.
C671	Bacteria	Pseudomonadota	Gammaproteobacteria	Burkholderiales	Oxalobacteraceae	[Aquaspirillum] arcticum group	uncultured bacterium
C672	Bacteria	Bacteroidota	Bacteroidia	Flavobacteriales	Flavobacteriaceae	Flavobacterium	bacterium 7B4
C673	Bacteria	Bacteroidota	Bacteroidia	Cytophagales	Spirosomataceae	Leadbetterella	uncultured bacterium
C675	Bacteria	Pseudomonadota	Gammaproteobacteria	Burkholderiales	Burkholderiaceae	Burkholderia-Caballeronia-Paraburkholderia	Burkholderia-Caballeronia-Paraburkholderia sp.
C676	Bacteria	Pseudomonadota	Alphaproteobacteria	Hyphomicrobiales	Rhizobiaceae	Brucella	Brucella sp.
C680	Bacteria	Pseudomonadota	Alphaproteobacteria	Rhodobacterales	Paracoccaceae	Ketogulonicigenium	Ketogulonicigenium sp.
C681	Bacteria	Pseudomonadota	Alphaproteobacteria	Acetobacterales	Acetobacteraceae	Komagataeibacter	Komagataeibacter sp.
C683	Bacteria	Pseudomonadota	Gammaproteobacteria	Pseudomonadales	Pseudomonadaceae	Pseudomonas	Pseudomonas sp.
C684	Bacteria	Campylobacterota	Campylobacteria	Campylobacterales	Sulfurospirillaceae	Sulfurospirillum	uncultured Epsilonproteobacteria bacterium
C685	Bacteria	Spirochaetota	Spirochaetia	Spirochaetales	Spirochaetaceae	Treponema	Treponema sp.
C686	Bacteria	Actinomycetota	Actinobacteria	Mycobacteriales	Corynebacteriaceae	Corynebacterium	uncultured bacterium
C687	Bacteria	Pseudomonadota	Alphaproteobacteria	Acetobacterales	Acetobacteraceae	Acetobacter	Acetobacter sp.
C690	Bacteria	Pseudomonadota	Gammaproteobacteria	Lysobacterales	Lysobacteraceae	Stenotrophomonas	Stenotrophomonas sp.
C693	Unknown	Unknown	Unknown	Unknown	Unknown	Unknown	Unknown
C695	Bacteria	Pseudomonadota	Alphaproteobacteria	Rickettsiales	Anaplasmataceae	Wolbachia	Wolbachia sp.
C698	Bacteria	Bacillota	Bacilli	Lactobacillales	Streptococcaceae	Lactococcus	Lactococcus sp.
C699	Bacteria	Bacteroidota	Bacteroidia	Bacteroidales	Dysgonomonadaceae	Candidatus Armantifilum	Candidatus Armantifilum sp.
C700	Bacteria	Pseudomonadota	Alphaproteobacteria	Acetobacterales	Acetobacteraceae	Acetobacter	Acetobacter sp.
C702	Bacteria	Pseudomonadota	Alphaproteobacteria	Acetobacterales	Acetobacteraceae	Acetobacteraceae sp.	Acetobacteraceae sp.
C709	Bacteria	Pseudomonadota	Gammaproteobacteria	Burkholderiales	Burkholderiaceae	Incertae Sedis	bacterium endosymbiont of Onthophagus Taurus
C711	Bacteria	Bacteroidota	Bacteroidia	Chitinophagales	Chitinophagaceae	DVSBS1	Sphingobacteriia bacterium DVSBS1
C717	Bacteria	Pseudomonadota	Alphaproteobacteria	Rickettsiales	Anaplasmataceae	Wolbachia	Wolbachia sp.
C718	Bacteria	Pseudomonadota	Alphaproteobacteria	Rickettsiales	Anaplasmataceae	Wolbachia	Wolbachia sp.
C724	Bacteria	Pseudomonadota	Alphaproteobacteria	Rickettsiales	Anaplasmataceae	Wolbachia	Wolbachia sp.
C725	Bacteria	Pseudomonadota	Alphaproteobacteria	Rickettsiales	Anaplasmataceae	Wolbachia	Wolbachia sp.
C727	Bacteria	Pseudomonadota	Alphaproteobacteria	Rickettsiales	Anaplasmataceae	Wolbachia	Wolbachia sp.
C728	Bacteria	Actinomycetota	Actinobacteria	Mycobacteriales	Mycobacteriaceae	Mycobacterium	Mycobacterium sp.
C730	Bacteria	Pseudomonadota	Alphaproteobacteria	Rickettsiales	Anaplasmataceae	Wolbachia	Wolbachia sp.
C731	Unknown	Unknown	Unknown	Unknown	Unknown	Unknown	Unknown
C732	Bacteria	Pseudomonadota	Alphaproteobacteria	Rickettsiales	Anaplasmataceae	Wolbachia	Wolbachia sp.
C735	Bacteria	Pseudomonadota	Alphaproteobacteria	Acetobacterales	Acetobacteraceae	Acetobacteraceae sp.	Acetobacteraceae sp.
C739	Bacteria	Bacteroidota	Bacteroidia	Bacteroidales	Rikenellaceae	M2PB4-61 termite group	uncultured Bacteroidales bacterium
C742	Bacteria	Bacteroidota	Bacteroidia	Flavobacteriales	Flavobacteriaceae	Flavobacterium	Flavobacterium akiainvivens
C744	Bacteria	Pseudomonadota	Gammaproteobacteria	Enterobacterales	Enterobacteriaceae	Enterobacter	Enterobacter sp.
C745	Bacteria	Pseudomonadota	Alphaproteobacteria	Acetobacterales	Acetobacteraceae	Gluconobacter	Gluconobacter sp.
C748	Bacteria	Pseudomonadota	Alphaproteobacteria	Rickettsiales	Anaplasmataceae	Wolbachia	Wolbachia sp.
C755	Bacteria	Bacteroidota	Bacteroidia	Bacteroidales	COB P4-1 termite group	Incertae Sedis	uncultured Bacteroidales bacterium
C756	Bacteria	Bacteroidota	Bacteroidia	Chitinophagales	Chitinophagaceae	Incertae Sedis	uncultured bacterium
C757	Bacteria	Bacteroidota	Bacteroidia	Sphingobacteriales	Sphingobacteriaceae	Mucilaginibacter	Mucilaginibacter sp.
C759	Bacteria	Pseudomonadota	Alphaproteobacteria	Acetobacterales	Acetobacteraceae	Gluconobacter	Gluconobacter sp.
C760	Bacteria	Pseudomonadota	Gammaproteobacteria	Enterobacterales	Enterobacteriaceae	Escherichia-Shigella	Escherichia-Shigella sp.
C761	Bacteria	Pseudomonadota	Gammaproteobacteria	Burkholderiales	Oxalobacteraceae	Massilia	uncultured bacterium
C762	Bacteria	Bacillota	Bacilli	Lactobacillales	Enterococcaceae	Enterococcus	Enterococcus sp.
C765	Bacteria	Spirochaetota	Spirochaetia	Spirochaetales	Spirochaetaceae	Treponema	Treponema sp.
C766	Bacteria	Pseudomonadota	Alphaproteobacteria	Hyphomicrobiales	Xanthobacteraceae	Bradyrhizobium	Bradyrhizobium sp.
C768	Bacteria	Bacillota	Bacilli	Lactobacillales	Lactobacillaceae	Leuconostoc	Leuconostoc sp.
C770	Bacteria	Pseudomonadota	Gammaproteobacteria	Burkholderiales	Comamonadaceae	Lampropedia	Lampropedia sp.
C772	Bacteria	Pseudomonadota	Alphaproteobacteria	Acetobacterales	Acetobacteraceae	Acetobacter	uncultured Acetobacter sp.
C773	Bacteria	Pseudomonadota	Alphaproteobacteria	Acetobacterales	Acetobacteraceae	Komagataeibacter	Komagataeibacter sp.
C775	Bacteria	Pseudomonadota	Alphaproteobacteria	Acetobacterales	Acetobacteraceae	Gluconobacter	Gluconobacter sp.
C779	Bacteria	Pseudomonadota	Alphaproteobacteria	Acetobacterales	Acetobacteraceae	Acetobacter	Acetobacter sp.
C780	Bacteria	Bacillota	Clostridia	Oscillospirales	Ruminococcaceae	Candidatus Soleaferrea	Candidatus Soleaferrea sp.
C783	Bacteria	Pseudomonadota	Gammaproteobacteria	Enterobacterales	Erwiniaceae	Erwiniaceae sp.	Erwiniaceae sp.
C784	Bacteria	Pseudomonadota	Alphaproteobacteria	Acetobacterales	Acetobacteraceae	Acetobacter	Acetobacter sp.
C785	Bacteria	Pseudomonadota	Gammaproteobacteria	Burkholderiales	Alcaligenaceae	Alcaligenaceae sp.	Alcaligenaceae sp.
C787	Bacteria	Bacteroidota	Bacteroidia	Sphingobacteriales	Sphingobacteriaceae	Sphingobacterium	Flavobacterium sp.
C788	Bacteria	Bacteroidota	Bacteroidia	Sphingobacteriales	Sphingobacteriaceae	Sphingobacterium	Sphingobacterium sp.
C792	Bacteria	Bacillota	Clostridia	Lachnospirales	Lachnospiraceae	Lachnospiraceae sp.	Lachnospiraceae sp.
C797	Bacteria	Pseudomonadota	Gammaproteobacteria	Enterobacterales	Enterobacteriaceae	Escherichia-Shigella	uncultured bacterium
C798	Bacteria	Pseudomonadota	Alphaproteobacteria	Acetobacterales	Acetobacteraceae	Acetobacter	Acetobacter sp.
C799	Bacteria	Pseudomonadota	Gammaproteobacteria	Burkholderiales	Comamonadaceae	Comamonas	Comamonas sp.
C802	Bacteria	Pseudomonadota	Alphaproteobacteria	Acetobacterales	Acetobacteraceae	Gluconobacter	Gluconobacter sp.
C806	Bacteria	Actinomycetota	Actinobacteria	Micrococcales	Sanguibacteraceae	Sanguibacter	Sanguibacter sp.
C807	Bacteria	Bacteroidota	Bacteroidia	Bacteroidales	Dysgonomonadaceae	Candidatus Armantifilum	Candidatus Armantifilum devescovinae
C809	Bacteria	Pseudomonadota	Alphaproteobacteria	Acetobacterales	Acetobacteraceae	Komagataeibacter	Komagataeibacter sp.
C811	Bacteria	Pseudomonadota	Alphaproteobacteria	Rickettsiales	Anaplasmataceae	Wolbachia	Wolbachia sp.
C813	Bacteria	Pseudomonadota	Alphaproteobacteria	Rickettsiales	Anaplasmataceae	Wolbachia	Wolbachia sp.
C816	Bacteria	Pseudomonadota	Alphaproteobacteria	Acetobacterales	Acetobacteraceae	Komagataeibacter	Komagataeibacter sp.
C817	Bacteria	Thermodesulfobacteriota	Desulfovibrionia	Desulfovibrionales	Desulfovibrionaceae	Desulfovibrio	Desulfovibrio sp.
C818	Bacteria	Pseudomonadota	Alphaproteobacteria	Rickettsiales	Anaplasmataceae	Wolbachia	Wolbachia sp.
C820	Bacteria	Pseudomonadota	Alphaproteobacteria	Acetobacterales	Acetobacteraceae	Acetobacter	Acetobacter sp.
C821	Bacteria	Actinomycetota	Actinobacteria	Micrococcales	Microbacteriaceae	Microbacterium	Microbacterium sp.
C822	Bacteria	Pseudomonadota	Alphaproteobacteria	Rickettsiales	Anaplasmataceae	Wolbachia	Wolbachia sp.
C824	Bacteria	Pseudomonadota	Alphaproteobacteria	Rickettsiales	Anaplasmataceae	Wolbachia	Wolbachia sp.
C830	Bacteria	Pseudomonadota	Alphaproteobacteria	Acetobacterales	Acetobacteraceae	Acetobacter	Acetobacter sp.
C833	Bacteria	Pseudomonadota	Alphaproteobacteria	Rickettsiales	Anaplasmataceae	Wolbachia	Wolbachia sp.
C838	Bacteria	Pseudomonadota	Alphaproteobacteria	Rickettsiales	Anaplasmataceae	Wolbachia	Wolbachia sp.
C839	Bacteria	Pseudomonadota	Alphaproteobacteria	Acetobacterales	Acetobacteraceae	Commensalibacter	Commensalibacter sp.
C840	Bacteria	Pseudomonadota	Alphaproteobacteria	Acetobacterales	Acetobacteraceae	Acetobacter	Acetobacter sp.
C844	Bacteria	Bacteroidota	Bacteroidia	Sphingobacteriales	Sphingobacteriaceae	Sphingobacteriaceae sp.	Sphingobacteriaceae sp.
C847	Bacteria	Bacteroidota	Bacteroidia	Bacteroidales	M2PB4-65 termite group	Incertae Sedis	uncultured Bacteroidetes bacterium
C848	Bacteria	Pseudomonadota	Alphaproteobacteria	Micropepsales	Micropepsaceae	Incertae Sedis	Incertae Sedis sp.
C849	Bacteria	Pseudomonadota	Alphaproteobacteria	Rickettsiales	Anaplasmataceae	Wolbachia	Wolbachia sp.
C850	Bacteria	Pseudomonadota	Alphaproteobacteria	Rickettsiales	Anaplasmataceae	Wolbachia	Wolbachia sp.
C852	Bacteria	Pseudomonadota	Alphaproteobacteria	Acetobacterales	Acetobacteraceae	Gluconobacter	Gluconobacter sp.
C854	Bacteria	Pseudomonadota	Alphaproteobacteria	Acetobacterales	Acetobacteraceae	Gluconobacter	Gluconobacter sp.
C855	Bacteria	Spirochaetota	Spirochaetia	Spirochaetales	Spirochaetaceae	Treponema	uncultured Treponema sp.
C860	Bacteria	Pseudomonadota	Alphaproteobacteria	Rickettsiales	Anaplasmataceae	Wolbachia	Wolbachia sp.
C862	Bacteria	Pseudomonadota	Alphaproteobacteria	Rickettsiales	Anaplasmataceae	Wolbachia	Wolbachia sp.
C864	Bacteria	Pseudomonadota	Alphaproteobacteria	Rickettsiales	Mitochondria	Incertae Sedis	Prunus armeniaca (apricot)
C867	Bacteria	Pseudomonadota	Alphaproteobacteria	Hyphomicrobiales	Stappiaceae	Agaricicola	uncultured bacterium
C869	Bacteria	Actinomycetota	Actinobacteria	Propionibacteriales	Nocardioidaceae	Nocardioides	Nocardioides sp.
C870	Bacteria	Pseudomonadota	Alphaproteobacteria	Acetobacterales	Acetobacteraceae	Acetobacter	Acetobacter sp.
C873	Unknown	Unknown	Unknown	Unknown	Unknown	Unknown	Unknown
C874	Bacteria	Cyanobacteriota	Cyanobacteriia	Chloroplast	Incertae Sedis	Incertae Sedis	Incertae Sedis sp.
C875	Bacteria	Pseudomonadota	Alphaproteobacteria	Rickettsiales	Mitochondria	Incertae Sedis	Incertae Sedis sp.
C876	Bacteria	Pseudomonadota	Gammaproteobacteria	Burkholderiales	Comamonadaceae	Comamonadaceae sp.	Comamonadaceae sp.
C877	Bacteria	Pseudomonadota	Gammaproteobacteria	Enterobacterales	Erwiniaceae	Erwiniaceae sp.	Erwiniaceae sp.
C879	Bacteria	Pseudomonadota	Alphaproteobacteria	Rickettsiales	Anaplasmataceae	Wolbachia	Wolbachia sp.
C881	Bacteria	Actinomycetota	Actinobacteria	Micrococcales	Micrococcaceae	Micrococcaceae sp.	Micrococcaceae sp.
C882	Bacteria	Pseudomonadota	Gammaproteobacteria	Burkholderiales	Burkholderiales sp.	Burkholderiales sp.	Burkholderiales sp.
C883	Bacteria	Synergistota	Synergistia	Synergistales	Synergistaceae	Incertae Sedis	uncultured bacterium
C884	Bacteria	Elusimicrobiota	Endomicrobiia	Endomicrobiales	Endomicrobiaceae	Endomicrobium	Endomicrobium sp.
C885	Unknown	Unknown	Unknown	Unknown	Unknown	Unknown	Unknown
C886	Bacteria	Pseudomonadota	Gammaproteobacteria	Lysobacterales	Rhodanobacteraceae	Chiayiivirga	uncultured bacterium
C887	Bacteria	Pseudomonadota	Alphaproteobacteria	Hyphomicrobiales	Beijerinckiaceae	Lichenibacterium	Lichenibacterium sp.
C889	Bacteria	Pseudomonadota	Alphaproteobacteria	Rickettsiales	Anaplasmataceae	Wolbachia	Wolbachia sp.
C891	Bacteria	Pseudomonadota	Alphaproteobacteria	Acetobacterales	Acetobacteraceae	Gluconobacter	Gluconobacter sp.
C893	Bacteria	Elusimicrobiota	Endomicrobiia	Endomicrobiales	Endomicrobiaceae	Endomicrobium	uncultured bacterium
C895	Bacteria	Bacteroidota	Bacteroidia	Flavobacteriales	Flavobacteriaceae	Flavobacterium	Flavobacterium sp.
C897	Bacteria	Bacteroidota	Bacteroidia	Bacteroidales	Rikenellaceae	M2PB4-61 termite group	uncultured Bacteroidales bacterium
C899	Bacteria	Pseudomonadota	Alphaproteobacteria	Rickettsiales	Anaplasmataceae	Wolbachia	Wolbachia sp.
C901	Bacteria	Pseudomonadota	Alphaproteobacteria	Acetobacterales	Acetobacteraceae	Gluconobacter	Gluconobacter sp.
C902	Bacteria	Bacteroidota	Bacteroidia	Bacteroidales	Dysgonomonadaceae	Candidatus Azobacteroides	Candidatus Azobacteroides sp.
C904	Bacteria	Bacteroidota	Bacteroidia	Sphingobacteriales	Sphingobacteriaceae	Sphingobacterium	Bacteroidetes bacterium RBE2CD-54
C906	Bacteria	Bacteroidota	Bacteroidia	Bacteroidales	Tannerellaceae	Candidatus Vestibaculum	Candidatus Vestibaculum sp.
C907	Bacteria	Pseudomonadota	Gammaproteobacteria	Enterobacterales	Yersiniaceae	Yersiniaceae sp.	Yersiniaceae sp.
C908	Bacteria	Pseudomonadota	Alphaproteobacteria	Acetobacterales	Acetobacteraceae	Acetobacter	Acetobacter sp.
C909	Bacteria	Pseudomonadota	Alphaproteobacteria	Acetobacterales	Acetobacteraceae	Acetobacteraceae sp.	Acetobacteraceae sp.
C911	Bacteria	Bacteroidota	Bacteroidia	Cytophagales	Amoebophilaceae	Candidatus Cardinium	Candidatus Cardinium sp.
C912	Bacteria	Pseudomonadota	Alphaproteobacteria	Acetobacterales	Acetobacteraceae	Commensalibacter	Commensalibacter sp.
C913	Bacteria	Pseudomonadota	Alphaproteobacteria	Acetobacterales	Acetobacteraceae	Komagataeibacter	Komagataeibacter sp.
C914	Bacteria	Bacteroidota	Bacteroidia	Bacteroidales	Williamwhitmaniaceae	Rs-D38 termite group	uncultured Bacteroidia bacterium
C915	Bacteria	Pseudomonadota	Alphaproteobacteria	Hyphomicrobiales	Devosiaceae	Devosia	Devosia sp.
C917	Bacteria	Pseudomonadota	Alphaproteobacteria	Acetobacterales	Acetobacteraceae	Commensalibacter	Commensalibacter sp.
C920	Unknown	Unknown	Unknown	Unknown	Unknown	Unknown	Unknown
C921	Bacteria	Pseudomonadota	Alphaproteobacteria	Rickettsiales	Anaplasmataceae	Wolbachia	Wolbachia sp.
C922	Bacteria	Pseudomonadota	Alphaproteobacteria	Acetobacterales	Acetobacteraceae	Acetobacter	Acetobacter sp.
C923	Bacteria	Bdellovibrionota	Oligoflexia	Oligoflexales	Oligoflexaceae	Oligoflexus	Oligoflexus sp.
C926	Bacteria	Bacillota	Clostridia	Oscillospirales	Ruminococcaceae	Candidatus Soleaferrea	uncultured bacterium
C931	Bacteria	Cyanobacteriota	Cyanobacteriia	Chloroplast	Incertae Sedis	Incertae Sedis	uncultured bacterium
C934	Bacteria	Pseudomonadota	Alphaproteobacteria	Rickettsiales	Anaplasmataceae	Wolbachia	Wolbachia sp.
C935	Bacteria	Pseudomonadota	Gammaproteobacteria	Enterobacterales	Erwiniaceae	Erwiniaceae sp.	Erwiniaceae sp.
C937	Bacteria	Pseudomonadota	Alphaproteobacteria	Acetobacterales	Acetobacteraceae	Acetobacteraceae sp.	Acetobacteraceae sp.
C938	Bacteria	Pseudomonadota	Alphaproteobacteria	Acetobacterales	Acetobacteraceae	Komagataeibacter	Komagataeibacter saccharivorans
C939	Bacteria	Bacteroidota	Bacteroidia	Sphingobacteriales	Sphingobacteriaceae	Pedobacter	Pedobacter sp.
C940	Bacteria	Pseudomonadota	Alphaproteobacteria	Acetobacterales	Acetobacteraceae	Komagataeibacter	Komagataeibacter sp.
C941	Unknown	Unknown	Unknown	Unknown	Unknown	Unknown	Unknown
C945	Bacteria	Pseudomonadota	Alphaproteobacteria	Rickettsiales	Mitochondria	Incertae Sedis	Rhynchosporium orthosporum
C946	Bacteria	Bdellovibrionota	Bacteriovoracia	Bacteriovoracales	Bacteriovoracaceae	Peredibacter	uncultured bacterium
C947	Bacteria	Bacteroidota	Bacteroidia	Bacteroidales	Williamwhitmaniaceae	Rs-D38 termite group	uncultured Bacteroidales bacterium
C948	Bacteria	Pseudomonadota	Alphaproteobacteria	Acetobacterales	Acetobacteraceae	Gluconobacter	Gluconobacter sp.
C950	Bacteria	Pseudomonadota	Alphaproteobacteria	Rickettsiales	Anaplasmataceae	Wolbachia	Wolbachia sp.
C951	Bacteria	Bacteroidota	Bacteroidia	Cytophagales	Spirosomataceae	Incertae Sedis	uncultured bacterium
C955	Bacteria	Pseudomonadota	Alphaproteobacteria	Rhodobacterales	Paracoccaceae	Paracoccaceae sp.	Paracoccaceae sp.
C956	Bacteria	Pseudomonadota	Alphaproteobacteria	Rickettsiales	Mitochondria	Incertae Sedis	Sclerotinia borealis
C957	Bacteria	Pseudomonadota	Alphaproteobacteria	Acetobacterales	Acetobacteraceae	Acetobacter	Acetobacter sp.
C958	Bacteria	Pseudomonadota	Alphaproteobacteria	Acetobacterales	Acetobacteraceae	Gluconobacter	Gluconobacter sp.
C960	Bacteria	Pseudomonadota	Alphaproteobacteria	Rickettsiales	Anaplasmataceae	Wolbachia	Wolbachia sp.
C964	Bacteria	Spirochaetota	Spirochaetia	Spirochaetales	Spirochaetaceae	Treponema	Spirochaeta sp.
C965	Bacteria	Pseudomonadota	Alphaproteobacteria	Rickettsiales	Anaplasmataceae	Wolbachia	Wolbachia sp.
C966	Bacteria	Bacteroidota	Bacteroidia	Bacteroidales	Rikenellaceae	M2PB4-61 termite group	uncultured Bacteroidales bacterium
C967	Bacteria	Spirochaetota	Spirochaetia	Spirochaetales	Spirochaetaceae	Treponema	Treponema sp.
C968	Bacteria	Pseudomonadota	Alphaproteobacteria	Acetobacterales	Acetobacteraceae	Acetobacter	Acetobacter sp.
C969	Bacteria	Pseudomonadota	Alphaproteobacteria	Rickettsiales	Anaplasmataceae	Wolbachia	Wolbachia sp.
C971	Bacteria	Actinomycetota	Actinobacteria	Micrococcales	Microbacteriaceae	Microbacteriaceae sp.	Microbacteriaceae sp.
C972	Bacteria	Pseudomonadota	Alphaproteobacteria	Acetobacterales	Acetobacteraceae	Acetobacteraceae sp.	Acetobacteraceae sp.
C974	Bacteria	Pseudomonadota	Alphaproteobacteria	Rickettsiales	Anaplasmataceae	Wolbachia	Wolbachia sp.
C976	Bacteria	Pseudomonadota	Gammaproteobacteria	Salinisphaerales	Nevskiaceae	Stenotrophobium	Stenotrophobium sp.
C978	Bacteria	Pseudomonadota	Alphaproteobacteria	Acetobacterales	Acetobacteraceae	Acetobacteraceae sp.	Acetobacteraceae sp.
C982	Bacteria	Pseudomonadota	Alphaproteobacteria	Rickettsiales	Anaplasmataceae	Wolbachia	Wolbachia sp.
C984	Bacteria	Pseudomonadota	Alphaproteobacteria	Hyphomicrobiales	Xanthobacteraceae	Incertae Sedis	Incertae Sedis sp.
C985	Bacteria	Pseudomonadota	Gammaproteobacteria	Enterobacterales	Yersiniaceae	Serratia	bacterium 1-gw2-8
C987	Bacteria	Pseudomonadota	Alphaproteobacteria	Hyphomicrobiales	Beijerinckiaceae	Camelimonas	Camelimonas sp.
C989	Bacteria	Pseudomonadota	Gammaproteobacteria	Burkholderiales	Alcaligenaceae	Alcaligenaceae sp.	Alcaligenaceae sp.
C990	Bacteria	Pseudomonadota	Alphaproteobacteria	Rickettsiales	Anaplasmataceae	Wolbachia	Wolbachia sp.
C991	Bacteria	Pseudomonadota	Gammaproteobacteria	Enterobacterales	Enterobacteriaceae	Enterobacter	Enterobacter sp.
C992	Bacteria	Pseudomonadota	Alphaproteobacteria	Rickettsiales	Anaplasmataceae	Wolbachia	Wolbachia sp.
C993	Bacteria	Bacillota	Bacilli	Lactobacillales	Lactobacillaceae	Leuconostoc	uncultured bacterium
C996	Bacteria	Pseudomonadota	Alphaproteobacteria	Rickettsiales	Anaplasmataceae	Wolbachia	Wolbachia sp.
C997	Bacteria	Synergistota	Synergistia	Synergistales	Synergistaceae	Incertae Sedis	uncultured bacterium
C998	Bacteria	Verrucomicrobiota	Verrucomicrobiia	Opitutales	Puniceicoccaceae	Incertae Sedis	uncultured Verrucomicrobia bacterium
C1000	Bacteria	Bacteroidota	Bacteroidia	Sphingobacteriales	Sphingobacteriaceae	Sphingobacterium	Sphingobacterium sp.
C1002	Bacteria	Pseudomonadota	Alphaproteobacteria	Rickettsiales	Anaplasmataceae	Wolbachia	Wolbachia sp.
C1004	Bacteria	Pseudomonadota	Alphaproteobacteria	Rhodobacterales	Paracoccaceae	Ketogulonicigenium	Ketogulonicigenium sp.
C1005	Bacteria	Pseudomonadota	Alphaproteobacteria	Acetobacterales	Acetobacteraceae	Gluconobacter	Gluconobacter sp.
C1007	Bacteria	Pseudomonadota	Alphaproteobacteria	Acetobacterales	Acetobacteraceae	Acetobacter	Acetobacter sp.
C1011	Bacteria	Pseudomonadota	Gammaproteobacteria	Enterobacterales	Erwiniaceae	Erwiniaceae sp.	Erwiniaceae sp.
C1013	Bacteria	Pseudomonadota	Alphaproteobacteria	Acetobacterales	Acetobacteraceae	Komagataeibacter	Komagataeibacter saccharivorans
C1014	Bacteria	Bacillota	Bacilli	Lactobacillales	Lactobacillaceae	Fructilactobacillus	Fructilactobacillus sp.
C1015	Bacteria	Pseudomonadota	Alphaproteobacteria	Acetobacterales	Acetobacteraceae	Acetobacter	Acetobacter sp.
C1017	Unknown	Unknown	Unknown	Unknown	Unknown	Unknown	Unknown
C1018	Bacteria	Pseudomonadota	Gammaproteobacteria	Pseudomonadales	Moraxellaceae	Acinetobacter	Acinetobacter sp.
C1019	Bacteria	Thermodesulfobacteriota	Desulfovibrionia	Desulfovibrionales	Desulfovibrionaceae	Desulfovibrio	Desulfovibrio sp.
C1021	Bacteria	Pseudomonadota	Alphaproteobacteria	Hyphomicrobiales	Rhizobiaceae	Rhizobium	Rhizobium sp.
C1027	Bacteria	Pseudomonadota	Alphaproteobacteria	Acetobacterales	Acetobacteraceae	Acetobacteraceae sp.	Acetobacteraceae sp.
C1028	Bacteria	Pseudomonadota	Alphaproteobacteria	Acetobacterales	Acetobacteraceae	Gluconobacter	Gluconobacter sp.
C1030	Bacteria	Bacteroidota	Bacteroidia	Flavobacteriales	Flavobacteriaceae	Flavobacterium	Flavobacterium sp.
C1031	Bacteria	Pseudomonadota	Alphaproteobacteria	Rickettsiales	Anaplasmataceae	Wolbachia	Wolbachia sp.
C1034	Bacteria	Spirochaetota	Spirochaetia	Spirochaetales	Spirochaetaceae	Treponema	Treponema sp.
C1035	Bacteria	Cyanobacteriota	Cyanobacteriia	Chloroplast	Incertae Sedis	Incertae Sedis	Incertae Sedis sp.
C1036	Bacteria	Pseudomonadota	Alphaproteobacteria	Rickettsiales	Anaplasmataceae	Wolbachia	Wolbachia sp.
C1037	Bacteria	Pseudomonadota	Alphaproteobacteria	Acetobacterales	Acetobacteraceae	Acetobacter	Acetobacter sp.
C1039	Bacteria	Pseudomonadota	Alphaproteobacteria	Acetobacterales	Acetobacteraceae	Commensalibacter	uncultured bacterium
C1041	Bacteria	Pseudomonadota	Alphaproteobacteria	Acetobacterales	Acetobacteraceae	Acetobacteraceae sp.	Acetobacteraceae sp.
C1044	Bacteria	Pseudomonadota	Alphaproteobacteria	Acetobacterales	Acetobacteraceae	Komagataeibacter	Komagataeibacter sp.
C1045	Bacteria	Pseudomonadota	Alphaproteobacteria	Rickettsiales	Anaplasmataceae	Wolbachia	Wolbachia sp.
C1048	Bacteria	Pseudomonadota	Gammaproteobacteria	Enterobacterales	Erwiniaceae	Pantoea	Pantoea sp.
C1049	Bacteria	Fusobacteriota	Fusobacteriia	Fusobacteriales	Leptotrichiaceae	Sebaldella	uncultured bacterium
C1051	Bacteria	Pseudomonadota	Alphaproteobacteria	Rickettsiales	Anaplasmataceae	Wolbachia	Wolbachia sp.
C1054	Bacteria	Bacteroidota	Bacteroidia	Bacteroidales	Dysgonomonadaceae	Dysgonomonas	Dysgonomonas sp.
C1055	Bacteria	Pseudomonadota	Alphaproteobacteria	Acetobacterales	Acetobacteraceae	Acetobacteraceae sp.	Acetobacteraceae sp.
C1056	Bacteria	Pseudomonadota	Alphaproteobacteria	Acetobacterales	Acetobacteraceae	Gluconobacter	Gluconobacter sp.
C1057	Bacteria	Pseudomonadota	Alphaproteobacteria	Rickettsiales	Anaplasmataceae	Wolbachia	Wolbachia sp.
C1059	Bacteria	Pseudomonadota	Alphaproteobacteria	Rickettsiales	Anaplasmataceae	Wolbachia	Wolbachia sp.
C1062	Bacteria	Pseudomonadota	Alphaproteobacteria	Acetobacterales	Acetobacteraceae	Gluconobacter	Gluconobacter sp.
C1064	Bacteria	Bacteroidota	Bacteroidia	Bacteroidales	Dysgonomonadaceae	Candidatus Armantifilum	Candidatus Armantifilum devescovinae
C1066	Bacteria	Pseudomonadota	Alphaproteobacteria	Acetobacterales	Acetobacteraceae	Commensalibacter	Commensalibacter sp.
C1067	Bacteria	Pseudomonadota	Alphaproteobacteria	Rickettsiales	Anaplasmataceae	Wolbachia	Wolbachia sp.
C1068	Bacteria	Pseudomonadota	Alphaproteobacteria	Rickettsiales	Anaplasmataceae	Wolbachia	Wolbachia sp.
C1069	Bacteria	Pseudomonadota	Alphaproteobacteria	Acetobacterales	Acetobacteraceae	Komagataeibacter	Komagataeibacter sp.
C1075	Bacteria	Pseudomonadota	Alphaproteobacteria	Acetobacterales	Acetobacteraceae	Komagataeibacter	Komagataeibacter saccharivorans
C1076	Bacteria	Pseudomonadota	Alphaproteobacteria	Acetobacterales	Acetobacteraceae	Acetobacter	Acetobacter sp.
C1079	Bacteria	Pseudomonadota	Alphaproteobacteria	Acetobacterales	Acetobacteraceae	Acetobacter	Acetobacter sp.
C1082	Bacteria	Pseudomonadota	Alphaproteobacteria	Rickettsiales	Anaplasmataceae	Anaplasmataceae sp.	Anaplasmataceae sp.
C1084	Bacteria	Pseudomonadota	Alphaproteobacteria	Acetobacterales	Acetobacteraceae	Acetobacteraceae sp.	Acetobacteraceae sp.
C1087	Bacteria	Pseudomonadota	Alphaproteobacteria	Rickettsiales	Anaplasmataceae	Wolbachia	Wolbachia sp.
C1088	Bacteria	Pseudomonadota	Alphaproteobacteria	Rickettsiales	Anaplasmataceae	Wolbachia	Wolbachia sp.
C1089	Bacteria	Pseudomonadota	Alphaproteobacteria	Rickettsiales	Anaplasmataceae	Wolbachia	Wolbachia sp.
C1091	Bacteria	Pseudomonadota	Alphaproteobacteria	Rickettsiales	Anaplasmataceae	Wolbachia	Wolbachia sp.
C1092	Bacteria	Pseudomonadota	Alphaproteobacteria	Acetobacterales	Acetobacteraceae	Acetobacter	Acetobacter sp.
C1093	Bacteria	Pseudomonadota	Gammaproteobacteria	Enterobacterales	Erwiniaceae	Erwiniaceae sp.	Erwiniaceae sp.
C1095	Bacteria	Pseudomonadota	Alphaproteobacteria	Rickettsiales	Anaplasmataceae	Wolbachia	Wolbachia sp.
C1097	Bacteria	Pseudomonadota	Alphaproteobacteria	Acetobacterales	Acetobacteraceae	Gluconobacter	Gluconobacter sp.
C1098	Bacteria	Pseudomonadota	Alphaproteobacteria	Acetobacterales	Acetobacteraceae	Gluconobacter	Gluconobacter sp.
C1099	Bacteria	Pseudomonadota	Alphaproteobacteria	Acetobacterales	Acetobacteraceae	Komagataeibacter	Komagataeibacter saccharivorans
C1102	Bacteria	Pseudomonadota	Alphaproteobacteria	Acetobacterales	Acetobacteraceae	Gluconobacter	Gluconobacter sp.
C1103	Bacteria	Pseudomonadota	Alphaproteobacteria	Acetobacterales	Acetobacteraceae	Gluconobacter	Gluconobacter sp.
C1106	Bacteria	Pseudomonadota	Gammaproteobacteria	Enterobacterales	Yersiniaceae	Yersiniaceae sp.	Yersiniaceae sp.
C1107	Bacteria	Pseudomonadota	Alphaproteobacteria	Acetobacterales	Acetobacteraceae	Gluconobacter	Gluconobacter sp.
C1111	Bacteria	Actinomycetota	Actinobacteria	Micrococcales	Beutenbergiaceae	Beutenbergiaceae sp.	Beutenbergiaceae sp.
C1112	Bacteria	Pseudomonadota	Alphaproteobacteria	Sphingomonadales	Sphingomonadaceae	Sphingomonas	uncultured bacterium
C1113	Bacteria	Pseudomonadota	Alphaproteobacteria	Rickettsiales	Anaplasmataceae	Wolbachia	Wolbachia sp.
C1115	Bacteria	Bacteroidota	Bacteroidia	Bacteroidales	Dysgonomonadaceae	Dysgonomonas	uncultured bacterium
C1116	Bacteria	Pseudomonadota	Gammaproteobacteria	Enterobacterales	Orbaceae	Orbus	Heliconius timareta timareta
C1117	Bacteria	Pseudomonadota	Alphaproteobacteria	Rickettsiales	Anaplasmataceae	Wolbachia	Wolbachia sp.
C1120	Bacteria	Pseudomonadota	Gammaproteobacteria	Enterobacterales	Enterobacterales sp.	Enterobacterales sp.	Enterobacterales sp.
C1122	Bacteria	Pseudomonadota	Alphaproteobacteria	Rickettsiales	Anaplasmataceae	Wolbachia	Wolbachia sp.
C1124	Bacteria	Pseudomonadota	Gammaproteobacteria	Burkholderiales	Burkholderiaceae	Burkholderia-Caballeronia-Paraburkholderia	Burkholderia-Caballeronia-Paraburkholderia sp.
C1126	Unknown	Unknown	Unknown	Unknown	Unknown	Unknown	Unknown
C1127	Bacteria	Pseudomonadota	Alphaproteobacteria	Rickettsiales	Anaplasmataceae	Wolbachia	Wolbachia sp.
C1129	Bacteria	Pseudomonadota	Gammaproteobacteria	Gammaproteobacteria sp.	Gammaproteobacteria sp.	Gammaproteobacteria sp.	Gammaproteobacteria sp.
C1130	Bacteria	Pseudomonadota	Alphaproteobacteria	Acetobacterales	Acetobacteraceae	Gluconobacter	Gluconobacter sp.
C1132	Bacteria	Pseudomonadota	Gammaproteobacteria	Enterobacterales	Erwiniaceae	Rosenbergiella	Enterobacteriaceae bacterium 4NS5
C1134	Bacteria	Pseudomonadota	Alphaproteobacteria	Acetobacterales	Acetobacteraceae	Gluconobacter	Gluconobacter sp.
C1135	Bacteria	Pseudomonadota	Alphaproteobacteria	Rickettsiales	Anaplasmataceae	Wolbachia	Wolbachia sp.
C1136	Bacteria	Pseudomonadota	Alphaproteobacteria	Acetobacterales	Acetobacteraceae	Acetobacteraceae sp.	Acetobacteraceae sp.
C1138	Bacteria	Pseudomonadota	Gammaproteobacteria	Enterobacterales	Yersiniaceae	Yersinia	Yersinia sp.
C1139	Bacteria	Pseudomonadota	Alphaproteobacteria	Rickettsiales	Anaplasmataceae	Wolbachia	Wolbachia endosymbiont of Craneopsylla minerva wolffheuglia
C1140	Bacteria	Pseudomonadota	Gammaproteobacteria	Burkholderiales	Rhodocyclaceae	Rhodocyclaceae sp.	Rhodocyclaceae sp.
C1141	Bacteria	Pseudomonadota	Alphaproteobacteria	Acetobacterales	Acetobacteraceae	Acetobacteraceae sp.	Acetobacteraceae sp.
C1144	Bacteria	Pseudomonadota	Alphaproteobacteria	Acetobacterales	Acetobacteraceae	Gluconobacter	Gluconobacter sp.
C1146	Bacteria	Pseudomonadota	Alphaproteobacteria	Rickettsiales	Anaplasmataceae	Wolbachia	Wolbachia sp.
C1148	Bacteria	Pseudomonadota	Alphaproteobacteria	Acetobacterales	Acetobacteraceae	Komagataeibacter	Komagataeibacter saccharivorans
C1151	Bacteria	Bacteroidota	Bacteroidia	Flavobacteriales	Flavobacteriaceae	Flavobacterium	Flavobacterium sp.
C1152	Bacteria	Pseudomonadota	Alphaproteobacteria	Acetobacterales	Acetobacteraceae	Acetobacter	Acetobacter sp.
C1153	Bacteria	Pseudomonadota	Alphaproteobacteria	Rickettsiales	Anaplasmataceae	Wolbachia	Wolbachia sp.
C1156	Bacteria	Bacillota	Bacilli	Bacillales	Planococcaceae	Kurthia	Kurthia sp.
C1157	Bacteria	Pseudomonadota	Alphaproteobacteria	Acetobacterales	Acetobacteraceae	Commensalibacter	Commensalibacter sp.
C1158	Bacteria	Pseudomonadota	Alphaproteobacteria	Rickettsiales	Anaplasmataceae	Wolbachia	Wolbachia sp.
C1159	Bacteria	Pseudomonadota	Alphaproteobacteria	Rickettsiales	Anaplasmataceae	Wolbachia	Wolbachia sp.
C1160	Unknown	Unknown	Unknown	Unknown	Unknown	Unknown	Unknown
C1161	Bacteria	Pseudomonadota	Gammaproteobacteria	Enterobacterales	Enterobacteriaceae	Enterobacteriaceae sp.	Enterobacteriaceae sp.
C1162	Bacteria	Pseudomonadota	Gammaproteobacteria	Burkholderiales	Burkholderiales sp.	Burkholderiales sp.	Burkholderiales sp.
C1164	Bacteria	Pseudomonadota	Alphaproteobacteria	Rickettsiales	Anaplasmataceae	Wolbachia	Wolbachia sp.
C1166	Bacteria	Pseudomonadota	Gammaproteobacteria	Enterobacterales	Enterobacteriaceae	Enterobacteriaceae sp.	Enterobacteriaceae sp.
C1168	Bacteria	Spirochaetota	Spirochaetia	Spirochaetales	Spirochaetaceae	Treponema	uncultured Spirochaetes bacterium
C1169	Bacteria	Pseudomonadota	Alphaproteobacteria	Rickettsiales	Anaplasmataceae	Wolbachia	Wolbachia sp.
C1170	Bacteria	Pseudomonadota	Alphaproteobacteria	Acetobacterales	Acetobacteraceae	Gluconobacter	Gluconobacter sp.
C1173	Bacteria	Bacteroidota	Bacteroidia	Flavobacteriales	Weeksellaceae	Apibacter	Apibacter sp.
C1175	Bacteria	Pseudomonadota	Gammaproteobacteria	Enterobacterales	Enterobacterales sp.	Enterobacterales sp.	Enterobacterales sp.
C1176	Eukaryota	Bacteroidota	Bacteroidia	Bacteroidales	Dysgonomonadaceae	Candidatus Azobacteroides	Prorhinotermes simplex
C1179	Bacteria	Pseudomonadota	Alphaproteobacteria	Hyphomicrobiales	Beijerinckiaceae	Methylorubrum	Methylorubrum sp.
C1181	Bacteria	Pseudomonadota	Alphaproteobacteria	Rickettsiales	Anaplasmataceae	Wolbachia	Wolbachia sp.
C1187	Bacteria	Pseudomonadota	Alphaproteobacteria	Rickettsiales	Anaplasmataceae	Wolbachia	Wolbachia sp.
C1189	Bacteria	Verrucomicrobiota	Verrucomicrobiia	Verrucomicrobiales	Verrucomicrobiaceae	Phragmitibacter	Phragmitibacter sp.
C1192	Bacteria	Pseudomonadota	Gammaproteobacteria	Enterobacterales	Erwiniaceae	Rosenbergiella	Rosenbergiella sp.
C1193	Bacteria	Bacillota	Bacilli	Lactobacillales	Streptococcaceae	Floricoccus	Floricoccus penangensis
C1194	Bacteria	Pseudomonadota	Gammaproteobacteria	Enterobacterales	Enterobacteriaceae	Enterobacteriaceae sp.	Enterobacteriaceae sp.
C1196	Bacteria	Pseudomonadota	Gammaproteobacteria	Burkholderiales	Comamonadaceae	Comamonadaceae sp.	Comamonadaceae sp.
C1198	Bacteria	Bacteroidota	Bacteroidia	Bacteroidales	Prevotellaceae	Prevotella	uncultured bacterium
C1199	Bacteria	Bacillota	Bacilli	Lactobacillales	Lactobacillaceae	Lacticaseibacillus	Lacticaseibacillus sp.
C1203	Bacteria	Pseudomonadota	Alphaproteobacteria	Acetobacterales	Acetobacteraceae	Acetobacteraceae sp.	Acetobacteraceae sp.
C1208	Bacteria	Pseudomonadota	Alphaproteobacteria	Acetobacterales	Acetobacteraceae	Commensalibacter	Commensalibacter sp.
C1209	Bacteria	Pseudomonadota	Alphaproteobacteria	Rickettsiales	Anaplasmataceae	Wolbachia	Wolbachia sp.
C1210	Bacteria	Pseudomonadota	Alphaproteobacteria	Acetobacterales	Acetobacteraceae	Acetobacter	Acetobacter sp.
C1213	Bacteria	Rs-K70 termite group	Incertae Sedis	Incertae Sedis	Incertae Sedis	Incertae Sedis	uncultured delta proteobacterium
C1214	Bacteria	Bacillota	Bacilli	Lactobacillales	Lactobacillales sp.	Lactobacillales sp.	Lactobacillales sp.
C1216	Bacteria	Pseudomonadota	Alphaproteobacteria	Rickettsiales	Anaplasmataceae	Wolbachia	Wolbachia sp.
C1218	Bacteria	Pseudomonadota	Alphaproteobacteria	Acetobacterales	Acetobacteraceae	Acetobacteraceae sp.	Acetobacteraceae sp.
C1220	Bacteria	Pseudomonadota	Alphaproteobacteria	Acetobacterales	Acetobacteraceae	Komagataeibacter	Komagataeibacter sp.
C1222	Unknown	Unknown	Unknown	Unknown	Unknown	Unknown	Unknown
C1223	Bacteria	Pseudomonadota	Alphaproteobacteria	Acetobacterales	Acetobacteraceae	Commensalibacter	Commensalibacter sp.
C1224	Bacteria	Pseudomonadota	Alphaproteobacteria	Rickettsiales	Mitochondria	Incertae Sedis	Incertae Sedis sp.
C1225	Bacteria	Pseudomonadota	Gammaproteobacteria	Enterobacterales	Enterobacterales sp.	Enterobacterales sp.	Enterobacterales sp.
C1228	Bacteria	Bacteroidota	Bacteroidia	Bacteroidales	Paludibacteraceae	Incertae Sedis	uncultured Bacteroidetes bacterium
C1229	Bacteria	Actinomycetota	Actinobacteria	Mycobacteriales	Nocardiaceae	Williamsia	Williamsia sp.
C1233	Bacteria	Pseudomonadota	Gammaproteobacteria	Enterobacterales	Enterobacterales sp.	Enterobacterales sp.	Enterobacterales sp.
C1235	Bacteria	Pseudomonadota	Alphaproteobacteria	Acetobacterales	Acetobacteraceae	Tanticharoenia	Tanticharoenia sp.
C1236	Bacteria	Pseudomonadota	Alphaproteobacteria	Rickettsiales	Anaplasmataceae	Wolbachia	Wolbachia sp.
C1237	Bacteria	Pseudomonadota	Gammaproteobacteria	Lysobacterales	Lysobacteraceae	Lysobacteraceae sp.	Lysobacteraceae sp.
C1238	Bacteria	Pseudomonadota	Alphaproteobacteria	Rickettsiales	Anaplasmataceae	Wolbachia	Wolbachia sp.
C1241	Bacteria	Pseudomonadota	Gammaproteobacteria	Burkholderiales	Methylophilaceae	Methylobacillus	Methylobacillus sp.
C1242	Bacteria	Pseudomonadota	Alphaproteobacteria	Acetobacterales	Acetobacteraceae	Commensalibacter	Commensalibacter sp.
C1243	Bacteria	Pseudomonadota	Alphaproteobacteria	Acetobacterales	Acetobacteraceae	Acetobacteraceae sp.	Acetobacteraceae sp.
C1244	Bacteria	Bacillota	Bacilli	Lactobacillales	Lactobacillaceae	Leuconostoc	Leuconostoc sp.
C1247	Bacteria	Pseudomonadota	Alphaproteobacteria	Rickettsiales	Anaplasmataceae	Wolbachia	Wolbachia sp.
C1248	Bacteria	Pseudomonadota	Alphaproteobacteria	Rickettsiales	Anaplasmataceae	Wolbachia	Wolbachia sp.
C1249	Bacteria	Bacteroidota	Bacteroidia	Chitinophagales	Chitinophagaceae	Aurantisolimonas	Aurantisolimonas sp.
C1251	Bacteria	Pseudomonadota	Alphaproteobacteria	Rickettsiales	Anaplasmataceae	Wolbachia	Wolbachia sp.
C1252	Bacteria	Pseudomonadota	Gammaproteobacteria	Enterobacterales	Enterobacterales sp.	Enterobacterales sp.	Enterobacterales sp.
C1254	Bacteria	Bacteroidota	Bacteroidia	Bacteroidales	Bacteroidaceae	Bacteroides	uncultured bacterium
C1255	Bacteria	Pseudomonadota	Alphaproteobacteria	Acetobacterales	Acetobacteraceae	Gluconobacter	Gluconobacter sp.
C1256	Bacteria	Pseudomonadota	Alphaproteobacteria	Rickettsiales	Anaplasmataceae	Wolbachia	Wolbachia sp.
C1263	Bacteria	Bacillota	Bacilli	Lactobacillales	Lactobacillaceae	Lacticaseibacillus	Lacticaseibacillus sp.
C1264	Bacteria	Pseudomonadota	Gammaproteobacteria	Enterobacterales	Enterobacteriaceae	Enterobacteriaceae sp.	Enterobacteriaceae sp.
C1265	Bacteria	Pseudomonadota	Gammaproteobacteria	Enterobacterales	Enterobacterales sp.	Enterobacterales sp.	Enterobacterales sp.
C1266	Bacteria	Pseudomonadota	Alphaproteobacteria	Rickettsiales	Anaplasmataceae	Wolbachia	Wolbachia sp.
C1269	Bacteria	Pseudomonadota	Alphaproteobacteria	Acetobacterales	Acetobacteraceae	Gluconobacter	Gluconobacter sp.
C1270	Bacteria	Pseudomonadota	Alphaproteobacteria	Rickettsiales	Anaplasmataceae	Wolbachia	Wolbachia sp.
C1271	Bacteria	Pseudomonadota	Alphaproteobacteria	Rhodobacterales	Paracoccaceae	Paracoccaceae sp.	Paracoccaceae sp.
C1273	Bacteria	Pseudomonadota	Gammaproteobacteria	Enterobacterales	Enterobacteriaceae	Enterobacteriaceae sp.	Enterobacteriaceae sp.
C1275	Bacteria	Pseudomonadota	Alphaproteobacteria	Acetobacterales	Acetobacteraceae	Gluconobacter	Gluconobacter sp.
C1276	Bacteria	Pseudomonadota	Alphaproteobacteria	Acetobacterales	Acetobacteraceae	Gluconobacter	Gluconobacter sp.
C1278	Bacteria	Pseudomonadota	Alphaproteobacteria	Rickettsiales	Mitochondria	Incertae Sedis	Plasmopara viticola
C1279	Bacteria	Pseudomonadota	Alphaproteobacteria	Rickettsiales	Anaplasmataceae	Wolbachia	Wolbachia sp.
C1282	Bacteria	Pseudomonadota	Alphaproteobacteria	Rickettsiales	Anaplasmataceae	Wolbachia	Wolbachia sp.
C1283	Bacteria	Pseudomonadota	Alphaproteobacteria	Acetobacterales	Acetobacteraceae	Acetobacteraceae sp.	Acetobacteraceae sp.
C1285	Bacteria	Pseudomonadota	Alphaproteobacteria	Acetobacterales	Acetobacteraceae	Gluconobacter	Gluconobacter sp.
C1286	Bacteria	Pseudomonadota	Alphaproteobacteria	Rickettsiales	Anaplasmataceae	Wolbachia	Wolbachia sp.
C1287	Bacteria	Spirochaetota	Spirochaetia	Spirochaetales	Spirochaetaceae	Treponema	uncultured Spirochaetes bacterium
C1293	Bacteria	Pseudomonadota	Alphaproteobacteria	Acetobacterales	Acetobacteraceae	Acetobacter	Acetobacter sp.
C1296	Bacteria	Bacillota	Bacilli	Bacillales	Bacillales sp.	Bacillales sp.	Bacillales sp.
C1297	Bacteria	Pseudomonadota	Gammaproteobacteria	Enterobacterales	Yersiniaceae	Yersiniaceae sp.	Yersiniaceae sp.
C1298	Unknown	Unknown	Unknown	Unknown	Unknown	Unknown	Unknown
C1299	Bacteria	Pseudomonadota	Alphaproteobacteria	Acetobacterales	Acetobacteraceae	Gluconobacter	Gluconobacter sp.
C1300	Bacteria	Bacteroidota	Bacteroidia	Cytophagales	Spirosomataceae	Persicitalea	Persicitalea sp.
C1301	Bacteria	Pseudomonadota	Alphaproteobacteria	Hyphomicrobiales	Beijerinckiaceae	Bosea	Bosea sp.
C1302	Bacteria	Pseudomonadota	Alphaproteobacteria	Acetobacterales	Acetobacteraceae	Acetobacter	Acetobacter sp.
C1305	Bacteria	Pseudomonadota	Alphaproteobacteria	Rickettsiales	Anaplasmataceae	Wolbachia	Wolbachia sp.
C1306	Bacteria	Pseudomonadota	Alphaproteobacteria	Rickettsiales	Anaplasmataceae	Wolbachia	Wolbachia sp.
C1308	Bacteria	Pseudomonadota	Alphaproteobacteria	Acetobacterales	Acetobacteraceae	Acetobacter	Acetobacter sp.
C1309	Bacteria	Pseudomonadota	Gammaproteobacteria	Enterobacterales	Enterobacterales sp.	Enterobacterales sp.	Enterobacterales sp.
C1311	Bacteria	Bacteroidota	Bacteroidia	Bacteroidales	Dysgonomonadaceae	Candidatus Armantifilum	Candidatus Armantifilum sp.
C1313	Bacteria	Pseudomonadota	Alphaproteobacteria	Rickettsiales	Anaplasmataceae	Wolbachia	Wolbachia sp.
C1315	Bacteria	Pseudomonadota	Gammaproteobacteria	Enterobacterales	Enterobacterales sp.	Enterobacterales sp.	Enterobacterales sp.
C1316	Bacteria	Pseudomonadota	Alphaproteobacteria	Acetobacterales	Acetobacteraceae	Acetobacteraceae sp.	Acetobacteraceae sp.
C1318	Bacteria	Pseudomonadota	Alphaproteobacteria	Acetobacterales	Acetobacteraceae	Gluconobacter	Gluconobacter sp.
C1319	Bacteria	Pseudomonadota	Gammaproteobacteria	Enterobacterales	Enterobacteriaceae	Enterobacter	Enterobacter sp.
C1320	Bacteria	Pseudomonadota	Alphaproteobacteria	Acetobacterales	Acetobacteraceae	Acetobacteraceae sp.	Acetobacteraceae sp.
C1321	Bacteria	Pseudomonadota	Alphaproteobacteria	Acetobacterales	Acetobacteraceae	Acetobacter	Acetobacter sp.
C1324	Bacteria	Pseudomonadota	Gammaproteobacteria	Enterobacterales	Enterobacteriaceae	Enterobacteriaceae sp.	Enterobacteriaceae sp.
C1326	Bacteria	Pseudomonadota	Alphaproteobacteria	Rickettsiales	Anaplasmataceae	Wolbachia	Wolbachia sp.
C1330	Bacteria	Pseudomonadota	Alphaproteobacteria	Acetobacterales	Acetobacteraceae	Acetobacteraceae sp.	Acetobacteraceae sp.
C1331	Bacteria	Pseudomonadota	Gammaproteobacteria	Enterobacterales	Orbaceae	Incertae Sedis	uncultured bacterium
C1332	Bacteria	Pseudomonadota	Gammaproteobacteria	Enterobacterales	Enterobacterales sp.	Enterobacterales sp.	Enterobacterales sp.
C1333	Bacteria	Bacillota	Clostridia	Christensenellales	Christensenellaceae	Christensenellaceae sp.	Christensenellaceae sp.
C1334	Bacteria	Pseudomonadota	Alphaproteobacteria	Acetobacterales	Acetobacteraceae	Commensalibacter	Commensalibacter sp.
C1341	Unknown	Unknown	Unknown	Unknown	Unknown	Unknown	Unknown
C1343	Bacteria	Pseudomonadota	Alphaproteobacteria	Acetobacterales	Acetobacteraceae	Gluconobacter	Gluconobacter sp.
C1347	Bacteria	Pseudomonadota	Alphaproteobacteria	Rickettsiales	Anaplasmataceae	Wolbachia	Wolbachia sp.
C1349	Bacteria	Pseudomonadota	Alphaproteobacteria	Rickettsiales	Anaplasmataceae	Wolbachia	Wolbachia sp.
C1351	Bacteria	Pseudomonadota	Alphaproteobacteria	Rickettsiales	Anaplasmataceae	Wolbachia	Wolbachia sp.
C1352	Bacteria	Pseudomonadota	Alphaproteobacteria	Acetobacterales	Acetobacteraceae	Gluconobacter	Gluconobacter sp.
C1353	Bacteria	Pseudomonadota	Alphaproteobacteria	Rickettsiales	Anaplasmataceae	Wolbachia	Wolbachia sp.
C1354	Bacteria	Pseudomonadota	Alphaproteobacteria	Acetobacterales	Acetobacteraceae	Gluconobacter	Gluconobacter sp.
C1357	Bacteria	Pseudomonadota	Alphaproteobacteria	Acetobacterales	Acetobacteraceae	Acetobacteraceae sp.	Acetobacteraceae sp.
C1359	Bacteria	Pseudomonadota	Alphaproteobacteria	Rickettsiales	Anaplasmataceae	Wolbachia	Wolbachia sp.
C1360	Bacteria	Pseudomonadota	Alphaproteobacteria	Rickettsiales	Mitochondria	Incertae Sedis	Incertae Sedis sp.
C1364	Bacteria	Verrucomicrobiota	Verrucomicrobiia	Verrucomicrobiales	Rubritaleaceae	Luteolibacter	Luteolibacter sp.
C1365	Bacteria	Bacteroidota	Bacteroidia	Sphingobacteriales	Sphingobacteriaceae	Sphingobacterium	Sphingobacterium sp.
C1366	Bacteria	Actinomycetota	Actinobacteria	Mycobacteriales	Corynebacteriaceae	Corynebacterium	Corynebacterium sp.
C1367	Bacteria	Cyanobacteriota	Cyanobacteriia	Chloroplast	Incertae Sedis	Incertae Sedis	Pereskiopsis diguetii
C1368	Bacteria	Verrucomicrobiota	Verrucomicrobiia	Verrucomicrobiales	Rubritaleaceae	Roseibacillus	Roseibacillus sp.
C1370	Bacteria	Pseudomonadota	Alphaproteobacteria	Sphingomonadales	Sphingomonadaceae	Sphingopyxis	Sphingopyxis sp.
C1371	Bacteria	Pseudomonadota	Gammaproteobacteria	Enterobacterales	Enterobacteriaceae	Enterobacteriaceae sp.	Enterobacteriaceae sp.
C1373	Bacteria	Cyanobacteriota	Cyanobacteriia	Chloroplast	Incertae Sedis	Incertae Sedis	Incertae Sedis sp.
C1374	Bacteria	Pseudomonadota	Gammaproteobacteria	Pseudomonadales	Pseudomonadaceae	Pseudomonas	Pseudomonas sp.
C1375	Bacteria	Verrucomicrobiota	Verrucomicrobiia	Verrucomicrobiales	Verrucomicrobiaceae	Verrucomicrobium	uncultured bacterium
C1376	Bacteria	Pseudomonadota	Gammaproteobacteria	Lysobacterales	Lysobacteraceae	Luteimonas	Luteimonas sp.
C1378	Unknown	Unknown	Unknown	Unknown	Unknown	Unknown	Unknown
C1379	Bacteria	Pseudomonadota	Gammaproteobacteria	Enterobacterales	Enterobacterales sp.	Enterobacterales sp.	Enterobacterales sp.
C1380	Bacteria	Pseudomonadota	Gammaproteobacteria	Burkholderiales	Oxalobacteraceae	Oxalobacteraceae sp.	Oxalobacteraceae sp.
C1381	Bacteria	Pseudomonadota	Alphaproteobacteria	Acetobacterales	Acetobacteraceae	Acetobacteraceae sp.	Acetobacteraceae sp.
C1382	Bacteria	Pseudomonadota	Alphaproteobacteria	Rickettsiales	Anaplasmataceae	Wolbachia	Wolbachia sp.
C1383	Bacteria	Pseudomonadota	Alphaproteobacteria	Acetobacterales	Acetobacteraceae	Acetobacteraceae sp.	Acetobacteraceae sp.
C1385	Bacteria	Pseudomonadota	Alphaproteobacteria	Rickettsiales	Mitochondria	Incertae Sedis	Incertae Sedis sp.
C1386	Bacteria	Pseudomonadota	Alphaproteobacteria	Acetobacterales	Acetobacteraceae	Gluconobacter	Gluconobacter sp.
C1389	Bacteria	Pseudomonadota	Alphaproteobacteria	Rickettsiales	Anaplasmataceae	Wolbachia	Wolbachia sp.
C1390	Bacteria	Pseudomonadota	Gammaproteobacteria	Burkholderiales	Rhodocyclaceae	Rhodocyclaceae sp.	Rhodocyclaceae sp.
C1391	Bacteria	Pseudomonadota	Gammaproteobacteria	Enterobacterales	Enterobacterales sp.	Enterobacterales sp.	Enterobacterales sp.
C1392	Bacteria	Pseudomonadota	Gammaproteobacteria	Enterobacterales	Yersiniaceae	Yersiniaceae sp.	Yersiniaceae sp.
C1394	Bacteria	Pseudomonadota	Alphaproteobacteria	Rhodobacterales	Paracoccaceae	Ketogulonicigenium	Ketogulonicigenium sp.
C1397	Bacteria	Pseudomonadota	Alphaproteobacteria	Rickettsiales	Anaplasmataceae	Wolbachia	Wolbachia sp.
C1398	Bacteria	Bacteroidota	Bacteroidia	Chitinophagales	Chitinophagaceae	Chitinophagaceae sp.	Chitinophagaceae sp.
C1405	Bacteria	Bacteroidota	Bacteroidia	Cytophagales	Spirosomataceae	Dyadobacter	Dyadobacter sp.
C1406	Bacteria	Pseudomonadota	Alphaproteobacteria	Hyphomicrobiales	Devosiaceae	Devosia	Devosia sp.
C1409	Bacteria	Thermodesulfobacteriota	Desulfuromonadia	PB19	Incertae Sedis	Incertae Sedis	uncultured bacterium
C1410	Bacteria	Pseudomonadota	Gammaproteobacteria	Burkholderiales	Alcaligenaceae	Corticimicrobacter	Corticimicrobacter sp.
C1412	Bacteria	Pseudomonadota	Alphaproteobacteria	Acetobacterales	Acetobacteraceae	Acetobacter	Acetobacter sp.
C1414	Bacteria	Pseudomonadota	Gammaproteobacteria	Enterobacterales	Yersiniaceae	Yersiniaceae sp.	Yersiniaceae sp.
C1416	Bacteria	Actinomycetota	Actinobacteria	Frankiales	Nakamurellaceae	Nakamurella	Nakamurella sp.
C1417	Bacteria	Spirochaetota	Spirochaetia	Spirochaetales	Spirochaetaceae	Treponema	Treponema sp.
C1420	Bacteria	Pseudomonadota	Alphaproteobacteria	Rickettsiales	Anaplasmataceae	Wolbachia	Wolbachia sp.
C1422	Bacteria	Pseudomonadota	Gammaproteobacteria	Lysobacterales	Lysobacteraceae	Arenimonas	uncultured bacterium
C1426	Bacteria	Pseudomonadota	Gammaproteobacteria	Cardiobacteriales	Wohlfahrtiimonadaceae	Ignatzschineria	Ignatzschineria sp.
C1427	Bacteria	Bacillota	Clostridia	Oscillospirales	Butyricicoccaceae	UCG-008	uncultured bacterium
C1428	Bacteria	Pseudomonadota	Alphaproteobacteria	Acetobacterales	Acetobacteraceae	Gluconobacter	Gluconobacter sp.
C1430	Bacteria	Pseudomonadota	Gammaproteobacteria	Enterobacterales	Enterobacterales sp.	Enterobacterales sp.	Enterobacterales sp.
C1432	Bacteria	Bacillota	Bacilli	Lactobacillales	Lactobacillaceae	Lactobacillaceae sp.	Lactobacillaceae sp.
C1433	Bacteria	Pseudomonadota	Alphaproteobacteria	Acetobacterales	Acetobacteraceae	Commensalibacter	Commensalibacter sp.
C1435	Bacteria	Bacteroidota	Bacteroidia	Flavobacteriales	Weeksellaceae	Chryseobacterium	Chryseobacterium sp.
C1436	Bacteria	Verrucomicrobiota	Verrucomicrobiia	Verrucomicrobiales	DEV007	Incertae Sedis	uncultured bacterium
C1441	Bacteria	Pseudomonadota	Gammaproteobacteria	Pseudomonadales	Pseudomonadaceae	Pseudomonas	Pseudomonas sp.
C1442	Bacteria	Actinomycetota	Acidimicrobiia	Microtrichales	Ilumatobacteraceae	Ilumatobacter	Ilumatobacter sp.
C1445	Bacteria	Bacteroidota	Bacteroidia	Chitinophagales	Chitinophagaceae	Incertae Sedis	bacterium enrichment culture clone 15A3
C1446	Bacteria	Pseudomonadota	Alphaproteobacteria	Rickettsiales	Anaplasmataceae	Wolbachia	Wolbachia sp.
C1451	Bacteria	Bacillota	Clostridia	Oscillospirales	Ruminococcaceae	Incertae Sedis	uncultured Firmicutes bacterium
C1453	Bacteria	Pseudomonadota	Alphaproteobacteria	Rhodobacterales	Paracoccaceae	Paracoccaceae sp.	Paracoccaceae sp.
C1455	Bacteria	Pseudomonadota	Gammaproteobacteria	Pseudomonadales	Moraxellaceae	Acinetobacter	Acinetobacter sp.
C1458	Bacteria	Pseudomonadota	Alphaproteobacteria	Acetobacterales	Acetobacteraceae	Gluconobacter	Gluconobacter sp.
C1459	Bacteria	Cyanobacteriota	Cyanobacteriia	Chloroplast	Incertae Sedis	Incertae Sedis	Pereskiopsis diguetii
C1460	Bacteria	Pseudomonadota	Alphaproteobacteria	Rickettsiales	Anaplasmataceae	Wolbachia	Wolbachia sp.
C1461	Bacteria	Pseudomonadota	Alphaproteobacteria	Acetobacterales	Acetobacteraceae	Gluconobacter	Gluconobacter sp.
C1463	Bacteria	Elusimicrobiota	Endomicrobiia	Endomicrobiales	Endomicrobiaceae	Endomicrobium	uncultured bacterium
C1464	Bacteria	Pseudomonadota	Alphaproteobacteria	Acetobacterales	Acetobacteraceae	Acetobacteraceae sp.	Acetobacteraceae sp.
C1465	Bacteria	Pseudomonadota	Alphaproteobacteria	Rickettsiales	Anaplasmataceae	Wolbachia	Wolbachia sp.
C1466	Unknown	Unknown	Unknown	Unknown	Unknown	Unknown	Unknown
C1467	Bacteria	Bacteroidota	Bacteroidia	Chitinophagales	Chitinophagaceae	Aurantisolimonas	Aurantisolimonas sp.
C1469	Bacteria	Pseudomonadota	Gammaproteobacteria	Enterobacterales	Aeromonadaceae	Pseudaeromonas	Pseudaeromonas sp.
C1474	Bacteria	Pseudomonadota	Alphaproteobacteria	Rhodobacterales	Paracoccaceae	Paracoccaceae sp.	Paracoccaceae sp.
C1475	Bacteria	Pseudomonadota	Alphaproteobacteria	Rhodobacterales	Paracoccaceae	Paracoccaceae sp.	Paracoccaceae sp.
C1478	Bacteria	Pseudomonadota	Alphaproteobacteria	Rickettsiales	Anaplasmataceae	Wolbachia	Wolbachia sp.
C1482	Bacteria	Pseudomonadota	Alphaproteobacteria	Acetobacterales	Acetobacteraceae	Commensalibacter	Commensalibacter sp.
C1484	Bacteria	Pseudomonadota	Alphaproteobacteria	Acetobacterales	Acetobacteraceae	Gluconobacter	Gluconobacter sp.
C1485	Bacteria	Pseudomonadota	Alphaproteobacteria	Rickettsiales	Anaplasmataceae	Wolbachia	Wolbachia sp.
C1486	Bacteria	Pseudomonadota	Gammaproteobacteria	Enterobacterales	Enterobacteriaceae	Enterobacteriaceae sp.	Enterobacteriaceae sp.
C1488	Bacteria	Bacteroidota	Bacteroidia	Bacteroidales	Dysgonomonadaceae	Dysgonomonadaceae sp.	Dysgonomonadaceae sp.
C1490	Bacteria	Pseudomonadota	Gammaproteobacteria	Enterobacterales	Enterobacteriaceae	Enterobacter	Enterobacter sp.
C1491	Bacteria	Pseudomonadota	Alphaproteobacteria	Acetobacterales	Acetobacteraceae	Acetobacteraceae sp.	Acetobacteraceae sp.
C1493	Bacteria	Pseudomonadota	Alphaproteobacteria	Rickettsiales	Anaplasmataceae	Wolbachia	Wolbachia sp.
C1496	Bacteria	Pseudomonadota	Alphaproteobacteria	Acetobacterales	Acetobacteraceae	Acetobacter	Acetobacter sp.
C1499	Bacteria	Pseudomonadota	Alphaproteobacteria	Rickettsiales	Anaplasmataceae	Wolbachia	Wolbachia sp.
C1500	Bacteria	Bacteroidota	Bacteroidia	Sphingobacteriales	Sphingobacteriaceae	Sphingobacterium	Sphingobacterium sp.
C1502	Bacteria	Pseudomonadota	Gammaproteobacteria	Enterobacterales	Enterobacteriaceae	Enterobacteriaceae sp.	Enterobacteriaceae sp.
C1503	Bacteria	Pseudomonadota	Gammaproteobacteria	Enterobacterales	Enterobacterales sp.	Enterobacterales sp.	Enterobacterales sp.
C1506	Bacteria	Actinomycetota	Actinobacteria	Mycobacteriales	Nocardiaceae	Gordonia	Gordonia sp.
C1507	Bacteria	Pseudomonadota	Alphaproteobacteria	Rickettsiales	Anaplasmataceae	Wolbachia	Wolbachia sp.
C1509	Bacteria	Pseudomonadota	Gammaproteobacteria	Pseudomonadales	Pseudomonadaceae	Pseudomonas	Pseudomonas sp.
C1510	Bacteria	Actinomycetota	Actinobacteria	Mycobacteriales	Tsukamurellaceae	Tsukamurella	Tsukamurella sp.
C1511	Bacteria	Campylobacterota	Campylobacteria	Campylobacterales	Rs-M59 termite group	Incertae Sedis	uncultured Epsilonproteobacteria bacterium
C1512	Bacteria	Pseudomonadota	Alphaproteobacteria	Acetobacterales	Acetobacteraceae	Acetobacteraceae sp.	Acetobacteraceae sp.
C1514	Bacteria	Bacteroidota	Bacteroidia	Cytophagales	Spirosomataceae	Leadbetterella	Leadbetterella sp.
C1518	Bacteria	Pseudomonadota	Alphaproteobacteria	Acetobacterales	Acetobacteraceae	Acetobacteraceae sp.	Acetobacteraceae sp.
C1519	Unknown	Unknown	Unknown	Unknown	Unknown	Unknown	Unknown
C1520	Bacteria	Bacteroidota	Bacteroidia	Chitinophagales	Incertae Sedis	Incertae Sedis	uncultured bacterium
C1522	Bacteria	Actinomycetota	Actinobacteria	Micrococcales	Promicromonosporaceae	Cellulosimicrobium	Cellulosimicrobium sp.
C1523	Bacteria	Pseudomonadota	Alphaproteobacteria	Rickettsiales	Mitochondria	Incertae Sedis	Incertae Sedis sp.
C1526	Bacteria	Pseudomonadota	Alphaproteobacteria	Rickettsiales	Anaplasmataceae	Wolbachia	Wolbachia sp.
C1531	Bacteria	Pseudomonadota	Gammaproteobacteria	Enterobacterales	Enterobacterales sp.	Enterobacterales sp.	Enterobacterales sp.
C1532	Bacteria	Pseudomonadota	Gammaproteobacteria	Enterobacterales	Morganellaceae	Providencia	Providencia sp.
C1533	Bacteria	Pseudomonadota	Alphaproteobacteria	Acetobacterales	Acetobacteraceae	Acetobacteraceae sp.	Acetobacteraceae sp.
C1534	Bacteria	Bacteroidota	Bacteroidia	Cytophagales	Spirosomataceae	Spirosomataceae sp.	Spirosomataceae sp.
C1535	Bacteria	Pseudomonadota	Gammaproteobacteria	Enterobacterales	Enterobacteriaceae	Enterobacteriaceae sp.	Enterobacteriaceae sp.
C1536	Unknown	Unknown	Unknown	Unknown	Unknown	Unknown	Unknown
C1538	Bacteria	Actinomycetota	Actinobacteria	Kitasatosporales	Streptomycetaceae	Streptomyces	Streptomyces sp.
C1539	Bacteria	Pseudomonadota	Alphaproteobacteria	Acetobacterales	Acetobacteraceae	Acetobacteraceae sp.	Acetobacteraceae sp.
C1541	Bacteria	Spirochaetota	Spirochaetia	Spirochaetales	Spirochaetaceae	Treponema	Treponema sp.
C1542	Bacteria	Pseudomonadota	Alphaproteobacteria	Acetobacterales	Acetobacteraceae	Commensalibacter	Commensalibacter sp.
C1544	Bacteria	Pseudomonadota	Alphaproteobacteria	Rickettsiales	Anaplasmataceae	Wolbachia	Wolbachia sp.
C1546	Bacteria	Pseudomonadota	Alphaproteobacteria	Rickettsiales	Anaplasmataceae	Wolbachia	Wolbachia sp.
C1548	Bacteria	Pseudomonadota	Gammaproteobacteria	Enterobacterales	Enterobacteriaceae	Enterobacteriaceae sp.	Enterobacteriaceae sp.
C1552	Bacteria	Pseudomonadota	Gammaproteobacteria	Burkholderiales	Alcaligenaceae	Incertae Sedis	Incertae Sedis sp.
C1553	Bacteria	Pseudomonadota	Gammaproteobacteria	Enterobacterales	Enterobacterales sp.	Enterobacterales sp.	Enterobacterales sp.
C1554	Bacteria	Pseudomonadota	Alphaproteobacteria	Acetobacterales	Acetobacteraceae	Acetobacteraceae sp.	Acetobacteraceae sp.
C1556	Bacteria	Pseudomonadota	Alphaproteobacteria	Acetobacterales	Acetobacteraceae	Gluconobacter	Gluconobacter sp.
C1559	Bacteria	Pseudomonadota	Alphaproteobacteria	Acetobacterales	Acetobacteraceae	Acetobacter	Acetobacter sp.
C1563	Bacteria	Pseudomonadota	Alphaproteobacteria	Acetobacterales	Acetobacteraceae	Acetobacter	Acetobacter sp.
C1565	Bacteria	Pseudomonadota	Alphaproteobacteria	Rickettsiales	Anaplasmataceae	Wolbachia	Wolbachia sp.
C1566	Bacteria	Pseudomonadota	Gammaproteobacteria	Pseudomonadales	Pseudomonadaceae	Pseudomonas	Pseudomonas sp.
C1567	Bacteria	Bacillota	Bacilli	Lactobacillales	Lactobacillaceae	Leuconostoc	Leuconostoc sp.
C1568	Bacteria	Pseudomonadota	Alphaproteobacteria	Acetobacterales	Acetobacteraceae	Acetobacter	Acetobacter sp.
C1569	Bacteria	Pseudomonadota	Alphaproteobacteria	Acetobacterales	Acetobacteraceae	Gluconobacter	Gluconobacter sp.
C1570	Bacteria	Pseudomonadota	Alphaproteobacteria	Acetobacterales	Acetobacteraceae	Gluconobacter	Gluconobacter sp.
C1574	Bacteria	Pseudomonadota	Alphaproteobacteria	Rickettsiales	Anaplasmataceae	Wolbachia	Wolbachia sp.
C1576	Bacteria	Bacteroidota	Bacteroidia	Bacteroidales	Prevotellaceae	Segatella	Segatella sp.
C1577	Bacteria	Pseudomonadota	Alphaproteobacteria	Acetobacterales	Acetobacteraceae	Commensalibacter	Commensalibacter sp.
C1578	Bacteria	Pseudomonadota	Gammaproteobacteria	Enterobacterales	Enterobacterales sp.	Enterobacterales sp.	Enterobacterales sp.
C1579	Bacteria	Bacillota	Negativicutes	Veillonellales-Selenomonadales	Veillonellaceae	Veillonella	Veillonella sp.
C1580	Bacteria	Bacillota	Clostridia	Clostridia vadinBB60 group	Incertae Sedis	Incertae Sedis	uncultured Clostridiales bacterium
C1582	Bacteria	Pseudomonadota	Alphaproteobacteria	Acetobacterales	Acetobacteraceae	Acetobacter	Acetobacter persici
C1583	Bacteria	Bacteroidota	Bacteroidia	Chitinophagales	Chitinophagaceae	Incertae Sedis	uncultured bacterium
C1587	Bacteria	Pseudomonadota	Alphaproteobacteria	Rickettsiales	Anaplasmataceae	Wolbachia	Wolbachia sp.
C1589	Unknown	Unknown	Unknown	Unknown	Unknown	Unknown	Unknown
C1591	Bacteria	Pseudomonadota	Alphaproteobacteria	Rickettsiales	Anaplasmataceae	Wolbachia	Wolbachia sp.
C1592	Bacteria	Spirochaetota	Spirochaetia	Spirochaetales	Spirochaetaceae	Treponema	uncultured spirochete
C1594	Bacteria	Pseudomonadota	Alphaproteobacteria	Rickettsiales	Anaplasmataceae	Wolbachia	Wolbachia sp.
C1596	Bacteria	Pseudomonadota	Alphaproteobacteria	Acetobacterales	Acetobacteraceae	Acetobacteraceae sp.	Acetobacteraceae sp.
C1598	Bacteria	Pseudomonadota	Alphaproteobacteria	Rickettsiales	Anaplasmataceae	Wolbachia	Wolbachia sp.
C1601	Bacteria	Pseudomonadota	Alphaproteobacteria	Acetobacterales	Acetobacteraceae	Acetobacteraceae sp.	Acetobacteraceae sp.
C1604	Bacteria	Bacillota	Clostridia	Lachnospirales	Lachnospiraceae	Anaerocolumna	Anaerocolumna sp.
C1606	Bacteria	Pseudomonadota	Alphaproteobacteria	Rickettsiales	Anaplasmataceae	Wolbachia	Wolbachia sp.
C1609	Bacteria	Pseudomonadota	Alphaproteobacteria	Acetobacterales	Acetobacteraceae	Gluconobacter	Gluconobacter sp.
C1615	Bacteria	Actinomycetota	Actinobacteria	Micrococcales	Micrococcaceae	Arthrobacter	Arthrobacter sp.
C1616	Bacteria	Pseudomonadota	Alphaproteobacteria	Acetobacterales	Acetobacteraceae	Acetobacteraceae sp.	Acetobacteraceae sp.
C1617	Bacteria	Pseudomonadota	Alphaproteobacteria	Rickettsiales	Anaplasmataceae	Wolbachia	Wolbachia sp.
C1618	Bacteria	Pseudomonadota	Alphaproteobacteria	Acetobacterales	Acetobacteraceae	Gluconobacter	Gluconobacter sp.
C1619	Bacteria	Bacteroidota	Bacteroidia	Bacteroidales	Williamwhitmaniaceae	BCf9-17 termite group	uncultured bacterium
C1621	Bacteria	Pseudomonadota	Gammaproteobacteria	Pseudomonadales	Pseudomonadaceae	Pseudomonas	Pseudomonas sp.
C1623	Bacteria	Pseudomonadota	Gammaproteobacteria	Enterobacterales	Enterobacterales sp.	Enterobacterales sp.	Enterobacterales sp.
C1625	Bacteria	Pseudomonadota	Alphaproteobacteria	Rhodobacterales	Paracoccaceae	Gemmobacter	uncultured bacterium
C1631	Bacteria	Pseudomonadota	Alphaproteobacteria	Acetobacterales	Acetobacteraceae	Komagataeibacter	Komagataeibacter sp.
C1633	Bacteria	Spirochaetota	Spirochaetia	Spirochaetales	Spirochaetaceae	Treponema	uncultured bacterium
C1634	Bacteria	Pseudomonadota	Alphaproteobacteria	Rickettsiales	Anaplasmataceae	Wolbachia	Wolbachia sp.
C1636	Bacteria	Pseudomonadota	Alphaproteobacteria	Acetobacterales	Acetobacteraceae	Acetobacter	Acetobacter persici
C1637	Bacteria	Pseudomonadota	Alphaproteobacteria	Acetobacterales	Acetobacteraceae	Acetobacteraceae sp.	Acetobacteraceae sp.
C1638	Bacteria	Pseudomonadota	Alphaproteobacteria	Acetobacterales	Acetobacteraceae	Acetobacteraceae sp.	Acetobacteraceae sp.
C1645	Bacteria	Pseudomonadota	Alphaproteobacteria	Rickettsiales	Anaplasmataceae	Wolbachia	Wolbachia sp.
C1646	Bacteria	Pseudomonadota	Alphaproteobacteria	Acetobacterales	Acetobacteraceae	Acetobacter	Acetobacter sp.
C1647	Bacteria	Pseudomonadota	Alphaproteobacteria	Rickettsiales	Anaplasmataceae	Wolbachia	Wolbachia sp.
C1648	Bacteria	Pseudomonadota	Alphaproteobacteria	Rickettsiales	Anaplasmataceae	Wolbachia	Wolbachia sp.
C1650	Bacteria	Bdellovibrionota	Oligoflexia	Oligoflexales	Oligoflexaceae	Oligoflexus	uncultured bacterium
C1651	Bacteria	Pseudomonadota	Alphaproteobacteria	Acetobacterales	Acetobacteraceae	Gluconobacter	Gluconobacter sp.
C1652	Bacteria	Pseudomonadota	Gammaproteobacteria	Enterobacterales	Enterobacteriaceae	Enterobacteriaceae sp.	Enterobacteriaceae sp.
C1653	Bacteria	Pseudomonadota	Alphaproteobacteria	Rickettsiales	Anaplasmataceae	Wolbachia	Wolbachia sp.
C1654	Bacteria	Pseudomonadota	Alphaproteobacteria	Rickettsiales	Anaplasmataceae	Wolbachia	Wolbachia sp.
C1655	Bacteria	Pseudomonadota	Alphaproteobacteria	Rickettsiales	Anaplasmataceae	Wolbachia	Wolbachia sp.
C1658	Bacteria	Pseudomonadota	Alphaproteobacteria	Rhodobacterales	Paracoccaceae	Paracoccaceae sp.	Paracoccaceae sp.
C1659	Bacteria	Bacillota	Bacilli	Lactobacillales	Lactobacillaceae	Levilactobacillus	Levilactobacillus sp.
C1660	Bacteria	Pseudomonadota	Alphaproteobacteria	Rickettsiales	Anaplasmataceae	Wolbachia	Wolbachia sp.
C1661	Bacteria	Pseudomonadota	Alphaproteobacteria	Rickettsiales	Anaplasmataceae	Wolbachia	Wolbachia sp.
C1663	Bacteria	Pseudomonadota	Alphaproteobacteria	Rickettsiales	Anaplasmataceae	Wolbachia	Wolbachia sp.
C1666	Bacteria	Pseudomonadota	Alphaproteobacteria	Acetobacterales	Acetobacteraceae	Gluconobacter	Gluconobacter sp.
C1669	Bacteria	Pseudomonadota	Alphaproteobacteria	Acetobacterales	Acetobacteraceae	Gluconobacter	Gluconobacter sp.
C1670	Bacteria	Bacteroidota	Bacteroidia	Sphingobacteriales	Sphingobacteriaceae	Olivibacter	Parapedobacter sp.
C1675	Bacteria	Pseudomonadota	Alphaproteobacteria	Acetobacterales	Acetobacteraceae	Acetobacter	Acetobacter sp.
C1678	Bacteria	Pseudomonadota	Alphaproteobacteria	Rickettsiales	Anaplasmataceae	Wolbachia	Wolbachia sp.
C1681	Bacteria	Bacillota	Bacilli	Lactobacillales	Lactobacillaceae	Levilactobacillus	Levilactobacillus sp.
C1682	Bacteria	Pseudomonadota	Alphaproteobacteria	Alphaproteobacteria sp.	Alphaproteobacteria sp.	Alphaproteobacteria sp.	Alphaproteobacteria sp.
C1683	Bacteria	Pseudomonadota	Alphaproteobacteria	Acetobacterales	Acetobacteraceae	Gluconobacter	Gluconobacter sp.
C1684	Bacteria	Pseudomonadota	Alphaproteobacteria	Acetobacterales	Acetobacteraceae	Commensalibacter	uncultured bacterium
C1685	Bacteria	Pseudomonadota	Gammaproteobacteria	Enterobacterales	Enterobacteriaceae	Enterobacteriaceae sp.	Enterobacteriaceae sp.
C1690	Bacteria	Bacillota	Bacilli	Lactobacillales	Lactobacillaceae	Leuconostoc	uncultured bacterium
C1691	Bacteria	Pseudomonadota	Alphaproteobacteria	Acetobacterales	Acetobacteraceae	Gluconobacter	Gluconobacter sp.
C1692	Bacteria	Pseudomonadota	Gammaproteobacteria	Enterobacterales	Yersiniaceae	Yersiniaceae sp.	Yersiniaceae sp.
C1694	Bacteria	Pseudomonadota	Alphaproteobacteria	Rickettsiales	Anaplasmataceae	Wolbachia	Wolbachia sp.
C1695	Bacteria	Bacillota	Bacilli	Lactobacillales	Enterococcaceae	Enterococcaceae sp.	Enterococcaceae sp.
C1696	Bacteria	Bacteroidota	Bacteroidia	Bacteroidales	Dysgonomonadaceae	Dysgonomonas	uncultured bacterium
C1697	Bacteria	Pseudomonadota	Gammaproteobacteria	Enterobacterales	Morganellaceae	Providencia	Providencia sp.
C1698	Bacteria	Pseudomonadota	Gammaproteobacteria	Pseudomonadales	Pseudomonadaceae	Pseudomonas	uncultured bacterium
C1699	Bacteria	Pseudomonadota	Gammaproteobacteria	Enterobacterales	Yersiniaceae	Yersiniaceae sp.	Yersiniaceae sp.
C1700	Bacteria	Bacillota	Clostridia	Lachnospirales	Lachnospiraceae	Lachnoclostridium	Lachnoclostridium sp.
C1701	Bacteria	Bacteroidota	Bacteroidia	Flavobacteriales	Flavobacteriaceae	Flavobacterium	Flavobacterium sp.
C1702	Bacteria	Pseudomonadota	Gammaproteobacteria	Enterobacterales	Yersiniaceae	Yersiniaceae sp.	Yersiniaceae sp.
C1703	Bacteria	Bacillota	Bacilli	Lactobacillales	Lactobacillaceae	Levilactobacillus	Levilactobacillus sp.
C1704	Bacteria	Pseudomonadota	Alphaproteobacteria	Acetobacterales	Acetobacteraceae	Commensalibacter	Commensalibacter sp.
C1707	Bacteria	Pseudomonadota	Alphaproteobacteria	Acetobacterales	Acetobacteraceae	Commensalibacter	Commensalibacter sp.
C1708	Bacteria	Pseudomonadota	Alphaproteobacteria	Acetobacterales	Acetobacteraceae	Gluconobacter	Gluconobacter sp.
C1709	Bacteria	Pseudomonadota	Alphaproteobacteria	Acetobacterales	Acetobacteraceae	Gluconobacter	Gluconobacter sp.
C1710	Bacteria	Pseudomonadota	Alphaproteobacteria	Acetobacterales	Acetobacteraceae	Gluconobacter	Gluconobacter sp.
C1711	Bacteria	Pseudomonadota	Alphaproteobacteria	Acetobacterales	Acetobacteraceae	Komagataeibacter	Komagataeibacter sp.
C1712	Bacteria	Pseudomonadota	Gammaproteobacteria	Gammaproteobacteria sp.	Gammaproteobacteria sp.	Gammaproteobacteria sp.	Gammaproteobacteria sp.
C1713	Bacteria	Bacillota	Bacilli	Lactobacillales	Lactobacillaceae	Lacticaseibacillus	Lacticaseibacillus sp.
C1714	Bacteria	Pseudomonadota	Alphaproteobacteria	Rickettsiales	Anaplasmataceae	Wolbachia	Wolbachia sp.
C1715	Bacteria	Pseudomonadota	Alphaproteobacteria	Acetobacterales	Acetobacteraceae	Commensalibacter	Commensalibacter sp.
C1716	Bacteria	Pseudomonadota	Alphaproteobacteria	Rickettsiales	Anaplasmataceae	Wolbachia	Wolbachia sp.
C1717	Bacteria	Bacillota	Bacilli	Staphylococcales	Staphylococcaceae	Staphylococcus	Staphylococcus sp.
C1719	Bacteria	Pseudomonadota	Gammaproteobacteria	Burkholderiales	Burkholderiales sp.	Burkholderiales sp.	Burkholderiales sp.
C1720	Bacteria	Pseudomonadota	Alphaproteobacteria	Caulobacterales	Caulobacteraceae	Brevundimonas	Brevundimonas sp.
C1721	Unknown	Unknown	Unknown	Unknown	Unknown	Unknown	Unknown
C1722	Bacteria	Pseudomonadota	Alphaproteobacteria	Acetobacterales	Acetobacteraceae	Acetobacter	Acetobacter sp.
C1725	Bacteria	Pseudomonadota	Gammaproteobacteria	Pseudomonadales	Pseudomonadaceae	Pseudomonas	Pseudomonas sp.
C1727	Bacteria	Pseudomonadota	Alphaproteobacteria	Acetobacterales	Acetobacteraceae	Acetobacter	Acetobacter sp.
C1729	Bacteria	Pseudomonadota	Alphaproteobacteria	Acetobacterales	Acetobacteraceae	Gluconobacter	Gluconobacter sp.
C1732	Bacteria	Pseudomonadota	Alphaproteobacteria	Rickettsiales	Anaplasmataceae	Wolbachia	Wolbachia sp.
C1733	Bacteria	Pseudomonadota	Gammaproteobacteria	Enterobacterales	Enterobacteriaceae	Enterobacteriaceae sp.	Enterobacteriaceae sp.
C1734	Bacteria	Pseudomonadota	Alphaproteobacteria	Rickettsiales	Anaplasmataceae	Wolbachia	Wolbachia sp.
C1739	Bacteria	Pseudomonadota	Gammaproteobacteria	Pseudomonadales	Moraxellaceae	Enhydrobacter	Enhydrobacter sp.
C1741	Bacteria	Pseudomonadota	Pseudomonadota sp.	Pseudomonadota sp.	Pseudomonadota sp.	Pseudomonadota sp.	Pseudomonadota sp.
C1742	Bacteria	Bacillota	Bacilli	Lactobacillales	Streptococcaceae	Streptococcaceae sp.	Streptococcaceae sp.
C1744	Bacteria	Pseudomonadota	Alphaproteobacteria	Acetobacterales	Acetobacteraceae	Acetobacter	Acetobacter sp.
C1745	Bacteria	Pseudomonadota	Alphaproteobacteria	Acetobacterales	Acetobacteraceae	Acetobacter	Acetobacter sp.
C1746	Bacteria	Pseudomonadota	Alphaproteobacteria	Acetobacterales	Acetobacteraceae	Gluconobacter	Gluconobacter sp.
C1748	Bacteria	Pseudomonadota	Alphaproteobacteria	Rickettsiales	Anaplasmataceae	Wolbachia	Wolbachia sp.
C1749	Bacteria	Pseudomonadota	Alphaproteobacteria	Acetobacterales	Acetobacteraceae	Acetobacter	Acetobacter sp.
C1751	Bacteria	Pseudomonadota	Alphaproteobacteria	Rickettsiales	Anaplasmataceae	Wolbachia	Wolbachia sp.
C1753	Bacteria	Pseudomonadota	Gammaproteobacteria	Burkholderiales	Alcaligenaceae	Achromobacter	Achromobacter sp.
C1754	Bacteria	Acidobacteriota	Blastocatellia	Blastocatellales	Blastocatellaceae	Blastocatellaceae sp.	Blastocatellaceae sp.
C1757	Bacteria	Pseudomonadota	Alphaproteobacteria	Rickettsiales	Anaplasmataceae	Wolbachia	Wolbachia sp.
C1758	Bacteria	Pseudomonadota	Alphaproteobacteria	Acetobacterales	Acetobacteraceae	Acetobacteraceae sp.	Acetobacteraceae sp.
C1759	Bacteria	Pseudomonadota	Alphaproteobacteria	Acetobacterales	Acetobacteraceae	Acetobacteraceae sp.	Acetobacteraceae sp.
C1760	Bacteria	Pseudomonadota	Alphaproteobacteria	Acetobacterales	Acetobacteraceae	Commensalibacter	Commensalibacter sp.
C1761	Bacteria	Pseudomonadota	Alphaproteobacteria	Rickettsiales	Anaplasmataceae	Wolbachia	Wolbachia sp.
C1762	Bacteria	Pseudomonadota	Alphaproteobacteria	Rickettsiales	Anaplasmataceae	Wolbachia	Wolbachia sp.
C1763	Bacteria	Pseudomonadota	Alphaproteobacteria	Rickettsiales	Anaplasmataceae	Wolbachia	Wolbachia sp.
C1765	Bacteria	Pseudomonadota	Alphaproteobacteria	Acetobacterales	Acetobacteraceae	Acetobacter	Acetobacter sp.
C1766	Bacteria	Pseudomonadota	Alphaproteobacteria	Rickettsiales	Anaplasmataceae	Wolbachia	Wolbachia sp.
C1767	Bacteria	Pseudomonadota	Alphaproteobacteria	Acetobacterales	Acetobacteraceae	Acetobacteraceae sp.	Acetobacteraceae sp.
C1768	Bacteria	Pseudomonadota	Alphaproteobacteria	Rickettsiales	Anaplasmataceae	Wolbachia	Wolbachia sp.
C1770	Bacteria	Pseudomonadota	Alphaproteobacteria	Acetobacterales	Acetobacteraceae	Gluconobacter	Gluconobacter sp.
C1772	Bacteria	Pseudomonadota	Alphaproteobacteria	Rickettsiales	Anaplasmataceae	Wolbachia	Wolbachia sp.
C1774	Bacteria	Pseudomonadota	Alphaproteobacteria	Acetobacterales	Acetobacteraceae	Acetobacteraceae sp.	Acetobacteraceae sp.
C1775	Bacteria	Pseudomonadota	Alphaproteobacteria	Acetobacterales	Acetobacteraceae	Acetobacteraceae sp.	Acetobacteraceae sp.
C1777	Bacteria	Pseudomonadota	Alphaproteobacteria	Acetobacterales	Acetobacteraceae	Gluconobacter	Gluconobacter sp.
C1778	Bacteria	Pseudomonadota	Alphaproteobacteria	Acetobacterales	Acetobacteraceae	Gluconobacter	Gluconobacter sp.
C1780	Bacteria	Bacillota	Bacilli	Lactobacillales	Lactobacillaceae	Lactobacillaceae sp.	Lactobacillaceae sp.
C1781	Bacteria	Pseudomonadota	Gammaproteobacteria	Enterobacterales	Enterobacteriaceae	Enterobacteriaceae sp.	Enterobacteriaceae sp.
C1782	Bacteria	Pseudomonadota	Alphaproteobacteria	Acetobacterales	Acetobacteraceae	Acetobacter	Acetobacter sp.
C1784	Bacteria	Pseudomonadota	Gammaproteobacteria	Enterobacterales	Yersiniaceae	Yersiniaceae sp.	Yersiniaceae sp.
C1786	Bacteria	Pseudomonadota	Alphaproteobacteria	Acetobacterales	Acetobacteraceae	Acetobacter	Acetobacter sp.
C1787	Bacteria	Pseudomonadota	Alphaproteobacteria	Acetobacterales	Acetobacteraceae	Acetobacteraceae sp.	Acetobacteraceae sp.
C1790	Bacteria	Pseudomonadota	Alphaproteobacteria	Acetobacterales	Acetobacteraceae	Acetobacter	Acetobacter sp.
C1793	Bacteria	Bacillota	Bacilli	Lactobacillales	Lactobacillaceae	Lactobacillaceae sp.	Lactobacillaceae sp.
C1795	Bacteria	Bacteroidota	Bacteroidia	Bacteroidales	Tannerellaceae	Parabacteroides	Parabacteroides sp.
C1796	Bacteria	Pseudomonadota	Alphaproteobacteria	Acetobacterales	Acetobacteraceae	Gluconobacter	Gluconobacter sp.
C1797	Bacteria	Bacillota	Bacilli	Lactobacillales	Streptococcaceae	Lactococcus	Lactococcus sp.
C1800	Bacteria	Pseudomonadota	Alphaproteobacteria	Acetobacterales	Acetobacteraceae	Acetobacteraceae sp.	Acetobacteraceae sp.
C1802	Bacteria	Pseudomonadota	Alphaproteobacteria	Acetobacterales	Acetobacteraceae	Commensalibacter	Commensalibacter sp.
C1803	Bacteria	Pseudomonadota	Alphaproteobacteria	Acetobacterales	Acetobacteraceae	Gluconobacter	Gluconobacter sp.
C1805	Bacteria	Pseudomonadota	Alphaproteobacteria	Rickettsiales	Anaplasmataceae	Wolbachia	Wolbachia sp.
C1807	Bacteria	Pseudomonadota	Gammaproteobacteria	Enterobacterales	Enterobacteriaceae	Enterobacter	Enterobacter sp.
C1808	Bacteria	Pseudomonadota	Alphaproteobacteria	Acetobacterales	Acetobacteraceae	Acetobacter	Acetobacter sp.
C1810	Bacteria	Pseudomonadota	Alphaproteobacteria	Rickettsiales	Anaplasmataceae	Wolbachia	Wolbachia sp.
C1811	Bacteria	Pseudomonadota	Alphaproteobacteria	Acetobacterales	Acetobacteraceae	Commensalibacter	uncultured bacterium
C1813	Bacteria	Pseudomonadota	Alphaproteobacteria	Rickettsiales	Anaplasmataceae	Wolbachia	Wolbachia sp.
C1816	Bacteria	Spirochaetota	Spirochaetia	Spirochaetales	Spirochaetaceae	Treponema	Treponema sp.
C1818	Bacteria	Pseudomonadota	Alphaproteobacteria	Acetobacterales	Acetobacteraceae	Gluconobacter	Gluconobacter sp.
C1822	Bacteria	Pseudomonadota	Alphaproteobacteria	Rickettsiales	Anaplasmataceae	Wolbachia	Wolbachia sp.
C1823	Bacteria	Actinomycetota	Actinobacteria	Mycobacteriales	Corynebacteriaceae	Corynebacterium	Corynebacterium sp.
C1825	Bacteria	Pseudomonadota	Alphaproteobacteria	Acetobacterales	Acetobacteraceae	Acetobacteraceae sp.	Acetobacteraceae sp.
C1826	Bacteria	Pseudomonadota	Gammaproteobacteria	Enterobacterales	Enterobacterales sp.	Enterobacterales sp.	Enterobacterales sp.
C1827	Bacteria	Pseudomonadota	Alphaproteobacteria	Acetobacterales	Acetobacteraceae	Acetobacteraceae sp.	Acetobacteraceae sp.
C1829	Bacteria	Bacillota	Bacilli	Lactobacillales	Lactobacillaceae	Levilactobacillus	Levilactobacillus sp.
C1832	Bacteria	Pseudomonadota	Alphaproteobacteria	Acetobacterales	Acetobacteraceae	Gluconobacter	Gluconobacter sp.
C1833	Bacteria	Pseudomonadota	Alphaproteobacteria	Acetobacterales	Acetobacteraceae	Acetobacter	Acetobacter sp.
C1834	Bacteria	Pseudomonadota	Alphaproteobacteria	Acetobacterales	Acetobacteraceae	Acetobacteraceae sp.	Acetobacteraceae sp.
C1835	Bacteria	Pseudomonadota	Alphaproteobacteria	Acetobacterales	Acetobacteraceae	Acetobacter	Acetobacter sp.
C1837	Bacteria	Pseudomonadota	Alphaproteobacteria	Rickettsiales	Anaplasmataceae	Wolbachia	Wolbachia sp.
C1838	Bacteria	Pseudomonadota	Alphaproteobacteria	Acetobacterales	Acetobacteraceae	Acetobacter	Acetobacter sp.
C1839	Bacteria	Pseudomonadota	Gammaproteobacteria	Pseudomonadales	Pseudomonadaceae	Pseudomonas	uncultured bacterium
C1842	Bacteria	Pseudomonadota	Gammaproteobacteria	Enterobacterales	Enterobacteriaceae	Enterobacteriaceae sp.	Enterobacteriaceae sp.
C1843	Bacteria	Pseudomonadota	Gammaproteobacteria	Burkholderiales	Burkholderiales sp.	Burkholderiales sp.	Burkholderiales sp.
C1844	Bacteria	Pseudomonadota	Alphaproteobacteria	Rickettsiales	Anaplasmataceae	Wolbachia	Wolbachia sp.
C1847	Bacteria	Pseudomonadota	Gammaproteobacteria	Enterobacterales	Enterobacterales sp.	Enterobacterales sp.	Enterobacterales sp.
C1849	Bacteria	Pseudomonadota	Alphaproteobacteria	Rickettsiales	Anaplasmataceae	Wolbachia	Wolbachia sp.
C1851	Bacteria	Pseudomonadota	Alphaproteobacteria	Rickettsiales	Anaplasmataceae	Wolbachia	Wolbachia sp.
C1853	Bacteria	Pseudomonadota	Alphaproteobacteria	Rickettsiales	Anaplasmataceae	Wolbachia	Wolbachia sp.
C1856	Bacteria	Pseudomonadota	Alphaproteobacteria	Rickettsiales	Anaplasmataceae	Wolbachia	Wolbachia sp.
C1857	Bacteria	Pseudomonadota	Gammaproteobacteria	Pseudomonadales	Pseudomonadaceae	Pseudomonas	Pseudomonas sp.
C1858	Bacteria	Bacteroidota	Bacteroidia	Cytophagales	Hymenobacteraceae	Hymenobacter	uncultured bacterium
C1859	Bacteria	Pseudomonadota	Gammaproteobacteria	Enterobacterales	Enterobacteriaceae	Enterobacter	Enterobacter sp.
C1860	Bacteria	Pseudomonadota	Alphaproteobacteria	Rickettsiales	Anaplasmataceae	Wolbachia	Wolbachia sp.
C1863	Bacteria	Pseudomonadota	Alphaproteobacteria	Rickettsiales	Anaplasmataceae	Wolbachia	Wolbachia sp.
C1868	Bacteria	Pseudomonadota	Alphaproteobacteria	Rhodobacterales	Paracoccaceae	Paracoccaceae sp.	Paracoccaceae sp.
C1869	Bacteria	Pseudomonadota	Gammaproteobacteria	Enterobacterales	Enterobacterales sp.	Enterobacterales sp.	Enterobacterales sp.
C1870	Bacteria	Pseudomonadota	Alphaproteobacteria	Rickettsiales	Anaplasmataceae	Wolbachia	Wolbachia sp.
C1872	Bacteria	Pseudomonadota	Alphaproteobacteria	Rickettsiales	Anaplasmataceae	Wolbachia	Wolbachia sp.
C1873	Unknown	Unknown	Unknown	Unknown	Unknown	Unknown	Unknown
C1874	Bacteria	Pseudomonadota	Alphaproteobacteria	Acetobacterales	Acetobacteraceae	Gluconobacter	Gluconobacter sp.
C1877	Unknown	Unknown	Unknown	Unknown	Unknown	Unknown	Unknown
C1878	Bacteria	Pseudomonadota	Alphaproteobacteria	Acetobacterales	Acetobacteraceae	Gluconobacter	Gluconobacter sp.
C1880	Bacteria	Pseudomonadota	Alphaproteobacteria	Rickettsiales	Anaplasmataceae	Wolbachia	Wolbachia sp.
C1881	Bacteria	Elusimicrobiota	Endomicrobiia	Endomicrobiales	Endomicrobiaceae	Endomicrobium	Endomicrobium sp.
C1882	Bacteria	Pseudomonadota	Alphaproteobacteria	Acetobacterales	Acetobacteraceae	Acetobacter	Acetobacter sp.
C1883	Bacteria	Pseudomonadota	Gammaproteobacteria	Enterobacterales	Enterobacterales sp.	Enterobacterales sp.	Enterobacterales sp.
C1884	Bacteria	Pseudomonadota	Alphaproteobacteria	Rickettsiales	Anaplasmataceae	Wolbachia	Wolbachia sp.
C1885	Bacteria	Pseudomonadota	Alphaproteobacteria	Acetobacterales	Acetobacteraceae	Acetobacteraceae sp.	Acetobacteraceae sp.
C1886	Bacteria	Pseudomonadota	Alphaproteobacteria	Rickettsiales	Anaplasmataceae	Wolbachia	Wolbachia sp.
C1891	Bacteria	Bacteroidota	Bacteroidia	Sphingobacteriales	Sphingobacteriaceae	Sphingobacterium	bacterium
C1895	Bacteria	Pseudomonadota	Alphaproteobacteria	Rickettsiales	Anaplasmataceae	Wolbachia	Wolbachia sp.
C1896	Bacteria	Pseudomonadota	Alphaproteobacteria	Rickettsiales	Anaplasmataceae	Wolbachia	Wolbachia sp.
C1897	Bacteria	Bacillota	Bacilli	Lactobacillales	Lactobacillaceae	Lacticaseibacillus	Lactobacillus paracasei
C1902	Bacteria	Pseudomonadota	Gammaproteobacteria	Enterobacterales	Pectobacteriaceae	Pectobacterium	Pectobacterium sp.
C1904	Bacteria	Pseudomonadota	Gammaproteobacteria	Enterobacterales	Enterobacteriaceae	Enterobacteriaceae sp.	Enterobacteriaceae sp.
C1906	Bacteria	Pseudomonadota	Alphaproteobacteria	Acetobacterales	Acetobacteraceae	Gluconobacter	Gluconobacter sp.
C1907	Bacteria	Bacillota	Bacilli	Lactobacillales	Lactobacillaceae	Lacticaseibacillus	Lacticaseibacillus sp.
C1909	Bacteria	Pseudomonadota	Alphaproteobacteria	Acetobacterales	Acetobacteraceae	Gluconobacter	Gluconobacter sp.
C1910	Unknown	Unknown	Unknown	Unknown	Unknown	Unknown	Unknown
C1912	Bacteria	Pseudomonadota	Alphaproteobacteria	Rickettsiales	Anaplasmataceae	Wolbachia	Wolbachia sp.
C1913	Bacteria	Pseudomonadota	Alphaproteobacteria	Acetobacterales	Acetobacteraceae	Acetobacter	Acetobacter sp.
C1914	Bacteria	Actinomycetota	Actinobacteria	Mycobacteriales	Nocardiaceae	Rhodococcus	Rhodococcus sp.
C1917	Bacteria	Bacteroidota	Bacteroidia	Bacteroidales	Dysgonomonadaceae	Candidatus Armantifilum	Candidatus Armantifilum sp.
C1918	Bacteria	Pseudomonadota	Alphaproteobacteria	Acetobacterales	Acetobacteraceae	Gluconobacter	Gluconobacter sp.
C1919	Bacteria	Patescibacteria	Saccharimonadia	Saccharimonadales	Saccharimonadaceae	TM7a	uncultured bacterium
C1921	Bacteria	Pseudomonadota	Alphaproteobacteria	Rickettsiales	Anaplasmataceae	Wolbachia	Wolbachia sp.
C1923	Bacteria	Bacillota	Bacilli	Lactobacillales	Lactobacillaceae	Schleiferilactobacillus	Schleiferilactobacillus sp.
C1924	Bacteria	Pseudomonadota	Alphaproteobacteria	Rickettsiales	Anaplasmataceae	Wolbachia	Wolbachia sp.
C1926	Bacteria	Pseudomonadota	Alphaproteobacteria	Acetobacterales	Acetobacteraceae	Gluconobacter	Gluconobacter sp.
C1934	Bacteria	Bacillota	Bacilli	Lactobacillales	Lactobacillaceae	Levilactobacillus	Levilactobacillus sp.
C1938	Bacteria	Pseudomonadota	Gammaproteobacteria	Pseudomonadales	Pseudomonadaceae	Pseudomonas	Pseudomonas sp.
C1940	Bacteria	Pseudomonadota	Gammaproteobacteria	Pseudomonadales	Pseudomonadaceae	Pseudomonas	Pseudomonas sp.
C1941	Bacteria	Pseudomonadota	Alphaproteobacteria	Rickettsiales	Anaplasmataceae	Wolbachia	Wolbachia sp.
C1942	Bacteria	Pseudomonadota	Gammaproteobacteria	Enterobacterales	Erwiniaceae	Rosenbergiella	Rosenbergiella sp.
C1943	Bacteria	Pseudomonadota	Alphaproteobacteria	Acetobacterales	Acetobacteraceae	Acetobacteraceae sp.	Acetobacteraceae sp.
C1944	Bacteria	Pseudomonadota	Alphaproteobacteria	Rickettsiales	Anaplasmataceae	Wolbachia	Wolbachia sp.
C1945	Bacteria	Pseudomonadota	Gammaproteobacteria	Enterobacterales	Alteromonadaceae	Arsukibacterium	Arsukibacterium sp.
C1946	Bacteria	Pseudomonadota	Alphaproteobacteria	Acetobacterales	Acetobacteraceae	Commensalibacter	Commensalibacter sp.
C1947	Bacteria	Pseudomonadota	Alphaproteobacteria	Acetobacterales	Acetobacteraceae	Acetobacteraceae sp.	Acetobacteraceae sp.
C1948	Bacteria	Pseudomonadota	Alphaproteobacteria	Acetobacterales	Acetobacteraceae	Acetobacteraceae sp.	Acetobacteraceae sp.
C1951	Bacteria	Pseudomonadota	Alphaproteobacteria	Acetobacterales	Acetobacteraceae	Gluconobacter	Gluconobacter sp.
C1952	Bacteria	Pseudomonadota	Gammaproteobacteria	Enterobacterales	Enterobacterales sp.	Enterobacterales sp.	Enterobacterales sp.
C1953	Bacteria	Pseudomonadota	Alphaproteobacteria	Rickettsiales	Anaplasmataceae	Wolbachia	Wolbachia sp.
C1955	Bacteria	Pseudomonadota	Alphaproteobacteria	Rickettsiales	Anaplasmataceae	Wolbachia	Wolbachia sp.
C1957	Bacteria	Pseudomonadota	Alphaproteobacteria	Rickettsiales	Anaplasmataceae	Wolbachia	Wolbachia sp.
C1958	Bacteria	Bacillota	Bacilli	Lactobacillales	Lactobacillaceae	Lactobacillaceae sp.	Lactobacillaceae sp.
C1965	Bacteria	Pseudomonadota	Alphaproteobacteria	Acetobacterales	Acetobacteraceae	Acetobacter	Acetobacter sp.
C1968	Bacteria	Pseudomonadota	Alphaproteobacteria	Acetobacterales	Acetobacteraceae	Acetobacteraceae sp.	Acetobacteraceae sp.
C1970	Bacteria	Pseudomonadota	Alphaproteobacteria	Acetobacterales	Acetobacteraceae	Gluconobacter	Gluconobacter sp.
C1972	Bacteria	Bacillota	Bacilli	Lactobacillales	Lactobacillaceae	Lactiplantibacillus	Lactiplantibacillus sp.
C1974	Bacteria	Pseudomonadota	Alphaproteobacteria	Acetobacterales	Acetobacteraceae	Commensalibacter	Commensalibacter sp.
C1976	Bacteria	Pseudomonadota	Alphaproteobacteria	Rickettsiales	Anaplasmataceae	Wolbachia	Wolbachia sp.
C1977	Bacteria	Pseudomonadota	Alphaproteobacteria	Rickettsiales	Anaplasmataceae	Wolbachia	Wolbachia sp.
C1979	Bacteria	Pseudomonadota	Gammaproteobacteria	Enterobacterales	Orbaceae	Incertae Sedis	uncultured bacterium
C1981	Bacteria	Pseudomonadota	Alphaproteobacteria	Acetobacterales	Acetobacteraceae	Acetobacter	Acetobacter sp.
C1982	Bacteria	Pseudomonadota	Alphaproteobacteria	Acetobacterales	Acetobacteraceae	Acetobacteraceae sp.	Acetobacteraceae sp.
C1985	Bacteria	Pseudomonadota	Alphaproteobacteria	Acetobacterales	Acetobacteraceae	Acetobacteraceae sp.	Acetobacteraceae sp.
C1986	Bacteria	Pseudomonadota	Alphaproteobacteria	Acetobacterales	Acetobacteraceae	Acetobacteraceae sp.	Acetobacteraceae sp.
C1987	Bacteria	Pseudomonadota	Alphaproteobacteria	Rickettsiales	Anaplasmataceae	Wolbachia	Wolbachia sp.
C1990	Bacteria	Pseudomonadota	Gammaproteobacteria	Enterobacterales	Enterobacteriaceae	Enterobacteriaceae sp.	Enterobacteriaceae sp.
C1991	Bacteria	Pseudomonadota	Gammaproteobacteria	Enterobacterales	Orbaceae	Incertae Sedis	uncultured bacterium
C1992	Bacteria	Pseudomonadota	Alphaproteobacteria	Acetobacterales	Acetobacteraceae	Acetobacter	Acetobacter sp.
C1995	Bacteria	Pseudomonadota	Alphaproteobacteria	Acetobacterales	Acetobacteraceae	Acetobacter	Acetobacter sp.
C1996	Bacteria	Pseudomonadota	Alphaproteobacteria	Acetobacterales	Acetobacteraceae	Acetobacteraceae sp.	Acetobacteraceae sp.
C1997	Bacteria	Pseudomonadota	Alphaproteobacteria	Acetobacterales	Acetobacteraceae	Acetobacter	Acetobacter sp.
C1998	Unknown	Unknown	Unknown	Unknown	Unknown	Unknown	Unknown
C1999	Bacteria	Pseudomonadota	Alphaproteobacteria	Acetobacterales	Acetobacteraceae	Commensalibacter	Commensalibacter sp.
C2000	Bacteria	Pseudomonadota	Gammaproteobacteria	Pseudomonadales	Halomonadaceae	Halomonadaceae sp.	Halomonadaceae sp.
C2003	Bacteria	Pseudomonadota	Alphaproteobacteria	Acetobacterales	Acetobacteraceae	Acetobacter	Acetobacter sp.
C2004	Bacteria	Pseudomonadota	Alphaproteobacteria	Rickettsiales	Anaplasmataceae	Wolbachia	Wolbachia sp.
C2006	Bacteria	Pseudomonadota	Alphaproteobacteria	Rickettsiales	Mitochondria	Incertae Sedis	Incertae Sedis sp.
C2009	Bacteria	Pseudomonadota	Gammaproteobacteria	Enterobacterales	Enterobacteriaceae	Enterobacteriaceae sp.	Enterobacteriaceae sp.
C2012	Bacteria	Pseudomonadota	Alphaproteobacteria	Acetobacterales	Acetobacteraceae	Acetobacter	Acetobacter sp.
C2016	Bacteria	Pseudomonadota	Alphaproteobacteria	Caulobacterales	Caulobacteraceae	Brevundimonas	Brevundimonas sp.
C2017	Bacteria	Gemmatimonadota	Gemmatimonadia	Gemmatimonadales	Gemmatimonadaceae	Incertae Sedis	Incertae Sedis sp.
C2018	Bacteria	Pseudomonadota	Alphaproteobacteria	Acetobacterales	Acetobacteraceae	Acetobacter	Acetobacter sp.
C2019	Bacteria	Pseudomonadota	Alphaproteobacteria	Acetobacterales	Acetobacteraceae	Commensalibacter	Commensalibacter sp.
C2020	Bacteria	Pseudomonadota	Alphaproteobacteria	Acetobacterales	Acetobacteraceae	Acetobacteraceae sp.	Acetobacteraceae sp.
C2021	Bacteria	Acidobacteriota	Acidobacteriae	Terriglobales	Acidobacteriaceae (Subgroup 1)	Acidobacteriaceae (Subgroup 1) sp.	Acidobacteriaceae (Subgroup 1) sp.
C2023	Bacteria	Pseudomonadota	Alphaproteobacteria	Acetobacterales	Acetobacteraceae	Commensalibacter	uncultured bacterium
C2026	Bacteria	Pseudomonadota	Alphaproteobacteria	Rickettsiales	Anaplasmataceae	Wolbachia	Wolbachia sp.
C2027	Bacteria	Pseudomonadota	Gammaproteobacteria	Enterobacterales	Enterobacterales sp.	Enterobacterales sp.	Enterobacterales sp.
C2032	Bacteria	Pseudomonadota	Gammaproteobacteria	Burkholderiales	Oxalobacteraceae	Oxalobacteraceae sp.	Oxalobacteraceae sp.
C2033	Bacteria	Pseudomonadota	Gammaproteobacteria	Enterobacterales	Enterobacterales sp.	Enterobacterales sp.	Enterobacterales sp.
C2036	Bacteria	Pseudomonadota	Alphaproteobacteria	Rickettsiales	Anaplasmataceae	Wolbachia	Wolbachia sp.
C2037	Bacteria	Pseudomonadota	Alphaproteobacteria	Rickettsiales	Anaplasmataceae	Wolbachia	Wolbachia sp.
C2042	Bacteria	Pseudomonadota	Alphaproteobacteria	Acetobacterales	Acetobacteraceae	Commensalibacter	Commensalibacter sp.
C2043	Bacteria	Bacteroidota	Bacteroidia	Bacteroidales	Dysgonomonadaceae	Dysgonomonas	Dysgonomonas sp.
C2044	Bacteria	Pseudomonadota	Alphaproteobacteria	Rickettsiales	Anaplasmataceae	Wolbachia	Wolbachia sp.
C2045	Bacteria	Pseudomonadota	Alphaproteobacteria	Rickettsiales	Anaplasmataceae	Wolbachia	Wolbachia sp.
C2046	Bacteria	Bacillota	Bacilli	Lactobacillales	Lactobacillaceae	Leuconostoc	Leuconostoc pseudomesenteroides
C2049	Bacteria	Actinomycetota	Actinobacteria	Micrococcales	Intrasporangiaceae	Intrasporangiaceae sp.	Intrasporangiaceae sp.
C2050	Unknown	Unknown	Unknown	Unknown	Unknown	Unknown	Unknown
C2051	Bacteria	Pseudomonadota	Alphaproteobacteria	Acetobacterales	Acetobacteraceae	Acetobacter	Acetobacter sp.
C2053	Bacteria	Pseudomonadota	Alphaproteobacteria	Rickettsiales	Anaplasmataceae	Wolbachia	Wolbachia sp.
C2054	Bacteria	Pseudomonadota	Alphaproteobacteria	Rickettsiales	Anaplasmataceae	Wolbachia	Wolbachia sp.
C2055	Bacteria	Pseudomonadota	Alphaproteobacteria	Rickettsiales	Anaplasmataceae	Wolbachia	Incompatibility symbiont of Nasonia giraulti
C2056	Bacteria	Pseudomonadota	Alphaproteobacteria	Rickettsiales	Anaplasmataceae	Wolbachia	Wolbachia endosymbiont of Bemisia tabaci
C2057	Bacteria	Pseudomonadota	Alphaproteobacteria	Rickettsiales	Anaplasmataceae	Wolbachia	Wolbachia sp.
C2058	Bacteria	Pseudomonadota	Alphaproteobacteria	Acetobacterales	Acetobacteraceae	Acetobacter	Acetobacter sp.
C2059	Bacteria	Pseudomonadota	Alphaproteobacteria	Rickettsiales	Anaplasmataceae	Wolbachia	Wolbachia sp.
C2063	Bacteria	Bacillota	Bacilli	Lactobacillales	Lactobacillaceae	Levilactobacillus	Lactobacillus brevis
C2064	Bacteria	Pseudomonadota	Alphaproteobacteria	Acetobacterales	Acetobacteraceae	Acetobacter	Acetobacter sp.
C2066	Bacteria	Pseudomonadota	Gammaproteobacteria	Enterobacterales	Enterobacteriaceae	Enterobacter	Enterobacter sp.
C2067	Bacteria	Pseudomonadota	Alphaproteobacteria	Acetobacterales	Acetobacteraceae	Acetobacter	Acetobacter sp.
C2068	Bacteria	Pseudomonadota	Alphaproteobacteria	Rickettsiales	Anaplasmataceae	Wolbachia	Wolbachia sp.
C2069	Bacteria	Pseudomonadota	Alphaproteobacteria	Rickettsiales	Anaplasmataceae	Wolbachia	Wolbachia sp.
C2070	Bacteria	Pseudomonadota	Gammaproteobacteria	Enterobacterales	Enterobacteriaceae	Enterobacteriaceae sp.	Enterobacteriaceae sp.
C2073	Bacteria	Pseudomonadota	Alphaproteobacteria	Acetobacterales	Acetobacteraceae	Acetobacter	Acetobacter sp.
C2076	Bacteria	Pseudomonadota	Alphaproteobacteria	Rickettsiales	Anaplasmataceae	Wolbachia	Wolbachia sp.
C2077	Bacteria	Pseudomonadota	Gammaproteobacteria	Enterobacterales	Enterobacteriaceae	Enterobacteriaceae sp.	Enterobacteriaceae sp.
C2078	Bacteria	Pseudomonadota	Alphaproteobacteria	Acetobacterales	Acetobacteraceae	Commensalibacter	Commensalibacter sp.
C2079	Bacteria	Pseudomonadota	Alphaproteobacteria	Acetobacterales	Acetobacteraceae	Acetobacter	Acetobacter sp.
C2081	Bacteria	Pseudomonadota	Alphaproteobacteria	Acetobacterales	Acetobacteraceae	Acetobacteraceae sp.	Acetobacteraceae sp.
C2084	Bacteria	Bacillota	Bacilli	Lactobacillales	Lactobacillales sp.	Lactobacillales sp.	Lactobacillales sp.
C2085	Bacteria	Pseudomonadota	Alphaproteobacteria	Rickettsiales	Anaplasmataceae	Wolbachia	Wolbachia sp.
C2094	Bacteria	Pseudomonadota	Gammaproteobacteria	Enterobacterales	Enterobacteriaceae	Enterobacteriaceae sp.	Enterobacteriaceae sp.
C2095	Bacteria	Pseudomonadota	Alphaproteobacteria	Acetobacterales	Acetobacteraceae	Gluconobacter	Gluconobacter sp.
C2096	Bacteria	Pseudomonadota	Alphaproteobacteria	Acetobacterales	Acetobacteraceae	Commensalibacter	Commensalibacter sp.
C2097	Bacteria	Pseudomonadota	Gammaproteobacteria	Gammaproteobacteria sp.	Gammaproteobacteria sp.	Gammaproteobacteria sp.	Gammaproteobacteria sp.
C2099	Bacteria	Pseudomonadota	Alphaproteobacteria	Acetobacterales	Acetobacteraceae	Acetobacter	Acetobacter sp.
C2101	Bacteria	Bacteroidota	Bacteroidia	Sphingobacteriales	Sphingobacteriaceae	Sphingobacterium	Sphingobacterium sp.
C2103	Bacteria	Pseudomonadota	Gammaproteobacteria	Enterobacterales	Enterobacterales sp.	Enterobacterales sp.	Enterobacterales sp.
C2104	Bacteria	Pseudomonadota	Alphaproteobacteria	Acetobacterales	Acetobacteraceae	Gluconobacter	Gluconobacter sp.
C2106	Bacteria	Pseudomonadota	Alphaproteobacteria	Sphingomonadales	Sphingomonadaceae	Novosphingobium	Novosphingobium sp.
C2108	Bacteria	Pseudomonadota	Alphaproteobacteria	Rickettsiales	Anaplasmataceae	Wolbachia	Wolbachia sp.
C2109	Bacteria	Pseudomonadota	Alphaproteobacteria	Acetobacterales	Acetobacteraceae	Acetobacter	Acetobacter sp.
C2110	Bacteria	Pseudomonadota	Alphaproteobacteria	Rickettsiales	Anaplasmataceae	Wolbachia	Wolbachia sp.
C2111	Bacteria	Pseudomonadota	Alphaproteobacteria	Acetobacterales	Acetobacteraceae	Gluconobacter	Gluconobacter sp.
C2113	Bacteria	Pseudomonadota	Alphaproteobacteria	Acetobacterales	Acetobacteraceae	Commensalibacter	uncultured bacterium
C2114	Bacteria	Pseudomonadota	Alphaproteobacteria	Rickettsiales	Anaplasmataceae	Wolbachia	Wolbachia sp.
C2116	Bacteria	Pseudomonadota	Alphaproteobacteria	Rickettsiales	Anaplasmataceae	Wolbachia	Wolbachia sp.
C2117	Bacteria	Pseudomonadota	Alphaproteobacteria	Rickettsiales	Anaplasmataceae	Wolbachia	Wolbachia sp.
C2118	Bacteria	Pseudomonadota	Alphaproteobacteria	Acetobacterales	Acetobacteraceae	Commensalibacter	Commensalibacter sp.
C2119	Bacteria	Pseudomonadota	Alphaproteobacteria	Rickettsiales	Anaplasmataceae	Wolbachia	Wolbachia sp.
C2121	Bacteria	Pseudomonadota	Alphaproteobacteria	Acetobacterales	Acetobacteraceae	Acetobacter	Acetobacter sp.
C2124	Bacteria	Pseudomonadota	Alphaproteobacteria	Rickettsiales	Anaplasmataceae	Wolbachia	Wolbachia sp.
C2128	Bacteria	Actinomycetota	Actinobacteria	Mycobacteriales	Corynebacteriaceae	Corynebacterium	Corynebacterium sp.
C2129	Bacteria	Pseudomonadota	Alphaproteobacteria	Rickettsiales	Anaplasmataceae	Wolbachia	uncultured Alphaproteobacteria bacterium
C2132	Bacteria	Bacteroidota	Bacteroidia	Flavobacteriales	Weeksellaceae	Elizabethkingia	Elizabethkingia ursingii
C2133	Bacteria	Pseudomonadota	Alphaproteobacteria	Acetobacterales	Acetobacteraceae	Acetobacteraceae sp.	Acetobacteraceae sp.
C2134	Bacteria	Bacillota	Bacilli	Lactobacillales	Lactobacillaceae	Lacticaseibacillus	Lacticaseibacillus sp.
C2135	Bacteria	Pseudomonadota	Alphaproteobacteria	Acetobacterales	Acetobacteraceae	Gluconobacter	Gluconobacter sp.
C2136	Bacteria	Pseudomonadota	Alphaproteobacteria	Acetobacterales	Acetobacteraceae	Commensalibacter	Commensalibacter sp.
C2137	Bacteria	Bacteroidota	Bacteroidia	Bacteroidales	Bacteroidaceae	Bacteroides	uncultured bacterium
C2138	Bacteria	Pseudomonadota	Alphaproteobacteria	Acetobacterales	Acetobacteraceae	Acetobacteraceae sp.	Acetobacteraceae sp.
C2139	Bacteria	Bacillota	Bacilli	Lactobacillales	Lactobacillaceae	Lactobacillaceae sp.	Lactobacillaceae sp.
C2144	Bacteria	Campylobacterota	Campylobacteria	Campylobacterales	Arcobacteraceae	Arcobacter	Arcobacter sp.
C2145	Bacteria	Bacillota	Bacilli	Lactobacillales	Lactobacillaceae	Fructobacillus	Fructobacillus sp.
C2146	Bacteria	Pseudomonadota	Alphaproteobacteria	Rickettsiales	Anaplasmataceae	Wolbachia	Wolbachia sp.
C2147	Bacteria	Pseudomonadota	Alphaproteobacteria	Acetobacterales	Acetobacteraceae	Acetobacter	Acetobacter sp.
C2148	Bacteria	Pseudomonadota	Alphaproteobacteria	Acetobacterales	Acetobacteraceae	Acetobacter	Acetobacter sp.
C2149	Bacteria	Pseudomonadota	Alphaproteobacteria	Acetobacterales	Acetobacteraceae	Commensalibacter	Commensalibacter sp.
C2152	Bacteria	Pseudomonadota	Alphaproteobacteria	Acetobacterales	Acetobacteraceae	Acetobacter	Acetobacter sp.
C2153	Bacteria	Pseudomonadota	Alphaproteobacteria	Acetobacterales	Acetobacteraceae	Acetobacter	Acetobacter sp.
C2155	Bacteria	Pseudomonadota	Alphaproteobacteria	Rickettsiales	Anaplasmataceae	Wolbachia	Wolbachia sp.
C2156	Bacteria	Pseudomonadota	Gammaproteobacteria	Burkholderiales	Rhodocyclaceae	Rhodocyclaceae sp.	Rhodocyclaceae sp.
C2157	Bacteria	Pseudomonadota	Alphaproteobacteria	Acetobacterales	Acetobacteraceae	Commensalibacter	uncultured bacterium
C2158	Bacteria	Pseudomonadota	Alphaproteobacteria	Rickettsiales	Anaplasmataceae	Wolbachia	Wolbachia sp.
C2159	Bacteria	Pseudomonadota	Alphaproteobacteria	Rickettsiales	Anaplasmataceae	Anaplasmataceae sp.	Anaplasmataceae sp.
C2161	Bacteria	Bacillota	Bacilli	Lactobacillales	Lactobacillaceae	Levilactobacillus	Lactobacillus brevis
C2165	Bacteria	Pseudomonadota	Alphaproteobacteria	Acetobacterales	Acetobacteraceae	Acetobacter	Acetobacter sp.
C2166	Bacteria	Bacillota	Bacilli	Lactobacillales	Lactobacillaceae	Lactiplantibacillus	Lactobacillus plantarum
C2167	Bacteria	Pseudomonadota	Alphaproteobacteria	Acetobacterales	Acetobacteraceae	Acetobacter	Acetobacter sp.
C2170	Bacteria	Bacillota	Clostridia	Peptostreptococcales-Tissierellales	Anaerovoracaceae	Anaerovoracaceae sp.	Anaerovoracaceae sp.
C2172	Bacteria	Pseudomonadota	Alphaproteobacteria	Rickettsiales	Anaplasmataceae	Wolbachia	Wolbachia sp.
C2173	Bacteria	Pseudomonadota	Gammaproteobacteria	Enterobacterales	Enterobacteriaceae	Enterobacteriaceae sp.	Enterobacteriaceae sp.
C2176	Bacteria	Pseudomonadota	Alphaproteobacteria	Rickettsiales	Anaplasmataceae	Wolbachia	Wolbachia sp.
C2178	Bacteria	Pseudomonadota	Alphaproteobacteria	Rickettsiales	Anaplasmataceae	Wolbachia	Wolbachia sp.
C2180	Bacteria	Pseudomonadota	Alphaproteobacteria	Acetobacterales	Acetobacteraceae	Acetobacteraceae sp.	Acetobacteraceae sp.
C2181	Bacteria	Pseudomonadota	Alphaproteobacteria	Acetobacterales	Acetobacteraceae	Commensalibacter	Commensalibacter sp.
C2184	Bacteria	Pseudomonadota	Gammaproteobacteria	Enterobacterales	Enterobacteriaceae	Enterobacter	Enterobacter sp.
C2185	Bacteria	Pseudomonadota	Alphaproteobacteria	Acetobacterales	Acetobacteraceae	Gluconobacter	Gluconobacter sp.
C2186	Bacteria	Pseudomonadota	Alphaproteobacteria	Acetobacterales	Acetobacteraceae	Acetobacter	Acetobacter sp.
C2187	Bacteria	Pseudomonadota	Gammaproteobacteria	Pseudomonadales	Pseudomonadaceae	Pseudomonas	Pseudomonas sp.
C2189	Bacteria	Pseudomonadota	Gammaproteobacteria	Enterobacterales	Enterobacteriaceae	Enterobacteriaceae sp.	Enterobacteriaceae sp.
C2190	Bacteria	Pseudomonadota	Alphaproteobacteria	Acetobacterales	Acetobacteraceae	Gluconobacter	Gluconobacter sp.
C2191	Bacteria	Pseudomonadota	Alphaproteobacteria	Acetobacterales	Acetobacteraceae	Acetobacter	Acetobacter sp.
C2192	Bacteria	Pseudomonadota	Gammaproteobacteria	Enterobacterales	Orbaceae	Incertae Sedis	uncultured bacterium
C2194	Bacteria	Pseudomonadota	Alphaproteobacteria	Acetobacterales	Acetobacteraceae	Acetobacter	Acetobacter sp.
C2199	Bacteria	Pseudomonadota	Alphaproteobacteria	Acetobacterales	Acetobacteraceae	Acetobacter	Acetobacter sp.
C2201	Bacteria	Pseudomonadota	Gammaproteobacteria	Enterobacterales	Enterobacterales sp.	Enterobacterales sp.	Enterobacterales sp.
C2202	Bacteria	Pseudomonadota	Alphaproteobacteria	Acetobacterales	Acetobacteraceae	Commensalibacter	Commensalibacter sp.
C2203	Bacteria	Pseudomonadota	Alphaproteobacteria	Acetobacterales	Acetobacteraceae	Gluconobacter	Gluconobacter sp.
C2204	Bacteria	Pseudomonadota	Alphaproteobacteria	Rickettsiales	Anaplasmataceae	Wolbachia	Wolbachia sp.
C2205	Bacteria	Pseudomonadota	Gammaproteobacteria	Pseudomonadales	Pseudomonadaceae	Pseudomonas	Pseudomonas sp.
C2206	Bacteria	Pseudomonadota	Gammaproteobacteria	Gammaproteobacteria sp.	Gammaproteobacteria sp.	Gammaproteobacteria sp.	Gammaproteobacteria sp.
C2207	Bacteria	Bacillota	Bacilli	Lactobacillales	Lactobacillaceae	Lactobacillaceae sp.	Lactobacillaceae sp.
C2210	Bacteria	Pseudomonadota	Alphaproteobacteria	Acetobacterales	Acetobacteraceae	Acetobacter	Acetobacter sp.
C2211	Bacteria	Pseudomonadota	Alphaproteobacteria	Acetobacterales	Acetobacteraceae	Acetobacteraceae sp.	Acetobacteraceae sp.
C2212	Bacteria	Pseudomonadota	Alphaproteobacteria	Acetobacterales	Acetobacteraceae	Gluconobacter	Gluconobacter sp.
C2214	Bacteria	Pseudomonadota	Gammaproteobacteria	Enterobacterales	Enterobacteriaceae	Enterobacteriaceae sp.	Enterobacteriaceae sp.
C2215	Bacteria	Bacillota	Bacilli	Lactobacillales	Lactobacillaceae	Companilactobacillus	Companilactobacillus sp.
C2216	Bacteria	Actinomycetota	Actinobacteria	Mycobacteriales	Mycobacteriaceae	Mycobacterium	Mycobacterium sp.
C2218	Bacteria	Bacillota	Bacilli	Lactobacillales	Streptococcaceae	Lactococcus	Lactococcus sp.
C2219	Bacteria	Pseudomonadota	Gammaproteobacteria	Lysobacterales	Lysobacteraceae	SN8	Xanthomonas sp. SN8
C2222	Bacteria	Pseudomonadota	Alphaproteobacteria	Acetobacterales	Acetobacteraceae	Commensalibacter	Commensalibacter sp.
C2224	Bacteria	Bacillota	Bacilli	Lactobacillales	Lactobacillaceae	Lactobacillus	Lactobacillus sp.
C2225	Bacteria	Actinomycetota	Actinobacteria	Micromonosporales	Micromonosporaceae	Micromonosporaceae sp.	Micromonosporaceae sp.
C2227	Eukaryota	Cyanobacteriota	Cyanobacteriia	Chloroplast	Incertae Sedis	Incertae Sedis	Citrus maxima
C2229	Unknown	Unknown	Unknown	Unknown	Unknown	Unknown	Unknown
C2233	Bacteria	Bacillota	Bacilli	Lactobacillales	Lactobacillales sp.	Lactobacillales sp.	Lactobacillales sp.
C2234	Bacteria	Pseudomonadota	Alphaproteobacteria	Hyphomicrobiales	Rhizobiaceae	Rhizobiaceae sp.	Rhizobiaceae sp.
C2236	Bacteria	Pseudomonadota	Alphaproteobacteria	Sphingomonadales	Sphingomonadaceae	Sphingobium	Sphingobium sp.
C2237	Bacteria	Thermodesulfobacteriota	Desulfovibrionia	Desulfovibrionales	Desulfovibrionaceae	Desulfovibrio	Desulfovibrio sp.
C2239	Bacteria	Pseudomonadota	Alphaproteobacteria	Rickettsiales	Anaplasmataceae	Wolbachia	Wolbachia sp.
C2240	Bacteria	Planctomycetota	Planctomycetes	Isosphaerales	Isosphaeraceae	Incertae Sedis	Incertae Sedis sp.
C2241	Bacteria	Pseudomonadota	Alphaproteobacteria	Rickettsiales	Anaplasmataceae	Wolbachia	Wolbachia sp.
C2242	Bacteria	Pseudomonadota	Alphaproteobacteria	Hyphomicrobiales	Hyphomicrobiaceae	Hyphomicrobium	Hyphomicrobium sp.
C2245	Bacteria	Pseudomonadota	Alphaproteobacteria	Rickettsiales	Anaplasmataceae	Wolbachia	Wolbachia sp.
C2247	Bacteria	Pseudomonadota	Alphaproteobacteria	Rickettsiales	Anaplasmataceae	Wolbachia	Wolbachia sp.
C2249	Bacteria	Actinomycetota	Actinobacteria	Micromonosporales	Micromonosporaceae	Micromonosporaceae sp.	Micromonosporaceae sp.
C2251	Bacteria	Pseudomonadota	Alphaproteobacteria	Acetobacterales	Acetobacteraceae	Commensalibacter	Commensalibacter sp.
C2254	Bacteria	Bacillota	Bacilli	Lactobacillales	Lactobacillaceae	Lacticaseibacillus	Lacticaseibacillus sp.
C2255	Bacteria	Pseudomonadota	Alphaproteobacteria	Rickettsiales	Anaplasmataceae	Wolbachia	Wolbachia sp.
C2257	Bacteria	Bacillota	Bacilli	Lactobacillales	Lactobacillaceae	Levilactobacillus	Levilactobacillus sp.
C2258	Bacteria	Actinomycetota	Thermoleophilia	Solirubrobacterales	67-14	Incertae Sedis	uncultured bacterium
C2260	Bacteria	Pseudomonadota	Alphaproteobacteria	Rickettsiales	Anaplasmataceae	Wolbachia	Wolbachia sp.
C2263	Unknown	Unknown	Unknown	Unknown	Unknown	Unknown	Unknown
C2265	Bacteria	Pseudomonadota	Alphaproteobacteria	Rickettsiales	Anaplasmataceae	Wolbachia	Wolbachia sp.
C2266	Bacteria	Pseudomonadota	Alphaproteobacteria	Acetobacterales	Acetobacteraceae	Commensalibacter	Commensalibacter sp.
C2267	Bacteria	Pseudomonadota	Gammaproteobacteria	Enterobacterales	Orbaceae	Incertae Sedis	uncultured bacterium
C2268	Unknown	Unknown	Unknown	Unknown	Unknown	Unknown	Unknown
C2269	Bacteria	Bacillota	Clostridia	Peptostreptococcales-Tissierellales	Family XI	Finegoldia	uncultured bacterium
C2270	Bacteria	Actinomycetota	Actinobacteria	Mycobacteriales	Corynebacteriaceae	Corynebacterium	uncultured bacterium
C2271	Bacteria	Pseudomonadota	Alphaproteobacteria	Acetobacterales	Acetobacteraceae	Commensalibacter	Commensalibacter sp.
C2276	Bacteria	Pseudomonadota	Gammaproteobacteria	Enterobacterales	Enterobacteriaceae	Enterobacteriaceae sp.	Enterobacteriaceae sp.
C2283	Bacteria	Pseudomonadota	Gammaproteobacteria	Enterobacterales	Enterobacterales sp.	Enterobacterales sp.	Enterobacterales sp.
C2284	Bacteria	Pseudomonadota	Alphaproteobacteria	Acetobacterales	Acetobacteraceae	Commensalibacter	Commensalibacter sp.
C2285	Bacteria	Pseudomonadota	Alphaproteobacteria	Acetobacterales	Acetobacteraceae	Acetobacteraceae sp.	Acetobacteraceae sp.
C2286	Bacteria	Cyanobacteriota	Cyanobacteriia	Chloroplast	Incertae Sedis	Incertae Sedis	Incertae Sedis sp.
C2288	Unknown	Unknown	Unknown	Unknown	Unknown	Unknown	Unknown
C2289	Bacteria	Pseudomonadota	Alphaproteobacteria	Acetobacterales	Acetobacteraceae	Komagataeibacter	Komagataeibacter sp.
C2292	Bacteria	Pseudomonadota	Gammaproteobacteria	Enterobacterales	Enterobacteriaceae	Enterobacteriaceae sp.	Enterobacteriaceae sp.
C2295	Bacteria	Pseudomonadota	Gammaproteobacteria	Enterobacterales	Enterobacterales sp.	Enterobacterales sp.	Enterobacterales sp.
C2296	Bacteria	Pseudomonadota	Gammaproteobacteria	Enterobacterales	Enterobacteriaceae	Enterobacteriaceae sp.	Enterobacteriaceae sp.
C2297	Bacteria	Pseudomonadota	Alphaproteobacteria	Rickettsiales	Mitochondria	Incertae Sedis	Incertae Sedis sp.
C2300	Bacteria	Acidobacteriota	Acidobacteriae	Terriglobales	Acidobacteriaceae (Subgroup 1)	Acidobacteriaceae (Subgroup 1) sp.	Acidobacteriaceae (Subgroup 1) sp.
C2301	Bacteria	Cyanobacteriota	Cyanobacteriia	Chloroplast	Incertae Sedis	Incertae Sedis	Incertae Sedis sp.
C2302	Bacteria	Bacillota	Clostridia	Oscillospirales	Oscillospirales sp.	Oscillospirales sp.	Oscillospirales sp.
C2303	Bacteria	Pseudomonadota	Alphaproteobacteria	Alphaproteobacteria sp.	Alphaproteobacteria sp.	Alphaproteobacteria sp.	Alphaproteobacteria sp.
C2307	Bacteria	Pseudomonadota	Alphaproteobacteria	Rickettsiales	Mitochondria	Incertae Sedis	Incertae Sedis sp.
C2309	Bacteria	Pseudomonadota	Alphaproteobacteria	Acetobacterales	Acetobacteraceae	Acetobacter	Acetobacter sp.
C2311	Bacteria	Pseudomonadota	Gammaproteobacteria	Enterobacterales	Enterobacteriaceae	Enterobacteriaceae sp.	Enterobacteriaceae sp.
C2312	Bacteria	Chloroflexota	KD4-96	Incertae Sedis	Incertae Sedis	Incertae Sedis	Incertae Sedis sp.
C2314	Bacteria	Pseudomonadota	Alphaproteobacteria	Rickettsiales	Anaplasmataceae	Wolbachia	Wolbachia sp.
C2318	Bacteria	Pseudomonadota	Alphaproteobacteria	Acetobacterales	Acetobacteraceae	Acetobacter	Acetobacter sp.
C2320	Bacteria	Actinomycetota	Actinobacteria	Micrococcales	Microbacteriaceae	Microbacteriaceae sp.	Microbacteriaceae sp.
C2323	Bacteria	Pseudomonadota	Gammaproteobacteria	Enterobacterales	Orbaceae	Incertae Sedis	uncultured bacterium
C2327	Bacteria	Pseudomonadota	Alphaproteobacteria	Acetobacterales	Acetobacteraceae	Acetobacteraceae sp.	Acetobacteraceae sp.
C2330	Bacteria	Pseudomonadota	Alphaproteobacteria	Rickettsiales	Anaplasmataceae	Wolbachia	Wolbachia sp.
C2331	Bacteria	Bacillota	Bacilli	Lactobacillales	Lactobacillaceae	Liquorilactobacillus	Liquorilactobacillus sp.
C2338	Bacteria	Pseudomonadota	Alphaproteobacteria	Hyphomicrobiales	Beijerinckiaceae	Methylobacterium	Methylobacterium sp.
C2344	Bacteria	Pseudomonadota	Alphaproteobacteria	Rickettsiales	Anaplasmataceae	Wolbachia	Wolbachia sp.
C2345	Bacteria	Bacillota	Bacilli	Lactobacillales	Lactobacillaceae	Limosilactobacillus	Limosilactobacillus sp.
C2347	Bacteria	Pseudomonadota	Alphaproteobacteria	Rickettsiales	Anaplasmataceae	Wolbachia	Wolbachia sp.
C2349	Bacteria	Pseudomonadota	Alphaproteobacteria	Rickettsiales	Anaplasmataceae	Wolbachia	Wolbachia sp.
C2350	Bacteria	Pseudomonadota	Alphaproteobacteria	Acetobacterales	Acetobacteraceae	Acetobacteraceae sp.	Acetobacteraceae sp.
C2351	Bacteria	Pseudomonadota	Alphaproteobacteria	Acetobacterales	Acetobacteraceae	Acetobacteraceae sp.	Acetobacteraceae sp.
C2355	Bacteria	Pseudomonadota	Alphaproteobacteria	Acetobacterales	Acetobacteraceae	Gluconobacter	Gluconobacter sp.
C2356	Bacteria	Pseudomonadota	Gammaproteobacteria	Burkholderiales	Rhodocyclaceae	Pseudothauera	Pseudothauera sp.
C2357	Bacteria	Pseudomonadota	Alphaproteobacteria	Rickettsiales	Anaplasmataceae	Wolbachia	Wolbachia sp.
C2358	Bacteria	Pseudomonadota	Alphaproteobacteria	Rickettsiales	Anaplasmataceae	Wolbachia	Wolbachia sp.
C2359	Bacteria	Actinomycetota	Actinobacteria	Pseudonocardiales	Pseudonocardiaceae	Pseudonocardia	uncultured bacterium
C2364	Bacteria	Pseudomonadota	Alphaproteobacteria	Acetobacterales	Acetobacteraceae	Nguyenibacter	Nguyenibacter sp.
C2370	Bacteria	Pseudomonadota	Alphaproteobacteria	Micavibrionales	Micavibrionaceae	Incertae Sedis	uncultured Alphaproteobacteria bacterium
C2371	Bacteria	Pseudomonadota	Alphaproteobacteria	Acetobacterales	Acetobacteraceae	Acetobacter	Acetobacter sp.
C2372	Bacteria	Pseudomonadota	Alphaproteobacteria	Acetobacterales	Acetobacteraceae	Gluconobacter	Gluconobacter sp.
C2373	Bacteria	Pseudomonadota	Alphaproteobacteria	Rickettsiales	Anaplasmataceae	Wolbachia	Wolbachia sp.
C2377	Bacteria	Pseudomonadota	Alphaproteobacteria	Rickettsiales	Anaplasmataceae	Wolbachia	Wolbachia sp.
C2379	Bacteria	Pseudomonadota	Alphaproteobacteria	Rickettsiales	Anaplasmataceae	Wolbachia	Wolbachia sp.
C2383	Bacteria	Pseudomonadota	Alphaproteobacteria	Acetobacterales	Acetobacteraceae	Gluconobacter	Gluconobacter sp.
C2384	Bacteria	Pseudomonadota	Alphaproteobacteria	Rickettsiales	Anaplasmataceae	Wolbachia	Wolbachia sp.
C2385	Bacteria	Pseudomonadota	Alphaproteobacteria	Acetobacterales	Acetobacteraceae	Acetobacteraceae sp.	Acetobacteraceae sp.
C2386	Bacteria	Pseudomonadota	Alphaproteobacteria	Rickettsiales	Anaplasmataceae	Wolbachia	Wolbachia sp.
C2389	Bacteria	Pseudomonadota	Alphaproteobacteria	Rickettsiales	Anaplasmataceae	Wolbachia	Wolbachia sp.
C2390	Bacteria	Pseudomonadota	Alphaproteobacteria	Acetobacterales	Acetobacteraceae	Acetobacteraceae sp.	Acetobacteraceae sp.
C2391	Bacteria	Pseudomonadota	Alphaproteobacteria	Rickettsiales	Anaplasmataceae	Wolbachia	Wolbachia sp.
C2392	Bacteria	Bacillota	Clostridia	Lachnospirales	Lachnospiraceae	Lachnospiraceae NK4A136 group	Lachnospiraceae NK4A136 group sp.
C2395	Bacteria	Pseudomonadota	Alphaproteobacteria	Acetobacterales	Acetobacteraceae	Acetobacter	Acetobacter sp.
C2399	Bacteria	Bacillota	Bacilli	Lactobacillales	Lactobacillaceae	Levilactobacillus	Lactobacillus brevis
C2401	Bacteria	Pseudomonadota	Gammaproteobacteria	Gammaproteobacteria Incertae Sedis	Unknown Family	Acidibacter	Acidibacter sp.
C2402	Bacteria	Pseudomonadota	Alphaproteobacteria	Acetobacterales	Acetobacteraceae	Commensalibacter	Commensalibacter sp.
C2403	Bacteria	Bacteroidota	Bacteroidia	Bacteroidales	Dysgonomonadaceae	Dysgonomonas	Dysgonomonas sp.
C2404	Bacteria	Pseudomonadota	Alphaproteobacteria	Acetobacterales	Acetobacteraceae	Acetobacter	Acetobacter sp.
C2405	Bacteria	Pseudomonadota	Gammaproteobacteria	Ectothiorhodospirales	Ectothiorhodospiraceae	Thiogranum	Thiogranum sp.
C2407	Bacteria	Pseudomonadota	Alphaproteobacteria	Rickettsiales	Anaplasmataceae	Wolbachia	Wolbachia sp.
C2408	Bacteria	Pseudomonadota	Alphaproteobacteria	Rickettsiales	Anaplasmataceae	Wolbachia	Wolbachia sp.
C2409	Bacteria	Pseudomonadota	Alphaproteobacteria	Acetobacterales	Acetobacteraceae	Tanticharoenia	Tanticharoenia sp.
C2413	Bacteria	Pseudomonadota	Alphaproteobacteria	Acetobacterales	Acetobacteraceae	Commensalibacter	Commensalibacter sp.
C2417	Bacteria	Bacillota	Bacilli	Lactobacillales	Lactobacillaceae	Leuconostoc	uncultured bacterium
C2420	Bacteria	Pseudomonadota	Alphaproteobacteria	Acetobacterales	Acetobacteraceae	Acetobacter	Acetobacter sp.
C2421	Bacteria	Pseudomonadota	Alphaproteobacteria	Acetobacterales	Acetobacteraceae	Acetobacter	Acetobacter sp.
C2426	Bacteria	Pseudomonadota	Alphaproteobacteria	Acetobacterales	Acetobacteraceae	Acetobacter	Acetobacter sp.
C2427	Bacteria	Pseudomonadota	Alphaproteobacteria	Acetobacterales	Acetobacteraceae	Commensalibacter	Commensalibacter sp.
C2428	Bacteria	Pseudomonadota	Alphaproteobacteria	Rickettsiales	Anaplasmataceae	Wolbachia	Wolbachia sp.
C2430	Bacteria	Pseudomonadota	Alphaproteobacteria	Rickettsiales	Anaplasmataceae	Wolbachia	Wolbachia sp.
C2432	Bacteria	Pseudomonadota	Alphaproteobacteria	Rickettsiales	Anaplasmataceae	Wolbachia	Wolbachia sp.
C2433	Bacteria	Pseudomonadota	Gammaproteobacteria	Lysobacterales	Lysobacteraceae	Lysobacteraceae sp.	Lysobacteraceae sp.
C2437	Bacteria	Pseudomonadota	Alphaproteobacteria	Acetobacterales	Acetobacteraceae	Gluconobacter	Gluconobacter sp.
C2438	Bacteria	Pseudomonadota	Alphaproteobacteria	Rickettsiales	Anaplasmataceae	Wolbachia	Wolbachia sp.
C2439	Bacteria	Pseudomonadota	Gammaproteobacteria	Lysobacterales	Lysobacteraceae	SN8	Xanthomonas sp. SN8
C2440	Bacteria	Pseudomonadota	Alphaproteobacteria	Acetobacterales	Acetobacteraceae	Gluconobacter	Gluconobacter sp.
C2441	Unknown	Unknown	Unknown	Unknown	Unknown	Unknown	Unknown
C2442	Bacteria	Bacillota	Bacilli	Lactobacillales	Lactobacillaceae	Levilactobacillus	Levilactobacillus sp.
C2443	Bacteria	Pseudomonadota	Alphaproteobacteria	Rickettsiales	Anaplasmataceae	Wolbachia	Wolbachia sp.
C2446	Bacteria	Pseudomonadota	Alphaproteobacteria	Acetobacterales	Acetobacteraceae	Acetobacteraceae sp.	Acetobacteraceae sp.
C2447	Bacteria	Pseudomonadota	Alphaproteobacteria	Acetobacterales	Acetobacteraceae	Komagataeibacter	Komagataeibacter sp.
C2448	Bacteria	Pseudomonadota	Alphaproteobacteria	Acetobacterales	Acetobacteraceae	Acetobacter	Acetobacter sp.
C2450	Bacteria	Pseudomonadota	Gammaproteobacteria	Enterobacterales	Enterobacteriaceae	Enterobacteriaceae sp.	Enterobacteriaceae sp.
C2452	Unknown	Unknown	Unknown	Unknown	Unknown	Unknown	Unknown
C2453	Bacteria	Pseudomonadota	Gammaproteobacteria	Enterobacterales	Enterobacteriaceae	Enterobacteriaceae sp.	Enterobacteriaceae sp.
C2454	Bacteria	Pseudomonadota	Alphaproteobacteria	Rickettsiales	Anaplasmataceae	Wolbachia	Wolbachia sp.
C2457	Bacteria	Pseudomonadota	Alphaproteobacteria	Rickettsiales	Anaplasmataceae	Wolbachia	Wolbachia sp.
C2460	Bacteria	Pseudomonadota	Alphaproteobacteria	Rickettsiales	Anaplasmataceae	Wolbachia	Wolbachia sp.
C2464	Bacteria	Pseudomonadota	Gammaproteobacteria	Enterobacterales	Enterobacteriaceae	Enterobacteriaceae sp.	Enterobacteriaceae sp.
C2466	Bacteria	Pseudomonadota	Gammaproteobacteria	Enterobacterales	Erwiniaceae	Erwiniaceae sp.	Erwiniaceae sp.
C2469	Bacteria	Pseudomonadota	Alphaproteobacteria	Acetobacterales	Acetobacteraceae	Gluconobacter	Gluconobacter sp.
C2470	Bacteria	Pseudomonadota	Alphaproteobacteria	Acetobacterales	Acetobacteraceae	Commensalibacter	Commensalibacter sp.
C2475	Bacteria	Pseudomonadota	Alphaproteobacteria	Acetobacterales	Acetobacteraceae	Gluconobacter	Gluconobacter sp.
C2477	Bacteria	Pseudomonadota	Alphaproteobacteria	Acetobacterales	Acetobacteraceae	Acetobacter	Acetobacter sp.
C2478	Bacteria	Pseudomonadota	Gammaproteobacteria	Enterobacterales	Enterobacteriaceae	Enterobacteriaceae sp.	Enterobacteriaceae sp.
C2480	Bacteria	Pseudomonadota	Alphaproteobacteria	Acetobacterales	Acetobacteraceae	Gluconobacter	Gluconobacter sp.
C2482	Bacteria	Pseudomonadota	Alphaproteobacteria	Acetobacterales	Acetobacteraceae	Acetobacteraceae sp.	Acetobacteraceae sp.
C2483	Unknown	Unknown	Unknown	Unknown	Unknown	Unknown	Unknown
C2484	Bacteria	Bacillota	Bacilli	Lactobacillales	Carnobacteriaceae	Carnobacterium	uncultured bacterium
C2485	Bacteria	Bacillota	Bacilli	Lactobacillales	Lactobacillaceae	Lacticaseibacillus	Lacticaseibacillus sp.
C2489	Bacteria	Pseudomonadota	Alphaproteobacteria	Rickettsiales	Anaplasmataceae	Wolbachia	Wolbachia sp.
C2493	Bacteria	Pseudomonadota	Alphaproteobacteria	Acetobacterales	Acetobacteraceae	Acetobacteraceae sp.	Acetobacteraceae sp.
C2494	Bacteria	Pseudomonadota	Alphaproteobacteria	Rickettsiales	Anaplasmataceae	Wolbachia	Wolbachia sp.
C2496	Bacteria	Pseudomonadota	Alphaproteobacteria	Rickettsiales	Anaplasmataceae	Wolbachia	Wolbachia sp.
C2497	Bacteria	Pseudomonadota	Alphaproteobacteria	Acetobacterales	Acetobacteraceae	Gluconobacter	Gluconobacter sp.
C2501	Bacteria	Pseudomonadota	Alphaproteobacteria	Acetobacterales	Acetobacteraceae	Gluconobacter	Gluconobacter sp.
C2502	Bacteria	Pseudomonadota	Alphaproteobacteria	Rickettsiales	Anaplasmataceae	Wolbachia	Wolbachia sp.
C2504	Bacteria	Pseudomonadota	Alphaproteobacteria	Rickettsiales	Anaplasmataceae	Wolbachia	Wolbachia sp.
C2507	Bacteria	Pseudomonadota	Alphaproteobacteria	Rickettsiales	Anaplasmataceae	Wolbachia	Wolbachia endosymbiont of Plocopsylla achillea
C2509	Bacteria	Bacillota	Bacilli	Lactobacillales	Lactobacillaceae	Lactobacillaceae sp.	Lactobacillaceae sp.
C2511	Bacteria	Bacteroidota	Bacteroidia	Chitinophagales	Chitinophagaceae	Incertae Sedis	uncultured Bacteroidetes bacterium
C2512	Bacteria	Actinomycetota	Actinobacteria	Mycobacteriales	Mycobacteriales sp.	Mycobacteriales sp.	Mycobacteriales sp.
C2513	Bacteria	Pseudomonadota	Alphaproteobacteria	Acetobacterales	Acetobacteraceae	Commensalibacter	Commensalibacter sp.
C2515	Bacteria	Pseudomonadota	Alphaproteobacteria	Acetobacterales	Acetobacteraceae	Commensalibacter	Commensalibacter sp.
C2517	Bacteria	Pseudomonadota	Gammaproteobacteria	Cardiobacteriales	Cardiobacteriaceae	Incertae Sedis	Incertae Sedis sp.
C2518	Bacteria	Pseudomonadota	Alphaproteobacteria	Rickettsiales	Anaplasmataceae	Wolbachia	Wolbachia sp.
C2519	Unknown	Unknown	Unknown	Unknown	Unknown	Unknown	Unknown
C2520	Bacteria	Cyanobacteriota	Cyanobacteriia	Chloroplast	Incertae Sedis	Incertae Sedis	Incertae Sedis sp.
C2524	Bacteria	Bacillota	Bacilli	Lactobacillales	Lactobacillaceae	Weissella	Weissella sp.
C2525	Bacteria	Actinomycetota	Actinobacteria	Micrococcales	Micrococcaceae	Rothia	uncultured bacterium
C2527	Bacteria	Pseudomonadota	Alphaproteobacteria	Acetobacterales	Acetobacteraceae	Commensalibacter	Commensalibacter sp.
C2528	Bacteria	Pseudomonadota	Alphaproteobacteria	Acetobacterales	Acetobacteraceae	Commensalibacter	Commensalibacter sp.
C2530	Bacteria	Pseudomonadota	Alphaproteobacteria	Acetobacterales	Acetobacteraceae	Acetobacter	Acetobacter sp.
C2532	Bacteria	Cyanobacteriota	Cyanobacteriia	Chloroplast	Incertae Sedis	Incertae Sedis	Incertae Sedis sp.
C2533	Bacteria	Actinomycetota	Actinobacteria	Micrococcales	Micrococcaceae	Glutamicibacter	Glutamicibacter sp.
C2534	Bacteria	Pseudomonadota	Alphaproteobacteria	Rickettsiales	Anaplasmataceae	Wolbachia	Wolbachia sp.
C2537	Bacteria	Pseudomonadota	Gammaproteobacteria	Enterobacterales	Enterobacteriaceae	Enterobacteriaceae sp.	Enterobacteriaceae sp.
C2538	Bacteria	Bacillota	Clostridia	Clostridiales	Clostridiaceae	Clostridium	Clostridium sp.
C2539	Bacteria	Pseudomonadota	Gammaproteobacteria	Enterobacterales	Enterobacteriaceae	Escherichia-Shigella	uncultured bacterium
C2544	Bacteria	Bacillota	Bacilli	Staphylococcales	Staphylococcaceae	Staphylococcus	Staphylococcus sp.
C2550	Bacteria	Pseudomonadota	Alphaproteobacteria	Rickettsiales	Anaplasmataceae	Wolbachia	Wolbachia sp.
C2551	Bacteria	Pseudomonadota	Alphaproteobacteria	Rickettsiales	Anaplasmataceae	Wolbachia	Wolbachia sp.
C2552	Bacteria	Pseudomonadota	Alphaproteobacteria	Sphingomonadales	Sphingomonadaceae	Sphingobium	Sphingobium sp.
C2553	Unknown	Unknown	Unknown	Unknown	Unknown	Unknown	Unknown
C2556	Bacteria	Bacillota	Bacilli	Lactobacillales	Streptococcaceae	Streptococcus	Streptococcus sp.
C2557	Bacteria	Bacteroidota	Bacteroidia	Bacteroidales	Dysgonomonadaceae	Candidatus Symbiothrix	uncultured bacterium
C2561	Bacteria	Pseudomonadota	Gammaproteobacteria	Enterobacterales	Enterobacteriaceae	Citrobacter	Citrobacter sp.
C2563	Bacteria	Bacillota	Bacilli	Lactobacillales	Lactobacillaceae	Lacticaseibacillus	Lacticaseibacillus sp.
C2564	Bacteria	Pseudomonadota	Alphaproteobacteria	Acetobacterales	Acetobacteraceae	Acetobacteraceae sp.	Acetobacteraceae sp.
C2568	Bacteria	Actinomycetota	Actinobacteria	Actinomycetales	Actinomycetaceae	Schaalia	Schaalia sp.
C2569	Bacteria	Bacillota	Bacilli	Bacillales	Bacillaceae	Alkalicoccobacillus	Bacillus murimartini
C2570	Bacteria	Pseudomonadota	Gammaproteobacteria	Burkholderiales	Oxalobacteraceae	Massilia	uncultured bacterium
C2572	Bacteria	Bacteroidota	Bacteroidia	Chitinophagales	Chitinophagaceae	Cnuella	Cnuella sp.
C2573	Bacteria	Pseudomonadota	Gammaproteobacteria	Enterobacterales	Enterobacterales sp.	Enterobacterales sp.	Enterobacterales sp.
C2574	Bacteria	Bacteroidota	Bacteroidia	Bacteroidales	Dysgonomonadaceae	Dysgonomonas	Dysgonomonas sp.
C2575	Bacteria	Bacillota	Bacilli	Lactobacillales	Lactobacillaceae	Levilactobacillus	Levilactobacillus sp.
C2576	Bacteria	Pseudomonadota	Gammaproteobacteria	Enterobacterales	Orbaceae	Incertae Sedis	uncultured bacterium
C2579	Bacteria	Pseudomonadota	Alphaproteobacteria	Acetobacterales	Acetobacteraceae	Gluconobacter	Gluconobacter sp.
C2582	Bacteria	Pseudomonadota	Alphaproteobacteria	Acetobacterales	Acetobacteraceae	Acetobacter	Acetobacter sp.
C2583	Bacteria	Pseudomonadota	Alphaproteobacteria	Acetobacterales	Acetobacteraceae	Gluconobacter	Gluconobacter sp.
C2586	Bacteria	Pseudomonadota	Gammaproteobacteria	Enterobacterales	Enterobacterales sp.	Enterobacterales sp.	Enterobacterales sp.
C2587	Bacteria	Spirochaetota	Spirochaetia	Spirochaetales	Spirochaetaceae	Treponema	uncultured Spirochaetes bacterium
C2589	Bacteria	Pseudomonadota	Alphaproteobacteria	Acetobacterales	Acetobacteraceae	Acetobacteraceae sp.	Acetobacteraceae sp.
C2592	Bacteria	Pseudomonadota	Alphaproteobacteria	Acetobacterales	Acetobacteraceae	Gluconobacter	Gluconobacter sp.
C2594	Bacteria	Pseudomonadota	Alphaproteobacteria	Acetobacterales	Acetobacteraceae	Acetobacter	Acetobacter sp.
C2596	Bacteria	Pseudomonadota	Gammaproteobacteria	Gammaproteobacteria sp.	Gammaproteobacteria sp.	Gammaproteobacteria sp.	Gammaproteobacteria sp.
C2597	Bacteria	Pseudomonadota	Gammaproteobacteria	Enterobacterales	Morganellaceae	Providencia	Providencia sp.
C2598	Bacteria	Pseudomonadota	Alphaproteobacteria	Acetobacterales	Acetobacteraceae	Gluconobacter	Gluconobacter sp.
C2599	Bacteria	Pseudomonadota	Alphaproteobacteria	Acetobacterales	Acetobacteraceae	Commensalibacter	Commensalibacter sp.
C2600	Bacteria	Pseudomonadota	Gammaproteobacteria	Pseudomonadales	Pseudomonadaceae	Pseudomonas	Pseudomonas sp.
C2605	Bacteria	Pseudomonadota	Alphaproteobacteria	Rickettsiales	Anaplasmataceae	Wolbachia	Wolbachia sp.
C2608	Bacteria	Pseudomonadota	Alphaproteobacteria	Acetobacterales	Acetobacteraceae	Acetobacter	Acetobacter sp.
C2614	Bacteria	Pseudomonadota	Alphaproteobacteria	Acetobacterales	Acetobacteraceae	Gluconobacter	Gluconobacter sp.
C2617	Bacteria	Cyanobacteriota	Cyanobacteriia	Chloroplast	Incertae Sedis	Incertae Sedis	Incertae Sedis sp.
C2621	Bacteria	Pseudomonadota	Gammaproteobacteria	Enterobacterales	Orbaceae	Orbaceae sp.	Orbaceae sp.
C2622	Bacteria	Pseudomonadota	Alphaproteobacteria	Acetobacterales	Acetobacteraceae	Acetobacter	Acetobacter sp.
C2623	Bacteria	Pseudomonadota	Alphaproteobacteria	Acetobacterales	Acetobacteraceae	Acetobacter	Acetobacter sp.
C2627	Bacteria	Pseudomonadota	Alphaproteobacteria	Rickettsiales	Anaplasmataceae	Wolbachia	Wolbachia sp.
C2630	Bacteria	Pseudomonadota	Alphaproteobacteria	Acetobacterales	Acetobacteraceae	Acetobacter	Acetobacter sp.
C2633	Bacteria	Bacillota	Clostridia	Lachnospirales	Lachnospiraceae	Tyzzerella	Tyzzerella sp.
C2634	Bacteria	Pseudomonadota	Alphaproteobacteria	Rickettsiales	Anaplasmataceae	Wolbachia	Wolbachia sp.
C2637	Bacteria	Pseudomonadota	Alphaproteobacteria	Acetobacterales	Acetobacteraceae	Gluconobacter	Gluconobacter sp.
C2639	Bacteria	Pseudomonadota	Alphaproteobacteria	Acetobacterales	Acetobacteraceae	Commensalibacter	Commensalibacter sp.
C2642	Bacteria	Pseudomonadota	Alphaproteobacteria	Acetobacterales	Acetobacteraceae	Commensalibacter	Commensalibacter sp.
C2643	Bacteria	Bacillota	Bacilli	Lactobacillales	Lactobacillaceae	Leuconostoc	Leuconostoc sp.
C2647	Unknown	Unknown	Unknown	Unknown	Unknown	Unknown	Unknown
C2648	Bacteria	Pseudomonadota	Alphaproteobacteria	Acetobacterales	Acetobacteraceae	Gluconobacter	Gluconobacter sp.
C2649	Bacteria	Pseudomonadota	Alphaproteobacteria	Acetobacterales	Acetobacteraceae	Acetobacter	Acetobacter sp.
C2650	Bacteria	Actinomycetota	Actinobacteria	Propionibacteriales	Nocardioidaceae	Aeromicrobium	Aeromicrobium sp.
C2654	Bacteria	Pseudomonadota	Alphaproteobacteria	Rickettsiales	Anaplasmataceae	Wolbachia	Wolbachia sp.
C2655	Bacteria	Pseudomonadota	Alphaproteobacteria	Rickettsiales	Anaplasmataceae	Wolbachia	Wolbachia sp.
C2657	Bacteria	Bacillota	Bacilli	Lactobacillales	Lactobacillaceae	Lacticaseibacillus	Lacticaseibacillus sp.
C2658	Unknown	Unknown	Unknown	Unknown	Unknown	Unknown	Unknown
C2659	Bacteria	Pseudomonadota	Alphaproteobacteria	Rickettsiales	Anaplasmataceae	Wolbachia	Wolbachia sp.
C2660	Bacteria	Pseudomonadota	Alphaproteobacteria	Rhodobacterales	Paracoccaceae	Paracoccus	Paracoccus sp.
C2662	Bacteria	Pseudomonadota	Alphaproteobacteria	Acetobacterales	Acetobacteraceae	Acetobacter	Acetobacter sp.
C2664	Bacteria	Pseudomonadota	Alphaproteobacteria	Acetobacterales	Acetobacteraceae	Commensalibacter	Commensalibacter sp.
C2666	Bacteria	Pseudomonadota	Alphaproteobacteria	Rickettsiales	Anaplasmataceae	Wolbachia	Wolbachia sp.
C2672	Bacteria	Pseudomonadota	Gammaproteobacteria	Enterobacterales	Enterobacterales sp.	Enterobacterales sp.	Enterobacterales sp.
C2674	Bacteria	Pseudomonadota	Alphaproteobacteria	Rickettsiales	Anaplasmataceae	Wolbachia	Wolbachia sp.
C2676	Bacteria	Pseudomonadota	Alphaproteobacteria	Acetobacterales	Acetobacteraceae	Commensalibacter	Commensalibacter sp.
C2678	Bacteria	Pseudomonadota	Alphaproteobacteria	Acetobacterales	Acetobacteraceae	Gluconobacter	Gluconobacter sp.
C2680	Bacteria	Pseudomonadota	Alphaproteobacteria	Acetobacterales	Acetobacteraceae	Commensalibacter	Commensalibacter sp.
C2682	Bacteria	Pseudomonadota	Alphaproteobacteria	Rickettsiales	Anaplasmataceae	Wolbachia	Wolbachia sp.
C2683	Bacteria	Pseudomonadota	Alphaproteobacteria	Rickettsiales	Anaplasmataceae	Wolbachia	Wolbachia sp.
C2685	Bacteria	Pseudomonadota	Alphaproteobacteria	Rickettsiales	Anaplasmataceae	Wolbachia	Wolbachia sp.
C2686	Bacteria	Pseudomonadota	Alphaproteobacteria	Acetobacterales	Acetobacteraceae	Gluconobacter	Gluconobacter sp.
C2688	Bacteria	Bacteroidota	Bacteroidia	Chitinophagales	Chitinophagaceae	Ferruginibacter	Ferruginibacter sp.
C2689	Bacteria	Pseudomonadota	Gammaproteobacteria	Burkholderiales	Comamonadaceae	Comamonadaceae sp.	Comamonadaceae sp.
C2690	Bacteria	Pseudomonadota	Alphaproteobacteria	Rickettsiales	Anaplasmataceae	Wolbachia	Wolbachia sp.
C2691	Bacteria	Pseudomonadota	Alphaproteobacteria	Rickettsiales	Anaplasmataceae	Wolbachia	Wolbachia sp.
C2698	Bacteria	Pseudomonadota	Alphaproteobacteria	Rickettsiales	Anaplasmataceae	Wolbachia	Wolbachia sp.
C2700	Bacteria	Pseudomonadota	Alphaproteobacteria	Rickettsiales	Anaplasmataceae	Wolbachia	Wolbachia sp.
C2702	Bacteria	Pseudomonadota	Alphaproteobacteria	Acetobacterales	Acetobacteraceae	Komagataeibacter	Komagataeibacter hansenii
C2704	Bacteria	Bacteroidota	Bacteroidia	Chitinophagales	Chitinophagaceae	Flavisolibacter	uncultured bacterium
C2705	Bacteria	Bacillota	Bacilli	Lactobacillales	Lactobacillaceae	Lactobacillaceae sp.	Lactobacillaceae sp.
C2706	Bacteria	Pseudomonadota	Alphaproteobacteria	Acetobacterales	Acetobacteraceae	Commensalibacter	Commensalibacter sp.
C2713	Bacteria	Pseudomonadota	Gammaproteobacteria	Gammaproteobacteria sp.	Gammaproteobacteria sp.	Gammaproteobacteria sp.	Gammaproteobacteria sp.
C2716	Bacteria	Pseudomonadota	Alphaproteobacteria	Rickettsiales	Anaplasmataceae	Wolbachia	Wolbachia sp.
C2717	Bacteria	Pseudomonadota	Alphaproteobacteria	Acetobacterales	Acetobacteraceae	Acetobacter	Acetobacter sp.
C2720	Bacteria	Pseudomonadota	Gammaproteobacteria	Burkholderiales	Neisseriaceae	Stenoxybacter	Stenoxybacter acetivorans
C2721	Bacteria	Bacteroidota	Bacteroidia	Cytophagales	Hymenobacteraceae	Hymenobacter	Hymenobacter sp.
C2723	Bacteria	Cyanobacteriota	Cyanobacteriia	Chloroplast	Incertae Sedis	Incertae Sedis	Incertae Sedis sp.
C2732	Bacteria	Pseudomonadota	Alphaproteobacteria	Acetobacterales	Acetobacteraceae	Acetobacter	Acetobacter sp.
C2734	Bacteria	Pseudomonadota	Alphaproteobacteria	Acetobacterales	Acetobacteraceae	Gluconobacter	Gluconobacter sp.
C2735	Bacteria	Pseudomonadota	Alphaproteobacteria	Rickettsiales	Anaplasmataceae	Wolbachia	Wolbachia sp.
C2738	Bacteria	Pseudomonadota	Alphaproteobacteria	Acetobacterales	Acetobacteraceae	Acetobacteraceae sp.	Acetobacteraceae sp.
C2740	Bacteria	Pseudomonadota	Alphaproteobacteria	Acetobacterales	Acetobacteraceae	Gluconobacter	Gluconobacter sp.
C2750	Bacteria	Pseudomonadota	Alphaproteobacteria	Rickettsiales	Anaplasmataceae	Wolbachia	Wolbachia sp.
C2753	Bacteria	Pseudomonadota	Alphaproteobacteria	Acetobacterales	Acetobacteraceae	Commensalibacter	Commensalibacter sp.
C2755	Bacteria	Pseudomonadota	Alphaproteobacteria	Acetobacterales	Acetobacteraceae	Gluconobacter	Gluconobacter sp.
C2759	Bacteria	Pseudomonadota	Alphaproteobacteria	Acetobacterales	Acetobacteraceae	Gluconobacter	Gluconobacter sp.
C2760	Bacteria	Pseudomonadota	Alphaproteobacteria	Acetobacterales	Acetobacteraceae	Acetobacteraceae sp.	Acetobacteraceae sp.
C2763	Bacteria	Bacteroidota	Bacteroidia	Bacteroidales	Dysgonomonadaceae	Dysgonomonas	Dysgonomonas sp.
C2766	Bacteria	Pseudomonadota	Alphaproteobacteria	Acetobacterales	Acetobacteraceae	Acetobacter	Acetobacter sp.
C2768	Bacteria	Pseudomonadota	Alphaproteobacteria	Acetobacterales	Acetobacteraceae	Commensalibacter	Commensalibacter sp.
C2769	Bacteria	Pseudomonadota	Gammaproteobacteria	Burkholderiales	Comamonadaceae	Delftia	Delftia sp.
C2774	Bacteria	Pseudomonadota	Alphaproteobacteria	Rickettsiales	Anaplasmataceae	Wolbachia	Wolbachia sp.
C2777	Bacteria	Pseudomonadota	Alphaproteobacteria	Acetobacterales	Acetobacteraceae	Acetobacter	Acetobacter sp.
C2778	Bacteria	Pseudomonadota	Alphaproteobacteria	Acetobacterales	Acetobacteraceae	Gluconobacter	Gluconobacter sp.
C2784	Bacteria	Pseudomonadota	Alphaproteobacteria	Acetobacterales	Acetobacteraceae	Gluconobacter	Gluconobacter sp.
C2785	Bacteria	Pseudomonadota	Alphaproteobacteria	Acetobacterales	Acetobacteraceae	Acetobacteraceae sp.	Acetobacteraceae sp.
C2786	Bacteria	Pseudomonadota	Alphaproteobacteria	Acetobacterales	Acetobacteraceae	Acetobacteraceae sp.	Acetobacteraceae sp.
C2788	Bacteria	Pseudomonadota	Alphaproteobacteria	Acetobacterales	Acetobacteraceae	Acetobacteraceae sp.	Acetobacteraceae sp.
C2795	Bacteria	Pseudomonadota	Gammaproteobacteria	Pseudomonadales	Pseudomonadaceae	Pseudomonas	Pseudomonas sp.
C2797	Bacteria	Pseudomonadota	Alphaproteobacteria	Acetobacterales	Acetobacteraceae	Acetobacter	Acetobacter sp.
C2798	Bacteria	Pseudomonadota	Alphaproteobacteria	Rickettsiales	Mitochondria	Incertae Sedis	Incertae Sedis sp.
C2799	Bacteria	Pseudomonadota	Alphaproteobacteria	Acetobacterales	Acetobacteraceae	Acetobacteraceae sp.	Acetobacteraceae sp.
C2801	Bacteria	Pseudomonadota	Alphaproteobacteria	Acetobacterales	Acetobacteraceae	Acetobacteraceae sp.	Acetobacteraceae sp.
C2802	Bacteria	Pseudomonadota	Alphaproteobacteria	Acetobacterales	Acetobacteraceae	Acetobacteraceae sp.	Acetobacteraceae sp.
C2803	Bacteria	Pseudomonadota	Gammaproteobacteria	Salinisphaerales	Nevskiaceae	Nevskia	Nevskia sp.
C2805	Bacteria	Pseudomonadota	Alphaproteobacteria	Reyranellales	Reyranellaceae	Reyranella	Reyranella sp.
C2806	Bacteria	Actinomycetota	Actinobacteria	Mycobacteriales	Nocardiaceae	Rhodococcus	Rhodococcus sp.
C2807	Bacteria	Pseudomonadota	Gammaproteobacteria	Enterobacterales	Orbaceae	Incertae Sedis	uncultured bacterium
C2810	Bacteria	Pseudomonadota	Alphaproteobacteria	Acetobacterales	Acetobacteraceae	Gluconobacter	Gluconobacter sp.
C2811	Bacteria	Pseudomonadota	Alphaproteobacteria	Acetobacterales	Acetobacteraceae	Acetobacter	Acetobacter sp.
C2813	Bacteria	Chlamydiota	Chlamydiia	Chlamydiales	Parachlamydiaceae	Neochlamydia	metagenome
C2815	Unknown	Unknown	Unknown	Unknown	Unknown	Unknown	Unknown
C2816	Bacteria	Spirochaetota	Spirochaetia	Spirochaetales	Spirochaetaceae	Treponema	uncultured Treponema sp.
C2818	Bacteria	Pseudomonadota	Alphaproteobacteria	Rickettsiales	Anaplasmataceae	Wolbachia	Wolbachia sp.
C2821	Bacteria	Pseudomonadota	Gammaproteobacteria	Burkholderiales	Alcaligenaceae	Alcaligenaceae sp.	Alcaligenaceae sp.
C2822	Bacteria	Pseudomonadota	Alphaproteobacteria	Acetobacterales	Acetobacteraceae	Commensalibacter	uncultured bacterium
C2823	Bacteria	Pseudomonadota	Gammaproteobacteria	Enterobacterales	Orbaceae	Incertae Sedis	uncultured bacterium
C2824	Bacteria	Pseudomonadota	Alphaproteobacteria	Acetobacterales	Acetobacteraceae	Commensalibacter	Commensalibacter sp.
C2825	Bacteria	Pseudomonadota	Alphaproteobacteria	Acetobacterales	Acetobacteraceae	Gluconobacter	Gluconobacter sp.
C2826	Bacteria	Pseudomonadota	Alphaproteobacteria	Acetobacterales	Acetobacteraceae	Acetobacteraceae sp.	Acetobacteraceae sp.
C2827	Bacteria	Pseudomonadota	Gammaproteobacteria	Cardiobacteriales	Wohlfahrtiimonadaceae	Ignatzschineria	Ignatzschineria sp.
C2828	Bacteria	Pseudomonadota	Alphaproteobacteria	Acetobacterales	Acetobacteraceae	Acetobacter	Acetobacter sp.
C2831	Bacteria	Bacteroidota	Bacteroidia	Sphingobacteriales	Sphingobacteriaceae	Sphingobacterium	uncultured bacterium
C2832	Bacteria	Pseudomonadota	Alphaproteobacteria	Rickettsiales	Anaplasmataceae	Wolbachia	Wolbachia sp.
C2833	Bacteria	Pseudomonadota	Alphaproteobacteria	Rickettsiales	Anaplasmataceae	Wolbachia	Wolbachia sp.
C2837	Bacteria	Cyanobacteriota	Cyanobacteriia	Chloroplast	Incertae Sedis	Incertae Sedis	Incertae Sedis sp.
C2838	Bacteria	Pseudomonadota	Alphaproteobacteria	Rickettsiales	Anaplasmataceae	Wolbachia	Wolbachia sp.
C2840	Bacteria	Pseudomonadota	Alphaproteobacteria	Rhodobacterales	Paracoccaceae	Paracoccaceae sp.	Paracoccaceae sp.
C2841	Bacteria	Pseudomonadota	Alphaproteobacteria	Acetobacterales	Acetobacteraceae	Gluconobacter	Gluconobacter sp.
C2843	Bacteria	Pseudomonadota	Gammaproteobacteria	Lysobacterales	Lysobacteraceae	Stenotrophomonas	Stenotrophomonas sp.
C2845	Bacteria	Pseudomonadota	Alphaproteobacteria	Acetobacterales	Acetobacteraceae	Gluconobacter	Gluconobacter sp.
C2848	Bacteria	Pseudomonadota	Gammaproteobacteria	Enterobacterales	Enterobacterales sp.	Enterobacterales sp.	Enterobacterales sp.
C2851	Bacteria	Pseudomonadota	Alphaproteobacteria	Rickettsiales	Anaplasmataceae	Wolbachia	Wolbachia sp.
C2853	Bacteria	Pseudomonadota	Alphaproteobacteria	Rickettsiales	Anaplasmataceae	Wolbachia	Wolbachia sp.
C2854	Bacteria	Pseudomonadota	Alphaproteobacteria	Acetobacterales	Acetobacteraceae	Gluconobacter	Gluconobacter sp.
C2855	Bacteria	Pseudomonadota	Alphaproteobacteria	Rickettsiales	Anaplasmataceae	Wolbachia	Wolbachia sp.
C2856	Bacteria	Pseudomonadota	Gammaproteobacteria	Enterobacterales	Enterobacteriaceae	Enterobacter	Enterobacter sp.
C2859	Bacteria	Pseudomonadota	Alphaproteobacteria	Rickettsiales	Anaplasmataceae	Wolbachia	Wolbachia sp.
C2862	Bacteria	Pseudomonadota	Alphaproteobacteria	Acetobacterales	Acetobacteraceae	Acetobacter	Acetobacter sp.
C2863	Bacteria	Pseudomonadota	Alphaproteobacteria	Acetobacterales	Acetobacteraceae	Gluconobacter	Gluconobacter sp.
C2864	Bacteria	Pseudomonadota	Alphaproteobacteria	Rickettsiales	Anaplasmataceae	Wolbachia	Wolbachia sp.
C2866	Bacteria	Pseudomonadota	Alphaproteobacteria	Rickettsiales	Anaplasmataceae	Wolbachia	Wolbachia sp.
C2867	Bacteria	Pseudomonadota	Gammaproteobacteria	Pseudomonadales	Pseudomonadaceae	Pseudomonas	uncultured bacterium
C2871	Bacteria	Pseudomonadota	Alphaproteobacteria	Acetobacterales	Acetobacteraceae	Commensalibacter	Commensalibacter sp.
C2873	Bacteria	Pseudomonadota	Gammaproteobacteria	Pseudomonadales	Pseudomonadaceae	Pseudomonas	Pseudomonas sp.
C2875	Bacteria	Pseudomonadota	Alphaproteobacteria	Rickettsiales	Anaplasmataceae	Wolbachia	Wolbachia sp.
C2877	Bacteria	Bdellovibrionota	Bacteriovoracia	Bacteriovoracales	Bacteriovoracaceae	Bacteriovorax	uncultured bacterium
C2880	Bacteria	Pseudomonadota	Alphaproteobacteria	Acetobacterales	Acetobacteraceae	Acetobacteraceae sp.	Acetobacteraceae sp.
C2882	Bacteria	Pseudomonadota	Alphaproteobacteria	Acetobacterales	Acetobacteraceae	Commensalibacter	uncultured bacterium
C2885	Bacteria	Pseudomonadota	Gammaproteobacteria	Burkholderiales	Comamonadaceae	Comamonadaceae sp.	Comamonadaceae sp.
C2886	Bacteria	Pseudomonadota	Alphaproteobacteria	Acetobacterales	Acetobacteraceae	Commensalibacter	Commensalibacter sp.
C2887	Bacteria	Pseudomonadota	Alphaproteobacteria	Acetobacterales	Acetobacteraceae	Acetobacter	Acetobacter sp.
C2888	Bacteria	Pseudomonadota	Alphaproteobacteria	Acetobacterales	Acetobacteraceae	Gluconobacter	Gluconobacter sp.
C2893	Bacteria	Pseudomonadota	Alphaproteobacteria	Acetobacterales	Acetobacteraceae	Acetobacteraceae sp.	Acetobacteraceae sp.
C2894	Bacteria	Pseudomonadota	Gammaproteobacteria	Rickettsiellales	Rickettsiellaceae	Rickettsiella	Rickettsiella sp.
C2895	Bacteria	Pseudomonadota	Alphaproteobacteria	Acetobacterales	Acetobacteraceae	Commensalibacter	Commensalibacter sp.
C2896	Bacteria	Pseudomonadota	Alphaproteobacteria	Rickettsiales	Anaplasmataceae	Wolbachia	Wolbachia sp.
C2897	Bacteria	Pseudomonadota	Gammaproteobacteria	Legionellales	Legionellaceae	Legionella	Legionella sp.
C2898	Bacteria	Deferribacterota	Deferribacteres	Deferribacterales	Deferribacteraceae	Mucispirillum	uncultured Deferribacteres bacterium
C2903	Bacteria	Pseudomonadota	Gammaproteobacteria	Pseudomonadales	Moraxellaceae	Alkanindiges	Alkanindiges sp.
C2904	Eukaryota	Bacteroidota	Bacteroidia	Bacteroidales	Dysgonomonadaceae	Candidatus Azobacteroides	Prorhinotermes simplex
C2905	Bacteria	Pseudomonadota	Alphaproteobacteria	Acetobacterales	Acetobacteraceae	Acetobacter	Acetobacter sp.
C2906	Bacteria	Pseudomonadota	Alphaproteobacteria	Acetobacterales	Acetobacteraceae	Commensalibacter	Commensalibacter sp.
C2909	Bacteria	Bacteroidota	Bacteroidia	Bacteroidales	Dysgonomonadaceae	Dysgonomonas	Dysgonomonas sp.
C2910	Bacteria	Pseudomonadota	Alphaproteobacteria	Acetobacterales	Acetobacteraceae	Gluconobacter	Gluconobacter sp.
C2914	Bacteria	Actinomycetota	Actinobacteria	Mycobacteriales	Tsukamurellaceae	Tsukamurella	Tsukamurella sp.
C2915	Bacteria	Pseudomonadota	Alphaproteobacteria	Acetobacterales	Acetobacteraceae	Acetobacter	Acetobacter sp.
C2916	Bacteria	Pseudomonadota	Alphaproteobacteria	Acetobacterales	Acetobacteraceae	Acetobacter	Acetobacter sp.
C2917	Bacteria	Pseudomonadota	Alphaproteobacteria	Acetobacterales	Acetobacteraceae	Acetobacter	Acetobacter sp.
C2920	Bacteria	Pseudomonadota	Alphaproteobacteria	Acetobacterales	Acetobacteraceae	Gluconobacter	Gluconobacter sp.
C2922	Unknown	Unknown	Unknown	Unknown	Unknown	Unknown	Unknown
C2924	Bacteria	Pseudomonadota	Alphaproteobacteria	Rickettsiales	Anaplasmataceae	Wolbachia	Wolbachia sp.
C2925	Bacteria	Pseudomonadota	Alphaproteobacteria	Acetobacterales	Acetobacteraceae	Komagataeibacter	Komagataeibacter sp.
C2926	Bacteria	Pseudomonadota	Alphaproteobacteria	Acetobacterales	Acetobacteraceae	Acetobacter	Acetobacter sp.
C2927	Bacteria	Pseudomonadota	Alphaproteobacteria	Rickettsiales	Anaplasmataceae	Wolbachia	Wolbachia sp.
C2928	Bacteria	Spirochaetota	Spirochaetia	Spirochaetales	Spirochaetaceae	Treponema	uncultured Treponema sp.
C2929	Bacteria	Pseudomonadota	Alphaproteobacteria	Rickettsiales	Anaplasmataceae	Wolbachia	Wolbachia sp.
C2934	Unknown	Unknown	Unknown	Unknown	Unknown	Unknown	Unknown
C2937	Bacteria	Pseudomonadota	Alphaproteobacteria	Acetobacterales	Acetobacteraceae	Acetobacteraceae sp.	Acetobacteraceae sp.
C2938	Bacteria	Bacteroidota	Bacteroidia	Flavobacteriales	Weeksellaceae	Chryseobacterium	Chryseobacterium sp. 137A
C2939	Bacteria	Pseudomonadota	Alphaproteobacteria	Acetobacterales	Acetobacteraceae	Commensalibacter	Commensalibacter sp.
C2940	Bacteria	Pseudomonadota	Alphaproteobacteria	Acetobacterales	Acetobacteraceae	Acetobacteraceae sp.	Acetobacteraceae sp.
C2942	Bacteria	Pseudomonadota	Alphaproteobacteria	Acetobacterales	Acetobacteraceae	Acetobacter	Acetobacter sp.
C2945	Bacteria	Pseudomonadota	Alphaproteobacteria	Rickettsiales	Anaplasmataceae	Wolbachia	Wolbachia sp.
C2946	Bacteria	Cyanobacteriota	Vampirivibrionia	Obscuribacterales	Obscuribacteraceae	Candidatus Obscuribacter	uncultured bacterium
C2947	Bacteria	Pseudomonadota	Alphaproteobacteria	Acetobacterales	Acetobacteraceae	Gluconobacter	Gluconobacter sp.
C2949	Bacteria	Actinomycetota	Actinobacteria	Micrococcales	Intrasporangiaceae	Intrasporangiaceae sp.	Intrasporangiaceae sp.
C2950	Unknown	Unknown	Unknown	Unknown	Unknown	Unknown	Unknown
C2953	Bacteria	Pseudomonadota	Alphaproteobacteria	Hyphomicrobiales	Kaistiaceae	Kaistia	Kaistia sp.
C2954	Bacteria	Pseudomonadota	Alphaproteobacteria	Acetobacterales	Acetobacteraceae	Gluconobacter	Gluconobacter sp.
C2955	Bacteria	Pseudomonadota	Alphaproteobacteria	Acetobacterales	Acetobacteraceae	Commensalibacter	Commensalibacter sp.
C2956	Bacteria	Pseudomonadota	Alphaproteobacteria	Acetobacterales	Acetobacteraceae	Commensalibacter	uncultured bacterium
C2957	Bacteria	Pseudomonadota	Alphaproteobacteria	Acetobacterales	Acetobacteraceae	Gluconobacter	Gluconobacter sp.
C2960	Bacteria	Bacteroidota	Bacteroidia	Flavobacteriales	Weeksellaceae	Chryseobacterium	Chryseobacterium sp.
C2962	Bacteria	Pseudomonadota	Alphaproteobacteria	Rickettsiales	Anaplasmataceae	Wolbachia	Wolbachia sp.
C2965	Bacteria	Pseudomonadota	Alphaproteobacteria	Acetobacterales	Acetobacteraceae	Gluconobacter	Gluconobacter sp.
C2966	Bacteria	Pseudomonadota	Alphaproteobacteria	Rickettsiales	Anaplasmataceae	Wolbachia	Wolbachia sp.
C2968	Bacteria	Pseudomonadota	Alphaproteobacteria	Acetobacterales	Acetobacteraceae	Commensalibacter	Commensalibacter sp.
C2969	Bacteria	Bacteroidota	Bacteroidia	Bacteroidales	Rs-E47 termite group	Incertae Sedis	uncultured bacterium
C2970	Bacteria	Pseudomonadota	Alphaproteobacteria	Acetobacterales	Acetobacteraceae	Gluconobacter	Gluconobacter sp.
C2973	Bacteria	Pseudomonadota	Alphaproteobacteria	Rickettsiales	Anaplasmataceae	Wolbachia	Wolbachia sp.
C2977	Bacteria	Pseudomonadota	Alphaproteobacteria	Acetobacterales	Acetobacteraceae	Gluconobacter	Gluconobacter sp.
C2980	Bacteria	Cyanobacteriota	Cyanobacteriia	Chloroplast	Incertae Sedis	Incertae Sedis	Prototheca moriformis
C2984	Bacteria	Pseudomonadota	Alphaproteobacteria	Rickettsiales	Anaplasmataceae	Wolbachia	Wolbachia sp.
C2987	Bacteria	Pseudomonadota	Alphaproteobacteria	Rickettsiales	Anaplasmataceae	Wolbachia	Wolbachia sp.
C2989	Bacteria	Actinomycetota	Actinobacteria	Mycobacteriales	Nocardiaceae	Rhodococcus	Rhodococcus sp.
C2991	Bacteria	Spirochaetota	Spirochaetia	Spirochaetales	Spirochaetaceae	Treponema	Treponema sp.
C2995	Bacteria	Pseudomonadota	Alphaproteobacteria	Rickettsiales	Anaplasmataceae	Wolbachia	Wolbachia sp.
C2997	Bacteria	Pseudomonadota	Alphaproteobacteria	Acetobacterales	Acetobacteraceae	Acetobacteraceae sp.	Acetobacteraceae sp.
C3000	Bacteria	Bacteroidota	Bacteroidia	Flavobacteriales	Flavobacteriaceae	Flavobacterium	uncultured bacterium
C3001	Bacteria	Pseudomonadota	Gammaproteobacteria	Burkholderiales	Oxalobacteraceae	Massilia	Massilia sp.
C3002	Unknown	Unknown	Unknown	Unknown	Unknown	Unknown	Unknown
C3003	Bacteria	Pseudomonadota	Alphaproteobacteria	Acetobacterales	Acetobacteraceae	Gluconobacter	Gluconobacter sp.
C3007	Bacteria	Pseudomonadota	Alphaproteobacteria	Rickettsiales	Anaplasmataceae	Wolbachia	Wolbachia sp.
C3009	Bacteria	Actinomycetota	Actinobacteria	Propionibacteriales	Nocardioidaceae	Nocardioides	Nocardioides sp.
C3012	Bacteria	Pseudomonadota	Alphaproteobacteria	Rickettsiales	Anaplasmataceae	Wolbachia	Wolbachia sp.
C3016	Bacteria	Pseudomonadota	Alphaproteobacteria	Rickettsiales	Anaplasmataceae	Wolbachia	Wolbachia sp.
C3017	Bacteria	Pseudomonadota	Alphaproteobacteria	Rickettsiales	Anaplasmataceae	Wolbachia	Wolbachia sp.
C3019	Bacteria	Bacteroidota	Bacteroidia	Chitinophagales	Chitinophagaceae	Incertae Sedis	Incertae Sedis sp.
C3021	Bacteria	Pseudomonadota	Alphaproteobacteria	Rickettsiales	Anaplasmataceae	Wolbachia	Wolbachia sp.
C3024	Bacteria	Pseudomonadota	Alphaproteobacteria	Acetobacterales	Acetobacteraceae	Acetobacteraceae sp.	Acetobacteraceae sp.
C3026	Bacteria	Bacillota	Bacillota sp.	Bacillota sp.	Bacillota sp.	Bacillota sp.	Bacillota sp.
C3027	Bacteria	Pseudomonadota	Alphaproteobacteria	Rickettsiales	Anaplasmataceae	Wolbachia	Wolbachia sp.
C3034	Bacteria	Pseudomonadota	Alphaproteobacteria	Rickettsiales	Anaplasmataceae	Wolbachia	Wolbachia sp.
C3035	Bacteria	Pseudomonadota	Alphaproteobacteria	Acetobacterales	Acetobacteraceae	Acetobacteraceae sp.	Acetobacteraceae sp.
C3038	Bacteria	Pseudomonadota	Gammaproteobacteria	Burkholderiales	Comamonadaceae	Comamonadaceae sp.	Comamonadaceae sp.
C3042	Bacteria	Pseudomonadota	Alphaproteobacteria	Acetobacterales	Acetobacteraceae	Acetobacter	Acetobacter sp.
C3043	Bacteria	Pseudomonadota	Alphaproteobacteria	Acetobacterales	Acetobacteraceae	Acetobacteraceae sp.	Acetobacteraceae sp.
C3044	Bacteria	Pseudomonadota	Alphaproteobacteria	Rickettsiales	Anaplasmataceae	Wolbachia	Wolbachia sp.
C3046	Bacteria	Bacillota	Clostridia	Oscillospirales	Ruminococcaceae	[Eubacterium] siraeum group	uncultured bacterium
C3051	Unknown	Unknown	Unknown	Unknown	Unknown	Unknown	Unknown
C3053	Bacteria	Pseudomonadota	Alphaproteobacteria	Rickettsiales	Anaplasmataceae	Wolbachia	Wolbachia sp.
C3055	Bacteria	Pseudomonadota	Alphaproteobacteria	Acetobacterales	Acetobacteraceae	Gluconobacter	Gluconobacter sp.
C3058	Bacteria	Pseudomonadota	Alphaproteobacteria	Acetobacterales	Acetobacteraceae	Gluconobacter	Gluconobacter sp.
C3064	Bacteria	Pseudomonadota	Alphaproteobacteria	Acetobacterales	Acetobacteraceae	Gluconobacter	Gluconobacter sp.
C3067	Bacteria	Pseudomonadota	Alphaproteobacteria	Acetobacterales	Acetobacteraceae	Acetobacteraceae sp.	Acetobacteraceae sp.
C3068	Bacteria	Pseudomonadota	Alphaproteobacteria	Acetobacterales	Acetobacteraceae	Gluconobacter	Gluconobacter sp.
C3070	Bacteria	Pseudomonadota	Alphaproteobacteria	Acetobacterales	Acetobacteraceae	Acetobacteraceae sp.	Acetobacteraceae sp.
C3071	Bacteria	Pseudomonadota	Alphaproteobacteria	Acetobacterales	Acetobacteraceae	Commensalibacter	Commensalibacter sp.
C3075	Bacteria	Pseudomonadota	Alphaproteobacteria	Acetobacterales	Acetobacteraceae	Acetobacteraceae sp.	Acetobacteraceae sp.
C3077	Bacteria	Pseudomonadota	Alphaproteobacteria	Rickettsiales	Anaplasmataceae	Wolbachia	Wolbachia sp.
C3079	Bacteria	Pseudomonadota	Alphaproteobacteria	Acetobacterales	Acetobacteraceae	Commensalibacter	uncultured bacterium
C3080	Bacteria	Pseudomonadota	Gammaproteobacteria	Enterobacterales	Enterobacteriaceae	Enterobacteriaceae sp.	Enterobacteriaceae sp.
C3083	Bacteria	Pseudomonadota	Alphaproteobacteria	Acetobacterales	Acetobacteraceae	Acetobacteraceae sp.	Acetobacteraceae sp.
C3085	Bacteria	Pseudomonadota	Alphaproteobacteria	Rickettsiales	Anaplasmataceae	Wolbachia	Wolbachia sp.
C3086	Bacteria	Actinomycetota	Actinobacteria	Micrococcales	Microbacteriaceae	Microbacteriaceae sp.	Microbacteriaceae sp.
C3091	Bacteria	Pseudomonadota	Alphaproteobacteria	Acetobacterales	Acetobacteraceae	Acetobacter	Acetobacter sp.
C3092	Bacteria	Pseudomonadota	Alphaproteobacteria	Acetobacterales	Acetobacteraceae	Gluconobacter	Gluconobacter sp.
C3093	Bacteria	Pseudomonadota	Alphaproteobacteria	Acetobacterales	Acetobacteraceae	Gluconobacter	Gluconobacter sp.
C3094	Bacteria	Pseudomonadota	Alphaproteobacteria	Acetobacterales	Acetobacteraceae	Commensalibacter	Commensalibacter sp.
C3095	Bacteria	Pseudomonadota	Alphaproteobacteria	Rickettsiales	Anaplasmataceae	Wolbachia	Wolbachia sp.
C3097	Bacteria	Pseudomonadota	Alphaproteobacteria	Acetobacterales	Acetobacteraceae	Acetobacteraceae sp.	Acetobacteraceae sp.
C3099	Bacteria	Pseudomonadota	Gammaproteobacteria	Enterobacterales	Enterobacteriaceae	Enterobacteriaceae sp.	Enterobacteriaceae sp.
C3100	Bacteria	Pseudomonadota	Alphaproteobacteria	Acetobacterales	Acetobacteraceae	Komagataeibacter	Komagataeibacter sp.
C3101	Bacteria	Pseudomonadota	Alphaproteobacteria	Rickettsiales	Anaplasmataceae	Wolbachia	Wolbachia sp.
C3106	Bacteria	Pseudomonadota	Alphaproteobacteria	Rickettsiales	Anaplasmataceae	Wolbachia	Wolbachia sp.
C3108	Bacteria	Pseudomonadota	Alphaproteobacteria	Acetobacterales	Acetobacteraceae	Commensalibacter	Commensalibacter sp.
C3110	Bacteria	Pseudomonadota	Alphaproteobacteria	Rickettsiales	Anaplasmataceae	Wolbachia	Wolbachia sp.
C3111	Bacteria	Pseudomonadota	Alphaproteobacteria	Rhodospirillales	Incertae Sedis	Incertae Sedis	Incertae Sedis sp.
C3112	Bacteria	Pseudomonadota	Alphaproteobacteria	Acetobacterales	Acetobacteraceae	Acetobacter	Acetobacter sp.
C3115	Bacteria	Pseudomonadota	Alphaproteobacteria	Rickettsiales	Anaplasmataceae	Wolbachia	Wolbachia sp.
C3117	Bacteria	Pseudomonadota	Alphaproteobacteria	Acetobacterales	Acetobacteraceae	Acetobacteraceae sp.	Acetobacteraceae sp.
C3118	Bacteria	Pseudomonadota	Alphaproteobacteria	Acetobacterales	Acetobacteraceae	Acetobacter	Acetobacter sp.
C3119	Bacteria	Pseudomonadota	Alphaproteobacteria	Acetobacterales	Acetobacteraceae	Acetobacter	Acetobacter sp.
C3122	Bacteria	Pseudomonadota	Alphaproteobacteria	Acetobacterales	Acetobacteraceae	Gluconobacter	Gluconobacter sp.
C3124	Bacteria	Pseudomonadota	Alphaproteobacteria	Acetobacterales	Acetobacteraceae	Acetobacteraceae sp.	Acetobacteraceae sp.
C3125	Bacteria	Pseudomonadota	Alphaproteobacteria	Acetobacterales	Acetobacteraceae	Gluconobacter	Gluconobacter sp.
C3129	Bacteria	Pseudomonadota	Alphaproteobacteria	Rickettsiales	Anaplasmataceae	Wolbachia	Wolbachia sp.
C3130	Bacteria	Pseudomonadota	Alphaproteobacteria	Acetobacterales	Acetobacteraceae	Commensalibacter	Commensalibacter sp.
C3140	Bacteria	Pseudomonadota	Alphaproteobacteria	Rickettsiales	Anaplasmataceae	Wolbachia	Wolbachia sp.
C3141	Bacteria	Pseudomonadota	Alphaproteobacteria	Acetobacterales	Acetobacteraceae	Acetobacter	Acetobacter sp.
C3144	Unknown	Unknown	Unknown	Unknown	Unknown	Unknown	Unknown
C3145	Bacteria	Pseudomonadota	Alphaproteobacteria	Acetobacterales	Acetobacteraceae	Komagataeibacter	Komagataeibacter sp.
C3147	Bacteria	Pseudomonadota	Alphaproteobacteria	Rickettsiales	Anaplasmataceae	Wolbachia	Wolbachia sp.
C3149	Bacteria	Pseudomonadota	Alphaproteobacteria	Acetobacterales	Acetobacteraceae	Acetobacteraceae sp.	Acetobacteraceae sp.
C3151	Bacteria	Pseudomonadota	Alphaproteobacteria	Acetobacterales	Acetobacteraceae	Gluconobacter	Gluconobacter sp.
C3155	Bacteria	Pseudomonadota	Alphaproteobacteria	Acetobacterales	Acetobacteraceae	Komagataeibacter	Komagataeibacter saccharivorans
C3156	Bacteria	Pseudomonadota	Alphaproteobacteria	Acetobacterales	Acetobacteraceae	Acetobacter	Acetobacter sp.
C3157	Bacteria	Pseudomonadota	Alphaproteobacteria	Acetobacterales	Acetobacteraceae	Gluconobacter	Gluconobacter sp.
C3158	Bacteria	Pseudomonadota	Alphaproteobacteria	Rickettsiales	Anaplasmataceae	Wolbachia	Wolbachia sp.
C3160	Bacteria	Pseudomonadota	Alphaproteobacteria	Acetobacterales	Acetobacteraceae	Acetobacter	Acetobacter sp.
C3164	Bacteria	Pseudomonadota	Alphaproteobacteria	Acetobacterales	Acetobacteraceae	Commensalibacter	Commensalibacter sp.
C3165	Bacteria	Pseudomonadota	Alphaproteobacteria	Acetobacterales	Acetobacteraceae	Acetobacteraceae sp.	Acetobacteraceae sp.
C3170	Bacteria	Pseudomonadota	Alphaproteobacteria	Acetobacterales	Acetobacteraceae	Acetobacteraceae sp.	Acetobacteraceae sp.
C3171	Bacteria	Pseudomonadota	Alphaproteobacteria	Acetobacterales	Acetobacteraceae	Commensalibacter	Commensalibacter sp.
C3172	Bacteria	Pseudomonadota	Alphaproteobacteria	Rickettsiales	Anaplasmataceae	Wolbachia	Wolbachia sp.
C3175	Bacteria	Pseudomonadota	Alphaproteobacteria	Acetobacterales	Acetobacteraceae	Gluconobacter	Gluconobacter sp.
C3176	Bacteria	Cyanobacteriota	Cyanobacteriia	Chloroplast	Incertae Sedis	Incertae Sedis	Incertae Sedis sp.
C3177	Bacteria	Bacillota	Bacilli	Lactobacillales	Lactobacillaceae	Lactobacillus	Lactobacillus sp.
C3179	Bacteria	Pseudomonadota	Alphaproteobacteria	Rickettsiales	Anaplasmataceae	Wolbachia	Wolbachia sp.
C3182	Bacteria	Pseudomonadota	Gammaproteobacteria	Pseudomonadales	Pseudomonadaceae	Pseudomonas	Heliconius melpomene melpomene
C3183	Bacteria	Pseudomonadota	Alphaproteobacteria	Rickettsiales	Anaplasmataceae	Wolbachia	Wolbachia sp.
C3184	Unknown	Unknown	Unknown	Unknown	Unknown	Unknown	Unknown
C3188	Bacteria	Pseudomonadota	Alphaproteobacteria	Acetobacterales	Acetobacteraceae	Gluconobacter	Gluconobacter sp.
C3190	Bacteria	Pseudomonadota	Alphaproteobacteria	Rickettsiales	Anaplasmataceae	Wolbachia	Wolbachia sp.
C3194	Bacteria	Pseudomonadota	Gammaproteobacteria	Gammaproteobacteria sp.	Gammaproteobacteria sp.	Gammaproteobacteria sp.	Gammaproteobacteria sp.
C3196	Bacteria	Pseudomonadota	Alphaproteobacteria	Acetobacterales	Acetobacteraceae	Commensalibacter	Commensalibacter sp.
C3197	Bacteria	Pseudomonadota	Alphaproteobacteria	Acetobacterales	Acetobacteraceae	Acetobacteraceae sp.	Acetobacteraceae sp.
C3198	Bacteria	Pseudomonadota	Alphaproteobacteria	Rickettsiales	Anaplasmataceae	Wolbachia	Wolbachia sp.
C3205	Bacteria	Bacillota	Bacilli	Lactobacillales	Lactobacillaceae	Furfurilactobacillus	Furfurilactobacillus sp.
C3207	Bacteria	Pseudomonadota	Alphaproteobacteria	Acetobacterales	Acetobacteraceae	Gluconobacter	Gluconobacter sp.
C3212	Bacteria	Pseudomonadota	Alphaproteobacteria	Hyphomicrobiales	Rhizobiaceae	Falsochrobactrum	Falsochrobactrum sp.
C3214	Bacteria	Pseudomonadota	Alphaproteobacteria	Rickettsiales	Anaplasmataceae	Wolbachia	Wolbachia sp.
C3217	Bacteria	Pseudomonadota	Alphaproteobacteria	Hyphomicrobiales	Rhizobiaceae	Chelativorans	uncultured Alphaproteobacteria bacterium
C3218	Bacteria	Pseudomonadota	Alphaproteobacteria	Acetobacterales	Acetobacteraceae	Gluconobacter	Gluconobacter sp.
C3219	Bacteria	Pseudomonadota	Alphaproteobacteria	Acetobacterales	Acetobacteraceae	Acetobacter	Acetobacter sp.
C3220	Bacteria	Pseudomonadota	Alphaproteobacteria	Acetobacterales	Acetobacteraceae	Commensalibacter	Commensalibacter sp.
C3221	Bacteria	Bdellovibrionota	Bdellovibrionia	Bdellovibrionales	Pseudobdellovibrionaceae	Bdellovibrio	Bdellovibrio sp.
C3223	Bacteria	Pseudomonadota	Alphaproteobacteria	Rickettsiales	Anaplasmataceae	Wolbachia	Wolbachia sp.
C3224	Bacteria	Pseudomonadota	Alphaproteobacteria	Rickettsiales	Anaplasmataceae	Wolbachia	Wolbachia sp.
C3225	Bacteria	Pseudomonadota	Gammaproteobacteria	Enterobacterales	Morganellaceae	Providencia	Providencia sp.
C3226	Bacteria	Pseudomonadota	Alphaproteobacteria	Acetobacterales	Acetobacteraceae	Commensalibacter	Commensalibacter sp.
C3228	Bacteria	Bacillota	Bacilli	Staphylococcales	Staphylococcaceae	Mammaliicoccus	Mammaliicoccus sp.
C3230	Bacteria	Pseudomonadota	Alphaproteobacteria	Rickettsiales	Anaplasmataceae	Wolbachia	Wolbachia sp.
C3235	Bacteria	Bacteroidota	Bacteroidia	Sphingobacteriales	Sphingobacteriaceae	Sphingobacterium	Sphingobacterium sp.
C3237	Bacteria	Actinomycetota	Actinobacteria	Mycobacteriales	Corynebacteriaceae	Corynebacterium	Corynebacterium sp.
C3238	Bacteria	Pseudomonadota	Alphaproteobacteria	Acetobacterales	Acetobacteraceae	Acetobacteraceae sp.	Acetobacteraceae sp.
C3239	Bacteria	Pseudomonadota	Gammaproteobacteria	Enterobacterales	Erwiniaceae	Pantoea	uncultured bacterium
C3241	Bacteria	Pseudomonadota	Gammaproteobacteria	Burkholderiales	Rhodocyclaceae	Propionivibrio	Propionivibrio sp.
C3244	Bacteria	Pseudomonadota	Alphaproteobacteria	Rickettsiales	Anaplasmataceae	Wolbachia	Wolbachia sp.
C3245	Bacteria	Pseudomonadota	Alphaproteobacteria	Acetobacterales	Acetobacteraceae	Commensalibacter	Commensalibacter sp.
C3246	Bacteria	Pseudomonadota	Gammaproteobacteria	Enterobacterales	Enterobacteriaceae	Enterobacter	Enterobacter sp.
C3248	Bacteria	Pseudomonadota	Alphaproteobacteria	Acetobacterales	Acetobacteraceae	Gluconobacter	Gluconobacter sp.
C3249	Bacteria	Pseudomonadota	Gammaproteobacteria	Enterobacterales	Erwiniaceae	Rosenbergiella	Rosenbergiella sp.
C3251	Bacteria	Pseudomonadota	Alphaproteobacteria	Rickettsiales	Anaplasmataceae	Wolbachia	Wolbachia sp.
C3252	Bacteria	Pseudomonadota	Alphaproteobacteria	Rickettsiales	Anaplasmataceae	Wolbachia	Wolbachia sp.
C3253	Bacteria	Pseudomonadota	Alphaproteobacteria	Rickettsiales	Anaplasmataceae	Wolbachia	Wolbachia sp.
C3255	Bacteria	Myxococcota	Myxococcia	Myxococcales	Myxococcaceae	P3OB-42	uncultured bacterium
C3256	Bacteria	Pseudomonadota	Alphaproteobacteria	Rickettsiales	Anaplasmataceae	Wolbachia	Wolbachia sp.
C3257	Bacteria	Pseudomonadota	Alphaproteobacteria	Rickettsiales	Anaplasmataceae	Wolbachia	Wolbachia sp.
C3258	Bacteria	Pseudomonadota	Alphaproteobacteria	Rickettsiales	Anaplasmataceae	Wolbachia	Wolbachia sp.
C3259	Bacteria	Pseudomonadota	Alphaproteobacteria	Acetobacterales	Acetobacteraceae	Gluconobacter	Gluconobacter sp.
C3261	Bacteria	Pseudomonadota	Alphaproteobacteria	Acetobacterales	Acetobacteraceae	Commensalibacter	uncultured bacterium
C3263	Bacteria	Pseudomonadota	Alphaproteobacteria	Acetobacterales	Acetobacteraceae	Commensalibacter	Commensalibacter sp.
C3265	Bacteria	Pseudomonadota	Alphaproteobacteria	Rickettsiales	Anaplasmataceae	Wolbachia	Wolbachia sp.
C3269	Bacteria	Pseudomonadota	Alphaproteobacteria	Rickettsiales	Anaplasmataceae	Wolbachia	Wolbachia sp.
C3270	Bacteria	Pseudomonadota	Alphaproteobacteria	Acetobacterales	Acetobacteraceae	Acetobacter	Acetobacter sp.
C3271	Bacteria	Pseudomonadota	Alphaproteobacteria	Rickettsiales	Anaplasmataceae	Wolbachia	Wolbachia sp.
C3275	Bacteria	Cyanobacteriota	Cyanobacteriia	Chloroplast	Incertae Sedis	Incertae Sedis	Incertae Sedis sp.
C3277	Bacteria	Actinomycetota	Actinobacteria	Pseudonocardiales	Pseudonocardiaceae	Actinomycetospora	Actinomycetospora sp.
C3278	Bacteria	Pseudomonadota	Alphaproteobacteria	Acetobacterales	Acetobacteraceae	Gluconobacter	Gluconobacter sp.
C3283	Bacteria	Pseudomonadota	Alphaproteobacteria	Rickettsiales	Anaplasmataceae	Wolbachia	Wolbachia sp.
C3285	Bacteria	Pseudomonadota	Alphaproteobacteria	Rickettsiales	Anaplasmataceae	Wolbachia	Wolbachia sp.
C3289	Bacteria	Pseudomonadota	Alphaproteobacteria	Rickettsiales	Anaplasmataceae	Wolbachia	Wolbachia sp.
C3292	Bacteria	Pseudomonadota	Alphaproteobacteria	Rickettsiales	Anaplasmataceae	Wolbachia	Wolbachia sp.
C3293	Bacteria	Pseudomonadota	Alphaproteobacteria	Acetobacterales	Acetobacteraceae	Acetobacter	Acetobacter sp.
C3294	Bacteria	Bdellovibrionota	Bacteriovoracia	Bacteriovoracales	Bacteriovoracaceae	Peredibacter	Peredibacter sp.
C3295	Bacteria	Pseudomonadota	Alphaproteobacteria	Acetobacterales	Acetobacteraceae	Commensalibacter	Commensalibacter sp.
C3297	Bacteria	Pseudomonadota	Alphaproteobacteria	Acetobacterales	Acetobacteraceae	Commensalibacter	Commensalibacter sp.
C3298	Bacteria	Pseudomonadota	Gammaproteobacteria	Enterobacterales	Enterobacteriaceae	Enterobacter	Enterobacter sp.
C3299	Bacteria	Pseudomonadota	Alphaproteobacteria	Acetobacterales	Acetobacteraceae	Commensalibacter	Commensalibacter sp.
C3302	Bacteria	Planctomycetota	Planctomycetes	Planctomycetales	Rubinisphaeraceae	Planctomicrobium	Planctomicrobium sp.
C3304	Bacteria	Pseudomonadota	Gammaproteobacteria	Enterobacterales	Enterobacteriaceae	Enterobacteriaceae sp.	Enterobacteriaceae sp.
C3305	Bacteria	Bacillota	Bacilli	Lactobacillales	Lactobacillaceae	Lactobacillaceae sp.	Lactobacillaceae sp.
C3308	Bacteria	Pseudomonadota	Alphaproteobacteria	Acetobacterales	Acetobacteraceae	Acetobacteraceae sp.	Acetobacteraceae sp.
C3313	Bacteria	Pseudomonadota	Alphaproteobacteria	Acetobacterales	Acetobacteraceae	Commensalibacter	Commensalibacter sp.
C3314	Bacteria	Pseudomonadota	Alphaproteobacteria	Acetobacterales	Acetobacteraceae	Acetobacter	Acetobacter sp.
C3316	Bacteria	Pseudomonadota	Alphaproteobacteria	Acetobacterales	Acetobacteraceae	Commensalibacter	Commensalibacter sp.
C3319	Bacteria	Pseudomonadota	Gammaproteobacteria	Enterobacterales	Enterobacteriaceae	Enterobacter	Enterobacter sp.
C3320	Bacteria	Pseudomonadota	Alphaproteobacteria	Acetobacterales	Acetobacteraceae	Acetobacteraceae sp.	Acetobacteraceae sp.
C3321	Bacteria	Pseudomonadota	Alphaproteobacteria	Acetobacterales	Acetobacteraceae	Commensalibacter	Commensalibacter sp.
C3322	Bacteria	Pseudomonadota	Alphaproteobacteria	Acetobacterales	Acetobacteraceae	Commensalibacter	Commensalibacter sp.
C3323	Bacteria	Pseudomonadota	Alphaproteobacteria	Rickettsiales	Anaplasmataceae	Wolbachia	Wolbachia sp.
C3324	Bacteria	Pseudomonadota	Gammaproteobacteria	Burkholderiales	Oxalobacteraceae	Massilia	Massilia sp.
C3325	Bacteria	Pseudomonadota	Alphaproteobacteria	Acetobacterales	Acetobacteraceae	Acetobacteraceae sp.	Acetobacteraceae sp.
C3326	Bacteria	Actinomycetota	Thermoleophilia	Solirubrobacterales	Solirubrobacteraceae	Patulibacter	Patulibacter sp.
C3329	Bacteria	Pseudomonadota	Alphaproteobacteria	Acetobacterales	Acetobacteraceae	Komagataeibacter	Komagataeibacter sp.
C3330	Bacteria	Pseudomonadota	Alphaproteobacteria	Acetobacterales	Acetobacteraceae	Acetobacter	Acetobacter sp.
C3334	Bacteria	Bacteroidota	Bacteroidia	Bacteroidales	Dysgonomonadaceae	Candidatus Armantifilum	Candidatus Armantifilum sp.
C3336	Bacteria	Pseudomonadota	Alphaproteobacteria	Acetobacterales	Acetobacteraceae	Acetobacter	Acetobacter sp.
C3337	Bacteria	Pseudomonadota	Alphaproteobacteria	Acetobacterales	Acetobacteraceae	Gluconobacter	Gluconobacter sp.
C3340	Bacteria	Pseudomonadota	Alphaproteobacteria	Acetobacterales	Acetobacteraceae	Commensalibacter	Commensalibacter sp.
C3341	Bacteria	Pseudomonadota	Alphaproteobacteria	Acetobacterales	Acetobacteraceae	Gluconobacter	Gluconobacter sp.
C3344	Bacteria	Pseudomonadota	Alphaproteobacteria	Acetobacterales	Acetobacteraceae	Gluconobacter	Gluconobacter sp.
C3345	Bacteria	Bacteroidota	Bacteroidia	Bacteroidales	Williamwhitmaniaceae	Rs-D38 termite group	Rs-D38 termite group sp.
C3346	Bacteria	Pseudomonadota	Alphaproteobacteria	Rickettsiales	Anaplasmataceae	Wolbachia	Wolbachia sp.
C3347	Bacteria	Pseudomonadota	Alphaproteobacteria	Rickettsiales	Anaplasmataceae	Wolbachia	Wolbachia sp.
C3348	Bacteria	Pseudomonadota	Alphaproteobacteria	Acetobacterales	Acetobacteraceae	Gluconobacter	Gluconobacter sp.
C3350	Bacteria	Pseudomonadota	Alphaproteobacteria	Rickettsiales	Anaplasmataceae	Wolbachia	Wolbachia sp.
C3355	Unknown	Unknown	Unknown	Unknown	Unknown	Unknown	Unknown
C3356	Bacteria	Pseudomonadota	Alphaproteobacteria	Rickettsiales	Anaplasmataceae	Wolbachia	Wolbachia sp.
C3359	Bacteria	Pseudomonadota	Alphaproteobacteria	Rickettsiales	Anaplasmataceae	Wolbachia	Wolbachia sp.
C3361	Bacteria	Pseudomonadota	Alphaproteobacteria	Acetobacterales	Acetobacteraceae	Commensalibacter	Commensalibacter sp.
C3363	Bacteria	Pseudomonadota	Alphaproteobacteria	Acetobacterales	Acetobacteraceae	Commensalibacter	Commensalibacter sp.
C3364	Bacteria	Pseudomonadota	Alphaproteobacteria	Acetobacterales	Acetobacteraceae	Commensalibacter	Commensalibacter sp.
C3365	Bacteria	Bacillota	Bacilli	Lactobacillales	Enterococcaceae	Enterococcus	Enterococcus sp.
C3366	Bacteria	Pseudomonadota	Alphaproteobacteria	Rickettsiales	Anaplasmataceae	Wolbachia	Wolbachia sp.
C3368	Bacteria	Pseudomonadota	Alphaproteobacteria	Rickettsiales	Anaplasmataceae	Wolbachia	Wolbachia sp.
C3369	Bacteria	Pseudomonadota	Alphaproteobacteria	Acetobacterales	Acetobacteraceae	Commensalibacter	Commensalibacter sp.
C3371	Bacteria	Pseudomonadota	Alphaproteobacteria	Rickettsiales	Anaplasmataceae	Wolbachia	Wolbachia sp.
C3372	Bacteria	Elusimicrobiota	Endomicrobiia	Endomicrobiales	Endomicrobiaceae	Endomicrobium	Endomicrobium sp.
C3373	Bacteria	Pseudomonadota	Alphaproteobacteria	Alphaproteobacteria sp.	Alphaproteobacteria sp.	Alphaproteobacteria sp.	Alphaproteobacteria sp.
C3374	Bacteria	Pseudomonadota	Alphaproteobacteria	Rickettsiales	Anaplasmataceae	Wolbachia	Wolbachia sp.
C3376	Bacteria	Pseudomonadota	Alphaproteobacteria	Acetobacterales	Acetobacteraceae	Acetobacter	Acetobacter sp.
C3379	Bacteria	Pseudomonadota	Alphaproteobacteria	Rickettsiales	Anaplasmataceae	Wolbachia	Wolbachia sp.
C3382	Bacteria	Pseudomonadota	Alphaproteobacteria	Acetobacterales	Acetobacteraceae	Gluconobacter	Gluconobacter sp.
C3387	Bacteria	Pseudomonadota	Gammaproteobacteria	Enterobacterales	Erwiniaceae	Erwiniaceae sp.	Erwiniaceae sp.
C3391	Bacteria	Pseudomonadota	Alphaproteobacteria	Acetobacterales	Acetobacteraceae	Gluconobacter	Gluconobacter sp.
C3394	Bacteria	Pseudomonadota	Alphaproteobacteria	Rickettsiales	Anaplasmataceae	Wolbachia	Wolbachia sp.
C3399	Bacteria	Pseudomonadota	Alphaproteobacteria	Rickettsiales	Anaplasmataceae	Wolbachia	Wolbachia sp.
C3400	Bacteria	Pseudomonadota	Alphaproteobacteria	Acetobacterales	Acetobacteraceae	Gluconobacter	Gluconobacter sp.
C3401	Bacteria	Pseudomonadota	Alphaproteobacteria	Acetobacterales	Acetobacteraceae	Acetobacteraceae sp.	Acetobacteraceae sp.
C3403	Bacteria	Pseudomonadota	Alphaproteobacteria	Acetobacterales	Acetobacteraceae	Acetobacter	Acetobacter sp.
C3404	Bacteria	Pseudomonadota	Alphaproteobacteria	Rickettsiales	Anaplasmataceae	Wolbachia	Wolbachia sp.
C3406	Bacteria	Pseudomonadota	Alphaproteobacteria	Acetobacterales	Acetobacteraceae	Acetobacteraceae sp.	Acetobacteraceae sp.
C3407	Bacteria	Pseudomonadota	Gammaproteobacteria	Burkholderiales	Comamonadaceae	Comamonadaceae sp.	Comamonadaceae sp.
C3408	Bacteria	Pseudomonadota	Alphaproteobacteria	Rickettsiales	Anaplasmataceae	Wolbachia	Wolbachia sp.
C3410	Bacteria	Pseudomonadota	Alphaproteobacteria	Acetobacterales	Acetobacteraceae	Gluconobacter	Gluconobacter sp.
C3412	Bacteria	Pseudomonadota	Alphaproteobacteria	Rickettsiales	Anaplasmataceae	Wolbachia	Wolbachia sp.
C3416	Bacteria	Pseudomonadota	Alphaproteobacteria	Rickettsiales	Anaplasmataceae	Wolbachia	Wolbachia sp.
C3417	Bacteria	Pseudomonadota	Alphaproteobacteria	Rickettsiales	Anaplasmataceae	Wolbachia	Wolbachia sp.
C3419	Bacteria	Pseudomonadota	Alphaproteobacteria	Acetobacterales	Acetobacteraceae	Gluconobacter	Gluconobacter sp.
C3421	Bacteria	Pseudomonadota	Alphaproteobacteria	Rickettsiales	Anaplasmataceae	Wolbachia	Wolbachia sp.
C3422	Bacteria	Pseudomonadota	Alphaproteobacteria	Rickettsiales	Anaplasmataceae	Wolbachia	Wolbachia sp.
C3423	Unknown	Unknown	Unknown	Unknown	Unknown	Unknown	Unknown
C3425	Bacteria	Pseudomonadota	Alphaproteobacteria	Rickettsiales	Anaplasmataceae	Wolbachia	Wolbachia sp.
C3427	Bacteria	Pseudomonadota	Alphaproteobacteria	Acetobacterales	Acetobacteraceae	Gluconobacter	Gluconobacter sp.
C3428	Bacteria	Pseudomonadota	Alphaproteobacteria	Rickettsiales	Anaplasmataceae	Wolbachia	Wolbachia sp.
C3430	Bacteria	Pseudomonadota	Alphaproteobacteria	Rickettsiales	Anaplasmataceae	Wolbachia	Wolbachia sp.
C3431	Bacteria	Pseudomonadota	Alphaproteobacteria	Acetobacterales	Acetobacteraceae	Gluconobacter	Gluconobacter sp.
C3432	Bacteria	Pseudomonadota	Alphaproteobacteria	Rickettsiales	Anaplasmataceae	Wolbachia	Wolbachia sp.
C3434	Bacteria	Planctomycetota	Planctomycetes	Pirellulales	Pirellulaceae	Termite planctomycete cluster	Termite planctomycete cluster sp.
C3438	Bacteria	Pseudomonadota	Alphaproteobacteria	Acetobacterales	Acetobacteraceae	Acetobacter	Acetobacter sp.
C3439	Bacteria	Pseudomonadota	Alphaproteobacteria	Rickettsiales	Anaplasmataceae	Wolbachia	Wolbachia sp.
C3441	Bacteria	Pseudomonadota	Alphaproteobacteria	Rickettsiales	Anaplasmataceae	Wolbachia	Wolbachia sp.
C3444	Bacteria	Pseudomonadota	Alphaproteobacteria	Acetobacterales	Acetobacteraceae	Komagataeibacter	Komagataeibacter sp.
C3445	Bacteria	Pseudomonadota	Alphaproteobacteria	Rickettsiales	Anaplasmataceae	Wolbachia	Wolbachia sp.
C3447	Bacteria	Pseudomonadota	Alphaproteobacteria	Acetobacterales	Acetobacteraceae	Acetobacter	Acetobacter sp.
C3451	Bacteria	Pseudomonadota	Alphaproteobacteria	Acetobacterales	Acetobacteraceae	Acetobacter	Acetobacter sp.
C3452	Bacteria	Pseudomonadota	Alphaproteobacteria	Rickettsiales	Anaplasmataceae	Wolbachia	Wolbachia sp.
C3453	Bacteria	Pseudomonadota	Alphaproteobacteria	Alphaproteobacteria sp.	Alphaproteobacteria sp.	Alphaproteobacteria sp.	Alphaproteobacteria sp.
C3454	Bacteria	Pseudomonadota	Alphaproteobacteria	Acetobacterales	Acetobacteraceae	Acetobacter	Acetobacter sp.
C3455	Bacteria	Pseudomonadota	Alphaproteobacteria	Acetobacterales	Acetobacteraceae	Komagataeibacter	Komagataeibacter saccharivorans
C3457	Bacteria	Pseudomonadota	Alphaproteobacteria	Acetobacterales	Acetobacteraceae	Commensalibacter	Commensalibacter sp.
C3459	Bacteria	Pseudomonadota	Gammaproteobacteria	Enterobacterales	Enterobacterales sp.	Enterobacterales sp.	Enterobacterales sp.
C3462	Unknown	Unknown	Unknown	Unknown	Unknown	Unknown	Unknown
C3463	Bacteria	Pseudomonadota	Alphaproteobacteria	Acetobacterales	Acetobacteraceae	Acetobacteraceae sp.	Acetobacteraceae sp.
C3466	Bacteria	Pseudomonadota	Alphaproteobacteria	Acetobacterales	Acetobacteraceae	Gluconobacter	Gluconobacter sp.
C3467	Bacteria	Pseudomonadota	Alphaproteobacteria	Acetobacterales	Acetobacteraceae	Acetobacter	Acetobacter sp.
C3469	Bacteria	Pseudomonadota	Alphaproteobacteria	Rickettsiales	Anaplasmataceae	Wolbachia	Wolbachia sp.
C3472	Bacteria	Pseudomonadota	Alphaproteobacteria	Rickettsiales	Anaplasmataceae	Wolbachia	Wolbachia sp.
C3475	Bacteria	Actinomycetota	Actinobacteria	Micrococcales	Microbacteriaceae	Microbacteriaceae sp.	Microbacteriaceae sp.
C3477	Bacteria	Pseudomonadota	Alphaproteobacteria	Rickettsiales	Anaplasmataceae	Wolbachia	Wolbachia sp.
C3478	Bacteria	Pseudomonadota	Alphaproteobacteria	Acetobacterales	Acetobacteraceae	Gluconobacter	Gluconobacter sp.
C3482	Bacteria	Pseudomonadota	Alphaproteobacteria	Acetobacterales	Acetobacteraceae	Commensalibacter	Commensalibacter sp.
C3483	Bacteria	Pseudomonadota	Alphaproteobacteria	Acetobacterales	Acetobacteraceae	Komagataeibacter	Komagataeibacter sp.
C3485	Bacteria	Pseudomonadota	Alphaproteobacteria	Rickettsiales	Anaplasmataceae	Wolbachia	Wolbachia sp.
C3486	Bacteria	Pseudomonadota	Alphaproteobacteria	Acetobacterales	Acetobacteraceae	Commensalibacter	Commensalibacter sp.
C3487	Unknown	Unknown	Unknown	Unknown	Unknown	Unknown	Unknown
C3490	Bacteria	Pseudomonadota	Alphaproteobacteria	Rickettsiales	Anaplasmataceae	Wolbachia	Wolbachia sp.
C3492	Bacteria	Pseudomonadota	Alphaproteobacteria	Acetobacterales	Acetobacteraceae	Acetobacter	Acetobacter sp.
C3493	Bacteria	Pseudomonadota	Alphaproteobacteria	Acetobacterales	Acetobacteraceae	Acetobacter	Acetobacter sp.
C3495	Bacteria	Pseudomonadota	Alphaproteobacteria	Acetobacterales	Acetobacteraceae	Commensalibacter	Commensalibacter sp.
C3497	Bacteria	Pseudomonadota	Alphaproteobacteria	Rickettsiales	Anaplasmataceae	Wolbachia	Wolbachia sp.
C3498	Bacteria	Pseudomonadota	Alphaproteobacteria	Rickettsiales	Anaplasmataceae	Wolbachia	Wolbachia sp.
C3504	Bacteria	Pseudomonadota	Alphaproteobacteria	Rickettsiales	Anaplasmataceae	Wolbachia	Wolbachia sp.
C3505	Bacteria	Pseudomonadota	Alphaproteobacteria	Rickettsiales	Anaplasmataceae	Wolbachia	Wolbachia sp.
C3507	Bacteria	Bacteroidota	Bacteroidia	Chitinophagales	Chitinophagaceae	Gynurincola	Gynurincola sp.
C3509	Bacteria	Pseudomonadota	Alphaproteobacteria	Rickettsiales	Anaplasmataceae	Wolbachia	Wolbachia sp.
C3514	Bacteria	Spirochaetota	Spirochaetia	Spirochaetales	Spirochaetaceae	Treponema	Treponema sp.
C3520	Bacteria	Pseudomonadota	Alphaproteobacteria	Rickettsiales	Anaplasmataceae	Wolbachia	Wolbachia sp.
C3521	Bacteria	Pseudomonadota	Gammaproteobacteria	Burkholderiales	Comamonadaceae	Comamonas	Comamonas sp.
C3523	Bacteria	Pseudomonadota	Gammaproteobacteria	Pseudomonadales	Cellvibrionaceae	Cellvibrio	Cellvibrio sp.
C3525	Bacteria	Pseudomonadota	Gammaproteobacteria	Enterobacterales	Enterobacterales sp.	Enterobacterales sp.	Enterobacterales sp.
C3526	Bacteria	Pseudomonadota	Alphaproteobacteria	Acetobacterales	Acetobacteraceae	Commensalibacter	Commensalibacter sp.
C3528	Bacteria	Pseudomonadota	Alphaproteobacteria	Acetobacterales	Acetobacteraceae	Gluconobacter	Gluconobacter sp.
C3529	Bacteria	Bacillota	Bacilli	Lactobacillales	Lactobacillaceae	Leuconostoc	Leuconostoc sp.
C3530	Bacteria	Pseudomonadota	Alphaproteobacteria	Rickettsiales	Anaplasmataceae	Wolbachia	Wolbachia sp.
C3531	Bacteria	Pseudomonadota	Alphaproteobacteria	Acetobacterales	Acetobacteraceae	Commensalibacter	Commensalibacter sp.
C3536	Bacteria	Pseudomonadota	Alphaproteobacteria	Acetobacterales	Acetobacteraceae	Komagataeibacter	Komagataeibacter sp.
C3538	Bacteria	Pseudomonadota	Alphaproteobacteria	Acetobacterales	Acetobacteraceae	Acetobacter	Acetobacter sp.
C3539	Bacteria	Pseudomonadota	Alphaproteobacteria	Acetobacterales	Acetobacteraceae	Acetobacteraceae sp.	Acetobacteraceae sp.
C3540	Bacteria	Pseudomonadota	Alphaproteobacteria	Rickettsiales	Anaplasmataceae	Wolbachia	Wolbachia sp.
C3541	Bacteria	Bacteroidota	Bacteroidia	Chitinophagales	Saprospiraceae	Incertae Sedis	uncultured bacterium
C3542	Bacteria	Pseudomonadota	Alphaproteobacteria	Rickettsiales	Anaplasmataceae	Wolbachia	Wolbachia sp.
C3544	Bacteria	Pseudomonadota	Alphaproteobacteria	Rickettsiales	Anaplasmataceae	Wolbachia	Wolbachia sp.
C3545	Bacteria	Pseudomonadota	Gammaproteobacteria	Nitrosococcales	Methylophagaceae	Methylophaga	Methylophaga sp.
C3548	Bacteria	Bacillota	Bacilli	Lactobacillales	Lactobacillaceae	Leuconostoc	Leuconostoc sp.
C3549	Bacteria	Pseudomonadota	Alphaproteobacteria	Acetobacterales	Acetobacteraceae	Acetobacter	Acetobacter sp.
C3550	Bacteria	Pseudomonadota	Alphaproteobacteria	Rickettsiales	Anaplasmataceae	Wolbachia	Wolbachia sp.
C3551	Bacteria	Bacillota	Clostridia	Christensenellales	Christensenellaceae	Incertae Sedis	uncultured bacterium
C3552	Bacteria	Pseudomonadota	Alphaproteobacteria	Acetobacterales	Acetobacteraceae	Commensalibacter	Commensalibacter sp.
C3553	Bacteria	Pseudomonadota	Alphaproteobacteria	Acetobacterales	Acetobacteraceae	Commensalibacter	Commensalibacter sp.
C3554	Bacteria	Pseudomonadota	Alphaproteobacteria	Acetobacterales	Acetobacteraceae	Commensalibacter	uncultured bacterium
C3555	Bacteria	Pseudomonadota	Gammaproteobacteria	Burkholderiales	Comamonadaceae	Curvibacter	Curvibacter sp.
C3556	Unknown	Unknown	Unknown	Unknown	Unknown	Unknown	Unknown
C3558	Bacteria	Pseudomonadota	Alphaproteobacteria	Rickettsiales	Anaplasmataceae	Wolbachia	Wolbachia sp.
C3559	Bacteria	Pseudomonadota	Alphaproteobacteria	Rickettsiales	Anaplasmataceae	Wolbachia	Wolbachia sp.
C3564	Bacteria	Pseudomonadota	Alphaproteobacteria	Acetobacterales	Acetobacteraceae	Commensalibacter	Commensalibacter sp.
C3565	Bacteria	Pseudomonadota	Alphaproteobacteria	Acetobacterales	Acetobacteraceae	Commensalibacter	Commensalibacter sp.
C3569	Bacteria	Pseudomonadota	Alphaproteobacteria	Acetobacterales	Acetobacteraceae	Commensalibacter	Commensalibacter sp.
C3570	Bacteria	Bacillota	Bacilli	Lactobacillales	Enterococcaceae	Enterococcus	Enterococcus sp.
C3571	Bacteria	Bacillota	Bacilli	Lactobacillales	Lactobacillaceae	Companilactobacillus	Lactobacillus sp.
C3572	Bacteria	Pseudomonadota	Alphaproteobacteria	Acetobacterales	Acetobacteraceae	Acetobacter	Acetobacter sp.
C3575	Bacteria	Pseudomonadota	Alphaproteobacteria	Rickettsiales	Anaplasmataceae	Wolbachia	Wolbachia sp.
C3578	Bacteria	Pseudomonadota	Alphaproteobacteria	Acetobacterales	Acetobacteraceae	Commensalibacter	Commensalibacter sp.
C3579	Bacteria	Spirochaetota	Spirochaetia	Spirochaetales	Spirochaetaceae	Treponema	uncultured Treponema sp.
C3580	Unknown	Unknown	Unknown	Unknown	Unknown	Unknown	Unknown
C3582	Bacteria	Pseudomonadota	Alphaproteobacteria	Rickettsiales	Anaplasmataceae	Wolbachia	Wolbachia sp.
C3583	Bacteria	Pseudomonadota	Alphaproteobacteria	Acetobacterales	Acetobacteraceae	Roseomonas	Roseomonas sp.
C3584	Bacteria	Pseudomonadota	Alphaproteobacteria	Acetobacterales	Acetobacteraceae	Gluconobacter	Gluconobacter sp.
C3585	Bacteria	Bacillota	Bacilli	Lactobacillales	Lactobacillaceae	Leuconostoc	uncultured bacterium
C3586	Bacteria	Bacillota	Bacilli	Lactobacillales	Lactobacillaceae	Periweissella	Periweissella sp.
C3587	Bacteria	Pseudomonadota	Alphaproteobacteria	Rickettsiales	Anaplasmataceae	Wolbachia	Wolbachia sp.
C3589	Bacteria	Bacillota	Bacilli	Lactobacillales	Aerococcaceae	Facklamia	Facklamia sp.
C3596	Bacteria	Pseudomonadota	Gammaproteobacteria	Enterobacterales	Enterobacterales sp.	Enterobacterales sp.	Enterobacterales sp.
C3597	Bacteria	Pseudomonadota	Alphaproteobacteria	Rickettsiales	Anaplasmataceae	Wolbachia	Wolbachia sp.
C3598	Unknown	Unknown	Unknown	Unknown	Unknown	Unknown	Unknown
C3601	Bacteria	Pseudomonadota	Alphaproteobacteria	Rickettsiales	Anaplasmataceae	Wolbachia	Wolbachia sp.
C3604	Bacteria	Pseudomonadota	Alphaproteobacteria	Acetobacterales	Acetobacteraceae	Acetobacter	Acetobacter sp.
C3605	Bacteria	Pseudomonadota	Alphaproteobacteria	Rickettsiales	Anaplasmataceae	Wolbachia	Wolbachia sp.
C3609	Bacteria	Pseudomonadota	Alphaproteobacteria	Rickettsiales	Anaplasmataceae	Wolbachia	Wolbachia sp.
C3611	Bacteria	Pseudomonadota	Alphaproteobacteria	Acetobacterales	Acetobacteraceae	Gluconobacter	Gluconobacter sp.
C3614	Bacteria	Pseudomonadota	Alphaproteobacteria	Rickettsiales	Anaplasmataceae	Wolbachia	Wolbachia sp.
C3619	Bacteria	Pseudomonadota	Alphaproteobacteria	Rickettsiales	Anaplasmataceae	Wolbachia	Wolbachia sp.
C3620	Bacteria	Pseudomonadota	Alphaproteobacteria	Acetobacterales	Acetobacteraceae	Commensalibacter	uncultured bacterium
C3621	Bacteria	Pseudomonadota	Alphaproteobacteria	Rickettsiales	Anaplasmataceae	Wolbachia	Wolbachia sp.
C3622	Bacteria	Pseudomonadota	Alphaproteobacteria	Hyphomicrobiales	Rhizobiaceae	Aquamicrobium	uncultured proteobacterium
C3624	Bacteria	Pseudomonadota	Alphaproteobacteria	Rickettsiales	Anaplasmataceae	Wolbachia	Wolbachia sp.
C3625	Bacteria	Pseudomonadota	Alphaproteobacteria	Acetobacterales	Acetobacteraceae	Acetobacter	Acetobacter sp.
C3629	Bacteria	Pseudomonadota	Alphaproteobacteria	Acetobacterales	Acetobacteraceae	Gluconobacter	Gluconobacter sp.
C3631	Bacteria	Bacteroidota	Bacteroidia	Bacteroidales	Tannerellaceae	Tannerella	uncultured Bacteroidales bacterium
C3632	Bacteria	Pseudomonadota	Pseudomonadota sp.	Pseudomonadota sp.	Pseudomonadota sp.	Pseudomonadota sp.	Pseudomonadota sp.
C3634	Bacteria	Pseudomonadota	Alphaproteobacteria	Acetobacterales	Acetobacteraceae	Acetobacter	Acetobacter sp.
C3635	Bacteria	Pseudomonadota	Alphaproteobacteria	Acetobacterales	Acetobacteraceae	Gluconobacter	Gluconobacter sp.
C3639	Bacteria	Pseudomonadota	Alphaproteobacteria	Acetobacterales	Acetobacteraceae	Commensalibacter	Commensalibacter sp.
C3640	Bacteria	Pseudomonadota	Alphaproteobacteria	Acetobacterales	Acetobacteraceae	Gluconobacter	Gluconobacter sp.
C3641	Bacteria	Bacteroidota	Bacteroidia	Sphingobacteriales	Sphingobacteriaceae	Sphingobacteriaceae sp.	Sphingobacteriaceae sp.
C3643	Bacteria	Pseudomonadota	Alphaproteobacteria	Rickettsiales	Anaplasmataceae	Wolbachia	Wolbachia sp.
C3644	Bacteria	Pseudomonadota	Alphaproteobacteria	Acetobacterales	Acetobacteraceae	Gluconobacter	Gluconobacter sp.
C3648	Bacteria	Pseudomonadota	Alphaproteobacteria	Acetobacterales	Acetobacteraceae	Acetobacteraceae sp.	Acetobacteraceae sp.
C3649	Bacteria	Pseudomonadota	Alphaproteobacteria	Acetobacterales	Acetobacteraceae	Commensalibacter	Commensalibacter sp.
C3650	Bacteria	Pseudomonadota	Alphaproteobacteria	Rickettsiales	Anaplasmataceae	Wolbachia	Wolbachia sp.
C3657	Bacteria	Pseudomonadota	Alphaproteobacteria	Rickettsiales	Anaplasmataceae	Wolbachia	Wolbachia sp.
C3661	Bacteria	Pseudomonadota	Alphaproteobacteria	Acetobacterales	Acetobacteraceae	Acetobacteraceae sp.	Acetobacteraceae sp.
C3664	Bacteria	Pseudomonadota	Alphaproteobacteria	Rickettsiales	Anaplasmataceae	Wolbachia	Wolbachia sp.
C3667	Bacteria	Pseudomonadota	Alphaproteobacteria	Rickettsiales	Anaplasmataceae	Wolbachia	Wolbachia sp.
C3671	Bacteria	Pseudomonadota	Alphaproteobacteria	Acetobacterales	Acetobacteraceae	Acetobacteraceae sp.	Acetobacteraceae sp.
C3673	Bacteria	Pseudomonadota	Alphaproteobacteria	Rickettsiales	Anaplasmataceae	Wolbachia	Wolbachia sp.
C3674	Bacteria	Pseudomonadota	Alphaproteobacteria	Acetobacterales	Acetobacteraceae	Commensalibacter	Commensalibacter sp.
C3675	Bacteria	Pseudomonadota	Alphaproteobacteria	Acetobacterales	Acetobacteraceae	Commensalibacter	Commensalibacter sp.
C3679	Bacteria	Pseudomonadota	Alphaproteobacteria	Rickettsiales	Anaplasmataceae	Wolbachia	Wolbachia sp.
C3682	Bacteria	Pseudomonadota	Alphaproteobacteria	Acetobacterales	Acetobacteraceae	Acetobacter	Acetobacter sp.
C3684	Bacteria	Pseudomonadota	Gammaproteobacteria	Pseudomonadales	Moraxellaceae	Acinetobacter	Acinetobacter sp.
C3685	Bacteria	Pseudomonadota	Alphaproteobacteria	Rickettsiales	Anaplasmataceae	Wolbachia	Wolbachia sp.
C3687	Bacteria	Bacteroidota	Bacteroidia	Chitinophagales	Chitinophagaceae	Taibaiella	Taibaiella sp.
C3688	Bacteria	Pseudomonadota	Gammaproteobacteria	Pseudomonadales	Pseudomonadaceae	Pseudomonas	Pseudomonas sp.
C3691	Bacteria	Pseudomonadota	Alphaproteobacteria	Acetobacterales	Acetobacteraceae	Acetobacter	Acetobacter sp.
C3694	Bacteria	Pseudomonadota	Alphaproteobacteria	Acetobacterales	Acetobacteraceae	Gluconobacter	Gluconobacter sp.
C3696	Bacteria	Pseudomonadota	Alphaproteobacteria	Acetobacterales	Acetobacteraceae	Commensalibacter	Commensalibacter sp.
C3699	Bacteria	Pseudomonadota	Alphaproteobacteria	Acetobacterales	Acetobacteraceae	Commensalibacter	Commensalibacter sp.
C3703	Bacteria	Pseudomonadota	Alphaproteobacteria	Acetobacterales	Acetobacteraceae	Gluconobacter	Gluconobacter sp.
C3705	Bacteria	Pseudomonadota	Gammaproteobacteria	Enterobacterales	Erwiniaceae	Erwiniaceae sp.	Erwiniaceae sp.
C3707	Bacteria	Pseudomonadota	Alphaproteobacteria	Acetobacterales	Acetobacteraceae	Acetobacter	Acetobacter sp.
C3708	Bacteria	Pseudomonadota	Alphaproteobacteria	Acetobacterales	Acetobacteraceae	Acetobacter	Acetobacter sp.
C3709	Bacteria	Pseudomonadota	Alphaproteobacteria	Rickettsiales	Anaplasmataceae	Wolbachia	Wolbachia sp.
C3710	Bacteria	Pseudomonadota	Alphaproteobacteria	Rickettsiales	Anaplasmataceae	Wolbachia	Wolbachia sp.
C3713	Bacteria	Pseudomonadota	Alphaproteobacteria	Acetobacterales	Acetobacteraceae	Acetobacteraceae sp.	Acetobacteraceae sp.
C3715	Bacteria	Pseudomonadota	Alphaproteobacteria	Acetobacterales	Acetobacteraceae	Acetobacter	Acetobacter sp.
C3719	Bacteria	Pseudomonadota	Alphaproteobacteria	Rickettsiales	Anaplasmataceae	Wolbachia	Wolbachia sp.
C3724	Bacteria	Pseudomonadota	Alphaproteobacteria	Acetobacterales	Acetobacteraceae	Gluconobacter	Gluconobacter sp.
C3727	Bacteria	Pseudomonadota	Alphaproteobacteria	Acetobacterales	Acetobacteraceae	Gluconobacter	Gluconobacter sp.
C3730	Bacteria	Pseudomonadota	Alphaproteobacteria	Rickettsiales	Anaplasmataceae	Wolbachia	Wolbachia sp.
C3731	Bacteria	Pseudomonadota	Alphaproteobacteria	Rickettsiales	Anaplasmataceae	Wolbachia	Wolbachia sp.
C3732	Bacteria	Pseudomonadota	Alphaproteobacteria	Rickettsiales	Anaplasmataceae	Wolbachia	Wolbachia sp.
C3734	Bacteria	Pseudomonadota	Alphaproteobacteria	Rickettsiales	Anaplasmataceae	Wolbachia	Wolbachia sp.
C3735	Bacteria	Pseudomonadota	Alphaproteobacteria	Rickettsiales	Anaplasmataceae	Wolbachia	Wolbachia sp.
C3736	Bacteria	Pseudomonadota	Alphaproteobacteria	Alphaproteobacteria sp.	Alphaproteobacteria sp.	Alphaproteobacteria sp.	Alphaproteobacteria sp.
C3738	Bacteria	Pseudomonadota	Alphaproteobacteria	Acetobacterales	Acetobacteraceae	Gluconobacter	Gluconobacter sp.
C3742	Bacteria	Pseudomonadota	Alphaproteobacteria	Acetobacterales	Acetobacteraceae	Komagataeibacter	Komagataeibacter sp.
C3744	Bacteria	Pseudomonadota	Alphaproteobacteria	Rickettsiales	Anaplasmataceae	Wolbachia	Wolbachia sp.
C3748	Bacteria	Pseudomonadota	Alphaproteobacteria	Rickettsiales	Anaplasmataceae	Wolbachia	Wolbachia sp.
C3749	Bacteria	Pseudomonadota	Alphaproteobacteria	Acetobacterales	Acetobacteraceae	Commensalibacter	Commensalibacter sp.
C3751	Bacteria	Bacillota	Bacilli	Lactobacillales	Lactobacillaceae	Leuconostoc	Leuconostoc sp.
C3752	Bacteria	Pseudomonadota	Alphaproteobacteria	Rickettsiales	Anaplasmataceae	Wolbachia	Wolbachia sp.
C3753	Bacteria	Pseudomonadota	Alphaproteobacteria	Rickettsiales	Anaplasmataceae	Wolbachia	Wolbachia sp.
C3755	Bacteria	Pseudomonadota	Alphaproteobacteria	Rickettsiales	Anaplasmataceae	Wolbachia	Wolbachia sp.
C3756	Bacteria	Pseudomonadota	Alphaproteobacteria	Acetobacterales	Acetobacteraceae	Commensalibacter	Commensalibacter sp.
C3760	Bacteria	Pseudomonadota	Alphaproteobacteria	Rickettsiales	Anaplasmataceae	Wolbachia	Wolbachia sp.
C3761	Bacteria	Bacillota	Bacilli	Lactobacillales	Lactobacillaceae	Leuconostoc	Leuconostoc sp.
C3762	Bacteria	Pseudomonadota	Alphaproteobacteria	Rickettsiales	Anaplasmataceae	Wolbachia	Wolbachia sp.
C3763	Bacteria	Pseudomonadota	Alphaproteobacteria	Acetobacterales	Acetobacteraceae	Acetobacter	Acetobacter sp.
C3765	Bacteria	Pseudomonadota	Alphaproteobacteria	Acetobacterales	Acetobacteraceae	Gluconobacter	Gluconobacter sp.
C3768	Bacteria	Pseudomonadota	Alphaproteobacteria	Acetobacterales	Acetobacteraceae	Commensalibacter	Commensalibacter sp.
C3769	Bacteria	Pseudomonadota	Alphaproteobacteria	Acetobacterales	Acetobacteraceae	Commensalibacter	Commensalibacter sp.
C3770	Bacteria	Pseudomonadota	Alphaproteobacteria	Rickettsiales	Anaplasmataceae	Wolbachia	Wolbachia sp.
C3771	Bacteria	Pseudomonadota	Alphaproteobacteria	Rickettsiales	Anaplasmataceae	Wolbachia	Wolbachia sp.
C3775	Bacteria	Pseudomonadota	Alphaproteobacteria	Acetobacterales	Acetobacteraceae	Gluconobacter	Gluconobacter sp.
C3778	Bacteria	Pseudomonadota	Alphaproteobacteria	Acetobacterales	Acetobacteraceae	Gluconobacter	Gluconobacter sp.
C3779	Bacteria	Bacillota	Bacilli	Lactobacillales	Lactobacillaceae	Leuconostoc	Leuconostoc sp.
C3780	Bacteria	Pseudomonadota	Alphaproteobacteria	Acetobacterales	Acetobacteraceae	Gluconobacter	Gluconobacter sp.
C3782	Bacteria	Pseudomonadota	Alphaproteobacteria	Rickettsiales	Anaplasmataceae	Wolbachia	Wolbachia sp.
C3784	Bacteria	Pseudomonadota	Alphaproteobacteria	Acetobacterales	Acetobacteraceae	Acetobacteraceae sp.	Acetobacteraceae sp.
C3786	Bacteria	Pseudomonadota	Alphaproteobacteria	Acetobacterales	Acetobacteraceae	Acetobacteraceae sp.	Acetobacteraceae sp.
C3788	Bacteria	Bacillota	Bacilli	Lactobacillales	Enterococcaceae	Enterococcaceae sp.	Enterococcaceae sp.
C3789	Bacteria	Pseudomonadota	Alphaproteobacteria	Acetobacterales	Acetobacteraceae	Acetobacteraceae sp.	Acetobacteraceae sp.
C3790	Bacteria	Pseudomonadota	Alphaproteobacteria	Rickettsiales	Anaplasmataceae	Wolbachia	Wolbachia sp.
C3791	Bacteria	Pseudomonadota	Alphaproteobacteria	Rickettsiales	Anaplasmataceae	Wolbachia	Wolbachia sp.
C3792	Bacteria	Pseudomonadota	Alphaproteobacteria	Acetobacterales	Acetobacteraceae	Commensalibacter	Commensalibacter sp.
C3793	Bacteria	Pseudomonadota	Gammaproteobacteria	Enterobacterales	Enterobacterales sp.	Enterobacterales sp.	Enterobacterales sp.
C3794	Bacteria	Pseudomonadota	Alphaproteobacteria	Acetobacterales	Acetobacteraceae	Gluconobacter	Gluconobacter sp.
C3798	Bacteria	Pseudomonadota	Alphaproteobacteria	Rickettsiales	Anaplasmataceae	Wolbachia	Wolbachia sp.
C3802	Bacteria	Pseudomonadota	Alphaproteobacteria	Acetobacterales	Acetobacteraceae	Komagataeibacter	Komagataeibacter saccharivorans
C3803	Bacteria	Pseudomonadota	Alphaproteobacteria	Acetobacterales	Acetobacteraceae	Acetobacter	Acetobacter sp.
C3804	Bacteria	Pseudomonadota	Alphaproteobacteria	Rickettsiales	Anaplasmataceae	Wolbachia	Wolbachia sp.
C3805	Bacteria	Pseudomonadota	Alphaproteobacteria	Acetobacterales	Acetobacteraceae	Commensalibacter	Commensalibacter sp.
C3806	Bacteria	Pseudomonadota	Alphaproteobacteria	Rickettsiales	Anaplasmataceae	Wolbachia	Wolbachia sp.
C3808	Bacteria	Pseudomonadota	Alphaproteobacteria	Rickettsiales	Anaplasmataceae	Wolbachia	Wolbachia sp.
C3813	Bacteria	Pseudomonadota	Alphaproteobacteria	Rickettsiales	Anaplasmataceae	Wolbachia	Wolbachia sp.
C3814	NA	NA sp.	NA sp.	NA sp.	NA sp.	NA sp.	NA sp.
C3815	Bacteria	Pseudomonadota	Alphaproteobacteria	Acetobacterales	Acetobacteraceae	Acetobacteraceae sp.	Acetobacteraceae sp.
C3816	Bacteria	Pseudomonadota	Alphaproteobacteria	Rickettsiales	Anaplasmataceae	Wolbachia	Wolbachia sp.
C3822	Bacteria	Bacillota	Bacilli	Lactobacillales	Lactobacillaceae	Leuconostoc	Leuconostoc sp.
C3823	Bacteria	Pseudomonadota	Alphaproteobacteria	Rickettsiales	Anaplasmataceae	Wolbachia	Wolbachia sp.
C3825	Bacteria	Pseudomonadota	Gammaproteobacteria	Enterobacterales	Morganellaceae	Morganella	Morganella sp.
C3826	Bacteria	Pseudomonadota	Alphaproteobacteria	Rickettsiales	Anaplasmataceae	Wolbachia	Wolbachia sp.
C3827	Bacteria	Pseudomonadota	Alphaproteobacteria	Acetobacterales	Acetobacteraceae	Gluconobacter	Gluconobacter sp.
C3830	Bacteria	Pseudomonadota	Alphaproteobacteria	Acetobacterales	Acetobacteraceae	Commensalibacter	Commensalibacter sp.
C3832	Bacteria	Pseudomonadota	Alphaproteobacteria	Acetobacterales	Acetobacteraceae	Acetobacteraceae sp.	Acetobacteraceae sp.
C3833	Bacteria	Pseudomonadota	Alphaproteobacteria	Rickettsiales	Anaplasmataceae	Wolbachia	Wolbachia sp.
C3834	Bacteria	Pseudomonadota	Alphaproteobacteria	Rickettsiales	Mitochondria	Incertae Sedis	Sclerotinia borealis
C3836	Bacteria	Pseudomonadota	Gammaproteobacteria	Enterobacterales	Erwiniaceae	Erwiniaceae sp.	Erwiniaceae sp.
C3837	Bacteria	Pseudomonadota	Alphaproteobacteria	Acetobacterales	Acetobacteraceae	Commensalibacter	Commensalibacter sp.
C3839	Bacteria	Cyanobacteriota	Cyanobacteriia	Chloroplast	Incertae Sedis	Incertae Sedis	Incertae Sedis sp.
C3842	Bacteria	Pseudomonadota	Gammaproteobacteria	Pseudomonadales	Pseudomonadaceae	Pseudomonas	Pseudomonas sp.
C3843	Bacteria	Pseudomonadota	Alphaproteobacteria	Acetobacterales	Acetobacteraceae	Commensalibacter	Commensalibacter sp.
C3847	Bacteria	Pseudomonadota	Alphaproteobacteria	Holosporales	Holosporaceae	Incertae Sedis	uncultured bacterium
C3851	Bacteria	Bacteroidota	Bacteroidia	Bacteroidales	Williamwhitmaniaceae	Incertae Sedis	uncultured Rikenellaceae bacterium
C3854	Bacteria	Pseudomonadota	Alphaproteobacteria	Rickettsiales	Anaplasmataceae	Wolbachia	Wolbachia sp.
C3856	Bacteria	Pseudomonadota	Alphaproteobacteria	Sphingomonadales	Sphingomonadaceae	Sphingomonadaceae sp.	Sphingomonadaceae sp.
C3857	Bacteria	Bacillota	Bacilli	Lactobacillales	Lactobacillaceae	Periweissella	Periweissella sp.
C3860	Bacteria	Pseudomonadota	Gammaproteobacteria	Enterobacterales	Enterobacterales sp.	Enterobacterales sp.	Enterobacterales sp.
C3861	Bacteria	Pseudomonadota	Alphaproteobacteria	Rickettsiales	Anaplasmataceae	Wolbachia	Wolbachia sp.
C3862	Unknown	Unknown	Unknown	Unknown	Unknown	Unknown	Unknown
C3866	Bacteria	Pseudomonadota	Alphaproteobacteria	Acetobacterales	Acetobacteraceae	Commensalibacter	Commensalibacter sp.
C3869	Bacteria	Cyanobacteriota	Cyanobacteriia	Chloroplast	Incertae Sedis	Incertae Sedis	Incertae Sedis sp.
C3872	Bacteria	Bacteroidota	Bacteroidia	Bacteroidales	Dysgonomonadaceae	Dysgonomonas	uncultured bacterium
C3873	Bacteria	Pseudomonadota	Gammaproteobacteria	Burkholderiales	Comamonadaceae	Comamonadaceae sp.	Comamonadaceae sp.
C3875	Bacteria	Pseudomonadota	Gammaproteobacteria	Enterobacterales	Enterobacterales sp.	Enterobacterales sp.	Enterobacterales sp.
C3876	Bacteria	Pseudomonadota	Alphaproteobacteria	Rickettsiales	Mitochondria	Incertae Sedis	Incertae Sedis sp.
C3879	Bacteria	Pseudomonadota	Alphaproteobacteria	Acetobacterales	Acetobacteraceae	Acetobacter	Acetobacter sp.
C3880	Bacteria	Bacillota	Bacilli	Lactobacillales	Enterococcaceae	Enterococcaceae sp.	Enterococcaceae sp.
C3882	Bacteria	Pseudomonadota	Alphaproteobacteria	Acetobacterales	Acetobacteraceae	Commensalibacter	uncultured bacterium
C3883	Bacteria	Pseudomonadota	Alphaproteobacteria	Acetobacterales	Acetobacteraceae	Commensalibacter	uncultured bacterium
C3888	Bacteria	Pseudomonadota	Alphaproteobacteria	Rickettsiales	Anaplasmataceae	Wolbachia	Wolbachia sp.
C3889	Bacteria	Bacillota	Bacilli	Lactobacillales	Lactobacillaceae	Lactobacillaceae sp.	Lactobacillaceae sp.
C3890	Bacteria	Pseudomonadota	Alphaproteobacteria	Rickettsiales	Anaplasmataceae	Wolbachia	Wolbachia sp.
C3892	Bacteria	Pseudomonadota	Alphaproteobacteria	Hyphomicrobiales	Beijerinckiaceae	Methylobacterium	Methylobacterium sp.
C3893	Bacteria	Pseudomonadota	Alphaproteobacteria	Rickettsiales	Anaplasmataceae	Wolbachia	Wolbachia sp.
C3895	Bacteria	Pseudomonadota	Alphaproteobacteria	Acetobacterales	Acetobacteraceae	Commensalibacter	Commensalibacter sp.
C3900	Bacteria	Pseudomonadota	Alphaproteobacteria	Acetobacterales	Acetobacteraceae	Gluconobacter	Gluconobacter sp.
C3903	Bacteria	Pseudomonadota	Alphaproteobacteria	Acetobacterales	Acetobacteraceae	Gluconobacter	Gluconobacter sp.
C3904	Bacteria	Pseudomonadota	Gammaproteobacteria	Enterobacterales	Enterobacterales sp.	Enterobacterales sp.	Enterobacterales sp.
C3906	Bacteria	Bacillota	Bacilli	Lactobacillales	Lactobacillaceae	Levilactobacillus	Levilactobacillus sp.
C3908	Bacteria	Pseudomonadota	Alphaproteobacteria	Rickettsiales	Anaplasmataceae	Wolbachia	Wolbachia sp.
C3909	Bacteria	Bacillota	Clostridia	Lachnospirales	Lachnospiraceae	Lachnospiraceae NK4A136 group	uncultured bacterium
C3914	Bacteria	Bacillota	Bacilli	Lactobacillales	Lactobacillaceae	Periweissella	Periweissella sp.
C3916	Bacteria	Campylobacterota	Campylobacteria	Campylobacterales	Helicobacteraceae	Helicobacter	Helicobacter sp.
C3919	NA	NA sp.	NA sp.	NA sp.	NA sp.	NA sp.	NA sp.
C3920	Bacteria	Pseudomonadota	Alphaproteobacteria	Acetobacterales	Acetobacteraceae	Acetobacteraceae sp.	Acetobacteraceae sp.
C3921	Bacteria	Pseudomonadota	Alphaproteobacteria	Acetobacterales	Acetobacteraceae	Gluconobacter	Gluconobacter sp.
C3922	Bacteria	Pseudomonadota	Alphaproteobacteria	Acetobacterales	Acetobacteraceae	Gluconobacter	Gluconobacter sp.
C3932	Bacteria	Bacteroidota	Bacteroidia	Bacteroidales	Muribaculaceae	Incertae Sedis	uncultured bacterium
C3933	Bacteria	Pseudomonadota	Alphaproteobacteria	Rhodospirillales	Incertae Sedis	Incertae Sedis	uncultured Alphaproteobacteria bacterium
C3934	Bacteria	Pseudomonadota	Alphaproteobacteria	Acetobacterales	Acetobacteraceae	Commensalibacter	Commensalibacter sp.
C3935	Bacteria	Pseudomonadota	Alphaproteobacteria	Acetobacterales	Acetobacteraceae	Commensalibacter	Commensalibacter sp.
C3938	Bacteria	Pseudomonadota	Alphaproteobacteria	Rickettsiales	Anaplasmataceae	Wolbachia	Wolbachia sp.
C3939	Bacteria	Bacillota	Bacilli	Lactobacillales	Lactobacillaceae	Lactiplantibacillus	Lactiplantibacillus sp.
C3942	Bacteria	Pseudomonadota	Alphaproteobacteria	Acetobacterales	Acetobacteraceae	Commensalibacter	Commensalibacter sp.
C3943	Bacteria	Bacillota	Bacilli	Lactobacillales	Enterococcaceae	Enterococcus	Enterococcus sp.
C3944	Bacteria	Pseudomonadota	Alphaproteobacteria	Rickettsiales	Anaplasmataceae	Wolbachia	Wolbachia sp.
C3945	Bacteria	Pseudomonadota	Gammaproteobacteria	Enterobacterales	Enterobacterales sp.	Enterobacterales sp.	Enterobacterales sp.
C3949	Bacteria	Bacteroidota	Bacteroidia	Bacteroidales	Tannerellaceae	Tannerella	Tannerella sp.
C3950	NA	NA sp.	NA sp.	NA sp.	NA sp.	NA sp.	NA sp.
C3955	Bacteria	Pseudomonadota	Alphaproteobacteria	Acetobacterales	Acetobacteraceae	Acetobacter	Acetobacter sp.
C3956	Bacteria	Pseudomonadota	Alphaproteobacteria	Acetobacterales	Acetobacteraceae	Acetobacter	Acetobacter sp.
C3957	Bacteria	Bacillota	Bacilli	Lactobacillales	Enterococcaceae	Enterococcus	uncultured Enterococcus sp.
C3959	Bacteria	Pseudomonadota	Alphaproteobacteria	Acetobacterales	Acetobacteraceae	Commensalibacter	uncultured bacterium
C3960	Bacteria	Pseudomonadota	Alphaproteobacteria	Acetobacterales	Acetobacteraceae	Commensalibacter	Commensalibacter sp.
C3961	Bacteria	Pseudomonadota	Alphaproteobacteria	Acetobacterales	Acetobacteraceae	Commensalibacter	Commensalibacter sp.
C3962	Unknown	Unknown	Unknown	Unknown	Unknown	Unknown	Unknown
C3963	Bacteria	Pseudomonadota	Alphaproteobacteria	Acetobacterales	Acetobacteraceae	Commensalibacter	Commensalibacter sp.
C3969	Bacteria	Pseudomonadota	Alphaproteobacteria	Acetobacterales	Acetobacteraceae	Commensalibacter	Commensalibacter sp.
C3972	Bacteria	Cyanobacteriota	Cyanobacteriia	Chloroplast	Incertae Sedis	Incertae Sedis	Incertae Sedis sp.
C3976	Bacteria	Pseudomonadota	Alphaproteobacteria	Acetobacterales	Acetobacteraceae	Acetobacter	Acetobacter sp.
C3980	Bacteria	Bacillota	Clostridia	Lachnospirales	Lachnospiraceae	Cellulosilyticum	uncultured bacterium
C3981	Bacteria	Pseudomonadota	Alphaproteobacteria	Acetobacterales	Acetobacteraceae	Commensalibacter	Commensalibacter sp.
C3983	Bacteria	Pseudomonadota	Gammaproteobacteria	Enterobacterales	Erwiniaceae	Erwiniaceae sp.	Erwiniaceae sp.
C3984	Bacteria	Pseudomonadota	Alphaproteobacteria	Acetobacterales	Acetobacteraceae	Commensalibacter	Commensalibacter sp.
C3986	Bacteria	Bacillota	Clostridia	Oscillospirales	Ruminococcaceae	Ruminococcus	uncultured bacterium
C3987	Bacteria	Pseudomonadota	Alphaproteobacteria	Rickettsiales	Anaplasmataceae	Wolbachia	Wolbachia sp.
C3988	Bacteria	Pseudomonadota	Alphaproteobacteria	Rickettsiales	Anaplasmataceae	Wolbachia	Wolbachia sp.
C3989	Bacteria	Pseudomonadota	Alphaproteobacteria	Acetobacterales	Acetobacteraceae	Commensalibacter	Commensalibacter sp.
C3993	Unknown	Unknown	Unknown	Unknown	Unknown	Unknown	Unknown
C3995	Bacteria	Pseudomonadota	Alphaproteobacteria	Acetobacterales	Acetobacteraceae	Acetobacter	Acetobacter sp.
C3996	Bacteria	Pseudomonadota	Alphaproteobacteria	Acetobacterales	Acetobacteraceae	Acetobacteraceae sp.	Acetobacteraceae sp.
C3998	Bacteria	Pseudomonadota	Alphaproteobacteria	Acetobacterales	Acetobacteraceae	Gluconobacter	Gluconobacter sp.
C3999	Bacteria	Pseudomonadota	Alphaproteobacteria	Acetobacterales	Acetobacteraceae	Gluconobacter	Gluconobacter sp.
C4000	Bacteria	Pseudomonadota	Alphaproteobacteria	Rickettsiales	Anaplasmataceae	Wolbachia	Wolbachia sp.
C4001	Bacteria	Pseudomonadota	Alphaproteobacteria	Rickettsiales	Anaplasmataceae	Wolbachia	Wolbachia sp.
C4003	Bacteria	Pseudomonadota	Alphaproteobacteria	Acetobacterales	Acetobacteraceae	Commensalibacter	Commensalibacter sp.
C4004	Unknown	Unknown	Unknown	Unknown	Unknown	Unknown	Unknown
C4006	Bacteria	Pseudomonadota	Alphaproteobacteria	Acetobacterales	Acetobacteraceae	Acetobacter	Acetobacter sp.
C4007	Bacteria	Pseudomonadota	Alphaproteobacteria	Acetobacterales	Acetobacteraceae	Acetobacter	Acetobacter sp.
C4008	Bacteria	Pseudomonadota	Alphaproteobacteria	Rickettsiales	Anaplasmataceae	Wolbachia	Wolbachia sp.
C4014	Bacteria	Pseudomonadota	Alphaproteobacteria	Acetobacterales	Acetobacteraceae	Acetobacter	Acetobacter sp.
C4016	Bacteria	Bacillota	Bacilli	Lactobacillales	Enterococcaceae	Enterococcus	Enterococcus sp.
C4018	Bacteria	Bacillota	Bacilli	Lactobacillales	Lactobacillaceae	Lactiplantibacillus	Lactiplantibacillus sp.
C4019	Bacteria	Pseudomonadota	Gammaproteobacteria	Enterobacterales	Erwiniaceae	Erwiniaceae sp.	Erwiniaceae sp.
C4020	Bacteria	Cyanobacteriota	Cyanobacteriia	Chloroplast	Incertae Sedis	Incertae Sedis	Incertae Sedis sp.
C4021	Bacteria	Pseudomonadota	Gammaproteobacteria	Enterobacterales	Enterobacterales sp.	Enterobacterales sp.	Enterobacterales sp.
C4024	Bacteria	Pseudomonadota	Alphaproteobacteria	Rickettsiales	Anaplasmataceae	Wolbachia	Wolbachia sp.
C4026	Bacteria	Pseudomonadota	Alphaproteobacteria	Rickettsiales	Anaplasmataceae	Wolbachia	Wolbachia sp.
C4029	Bacteria	Cyanobacteriota	Cyanobacteriia	Chloroplast	Incertae Sedis	Incertae Sedis	Incertae Sedis sp.
C4033	Bacteria	Pseudomonadota	Alphaproteobacteria	Acetobacterales	Acetobacteraceae	Commensalibacter	Commensalibacter sp.
C4036	Bacteria	Bacillota	Bacilli	Lactobacillales	Lactobacillaceae	Lactiplantibacillus	Lactobacillus plantarum
C4038	Bacteria	Pseudomonadota	Alphaproteobacteria	Rickettsiales	Anaplasmataceae	Wolbachia	Wolbachia sp.
C4039	Bacteria	Pseudomonadota	Alphaproteobacteria	Rickettsiales	Incertae Sedis	Incertae Sedis	Incertae Sedis sp.
C4042	Bacteria	Acidobacteriota	Vicinamibacteria	Vicinamibacterales	Vicinamibacteraceae	Incertae Sedis	Incertae Sedis sp.
C4043	Bacteria	Pseudomonadota	Alphaproteobacteria	Rickettsiales	Anaplasmataceae	Wolbachia	Wolbachia sp.
C4047	Bacteria	Pseudomonadota	Alphaproteobacteria	Rickettsiales	Anaplasmataceae	Wolbachia	Wolbachia sp.
C4048	Bacteria	Pseudomonadota	Alphaproteobacteria	Acetobacterales	Acetobacteraceae	Commensalibacter	Commensalibacter sp.
C4050	Bacteria	Pseudomonadota	Alphaproteobacteria	Acetobacterales	Acetobacteraceae	Acetobacter	Acetobacter sp.
C4052	Archaea	Thermoproteota	Nitrososphaeria	Nitrososphaerales	Nitrososphaeraceae	Nitrososphaeraceae sp.	Nitrososphaeraceae sp.
C4054	Bacteria	Pseudomonadota	Alphaproteobacteria	Rickettsiales	Anaplasmataceae	Wolbachia	Wolbachia sp.
C4055	Bacteria	Pseudomonadota	Alphaproteobacteria	Acetobacterales	Acetobacteraceae	Acetobacteraceae sp.	Acetobacteraceae sp.
C4057	Bacteria	Pseudomonadota	Alphaproteobacteria	Rickettsiales	Anaplasmataceae	Wolbachia	Wolbachia sp.
C4060	Bacteria	Pseudomonadota	Alphaproteobacteria	Rickettsiales	Anaplasmataceae	Wolbachia	Wolbachia sp.
C4062	Bacteria	Pseudomonadota	Alphaproteobacteria	Acetobacterales	Acetobacteraceae	Acetobacteraceae sp.	Acetobacteraceae sp.
C4066	Bacteria	Pseudomonadota	Alphaproteobacteria	Rickettsiales	Anaplasmataceae	Wolbachia	Wolbachia sp.
C4069	Bacteria	Bacillota	Bacilli	Lactobacillales	Lactobacillaceae	Levilactobacillus	Lactobacillus brevis
C4071	Bacteria	Pseudomonadota	Alphaproteobacteria	Acetobacterales	Acetobacteraceae	Acetobacter	Acetobacter sp.
C4072	Bacteria	Pseudomonadota	Alphaproteobacteria	Rickettsiales	Anaplasmataceae	Wolbachia	Wolbachia sp.
C4073	Bacteria	Pseudomonadota	Alphaproteobacteria	Acetobacterales	Acetobacteraceae	Commensalibacter	Commensalibacter sp.
C4074	Bacteria	Pseudomonadota	Alphaproteobacteria	Acetobacterales	Acetobacteraceae	Acetobacter	Acetobacter sp.
C4076	Bacteria	Pseudomonadota	Alphaproteobacteria	Rickettsiales	Anaplasmataceae	Wolbachia	Wolbachia sp.
C4077	Bacteria	Pseudomonadota	Alphaproteobacteria	Acetobacterales	Acetobacteraceae	Gluconobacter	Gluconobacter sp.
C4079	Bacteria	Bacillota	Bacilli	Lactobacillales	Lactobacillaceae	Levilactobacillus	Levilactobacillus sp.
C4080	Bacteria	Pseudomonadota	Alphaproteobacteria	Acetobacterales	Acetobacteraceae	Commensalibacter	Commensalibacter sp.
C4081	Bacteria	Pseudomonadota	Alphaproteobacteria	Rickettsiales	Anaplasmataceae	Wolbachia	Wolbachia sp.
C4082	Bacteria	Pseudomonadota	Alphaproteobacteria	Rickettsiales	Anaplasmataceae	Wolbachia	Wolbachia sp.
C4083	Bacteria	Pseudomonadota	Alphaproteobacteria	Acetobacterales	Acetobacteraceae	Gluconobacter	Gluconobacter sp.
C4084	Bacteria	Pseudomonadota	Alphaproteobacteria	Rickettsiales	Anaplasmataceae	Wolbachia	Wolbachia sp.
C4085	Bacteria	Pseudomonadota	Alphaproteobacteria	Rickettsiales	Anaplasmataceae	Wolbachia	Wolbachia sp.
C4087	Bacteria	Pseudomonadota	Alphaproteobacteria	Acetobacterales	Acetobacteraceae	Gluconobacter	Gluconobacter sp.
C4088	Bacteria	Pseudomonadota	Alphaproteobacteria	Acetobacterales	Acetobacteraceae	Gluconobacter	Gluconobacter sp.
C4089	Bacteria	Pseudomonadota	Alphaproteobacteria	Acetobacterales	Acetobacteraceae	Acetobacter	Acetobacter sp.
C4091	Bacteria	Pseudomonadota	Alphaproteobacteria	Acetobacterales	Acetobacteraceae	Gluconobacter	Gluconobacter sp.
C4092	Bacteria	Pseudomonadota	Alphaproteobacteria	Rickettsiales	Anaplasmataceae	Wolbachia	Wolbachia sp.
C4094	Bacteria	Pseudomonadota	Gammaproteobacteria	Enterobacterales	Enterobacterales sp.	Enterobacterales sp.	Enterobacterales sp.
C4097	Bacteria	Pseudomonadota	Alphaproteobacteria	Acetobacterales	Acetobacteraceae	Gluconobacter	Gluconobacter sp.
C4098	Bacteria	Pseudomonadota	Alphaproteobacteria	Acetobacterales	Acetobacteraceae	Acetobacter	Acetobacter sp.
C4099	Bacteria	Pseudomonadota	Alphaproteobacteria	Acetobacterales	Acetobacteraceae	Acetobacter	Acetobacter sp.
C4101	Bacteria	Pseudomonadota	Alphaproteobacteria	Acetobacterales	Acetobacteraceae	Commensalibacter	Commensalibacter sp.
C4103	Bacteria	Pseudomonadota	Alphaproteobacteria	Acetobacterales	Acetobacteraceae	Acetobacter	Acetobacter persici
C4105	Bacteria	Pseudomonadota	Gammaproteobacteria	Burkholderiales	Comamonadaceae	Comamonadaceae sp.	Comamonadaceae sp.
C4106	Bacteria	Pseudomonadota	Alphaproteobacteria	Acetobacterales	Acetobacteraceae	Commensalibacter	Commensalibacter sp.
C4109	Bacteria	Pseudomonadota	Alphaproteobacteria	Acetobacterales	Acetobacteraceae	Commensalibacter	Commensalibacter sp.
C4112	Bacteria	Pseudomonadota	Alphaproteobacteria	Acetobacterales	Acetobacteraceae	Commensalibacter	Commensalibacter sp.
C4114	Bacteria	Bacillota	Bacilli	Lactobacillales	Lactobacillaceae	Periweissella	Periweissella sp.
C4115	Bacteria	Pseudomonadota	Alphaproteobacteria	Acetobacterales	Acetobacteraceae	Commensalibacter	Commensalibacter sp.
C4116	Bacteria	Pseudomonadota	Alphaproteobacteria	Acetobacterales	Acetobacteraceae	Commensalibacter	Commensalibacter sp.
C4121	Bacteria	Pseudomonadota	Alphaproteobacteria	Rickettsiales	Anaplasmataceae	Wolbachia	Wolbachia sp.
C4125	Bacteria	Pseudomonadota	Alphaproteobacteria	Acetobacterales	Acetobacteraceae	Gluconobacter	Gluconobacter sp.
C4130	Bacteria	Pseudomonadota	Alphaproteobacteria	Acetobacterales	Acetobacteraceae	Gluconobacter	Gluconobacter sp.
C4131	Bacteria	Bacillota	Bacilli	Lactobacillales	Lactobacillaceae	Lactiplantibacillus	Lactiplantibacillus sp.
C4132	Bacteria	Pseudomonadota	Alphaproteobacteria	Rickettsiales	Anaplasmataceae	Wolbachia	Wolbachia sp.
C4133	Bacteria	Pseudomonadota	Alphaproteobacteria	Acetobacterales	Acetobacteraceae	Acetobacter	Acetobacter sp.
C4137	Bacteria	Pseudomonadota	Alphaproteobacteria	Acetobacterales	Acetobacteraceae	Gluconobacter	Gluconobacter sp.
C4139	Bacteria	Pseudomonadota	Gammaproteobacteria	Enterobacterales	Yersiniaceae	Yersiniaceae sp.	Yersiniaceae sp.
C4140	Bacteria	Pseudomonadota	Gammaproteobacteria	Enterobacterales	Enterobacterales sp.	Enterobacterales sp.	Enterobacterales sp.
C4143	Bacteria	Bacillota	Bacilli	Lactobacillales	Lactobacillales sp.	Lactobacillales sp.	Lactobacillales sp.
C4145	Bacteria	Pseudomonadota	Alphaproteobacteria	Rickettsiales	Anaplasmataceae	Wolbachia	Wolbachia sp.
C4148	Bacteria	Pseudomonadota	Alphaproteobacteria	Acetobacterales	Acetobacteraceae	Gluconobacter	Gluconobacter sp.
C4149	Bacteria	Pseudomonadota	Alphaproteobacteria	Acetobacterales	Acetobacteraceae	Acetobacter	Acetobacter sp.
C4150	Bacteria	Pseudomonadota	Alphaproteobacteria	Acetobacterales	Acetobacteraceae	Acetobacteraceae sp.	Acetobacteraceae sp.
C4151	Bacteria	Bacillota	Clostridia	Lachnospirales	Lachnospiraceae	ASF356	uncultured bacterium
C4152	Bacteria	Pseudomonadota	Alphaproteobacteria	Acetobacterales	Acetobacteraceae	Acetobacter	Acetobacter sp.
C4153	Bacteria	Pseudomonadota	Alphaproteobacteria	Rickettsiales	Anaplasmataceae	Wolbachia	Wolbachia sp.
C4154	Bacteria	Pseudomonadota	Alphaproteobacteria	Hyphomicrobiales	Rhizobiaceae	Rhizobiaceae sp.	Rhizobiaceae sp.
C4156	Bacteria	Pseudomonadota	Alphaproteobacteria	Rickettsiales	Anaplasmataceae	Wolbachia	Wolbachia sp.
C4157	Bacteria	Pseudomonadota	Alphaproteobacteria	Acetobacterales	Acetobacteraceae	Commensalibacter	Commensalibacter sp.
C4159	Bacteria	Pseudomonadota	Alphaproteobacteria	Acetobacterales	Acetobacteraceae	Acetobacter	Acetobacter sp.
C4161	Bacteria	Bacillota	Bacilli	Lactobacillales	Lactobacillaceae	Lactiplantibacillus	Lactiplantibacillus sp.
C4162	Bacteria	Pseudomonadota	Alphaproteobacteria	Rickettsiales	Anaplasmataceae	Wolbachia	Wolbachia sp.
C4163	Bacteria	Pseudomonadota	Alphaproteobacteria	Acetobacterales	Acetobacteraceae	Acetobacter	Acetobacter sp.
C4165	Bacteria	Pseudomonadota	Alphaproteobacteria	Acetobacterales	Acetobacteraceae	Komagataeibacter	Komagataeibacter saccharivorans
C4166	Bacteria	Pseudomonadota	Alphaproteobacteria	Acetobacterales	Acetobacteraceae	Gluconobacter	Gluconobacter sp.
C4167	Bacteria	Pseudomonadota	Alphaproteobacteria	Acetobacterales	Acetobacteraceae	Acetobacteraceae sp.	Acetobacteraceae sp.
C4169	Bacteria	Pseudomonadota	Alphaproteobacteria	Rickettsiales	Anaplasmataceae	Wolbachia	Wolbachia sp.
C4175	Bacteria	Pseudomonadota	Alphaproteobacteria	Acetobacterales	Acetobacteraceae	Commensalibacter	Commensalibacter sp.
C4177	Bacteria	Bacillota	Bacilli	Lactobacillales	Lactobacillaceae	Lactiplantibacillus	Lactiplantibacillus sp.
C4178	Bacteria	Pseudomonadota	Alphaproteobacteria	Acetobacterales	Acetobacteraceae	Acetobacter	Acetobacter sp.
C4179	Bacteria	Bacillota	Bacilli	Lactobacillales	Enterococcaceae	Enterococcus	Enterococcus sp.
C4180	Bacteria	Pseudomonadota	Gammaproteobacteria	Pseudomonadales	Moraxellaceae	Psychrobacter	Psychrobacter sp.
C4181	Bacteria	Pseudomonadota	Alphaproteobacteria	Acetobacterales	Acetobacteraceae	Gluconobacter	Gluconobacter sp.
C4183	Bacteria	Spirochaetota	Spirochaetia	Spirochaetales	Spirochaetaceae	Treponema	Treponema sp.
C4187	Bacteria	Pseudomonadota	Alphaproteobacteria	Acetobacterales	Acetobacteraceae	Commensalibacter	uncultured bacterium
C4190	Bacteria	Pseudomonadota	Alphaproteobacteria	Holosporales	Holosporaceae	Incertae Sedis	uncultured bacterium
C4195	Bacteria	Pseudomonadota	Alphaproteobacteria	Acetobacterales	Acetobacteraceae	Acetobacteraceae sp.	Acetobacteraceae sp.
C4197	Bacteria	Pseudomonadota	Gammaproteobacteria	Enterobacterales	Enterobacterales sp.	Enterobacterales sp.	Enterobacterales sp.
C4200	Bacteria	Pseudomonadota	Alphaproteobacteria	Acetobacterales	Acetobacteraceae	Acetobacter	Acetobacter sp.
C4203	Bacteria	Bacillota	Clostridia	Christensenellales	Christensenellaceae	Christensenellaceae sp.	Christensenellaceae sp.
C4204	Bacteria	Pseudomonadota	Alphaproteobacteria	Caulobacterales	Caulobacteraceae	Brevundimonas	Brevundimonas sp.
C4205	Bacteria	Pseudomonadota	Gammaproteobacteria	Lysobacterales	Lysobacteraceae	Stenotrophomonas	Stenotrophomonas sp.
C4208	Bacteria	Pseudomonadota	Alphaproteobacteria	Acetobacterales	Acetobacteraceae	Commensalibacter	Commensalibacter sp.
C4210	Bacteria	Pseudomonadota	Alphaproteobacteria	Acetobacterales	Acetobacteraceae	Gluconobacter	Gluconobacter sp.
C4214	Bacteria	Pseudomonadota	Alphaproteobacteria	Acetobacterales	Acetobacteraceae	Commensalibacter	uncultured bacterium
C4215	Bacteria	Bacteroidota	Bacteroidia	Cytophagales	Cytophagaceae	Cytophaga	uncultured bacterium
C4217	Bacteria	Pseudomonadota	Alphaproteobacteria	Acetobacterales	Acetobacteraceae	Gluconobacter	Gluconobacter sp.
C4222	Bacteria	Pseudomonadota	Alphaproteobacteria	Rickettsiales	Anaplasmataceae	Wolbachia	Wolbachia sp.
C4225	Bacteria	Pseudomonadota	Alphaproteobacteria	Acetobacterales	Acetobacteraceae	Acetobacter	Acetobacter sp.
C4228	Bacteria	Pseudomonadota	Alphaproteobacteria	Acetobacterales	Acetobacteraceae	Commensalibacter	Commensalibacter sp.
C4230	Bacteria	Pseudomonadota	Alphaproteobacteria	Acetobacterales	Acetobacteraceae	Gluconobacter	Gluconobacter sp.
C4233	Bacteria	Pseudomonadota	Alphaproteobacteria	Hyphomicrobiales	Rhizobiaceae	Rhizobiaceae sp.	Rhizobiaceae sp.
C4234	Bacteria	Pseudomonadota	Alphaproteobacteria	Rickettsiales	Anaplasmataceae	Wolbachia	Wolbachia sp.
C4235	Bacteria	Pseudomonadota	Gammaproteobacteria	Enterobacterales	Erwiniaceae	Erwiniaceae sp.	Erwiniaceae sp.
C4236	Bacteria	Pseudomonadota	Alphaproteobacteria	Acetobacterales	Acetobacteraceae	Gluconobacter	Gluconobacter sp.
C4237	Bacteria	Pseudomonadota	Alphaproteobacteria	Acetobacterales	Acetobacteraceae	Acetobacter	Acetobacter sp.
C4239	Bacteria	Pseudomonadota	Alphaproteobacteria	Acetobacterales	Acetobacteraceae	Gluconobacter	Gluconobacter sp.
C4240	Bacteria	Cyanobacteriota	Vampirivibrionia	Obscuribacterales	Obscuribacteraceae	Incertae Sedis	uncultured bacterium
C4241	Bacteria	Pseudomonadota	Alphaproteobacteria	Acetobacterales	Acetobacteraceae	Commensalibacter	uncultured bacterium
C4242	Bacteria	Pseudomonadota	Alphaproteobacteria	Acetobacterales	Acetobacteraceae	Acetobacter	Acetobacter sp.
C4243	Bacteria	Pseudomonadota	Alphaproteobacteria	Caulobacterales	Caulobacteraceae	Caulobacter	Caulobacter sp.
C4249	Bacteria	Pseudomonadota	Gammaproteobacteria	Pseudomonadales	Pseudomonadaceae	Pseudomonas	Pseudomonas sp.
C4251	Bacteria	Pseudomonadota	Gammaproteobacteria	Enterobacterales	Enterobacteriaceae	Enterobacter	Enterobacter sp.
C4253	Bacteria	Pseudomonadota	Gammaproteobacteria	Pseudomonadales	Pseudomonadaceae	Pseudomonas	Pseudomonas sp.
C4259	Bacteria	Pseudomonadota	Alphaproteobacteria	Acetobacterales	Acetobacteraceae	Gluconobacter	Gluconobacter sp.
C4261	Bacteria	Pseudomonadota	Alphaproteobacteria	Rickettsiales	Anaplasmataceae	Wolbachia	Wolbachia sp.
C4262	Bacteria	Pseudomonadota	Alphaproteobacteria	Acetobacterales	Acetobacteraceae	Gluconobacter	Gluconobacter sp.
C4264	Bacteria	Pseudomonadota	Alphaproteobacteria	Rickettsiales	Anaplasmataceae	Wolbachia	Wolbachia sp.
C4266	Bacteria	Pseudomonadota	Gammaproteobacteria	Enterobacterales	Erwiniaceae	Erwiniaceae sp.	Erwiniaceae sp.
C4267	Bacteria	Pseudomonadota	Alphaproteobacteria	Acetobacterales	Acetobacteraceae	Acetobacter	Acetobacter sp.
C4268	Bacteria	Pseudomonadota	Alphaproteobacteria	Rickettsiales	Anaplasmataceae	Wolbachia	Wolbachia sp.
C4269	Bacteria	Pseudomonadota	Gammaproteobacteria	Enterobacterales	Morganellaceae	Providencia	uncultured bacterium
C4271	Bacteria	Bacillota	Bacilli	Lactobacillales	Lactobacillales sp.	Lactobacillales sp.	Lactobacillales sp.
C4273	Bacteria	Pseudomonadota	Alphaproteobacteria	Rickettsiales	Mitochondria	Incertae Sedis	Incertae Sedis sp.
C4274	Bacteria	Pseudomonadota	Alphaproteobacteria	Acetobacterales	Acetobacteraceae	Gluconobacter	Gluconobacter sp.
C4275	Bacteria	Bacteroidota	Bacteroidia	Bacteroidales	Dysgonomonadaceae	Candidatus Armantifilum	Candidatus Armantifilum devescovinae
C4276	Bacteria	Pseudomonadota	Alphaproteobacteria	Acetobacterales	Acetobacteraceae	Commensalibacter	Commensalibacter sp.
C4278	Bacteria	Cyanobacteriota	Cyanobacteriia	Chloroplast	Incertae Sedis	Incertae Sedis	Incertae Sedis sp.
C4279	Bacteria	Pseudomonadota	Alphaproteobacteria	Rickettsiales	Anaplasmataceae	Wolbachia	Wolbachia sp.
C4281	Bacteria	Pseudomonadota	Alphaproteobacteria	Rickettsiales	Anaplasmataceae	Wolbachia	Wolbachia sp.
C4286	Bacteria	Pseudomonadota	Alphaproteobacteria	Rickettsiales	Anaplasmataceae	Wolbachia	Wolbachia sp.
C4287	Bacteria	Pseudomonadota	Alphaproteobacteria	Rickettsiales	Anaplasmataceae	Wolbachia	Wolbachia sp.
C4289	Bacteria	Verrucomicrobiota	Verrucomicrobiia	Chthoniobacterales	Terrimicrobiaceae	Terrimicrobium	uncultured bacterium
C4291	Bacteria	Pseudomonadota	Alphaproteobacteria	Rickettsiales	Anaplasmataceae	Wolbachia	Wolbachia sp.
C4292	Bacteria	Pseudomonadota	Alphaproteobacteria	Rickettsiales	Anaplasmataceae	Wolbachia	Wolbachia sp.
C4293	Bacteria	Pseudomonadota	Alphaproteobacteria	Rickettsiales	Anaplasmataceae	Wolbachia	Wolbachia sp.
C4294	Bacteria	Pseudomonadota	Alphaproteobacteria	Acetobacterales	Acetobacteraceae	Acetobacter	Acetobacter sp.
C4295	Bacteria	Pseudomonadota	Alphaproteobacteria	Acetobacterales	Acetobacteraceae	Komagataeibacter	Komagataeibacter sp.
C4296	Bacteria	Pseudomonadota	Alphaproteobacteria	Rickettsiales	Anaplasmataceae	Wolbachia	Wolbachia sp.
C4297	Bacteria	Bacillota	Clostridia	Clostridiales	Clostridiaceae	Clostridium	Clostridium sp.
C4300	Bacteria	Pseudomonadota	Gammaproteobacteria	Enterobacterales	Enterobacteriaceae	Escherichia-Shigella	uncultured bacterium
C4304	Bacteria	Pseudomonadota	Alphaproteobacteria	Acetobacterales	Acetobacteraceae	Acetobacter	Acetobacter sp.
C4306	Bacteria	Pseudomonadota	Alphaproteobacteria	Acetobacterales	Acetobacteraceae	Commensalibacter	Commensalibacter sp.
C4307	Bacteria	Pseudomonadota	Alphaproteobacteria	Acetobacterales	Acetobacteraceae	Acetobacter	Acetobacter sp.
C4309	Bacteria	Bacteroidota	Bacteroidia	Flavobacteriales	Weeksellaceae	Chryseobacterium	Chryseobacterium sp.
C4310	Bacteria	Pseudomonadota	Gammaproteobacteria	Enterobacterales	Enterobacterales sp.	Enterobacterales sp.	Enterobacterales sp.
C4311	Bacteria	Pseudomonadota	Alphaproteobacteria	Rickettsiales	Anaplasmataceae	Wolbachia	Wolbachia sp.
C4315	Bacteria	Pseudomonadota	Gammaproteobacteria	Enterobacterales	Enterobacterales sp.	Enterobacterales sp.	Enterobacterales sp.
C4317	Bacteria	Bacillota	Clostridia	Clostridiales	Clostridiaceae	Clostridium	Clostridium sp.
C4319	Bacteria	Pseudomonadota	Gammaproteobacteria	Enterobacterales	Enterobacteriaceae	Enterobacter	Enterobacter sp.
C4320	Bacteria	Pseudomonadota	Alphaproteobacteria	Acetobacterales	Acetobacteraceae	Gluconobacter	Gluconobacter sp.
C4322	Bacteria	Pseudomonadota	Alphaproteobacteria	Acetobacterales	Acetobacteraceae	Commensalibacter	Commensalibacter sp.
C4326	Bacteria	Bacillota	Bacilli	Lactobacillales	Lactobacillaceae	Periweissella	Periweissella sp.
C4329	Unknown	Unknown	Unknown	Unknown	Unknown	Unknown	Unknown
C4333	Bacteria	Pseudomonadota	Alphaproteobacteria	Acetobacterales	Acetobacteraceae	Commensalibacter	Commensalibacter sp.
C4334	Bacteria	Pseudomonadota	Gammaproteobacteria	Enterobacterales	Erwiniaceae	Erwiniaceae sp.	Erwiniaceae sp.
C4335	Bacteria	Pseudomonadota	Alphaproteobacteria	Rickettsiales	Anaplasmataceae	Wolbachia	Wolbachia sp.
C4338	Bacteria	Pseudomonadota	Alphaproteobacteria	Rickettsiales	Anaplasmataceae	Wolbachia	Wolbachia sp.
C4339	Bacteria	Pseudomonadota	Alphaproteobacteria	Rickettsiales	Anaplasmataceae	Wolbachia	Wolbachia sp.
C4340	Bacteria	Pseudomonadota	Alphaproteobacteria	Acetobacterales	Acetobacteraceae	Acetobacter	Acetobacter sp.
C4344	Bacteria	Pseudomonadota	Alphaproteobacteria	Acetobacterales	Acetobacteraceae	Acetobacter	Acetobacter sp.
C4346	Bacteria	Pseudomonadota	Alphaproteobacteria	Rickettsiales	Anaplasmataceae	Wolbachia	uncultured Alphaproteobacteria bacterium
C4347	Bacteria	Pseudomonadota	Gammaproteobacteria	Enterobacterales	Enterobacterales sp.	Enterobacterales sp.	Enterobacterales sp.
C4350	Bacteria	Pseudomonadota	Alphaproteobacteria	Acetobacterales	Acetobacteraceae	Commensalibacter	Commensalibacter sp.
C4354	Bacteria	Pseudomonadota	Alphaproteobacteria	Rickettsiales	Anaplasmataceae	Wolbachia	Wolbachia sp.
C4361	Bacteria	Pseudomonadota	Alphaproteobacteria	Acetobacterales	Acetobacteraceae	Commensalibacter	Commensalibacter sp.
C4362	Bacteria	Pseudomonadota	Alphaproteobacteria	Acetobacterales	Acetobacteraceae	Commensalibacter	Commensalibacter sp.
C4366	Bacteria	Pseudomonadota	Alphaproteobacteria	Rickettsiales	Anaplasmataceae	Wolbachia	Wolbachia sp.
C4367	Bacteria	Pseudomonadota	Alphaproteobacteria	Acetobacterales	Acetobacteraceae	Acetobacteraceae sp.	Acetobacteraceae sp.
C4372	Bacteria	Pseudomonadota	Alphaproteobacteria	Rickettsiales	Anaplasmataceae	Wolbachia	Wolbachia sp.
C4374	Bacteria	Pseudomonadota	Alphaproteobacteria	Acetobacterales	Acetobacteraceae	Acetobacter	Acetobacter sp.
C4377	Bacteria	Pseudomonadota	Alphaproteobacteria	Acetobacterales	Acetobacteraceae	Komagataeibacter	Komagataeibacter sp.
C4378	Bacteria	Bacillota	Bacilli	Lactobacillales	Lactobacillaceae	Periweissella	Periweissella sp.
C4382	Bacteria	Pseudomonadota	Gammaproteobacteria	Enterobacterales	Enterobacterales sp.	Enterobacterales sp.	Enterobacterales sp.
C4384	Bacteria	Pseudomonadota	Alphaproteobacteria	Acetobacterales	Acetobacteraceae	Commensalibacter	Commensalibacter sp.
C4386	Bacteria	Pseudomonadota	Gammaproteobacteria	Pseudomonadales	Pseudomonadaceae	Pseudomonas	Pseudomonas sp.
C4388	Bacteria	Pseudomonadota	Gammaproteobacteria	Enterobacterales	Morganellaceae	Providencia	Providencia sp.
C4393	Bacteria	Pseudomonadota	Alphaproteobacteria	Acetobacterales	Acetobacteraceae	Komagataeibacter	Komagataeibacter sp.
C4394	Bacteria	Bacteroidota	Bacteroidia	Bacteroidales	Rikenellaceae	M2PB4-61 termite group	uncultured Bacteroidales bacterium
C4400	Bacteria	Bacteroidota	Bacteroidia	Bacteroidales	Williamwhitmaniaceae	Rs-D38 termite group	uncultured Bacteroidales bacterium
C4401	Bacteria	Pseudomonadota	Alphaproteobacteria	Acetobacterales	Acetobacteraceae	Gluconobacter	Gluconobacter sp.
C4402	Bacteria	Pseudomonadota	Alphaproteobacteria	Rickettsiales	Anaplasmataceae	Wolbachia	Wolbachia sp.
C4405	Bacteria	Pseudomonadota	Gammaproteobacteria	Enterobacterales	Enterobacterales sp.	Enterobacterales sp.	Enterobacterales sp.
C4408	Bacteria	Cyanobacteriota	Cyanobacteriia	Chloroplast	Incertae Sedis	Incertae Sedis	Incertae Sedis sp.
C4411	Bacteria	Pseudomonadota	Gammaproteobacteria	Enterobacterales	Enterobacterales sp.	Enterobacterales sp.	Enterobacterales sp.
C4413	Bacteria	Pseudomonadota	Alphaproteobacteria	Acetobacterales	Acetobacteraceae	Komagataeibacter	Komagataeibacter sp.
C4415	Bacteria	Pseudomonadota	Alphaproteobacteria	Acetobacterales	Acetobacteraceae	Acetobacter	Acetobacter sp.
C4419	Bacteria	Pseudomonadota	Gammaproteobacteria	Pseudomonadales	Pseudomonadaceae	Pseudomonas	Pseudomonas sp.
C4423	Bacteria	Pseudomonadota	Alphaproteobacteria	Rickettsiales	Anaplasmataceae	Wolbachia	Wolbachia sp.
C4426	Bacteria	Cyanobacteriota	Cyanobacteriia	Chloroplast	Incertae Sedis	Incertae Sedis	Incertae Sedis sp.
C4427	Bacteria	Pseudomonadota	Alphaproteobacteria	Rickettsiales	Anaplasmataceae	Wolbachia	Wolbachia sp.
C4429	Bacteria	Pseudomonadota	Alphaproteobacteria	Acetobacterales	Acetobacteraceae	Acetobacteraceae sp.	Acetobacteraceae sp.
C4433	Bacteria	Pseudomonadota	Alphaproteobacteria	Acetobacterales	Acetobacteraceae	Acetobacter	Acetobacter sp.
C4434	Bacteria	Pseudomonadota	Alphaproteobacteria	Acetobacterales	Acetobacteraceae	Commensalibacter	Commensalibacter sp.
C4437	Bacteria	Pseudomonadota	Alphaproteobacteria	Acetobacterales	Acetobacteraceae	Acetobacteraceae sp.	Acetobacteraceae sp.
C4438	Bacteria	Pseudomonadota	Alphaproteobacteria	Acetobacterales	Acetobacteraceae	Acetobacter	Acetobacter sp.
C4439	Bacteria	Pseudomonadota	Alphaproteobacteria	Rickettsiales	Anaplasmataceae	Wolbachia	Wolbachia sp.
C4440	Bacteria	Pseudomonadota	Alphaproteobacteria	Rickettsiales	Mitochondria	Incertae Sedis	Prunus armeniaca (apricot)
C4443	Bacteria	Bacillota	Bacilli	Lactobacillales	Streptococcaceae	Lactococcus	Lactococcus sp.
C4444	Bacteria	Pseudomonadota	Alphaproteobacteria	Acetobacterales	Acetobacteraceae	Gluconobacter	Gluconobacter sp.
C4447	Bacteria	Pseudomonadota	Alphaproteobacteria	Rickettsiales	Mitochondria	Incertae Sedis	Incertae Sedis sp.
C4453	Bacteria	Pseudomonadota	Alphaproteobacteria	Rickettsiales	Anaplasmataceae	Wolbachia	Wolbachia sp.
C4457	Bacteria	Bacillota	Bacilli	Lactobacillales	Lactobacillaceae	Lactiplantibacillus	Lactobacillus plantarum
C4458	Bacteria	Bacillota	Bacilli	Lactobacillales	Lactobacillaceae	Lactiplantibacillus	uncultured Lactobacillus sp.
C4459	Bacteria	Cyanobacteriota	Cyanobacteriia	Chloroplast	Incertae Sedis	Incertae Sedis	Incertae Sedis sp.
C4460	Bacteria	Pseudomonadota	Alphaproteobacteria	Rickettsiales	Mitochondria	Incertae Sedis	Prunus armeniaca (apricot)
C4461	Bacteria	Pseudomonadota	Gammaproteobacteria	Enterobacterales	Enterobacterales sp.	Enterobacterales sp.	Enterobacterales sp.
C4465	Bacteria	Pseudomonadota	Alphaproteobacteria	Rickettsiales	Anaplasmataceae	Wolbachia	Wolbachia sp.
C4466	Bacteria	Bacillota	Bacilli	Lactobacillales	Lactobacillaceae	Levilactobacillus	Levilactobacillus sp.
C4467	Bacteria	Cyanobacteriota	Cyanobacteriia	Chloroplast	Incertae Sedis	Incertae Sedis	Incertae Sedis sp.
C4471	Bacteria	Pseudomonadota	Alphaproteobacteria	Rickettsiales	Anaplasmataceae	Wolbachia	Wolbachia sp.
C4474	Bacteria	Pseudomonadota	Alphaproteobacteria	Acetobacterales	Acetobacteraceae	Acetobacter	Acetobacter sp.
C4478	Bacteria	Bacteroidota	Bacteroidia	Bacteroidales	Dysgonomonadaceae	Dysgonomonas	Dysgonomonas sp.
C4479	Bacteria	Pseudomonadota	Alphaproteobacteria	Acetobacterales	Acetobacteraceae	Gluconobacter	Gluconobacter sp.
C4480	Bacteria	Pseudomonadota	Alphaproteobacteria	Rickettsiales	Anaplasmataceae	Wolbachia	Wolbachia sp.
C4483	Bacteria	Spirochaetota	Spirochaetia	Spirochaetales	Spirochaetaceae	Treponema	Treponema sp.
C4484	Bacteria	Pseudomonadota	Alphaproteobacteria	Acetobacterales	Acetobacteraceae	Acetobacteraceae sp.	Acetobacteraceae sp.
C4485	Bacteria	Bacillota	Bacilli	Lactobacillales	Lactobacillaceae	Lactobacillaceae sp.	Lactobacillaceae sp.
C4487	Bacteria	Bacillota	Bacilli	Lactobacillales	Lactobacillaceae	Lactiplantibacillus	Lactiplantibacillus sp.
C4489	Bacteria	Pseudomonadota	Gammaproteobacteria	Enterobacterales	Erwiniaceae	Erwinia	Erwinia rhapontici
C4494	Bacteria	Pseudomonadota	Alphaproteobacteria	Acetobacterales	Acetobacteraceae	Gluconobacter	Gluconobacter sp.
C4496	Bacteria	Pseudomonadota	Gammaproteobacteria	Enterobacterales	Enterobacterales sp.	Enterobacterales sp.	Enterobacterales sp.
C4498	Bacteria	Bacillota	Bacilli	Lactobacillales	Lactobacillaceae	Lactobacillus	Lactobacillus sp.
C4499	Bacteria	Bacteroidota	Bacteroidia	Sphingobacteriales	Sphingobacteriaceae	Sphingobacterium	Sphingobacterium sp.
C4502	Bacteria	Bacillota	Bacilli	Lactobacillales	Lactobacillaceae	Lactiplantibacillus	Lactobacillus plantarum
C4505	Bacteria	Pseudomonadota	Alphaproteobacteria	Rickettsiales	Anaplasmataceae	Wolbachia	Wolbachia sp.
C4509	Bacteria	Pseudomonadota	Alphaproteobacteria	Acetobacterales	Acetobacteraceae	Acetobacter	Acetobacter lovaniensis
C4511	Bacteria	Pseudomonadota	Gammaproteobacteria	Pseudomonadales	Moraxellaceae	Acinetobacter	Acinetobacter sp.
C4514	Bacteria	Pseudomonadota	Gammaproteobacteria	Pseudomonadales	Pseudomonadaceae	Pseudomonas	Pseudomonas sp.
C4516	Bacteria	Pseudomonadota	Gammaproteobacteria	Enterobacterales	Enterobacterales sp.	Enterobacterales sp.	Enterobacterales sp.
C4517	Bacteria	Bacillota	Bacilli	Paenibacillales	Paenibacillaceae	Paenibacillus	Paenibacillus sp.
C4520	Bacteria	Pseudomonadota	Alphaproteobacteria	Rickettsiales	Anaplasmataceae	Wolbachia	Wolbachia sp.
C4522	Bacteria	Pseudomonadota	Gammaproteobacteria	Enterobacterales	Enterobacteriaceae	Enterobacteriaceae sp.	Enterobacteriaceae sp.
C4523	Unknown	Unknown	Unknown	Unknown	Unknown	Unknown	Unknown
C4529	Bacteria	Pseudomonadota	Gammaproteobacteria	Enterobacterales	Morganellaceae	Providencia	Providencia sp.
C4536	Bacteria	Bacillota	Bacilli	Lactobacillales	Lactobacillaceae	Lactobacillaceae sp.	Lactobacillaceae sp.
C4538	Bacteria	Pseudomonadota	Alphaproteobacteria	Rickettsiales	Anaplasmataceae	Wolbachia	Wolbachia sp.
C4539	Bacteria	Pseudomonadota	Alphaproteobacteria	Hyphomicrobiales	Rhizobiaceae	Rhizobiaceae sp.	Rhizobiaceae sp.
C4541	Bacteria	Pseudomonadota	Alphaproteobacteria	Acetobacterales	Acetobacteraceae	Commensalibacter	Commensalibacter sp.
C4543	Bacteria	Cyanobacteriota	Cyanobacteriia	Chloroplast	Incertae Sedis	Incertae Sedis	Incertae Sedis sp.
C4545	Bacteria	Pseudomonadota	Alphaproteobacteria	Rickettsiales	Anaplasmataceae	Wolbachia	Wolbachia sp.
C4546	Bacteria	Actinomycetota	Actinobacteria	Mycobacteriales	Corynebacteriaceae	Corynebacterium	Corynebacterium sp.
C4550	Bacteria	Pseudomonadota	Alphaproteobacteria	Rickettsiales	Anaplasmataceae	Wolbachia	Wolbachia sp.
C4552	Bacteria	Bacillota	Bacilli	Lactobacillales	Lactobacillaceae	Liquorilactobacillus	Liquorilactobacillus sp.
C4553	Bacteria	Bacillota	Bacilli	Lactobacillales	Lactobacillaceae	Levilactobacillus	Levilactobacillus sp.
C4554	Bacteria	Pseudomonadota	Alphaproteobacteria	Rickettsiales	Anaplasmataceae	Wolbachia	Wolbachia sp.
C4556	Bacteria	Pseudomonadota	Alphaproteobacteria	Rickettsiales	Mitochondria	Incertae Sedis	Incertae Sedis sp.
C4557	Bacteria	Pseudomonadota	Gammaproteobacteria	Enterobacterales	Enterobacteriaceae	Enterobacter	Enterobacter sp.
C4560	Bacteria	Pseudomonadota	Alphaproteobacteria	Acetobacterales	Acetobacteraceae	Commensalibacter	Commensalibacter sp.
C4561	Bacteria	Pseudomonadota	Alphaproteobacteria	Rickettsiales	Mitochondria	Incertae Sedis	Incertae Sedis sp.
C4562	Bacteria	Pseudomonadota	Alphaproteobacteria	Acetobacterales	Acetobacteraceae	Commensalibacter	Commensalibacter sp.
C4566	Bacteria	Bacteroidota	Bacteroidia	Chitinophagales	Chitinophagaceae	DVSBS1	Sphingobacteriia bacterium DVSBS1
C4569	Bacteria	Pseudomonadota	Alphaproteobacteria	Acetobacterales	Acetobacteraceae	Commensalibacter	Commensalibacter sp.
C4572	Bacteria	Pseudomonadota	Alphaproteobacteria	Acetobacterales	Acetobacteraceae	Acetobacter	Acetobacter sp.
C4574	Bacteria	Pseudomonadota	Alphaproteobacteria	Rickettsiales	Mitochondria	Incertae Sedis	Incertae Sedis sp.
C4576	Bacteria	Bacillota	Bacilli	Lactobacillales	Lactobacillaceae	Lactiplantibacillus	Lactobacillus plantarum
C4577	Bacteria	Pseudomonadota	Alphaproteobacteria	Rickettsiales	Anaplasmataceae	Wolbachia	Wolbachia sp.
C4578	Bacteria	Pseudomonadota	Alphaproteobacteria	Acetobacterales	Acetobacteraceae	Acetobacter	Acetobacter sp.
C4579	Bacteria	Pseudomonadota	Alphaproteobacteria	Acetobacterales	Acetobacteraceae	Acetobacter	Acetobacter sp.
C4581	Bacteria	Pseudomonadota	Alphaproteobacteria	Acetobacterales	Acetobacteraceae	Acetobacter	Acetobacter sp.
C4583	Bacteria	Pseudomonadota	Gammaproteobacteria	Enterobacterales	Enterobacterales sp.	Enterobacterales sp.	Enterobacterales sp.
C4584	Bacteria	Pseudomonadota	Alphaproteobacteria	Acetobacterales	Acetobacteraceae	Acetobacteraceae sp.	Acetobacteraceae sp.
C4585	Bacteria	Pseudomonadota	Alphaproteobacteria	Acetobacterales	Acetobacteraceae	Gluconobacter	Gluconobacter sp.
C4586	Bacteria	Cyanobacteriota	Cyanobacteriia	Chloroplast	Incertae Sedis	Incertae Sedis	Incertae Sedis sp.
C4590	Bacteria	Pseudomonadota	Alphaproteobacteria	Rickettsiales	Anaplasmataceae	Wolbachia	Wolbachia sp.
C4591	Bacteria	Pseudomonadota	Gammaproteobacteria	Enterobacterales	Enterobacteriaceae	Enterobacteriaceae sp.	Enterobacteriaceae sp.
C4592	Bacteria	Pseudomonadota	Alphaproteobacteria	Acetobacterales	Acetobacteraceae	Gluconobacter	Gluconobacter sp.
C4593	Bacteria	Cyanobacteriota	Cyanobacteriia	Chloroplast	Incertae Sedis	Incertae Sedis	Incertae Sedis sp.
C4594	Bacteria	Cyanobacteriota	Cyanobacteriia	Chloroplast	Incertae Sedis	Incertae Sedis	Incertae Sedis sp.
C4597	Bacteria	Bacteroidota	Bacteroidia	Sphingobacteriales	Sphingobacteriaceae	Sphingobacterium	Sphingobacterium populi
C4598	Bacteria	Cyanobacteriota	Cyanobacteriia	Chloroplast	Incertae Sedis	Incertae Sedis	Incertae Sedis sp.
C4599	Bacteria	Pseudomonadota	Gammaproteobacteria	Enterobacterales	Enterobacterales sp.	Enterobacterales sp.	Enterobacterales sp.
C4600	Bacteria	Cyanobacteriota	Cyanobacteriia	Chloroplast	Incertae Sedis	Incertae Sedis	Incertae Sedis sp.
C4602	Bacteria	Actinomycetota	Actinobacteria	Pseudonocardiales	Pseudonocardiaceae	Pseudonocardia	Pseudonocardia sp.
C4603	Bacteria	Bacillota	Bacilli	Lactobacillales	Lactobacillaceae	Liquorilactobacillus	Liquorilactobacillus sp.
C4604	Bacteria	Pseudomonadota	Alphaproteobacteria	Acetobacterales	Acetobacteraceae	Gluconobacter	Gluconobacter sp.
C4606	Bacteria	Bacillota	Bacilli	Lactobacillales	Lactobacillaceae	Lacticaseibacillus	Lacticaseibacillus sp.
C4608	Bacteria	Pseudomonadota	Alphaproteobacteria	Rickettsiales	Anaplasmataceae	Wolbachia	Wolbachia sp.
C4613	Bacteria	Pseudomonadota	Alphaproteobacteria	Rickettsiales	Anaplasmataceae	Wolbachia	Wolbachia sp.
C4615	Bacteria	Pseudomonadota	Alphaproteobacteria	Acetobacterales	Acetobacteraceae	Acetobacteraceae sp.	Acetobacteraceae sp.
C4617	Bacteria	Pseudomonadota	Alphaproteobacteria	Rickettsiales	Anaplasmataceae	Wolbachia	Wolbachia sp.
C4619	Bacteria	Pseudomonadota	Alphaproteobacteria	Rickettsiales	Anaplasmataceae	Wolbachia	Wolbachia sp.
C4621	Bacteria	Bacillota	Bacilli	Lactobacillales	Lactobacillaceae	Lactiplantibacillus	Lactobacillus plantarum
C4624	Bacteria	Pseudomonadota	Alphaproteobacteria	Rickettsiales	Anaplasmataceae	Wolbachia	Wolbachia sp.
C4625	Bacteria	Pseudomonadota	Gammaproteobacteria	Pseudomonadales	Pseudomonadaceae	Pseudomonas	Pseudomonas sp.
C4626	Bacteria	Bacillota	Bacilli	Lactobacillales	Lactobacillaceae	Levilactobacillus	Levilactobacillus sp.
C4629	Bacteria	Bacillota	Bacilli	Lactobacillales	Enterococcaceae	Enterococcus	Enterococcus sp.
C4630	Bacteria	Bacillota	Bacilli	Lactobacillales	Lactobacillaceae	Lactobacillaceae sp.	Lactobacillaceae sp.
C4631	Bacteria	Pseudomonadota	Gammaproteobacteria	Burkholderiales	Oxalobacteraceae	Massilia	uncultured bacterium
C4635	Bacteria	Pseudomonadota	Alphaproteobacteria	Rickettsiales	Anaplasmataceae	Wolbachia	Wolbachia sp.
C4637	Bacteria	Spirochaetota	Spirochaetia	Spirochaetales	Spirochaetaceae	Treponema	uncultured Treponema sp.
C4641	Bacteria	Pseudomonadota	Alphaproteobacteria	Acetobacterales	Acetobacteraceae	Gluconobacter	Gluconobacter sp.
C4643	Bacteria	Pseudomonadota	Alphaproteobacteria	Acetobacterales	Acetobacteraceae	Commensalibacter	Commensalibacter sp.
C4647	Bacteria	Pseudomonadota	Alphaproteobacteria	Acetobacterales	Acetobacteraceae	Commensalibacter	Commensalibacter sp.
C4649	Unknown	Unknown	Unknown	Unknown	Unknown	Unknown	Unknown
C4650	Bacteria	Cyanobacteriota	Cyanobacteriia	Chloroplast	Incertae Sedis	Incertae Sedis	Incertae Sedis sp.
C4653	Bacteria	Pseudomonadota	Alphaproteobacteria	Acetobacterales	Acetobacteraceae	Acetobacter	Acetobacter sp.
C4654	Bacteria	Pseudomonadota	Alphaproteobacteria	Acetobacterales	Acetobacteraceae	Acetobacter	Acetobacter sp.
C4656	Bacteria	Pseudomonadota	Alphaproteobacteria	Rickettsiales	Anaplasmataceae	Wolbachia	Wolbachia sp.
C4658	Bacteria	Pseudomonadota	Alphaproteobacteria	Acetobacterales	Acetobacteraceae	Komagataeibacter	Komagataeibacter sp.
C4659	Bacteria	Bacillota	Bacilli	Lactobacillales	Lactobacillaceae	Leuconostoc	Leuconostoc sp.
C4660	Bacteria	Pseudomonadota	Alphaproteobacteria	Acetobacterales	Acetobacteraceae	Commensalibacter	Commensalibacter sp.
C4662	Bacteria	Pseudomonadota	Alphaproteobacteria	Acetobacterales	Acetobacteraceae	Acetobacter	Acetobacter sp.
C4664	Bacteria	Bacteroidota	Bacteroidia	Bacteroidales	Dysgonomonadaceae	Dysgonomonas	uncultured bacterium
C4666	Bacteria	Pseudomonadota	Alphaproteobacteria	Rickettsiales	Anaplasmataceae	Wolbachia	Wolbachia sp.
C4668	Bacteria	Pseudomonadota	Gammaproteobacteria	Enterobacterales	Enterobacteriaceae	Enterobacter	Enterobacter sp.
C4669	Bacteria	Pseudomonadota	Alphaproteobacteria	Rickettsiales	Anaplasmataceae	Wolbachia	Wolbachia sp.
C4671	Bacteria	Pseudomonadota	Alphaproteobacteria	Acetobacterales	Acetobacteraceae	Acetobacteraceae sp.	Acetobacteraceae sp.
C4674	Bacteria	Pseudomonadota	Alphaproteobacteria	Acetobacterales	Acetobacteraceae	Commensalibacter	Commensalibacter sp.
C4677	Bacteria	Pseudomonadota	Alphaproteobacteria	Acetobacterales	Acetobacteraceae	Acetobacter	Acetobacter sp.
C4679	Bacteria	Bacillota	Bacilli	Lactobacillales	Lactobacillaceae	Lactobacillaceae sp.	Lactobacillaceae sp.
C4681	Bacteria	Pseudomonadota	Alphaproteobacteria	Acetobacterales	Acetobacteraceae	Acetobacteraceae sp.	Acetobacteraceae sp.
C4682	Bacteria	Pseudomonadota	Alphaproteobacteria	Rickettsiales	Anaplasmataceae	Wolbachia	Wolbachia sp.
C4683	Bacteria	Pseudomonadota	Alphaproteobacteria	Rickettsiales	Anaplasmataceae	Wolbachia	Wolbachia sp.
C4684	Bacteria	Pseudomonadota	Alphaproteobacteria	Acetobacterales	Acetobacteraceae	Commensalibacter	Commensalibacter sp.
C4685	Bacteria	Pseudomonadota	Gammaproteobacteria	Enterobacterales	Enterobacteriaceae	Enterobacter	Enterobacter sp.
C4686	Bacteria	Pseudomonadota	Gammaproteobacteria	Enterobacterales	Enterobacterales sp.	Enterobacterales sp.	Enterobacterales sp.
C4687	Bacteria	Bacillota	Bacilli	Lactobacillales	Lactobacillaceae	Lactiplantibacillus	Lactiplantibacillus sp.
C4688	Bacteria	Pseudomonadota	Alphaproteobacteria	Acetobacterales	Acetobacteraceae	Commensalibacter	Commensalibacter sp.
C4696	Bacteria	Bacillota	Bacilli	Lactobacillales	Lactobacillaceae	Levilactobacillus	Lactobacillus brevis
C4700	Bacteria	Pseudomonadota	Alphaproteobacteria	Acetobacterales	Acetobacteraceae	Gluconobacter	Gluconobacter sp.
C4701	Bacteria	Pseudomonadota	Gammaproteobacteria	Enterobacterales	Enterobacteriaceae	Enterobacteriaceae sp.	Enterobacteriaceae sp.
C4703	Bacteria	Pseudomonadota	Alphaproteobacteria	Rickettsiales	Anaplasmataceae	Wolbachia	Wolbachia sp.
C4704	Bacteria	Bacillota	Bacilli	Lactobacillales	Lactobacillaceae	Lactiplantibacillus	Lactiplantibacillus sp.
C4706	Bacteria	Bacillota	Bacilli	Lactobacillales	Lactobacillaceae	Leuconostoc	Leuconostoc sp.
C4708	Bacteria	Pseudomonadota	Alphaproteobacteria	Acetobacterales	Acetobacteraceae	Acetobacter	Acetobacter sp.
C4711	Bacteria	Pseudomonadota	Alphaproteobacteria	Rickettsiales	Anaplasmataceae	Wolbachia	Wolbachia sp.
C4712	Bacteria	Bacillota	Bacilli	Lactobacillales	Lactobacillaceae	Lactiplantibacillus	Lactiplantibacillus sp.
C4714	Bacteria	Pseudomonadota	Alphaproteobacteria	Acetobacterales	Acetobacteraceae	Commensalibacter	Commensalibacter sp.
C4719	Bacteria	Pseudomonadota	Gammaproteobacteria	Enterobacterales	Enterobacteriaceae	Enterobacteriaceae sp.	Enterobacteriaceae sp.
C4721	Bacteria	Bacillota	Bacilli	Lactobacillales	Lactobacillaceae	Levilactobacillus	Lactobacillus brevis
C4722	Bacteria	Pseudomonadota	Alphaproteobacteria	Rickettsiales	Anaplasmataceae	Wolbachia	Wolbachia sp.
C4724	Bacteria	Pseudomonadota	Gammaproteobacteria	Enterobacterales	Enterobacterales sp.	Enterobacterales sp.	Enterobacterales sp.
C4725	Bacteria	Pseudomonadota	Gammaproteobacteria	Enterobacterales	Enterobacteriaceae	Enterobacter	Enterobacter sp.
C4726	Bacteria	Pseudomonadota	Alphaproteobacteria	Rickettsiales	Mitochondria	Incertae Sedis	Prunus armeniaca (apricot)
C4727	Eukaryota	Cyanobacteriota	Cyanobacteriia	Chloroplast	Incertae Sedis	Incertae Sedis	Citrus maxima
C4728	Bacteria	Pseudomonadota	Alphaproteobacteria	Rickettsiales	Anaplasmataceae	Wolbachia	Wolbachia sp.
C4732	Bacteria	Pseudomonadota	Alphaproteobacteria	Acetobacterales	Acetobacteraceae	Commensalibacter	Commensalibacter sp.
C4733	Bacteria	Pseudomonadota	Alphaproteobacteria	Acetobacterales	Acetobacteraceae	Acetobacter	Acetobacter sp.
C4735	Bacteria	Pseudomonadota	Alphaproteobacteria	Rickettsiales	Anaplasmataceae	Wolbachia	Wolbachia sp.
C4737	Unknown	Unknown	Unknown	Unknown	Unknown	Unknown	Unknown
C4740	Bacteria	Pseudomonadota	Alphaproteobacteria	Acetobacterales	Acetobacteraceae	Gluconobacter	Gluconobacter sp.
C4741	Bacteria	Pseudomonadota	Alphaproteobacteria	Rickettsiales	Mitochondria	Incertae Sedis	Incertae Sedis sp.
C4742	Bacteria	Bacillota	Bacilli	Lactobacillales	Lactobacillaceae	Levilactobacillus	Levilactobacillus sp.
C4743	Bacteria	Pseudomonadota	Alphaproteobacteria	Acetobacterales	Acetobacteraceae	Acetobacter	Acetobacter sp.
C4744	Bacteria	Pseudomonadota	Alphaproteobacteria	Acetobacterales	Acetobacteraceae	Commensalibacter	Commensalibacter sp.
C4745	Bacteria	Pseudomonadota	Gammaproteobacteria	Pseudomonadales	Pseudomonadaceae	Pseudomonas	Pseudomonas sp.
C4746	Bacteria	Pseudomonadota	Alphaproteobacteria	Acetobacterales	Acetobacteraceae	Acetobacter	Acetobacter sp.
C4747	Bacteria	Pseudomonadota	Alphaproteobacteria	Rickettsiales	Anaplasmataceae	Wolbachia	Wolbachia sp.
C4749	Bacteria	Pseudomonadota	Alphaproteobacteria	Acetobacterales	Acetobacteraceae	Gluconobacter	Gluconobacter sp.
C4750	Bacteria	Cyanobacteriota	Cyanobacteriia	Chloroplast	Incertae Sedis	Incertae Sedis	Incertae Sedis sp.
C4752	Bacteria	Cyanobacteriota	Cyanobacteriia	Chloroplast	Incertae Sedis	Incertae Sedis	Incertae Sedis sp.
C4753	Bacteria	Pseudomonadota	Alphaproteobacteria	Acetobacterales	Acetobacteraceae	Commensalibacter	Commensalibacter sp.
C4755	Bacteria	Pseudomonadota	Gammaproteobacteria	Pseudomonadales	Pseudomonadaceae	Pseudomonas	Pseudomonas sp.
C4756	Bacteria	Pseudomonadota	Alphaproteobacteria	Rickettsiales	Anaplasmataceae	Wolbachia	Wolbachia sp.
C4758	Bacteria	Pseudomonadota	Alphaproteobacteria	Acetobacterales	Acetobacteraceae	Acetobacter	Acetobacter sp.
C4759	Bacteria	Bacillota	Bacilli	Lactobacillales	Streptococcaceae	Lactococcus	Lactococcus sp.
C4760	Bacteria	Pseudomonadota	Alphaproteobacteria	Acetobacterales	Acetobacteraceae	Komagataeibacter	Komagataeibacter sp.
C4764	Bacteria	Bacillota	Bacilli	Lactobacillales	Lactobacillaceae	Lactiplantibacillus	Lactiplantibacillus sp.
C4766	Bacteria	Pseudomonadota	Alphaproteobacteria	Acetobacterales	Acetobacteraceae	Gluconobacter	Gluconobacter sp.
C4768	Bacteria	Cyanobacteriota	Cyanobacteriia	Chloroplast	Incertae Sedis	Incertae Sedis	Incertae Sedis sp.
C4769	Bacteria	Pseudomonadota	Alphaproteobacteria	Acetobacterales	Acetobacteraceae	Commensalibacter	Commensalibacter sp.
C4770	Bacteria	Pseudomonadota	Alphaproteobacteria	Rickettsiales	Anaplasmataceae	Wolbachia	Wolbachia sp.
C4771	Bacteria	Pseudomonadota	Alphaproteobacteria	Acetobacterales	Acetobacteraceae	Acetobacter	Acetobacter sp.
C4773	Bacteria	Bacillota	Bacilli	Lactobacillales	Lactobacillaceae	Lactiplantibacillus	Lactiplantibacillus sp.
C4774	Bacteria	Verrucomicrobiota	Verrucomicrobiia	Chthoniobacterales	Chthoniobacteraceae	LD29	LD29 sp.
C4775	Bacteria	Bacillota	Bacilli	Bacilli sp.	Bacilli sp.	Bacilli sp.	Bacilli sp.
C4778	Bacteria	Pseudomonadota	Alphaproteobacteria	Acetobacterales	Acetobacteraceae	Acetobacter	Acetobacter sp.
C4780	Bacteria	Pseudomonadota	Gammaproteobacteria	Pseudomonadales	Pseudomonadaceae	Pseudomonas	Pseudomonas sp.
C4782	Bacteria	Pseudomonadota	Alphaproteobacteria	Acetobacterales	Acetobacteraceae	Acetobacter	Acetobacter sp.
C4783	Bacteria	Cyanobacteriota	Cyanobacteriia	Chloroplast	Incertae Sedis	Incertae Sedis	Incertae Sedis sp.
C4785	Bacteria	Pseudomonadota	Gammaproteobacteria	Pseudomonadales	Pseudomonadaceae	Pseudomonas	Pseudomonas sp.
C4786	Bacteria	Pseudomonadota	Gammaproteobacteria	Enterobacterales	Enterobacterales sp.	Enterobacterales sp.	Enterobacterales sp.
C4787	Bacteria	Bacillota	Bacilli	Lactobacillales	Lactobacillales sp.	Lactobacillales sp.	Lactobacillales sp.
C4790	Bacteria	Bacillota	Bacilli	Lactobacillales	Enterococcaceae	Enterococcus	Enterococcus sp.
C4791	Bacteria	Bacillota	Bacilli	Lactobacillales	Lactobacillaceae	Lactobacillaceae sp.	Lactobacillaceae sp.
C4793	Bacteria	Bacillota	Bacilli	Lactobacillales	Lactobacillaceae	Levilactobacillus	Lactobacillus brevis
C4794	Bacteria	Pseudomonadota	Alphaproteobacteria	Rickettsiales	Anaplasmataceae	Wolbachia	Wolbachia sp.
C4798	Bacteria	Pseudomonadota	Alphaproteobacteria	Rickettsiales	Anaplasmataceae	Wolbachia	Wolbachia sp.
C4799	Bacteria	Pseudomonadota	Alphaproteobacteria	Acetobacterales	Acetobacteraceae	Gluconobacter	Gluconobacter sp.
C4801	Bacteria	Pseudomonadota	Alphaproteobacteria	Rickettsiales	Anaplasmataceae	Wolbachia	Wolbachia sp.
C4804	Bacteria	Pseudomonadota	Alphaproteobacteria	Acetobacterales	Acetobacteraceae	Acetobacter	Acetobacter sp.
C4805	Bacteria	Bacillota	Bacilli	Lactobacillales	Lactobacillaceae	Lactiplantibacillus	Lactiplantibacillus sp.
C4810	Bacteria	Pseudomonadota	Alphaproteobacteria	Acetobacterales	Acetobacteraceae	Acetobacter	Acetobacter sp.
C4811	Bacteria	Pseudomonadota	Alphaproteobacteria	Acetobacterales	Acetobacteraceae	Commensalibacter	uncultured bacterium
C4813	Bacteria	Pseudomonadota	Alphaproteobacteria	Rickettsiales	Anaplasmataceae	Wolbachia	Wolbachia sp.
C4814	Bacteria	Pseudomonadota	Gammaproteobacteria	Enterobacterales	Enterobacteriaceae	Enterobacter	Enterobacter sp.
C4817	Bacteria	Pseudomonadota	Alphaproteobacteria	Acetobacterales	Acetobacteraceae	Gluconobacter	Gluconobacter sp.
C4819	Bacteria	Pseudomonadota	Alphaproteobacteria	Acetobacterales	Acetobacteraceae	Acetobacter	Acetobacter sp.
C4821	Bacteria	Pseudomonadota	Alphaproteobacteria	Rickettsiales	Anaplasmataceae	Wolbachia	Wolbachia sp.
C4822	Bacteria	Pseudomonadota	Alphaproteobacteria	Rickettsiales	Anaplasmataceae	Wolbachia	Wolbachia sp.
C4823	Bacteria	Pseudomonadota	Alphaproteobacteria	Rickettsiales	Mitochondria	Incertae Sedis	Incertae Sedis sp.
C4824	Bacteria	Pseudomonadota	Alphaproteobacteria	Rickettsiales	Anaplasmataceae	Wolbachia	Wolbachia sp.
C4825	Bacteria	Bacillota	Bacilli	Lactobacillales	Lactobacillaceae	Levilactobacillus	Levilactobacillus sp.
C4827	Bacteria	Pseudomonadota	Alphaproteobacteria	Rickettsiales	Anaplasmataceae	Wolbachia	Wolbachia sp.
C4828	Bacteria	Pseudomonadota	Alphaproteobacteria	Acetobacterales	Acetobacteraceae	Commensalibacter	Commensalibacter sp.
C4829	Bacteria	Pseudomonadota	Alphaproteobacteria	Acetobacterales	Acetobacteraceae	Komagataeibacter	Komagataeibacter sp.
C4830	Bacteria	Pseudomonadota	Alphaproteobacteria	Acetobacterales	Acetobacteraceae	Commensalibacter	uncultured bacterium
C4833	Bacteria	Pseudomonadota	Alphaproteobacteria	Acetobacterales	Acetobacteraceae	Acetobacteraceae sp.	Acetobacteraceae sp.
C4834	Bacteria	Pseudomonadota	Alphaproteobacteria	Acetobacterales	Acetobacteraceae	Gluconobacter	Gluconobacter sp.
C4837	Bacteria	Pseudomonadota	Alphaproteobacteria	Rickettsiales	Mitochondria	Incertae Sedis	Incertae Sedis sp.
C4838	Bacteria	Pseudomonadota	Alphaproteobacteria	Rickettsiales	Anaplasmataceae	Wolbachia	Wolbachia sp.
C4841	Bacteria	Pseudomonadota	Alphaproteobacteria	Rickettsiales	Anaplasmataceae	Wolbachia	Wolbachia sp.
C4842	Bacteria	Pseudomonadota	Alphaproteobacteria	Acetobacterales	Acetobacteraceae	Komagataeibacter	Komagataeibacter sp.
C4843	Bacteria	Pseudomonadota	Alphaproteobacteria	Acetobacterales	Acetobacteraceae	Acetobacteraceae sp.	Acetobacteraceae sp.
C4846	Bacteria	Bacillota	Bacilli	Lactobacillales	Lactobacillaceae	Leuconostoc	Leuconostoc sp.
C4848	Bacteria	Pseudomonadota	Alphaproteobacteria	Acetobacterales	Acetobacteraceae	Acetobacter	Acetobacter sp.
C4849	Bacteria	Pseudomonadota	Alphaproteobacteria	Acetobacterales	Acetobacteraceae	Acetobacter	Acetobacter sp.
C4850	NA	NA sp.	NA sp.	NA sp.	NA sp.	NA sp.	NA sp.
C4851	Bacteria	Pseudomonadota	Alphaproteobacteria	Acetobacterales	Acetobacteraceae	Commensalibacter	Commensalibacter sp.
C4852	Bacteria	Pseudomonadota	Alphaproteobacteria	Rickettsiales	Anaplasmataceae	Wolbachia	Wolbachia sp.
C4853	Bacteria	Pseudomonadota	Alphaproteobacteria	Rickettsiales	Anaplasmataceae	Wolbachia	Wolbachia sp.
C4855	Bacteria	Bacillota	Bacilli	Lactobacillales	Lactobacillaceae	Lactobacillaceae sp.	Lactobacillaceae sp.
C4856	Bacteria	Pseudomonadota	Alphaproteobacteria	Acetobacterales	Acetobacteraceae	Commensalibacter	Commensalibacter sp.
C4858	Bacteria	Pseudomonadota	Alphaproteobacteria	Rickettsiales	Anaplasmataceae	Wolbachia	Wolbachia sp.
C4859	Bacteria	Pseudomonadota	Alphaproteobacteria	Rickettsiales	Anaplasmataceae	Wolbachia	Wolbachia sp.
C4860	Bacteria	Pseudomonadota	Alphaproteobacteria	Rickettsiales	Anaplasmataceae	Wolbachia	Wolbachia sp.
C4861	Bacteria	Pseudomonadota	Alphaproteobacteria	Acetobacterales	Acetobacteraceae	Gluconobacter	Gluconobacter sp.
C4863	Bacteria	Pseudomonadota	Gammaproteobacteria	Enterobacterales	Erwiniaceae	Pantoea	Pantoea sp.
C4864	Bacteria	Pseudomonadota	Alphaproteobacteria	Acetobacterales	Acetobacteraceae	Gluconobacter	Gluconobacter sp.
C4865	Bacteria	Pseudomonadota	Alphaproteobacteria	Acetobacterales	Acetobacteraceae	Acetobacteraceae sp.	Acetobacteraceae sp.
C4866	Bacteria	Pseudomonadota	Gammaproteobacteria	Enterobacterales	Enterobacteriaceae	Enterobacter	Enterobacter sp.
C4867	Bacteria	Pseudomonadota	Alphaproteobacteria	Acetobacterales	Acetobacteraceae	Acetobacter	Acetobacter sp.
C4869	Bacteria	Pseudomonadota	Alphaproteobacteria	Acetobacterales	Acetobacteraceae	Commensalibacter	Commensalibacter sp.
C4872	Bacteria	Pseudomonadota	Alphaproteobacteria	Rickettsiales	Mitochondria	Incertae Sedis	Incertae Sedis sp.
C4873	Bacteria	Pseudomonadota	Gammaproteobacteria	Enterobacterales	Enterobacteriaceae	Enterobacter	Enterobacter sp.
C4874	Bacteria	Pseudomonadota	Alphaproteobacteria	Acetobacterales	Acetobacteraceae	Gluconobacter	Gluconobacter sp.
C4875	Bacteria	Bacteroidota	Bacteroidia	Bacteroidales	Dysgonomonadaceae	Dysgonomonas	Dysgonomonas sp.
C4877	Bacteria	Pseudomonadota	Alphaproteobacteria	Rickettsiales	Anaplasmataceae	Wolbachia	Wolbachia sp.
C4883	Bacteria	Pseudomonadota	Alphaproteobacteria	Rickettsiales	Anaplasmataceae	Wolbachia	Wolbachia sp.
C4884	Bacteria	Pseudomonadota	Alphaproteobacteria	Rickettsiales	Mitochondria	Incertae Sedis	Incertae Sedis sp.
C4885	Bacteria	Pseudomonadota	Alphaproteobacteria	Rickettsiales	Anaplasmataceae	Wolbachia	Wolbachia sp.
C4888	Bacteria	Pseudomonadota	Alphaproteobacteria	Rickettsiales	Anaplasmataceae	Wolbachia	Wolbachia sp.
C4889	Bacteria	Pseudomonadota	Alphaproteobacteria	Rickettsiales	Anaplasmataceae	Wolbachia	Wolbachia sp.
C4890	Bacteria	Bacteroidota	Bacteroidia	Bacteroidales	Dysgonomonadaceae	Dysgonomonas	Dysgonomonas sp.
C4894	Bacteria	Bacillota	Bacilli	Lactobacillales	Enterococcaceae	Enterococcus	Enterococcus sp.
C4896	Bacteria	Pseudomonadota	Alphaproteobacteria	Acetobacterales	Acetobacteraceae	Commensalibacter	Commensalibacter sp.
C4899	Bacteria	Pseudomonadota	Alphaproteobacteria	Acetobacterales	Acetobacteraceae	Gluconobacter	Gluconobacter sp.
C4900	Bacteria	Pseudomonadota	Alphaproteobacteria	Rickettsiales	Anaplasmataceae	Wolbachia	Wolbachia sp.
C4901	Bacteria	Pseudomonadota	Alphaproteobacteria	Acetobacterales	Acetobacteraceae	Komagataeibacter	Komagataeibacter sp.
C4902	Bacteria	Pseudomonadota	Alphaproteobacteria	Acetobacterales	Acetobacteraceae	Commensalibacter	Commensalibacter sp.
C4904	Bacteria	Pseudomonadota	Alphaproteobacteria	Acetobacterales	Acetobacteraceae	Acetobacteraceae sp.	Acetobacteraceae sp.
C4907	Bacteria	Pseudomonadota	Gammaproteobacteria	Burkholderiales	Rhodocyclaceae	Propionivibrio	Propionivibrio sp.
C4911	Bacteria	Pseudomonadota	Alphaproteobacteria	Acetobacterales	Acetobacteraceae	Komagataeibacter	Komagataeibacter sp.
C4912	Bacteria	Pseudomonadota	Alphaproteobacteria	Acetobacterales	Acetobacteraceae	Acetobacter	Acetobacter sp.
C4913	Bacteria	Bacillota	Bacilli	Lactobacillales	Enterococcaceae	Enterococcus	Enterococcus sp.
C4914	Bacteria	Pseudomonadota	Alphaproteobacteria	Acetobacterales	Acetobacteraceae	Gluconobacter	Gluconobacter sp.
C4915	Bacteria	Pseudomonadota	Alphaproteobacteria	Rickettsiales	Anaplasmataceae	Wolbachia	Wolbachia sp.
C4917	Bacteria	Pseudomonadota	Gammaproteobacteria	Enterobacterales	Enterobacteriaceae	Enterobacteriaceae sp.	Enterobacteriaceae sp.
C4918	Bacteria	Pseudomonadota	Alphaproteobacteria	Acetobacterales	Acetobacteraceae	Gluconobacter	Gluconobacter sp.
C4920	Bacteria	Bacillota	Clostridia	Oscillospirales	Ruminococcaceae	Candidatus Soleaferrea	uncultured bacterium
C4923	Bacteria	Pseudomonadota	Alphaproteobacteria	Acetobacterales	Acetobacteraceae	Gluconobacter	Gluconobacter sp.
C4924	Bacteria	Pseudomonadota	Alphaproteobacteria	Rickettsiales	Anaplasmataceae	Wolbachia	Wolbachia sp.
C4925	Bacteria	Pseudomonadota	Alphaproteobacteria	Rickettsiales	Anaplasmataceae	Wolbachia	Wolbachia sp.
C4928	Bacteria	Pseudomonadota	Alphaproteobacteria	Acetobacterales	Acetobacteraceae	Komagataeibacter	Komagataeibacter sp.
C4931	Bacteria	Cyanobacteriota	Cyanobacteriia	Chloroplast	Incertae Sedis	Incertae Sedis	Incertae Sedis sp.
C4932	Bacteria	Pseudomonadota	Alphaproteobacteria	Acetobacterales	Acetobacteraceae	Commensalibacter	Commensalibacter sp.
C4933	Bacteria	Bacillota	Bacilli	Lactobacillales	Lactobacillaceae	Lactobacillaceae sp.	Lactobacillaceae sp.
C4936	Bacteria	Pseudomonadota	Alphaproteobacteria	Holosporales	Holosporaceae	Incertae Sedis	uncultured bacterium
C4938	Bacteria	Pseudomonadota	Gammaproteobacteria	Enterobacterales	Enterobacteriaceae	Enterobacter	Enterobacter sp.
C4939	Bacteria	Pseudomonadota	Alphaproteobacteria	Acetobacterales	Acetobacteraceae	Acetobacteraceae sp.	Acetobacteraceae sp.
C4940	Bacteria	Pseudomonadota	Alphaproteobacteria	Rickettsiales	Anaplasmataceae	Wolbachia	Wolbachia sp.
C4942	Unknown	Unknown	Unknown	Unknown	Unknown	Unknown	Unknown
C4943	Bacteria	Pseudomonadota	Alphaproteobacteria	Acetobacterales	Acetobacteraceae	Gluconobacter	Gluconobacter sp.
C4944	Bacteria	Bacillota	Bacilli	Lactobacillales	Lactobacillaceae	Leuconostoc	Leuconostoc sp.
C4946	Bacteria	Pseudomonadota	Alphaproteobacteria	Rickettsiales	Anaplasmataceae	Wolbachia	Wolbachia sp.
C4948	Bacteria	Pseudomonadota	Alphaproteobacteria	Rickettsiales	Anaplasmataceae	Wolbachia	Wolbachia sp.
C4949	Bacteria	Pseudomonadota	Alphaproteobacteria	Acetobacterales	Acetobacteraceae	Commensalibacter	Commensalibacter sp.
C4951	Bacteria	Pseudomonadota	Alphaproteobacteria	Acetobacterales	Acetobacteraceae	Acetobacter	Acetobacter sp.
C4952	Bacteria	Pseudomonadota	Alphaproteobacteria	Acetobacterales	Acetobacteraceae	Commensalibacter	Commensalibacter sp.
C4955	Bacteria	Pseudomonadota	Alphaproteobacteria	Acetobacterales	Acetobacteraceae	Acetobacteraceae sp.	Acetobacteraceae sp.
C4956	Bacteria	Pseudomonadota	Alphaproteobacteria	Acetobacterales	Acetobacteraceae	Acetobacter	Acetobacter persici
C4961	Bacteria	Pseudomonadota	Alphaproteobacteria	Rickettsiales	Anaplasmataceae	Wolbachia	Wolbachia sp.
C4962	Bacteria	Pseudomonadota	Alphaproteobacteria	Acetobacterales	Acetobacteraceae	Acetobacter	Acetobacter sp.
C4964	Bacteria	Cyanobacteriota	Cyanobacteriia	Chloroplast	Incertae Sedis	Incertae Sedis	Incertae Sedis sp.
C4967	Bacteria	Pseudomonadota	Alphaproteobacteria	Rickettsiales	Anaplasmataceae	Wolbachia	Wolbachia sp.
C4969	Bacteria	Pseudomonadota	Alphaproteobacteria	Acetobacterales	Acetobacteraceae	Gluconobacter	Gluconobacter sp.
C4973	Bacteria	Pseudomonadota	Alphaproteobacteria	Rickettsiales	Anaplasmataceae	Wolbachia	Wolbachia sp.
C4974	Bacteria	Pseudomonadota	Alphaproteobacteria	Acetobacterales	Acetobacteraceae	Commensalibacter	Commensalibacter sp.
C4975	Bacteria	Pseudomonadota	Alphaproteobacteria	Acetobacterales	Acetobacteraceae	Acetobacteraceae sp.	Acetobacteraceae sp.
C4976	Bacteria	Pseudomonadota	Alphaproteobacteria	Rickettsiales	Anaplasmataceae	Wolbachia	Wolbachia sp.
C4977	Bacteria	Pseudomonadota	Alphaproteobacteria	Acetobacterales	Acetobacteraceae	Acetobacter	Acetobacter sp.
C4980	Bacteria	Pseudomonadota	Alphaproteobacteria	Acetobacterales	Acetobacteraceae	Gluconobacter	Gluconobacter sp.
C4983	Bacteria	Pseudomonadota	Alphaproteobacteria	Acetobacterales	Acetobacteraceae	Gluconobacter	Gluconobacter sp.
C4984	Bacteria	Pseudomonadota	Alphaproteobacteria	Acetobacterales	Acetobacteraceae	Commensalibacter	Commensalibacter sp.
C4985	Bacteria	Pseudomonadota	Alphaproteobacteria	Acetobacterales	Acetobacteraceae	Commensalibacter	Commensalibacter sp.
C4988	Bacteria	Pseudomonadota	Alphaproteobacteria	Acetobacterales	Acetobacteraceae	Commensalibacter	Commensalibacter sp.
C4989	Unknown	Unknown	Unknown	Unknown	Unknown	Unknown	Unknown
C4990	Bacteria	Pseudomonadota	Alphaproteobacteria	Rickettsiales	Anaplasmataceae	Wolbachia	Wolbachia sp.
C4994	Bacteria	Pseudomonadota	Alphaproteobacteria	Rickettsiales	Anaplasmataceae	Wolbachia	Wolbachia sp.
C4996	Bacteria	Bacillota	Bacilli	Lactobacillales	Lactobacillaceae	Lactobacillaceae sp.	Lactobacillaceae sp.
C4997	Bacteria	Cyanobacteriota	Cyanobacteriia	Chloroplast	Incertae Sedis	Incertae Sedis	Incertae Sedis sp.
C4998	Bacteria	Pseudomonadota	Alphaproteobacteria	Hyphomicrobiales	Xanthobacteraceae	Xanthobacter	Xanthobacter sp.
C4999	Bacteria	Bacillota	Bacilli	Lactobacillales	Lactobacillaceae	Leuconostoc	Leuconostoc sp.
C5001	Bacteria	Pseudomonadota	Gammaproteobacteria	Enterobacterales	Enterobacteriaceae	Enterobacter	Enterobacter sp.
C5002	Bacteria	Pseudomonadota	Gammaproteobacteria	Pseudomonadales	Moraxellaceae	Perlucidibaca	Perlucidibaca sp.
C5006	Bacteria	Pseudomonadota	Gammaproteobacteria	Burkholderiales	Comamonadaceae	Comamonadaceae sp.	Comamonadaceae sp.
C5008	Bacteria	Bacillota	Bacilli	Lactobacillales	Streptococcaceae	Lactococcus	Lactococcus sp.
C5011	Bacteria	Pseudomonadota	Alphaproteobacteria	Rickettsiales	Anaplasmataceae	Wolbachia	Wolbachia sp.
C5012	Bacteria	Pseudomonadota	Alphaproteobacteria	Acetobacterales	Acetobacteraceae	Acetobacter	Acetobacter sp.
C5013	Bacteria	Bacillota	Bacilli	Lactobacillales	Lactobacillaceae	Leuconostoc	Leuconostoc sp.
C5016	Bacteria	Bacillota	Bacilli	Lactobacillales	Lactobacillales sp.	Lactobacillales sp.	Lactobacillales sp.
C5018	Bacteria	Actinomycetota	Actinobacteria	Micrococcales	Brevibacteriaceae	Brevibacterium	Brevibacterium sp.
C5021	Bacteria	Bacteroidota	Bacteroidia	Flavobacteriales	Weeksellaceae	Weeksella	uncultured bacterium
C5022	Bacteria	Pseudomonadota	Gammaproteobacteria	Gammaproteobacteria sp.	Gammaproteobacteria sp.	Gammaproteobacteria sp.	Gammaproteobacteria sp.
C5027	Bacteria	Pseudomonadota	Alphaproteobacteria	Rickettsiales	Anaplasmataceae	Wolbachia	Wolbachia sp.
C5029	Bacteria	Pseudomonadota	Alphaproteobacteria	Acetobacterales	Acetobacteraceae	Acetobacteraceae sp.	Acetobacteraceae sp.
C5030	Bacteria	Pseudomonadota	Alphaproteobacteria	Rickettsiales	Anaplasmataceae	Wolbachia	Wolbachia sp.
C5033	Bacteria	Bacillota	Bacilli	Lactobacillales	Lactobacillaceae	Lactobacillaceae sp.	Lactobacillaceae sp.
C5034	Bacteria	Bacteroidota	Bacteroidia	Sphingobacteriales	Sphingobacteriaceae	Sphingobacterium	Sphingobacterium sp.
C5037	Bacteria	Bacteroidota	Bacteroidia	Flavobacteriales	Flavobacteriaceae	Myroides	Myroides sp.
C5041	Bacteria	Bacteroidota	Bacteroidia	Bacteroidales	Rikenellaceae	M2PB4-61 termite group	uncultured Bacteroidales bacterium
C5045	Bacteria	Pseudomonadota	Alphaproteobacteria	Acetobacterales	Acetobacteraceae	Gluconobacter	Gluconobacter sp.
C5047	Bacteria	Pseudomonadota	Alphaproteobacteria	Rickettsiales	Anaplasmataceae	Wolbachia	Wolbachia sp.
C5048	Bacteria	Pseudomonadota	Alphaproteobacteria	Acetobacterales	Acetobacteraceae	Acetobacteraceae sp.	Acetobacteraceae sp.
C5050	Bacteria	Pseudomonadota	Alphaproteobacteria	Acetobacterales	Acetobacteraceae	Commensalibacter	Commensalibacter sp.
C5054	Bacteria	Bacillota	Bacilli	Lactobacillales	Lactobacillales sp.	Lactobacillales sp.	Lactobacillales sp.
C5056	Bacteria	Pseudomonadota	Gammaproteobacteria	Enterobacterales	Enterobacterales sp.	Enterobacterales sp.	Enterobacterales sp.
C5057	Bacteria	Pseudomonadota	Gammaproteobacteria	Enterobacterales	Enterobacteriaceae	Enterobacter	Enterobacter sp.
C5059	Bacteria	Pseudomonadota	Alphaproteobacteria	Acetobacterales	Acetobacteraceae	Commensalibacter	Commensalibacter sp.
C5061	Bacteria	Pseudomonadota	Gammaproteobacteria	Burkholderiales	Comamonadaceae	Comamonadaceae sp.	Comamonadaceae sp.
C5062	Bacteria	Pseudomonadota	Alphaproteobacteria	Rickettsiales	Anaplasmataceae	Wolbachia	Wolbachia sp.
C5063	Bacteria	Pseudomonadota	Gammaproteobacteria	Pseudomonadales	Pseudomonadaceae	Pseudomonas	Pseudomonas sp. M1(2015b)
C5065	Bacteria	Pseudomonadota	Alphaproteobacteria	Acetobacterales	Acetobacteraceae	Gluconobacter	Gluconobacter sp.
C5067	Bacteria	Pseudomonadota	Alphaproteobacteria	Acetobacterales	Acetobacteraceae	Acetobacter	Acetobacter persici
C5068	Bacteria	Bacteroidota	Bacteroidia	Flavobacteriales	Flavobacteriaceae	Flavobacterium	Flavobacterium sp. enrichment culture clone SA_NR2_1
C5072	Bacteria	Pseudomonadota	Alphaproteobacteria	Acetobacterales	Acetobacteraceae	Commensalibacter	Commensalibacter sp.
C5073	Bacteria	Pseudomonadota	Alphaproteobacteria	Rickettsiales	Anaplasmataceae	Wolbachia	Wolbachia sp.
C5074	Bacteria	Bacteroidota	Bacteroidia	Flavobacteriales	Weeksellaceae	Weeksellaceae sp.	Weeksellaceae sp.
C5076	Bacteria	Pseudomonadota	Alphaproteobacteria	Acetobacterales	Acetobacteraceae	Acetobacter	Acetobacter sp.
C5081	Bacteria	Pseudomonadota	Alphaproteobacteria	Acetobacterales	Acetobacteraceae	Acetobacter	Acetobacter sp.
C5082	Bacteria	Bacillota	Bacilli	Lactobacillales	Streptococcaceae	Lactococcus	Lactococcus sp.
C5083	Bacteria	Bacillota	Bacilli	Lactobacillales	Lactobacillaceae	Lactobacillaceae sp.	Lactobacillaceae sp.
C5084	Bacteria	Pseudomonadota	Alphaproteobacteria	Acetobacterales	Acetobacteraceae	Acetobacteraceae sp.	Acetobacteraceae sp.
C5085	Bacteria	Pseudomonadota	Alphaproteobacteria	Acetobacterales	Acetobacteraceae	Acetobacter	Acetobacter sp.
C5088	Bacteria	Pseudomonadota	Alphaproteobacteria	Rickettsiales	Anaplasmataceae	Wolbachia	Wolbachia sp.
C5090	Bacteria	Actinomycetota	Actinobacteria	Propionibacteriales	Nocardioidaceae	Aeromicrobium	Aeromicrobium sp.
C5091	Bacteria	Pseudomonadota	Alphaproteobacteria	Acetobacterales	Acetobacteraceae	Komagataeibacter	Komagataeibacter sp.
C5092	Bacteria	Bacillota	Bacilli	Lactobacillales	Lactobacillaceae	Lactiplantibacillus	Lactiplantibacillus sp.
C5093	Bacteria	Pseudomonadota	Alphaproteobacteria	Acetobacterales	Acetobacteraceae	Acetobacter	Acetobacter sp.
C5096	Bacteria	Pseudomonadota	Alphaproteobacteria	Rickettsiales	Mitochondria	Incertae Sedis	Incertae Sedis sp.
C5099	Bacteria	Pseudomonadota	Alphaproteobacteria	Rickettsiales	Anaplasmataceae	Wolbachia	Wolbachia sp.
C5102	Bacteria	Pseudomonadota	Alphaproteobacteria	Rickettsiales	Anaplasmataceae	Wolbachia	Wolbachia sp.
C5105	Bacteria	Bacteroidota	Bacteroidia	Bacteroidales	Dysgonomonadaceae	Dysgonomonas	uncultured bacterium
C5107	Bacteria	Pseudomonadota	Gammaproteobacteria	Enterobacterales	Enterobacteriaceae	Enterobacteriaceae sp.	Enterobacteriaceae sp.
C5109	Bacteria	Actinomycetota	Actinobacteria	Micrococcales	Cellulomonadaceae	Cellulomonadaceae sp.	Cellulomonadaceae sp.
C5111	Bacteria	Pseudomonadota	Alphaproteobacteria	Rickettsiales	Anaplasmataceae	Wolbachia	Wolbachia sp.
C5114	Bacteria	Pseudomonadota	Gammaproteobacteria	Pseudomonadales	Cellvibrionaceae	Cellvibrio	uncultured bacterium
C5116	Bacteria	Bdellovibrionota	Bdellovibrionia	Bdellovibrionales	Pseudobdellovibrionaceae	Bdellovibrio	uncultured Bdellovibrio sp.
C5117	Bacteria	Pseudomonadota	Alphaproteobacteria	Rickettsiales	Anaplasmataceae	Wolbachia	Wolbachia sp.
C5121	Bacteria	Pseudomonadota	Alphaproteobacteria	Acetobacterales	Acetobacteraceae	Commensalibacter	Commensalibacter sp.
C5122	Bacteria	Pseudomonadota	Alphaproteobacteria	Acetobacterales	Acetobacteraceae	Acetobacteraceae sp.	Acetobacteraceae sp.
C5125	Bacteria	Pseudomonadota	Alphaproteobacteria	Rickettsiales	Anaplasmataceae	Wolbachia	Wolbachia sp.
C5126	Bacteria	Pseudomonadota	Alphaproteobacteria	Acetobacterales	Acetobacteraceae	Komagataeibacter	Komagataeibacter sp.
C5127	Bacteria	Pseudomonadota	Alphaproteobacteria	Acetobacterales	Acetobacteraceae	Commensalibacter	Commensalibacter sp.
C5129	Bacteria	Pseudomonadota	Alphaproteobacteria	Rickettsiales	Anaplasmataceae	Wolbachia	Wolbachia sp.
C5132	Bacteria	Pseudomonadota	Alphaproteobacteria	Acetobacterales	Acetobacteraceae	Komagataeibacter	Komagataeibacter sp.
C5134	Bacteria	Pseudomonadota	Alphaproteobacteria	Acetobacterales	Acetobacteraceae	Commensalibacter	Commensalibacter sp.
C5136	Bacteria	Pseudomonadota	Alphaproteobacteria	Rickettsiales	Anaplasmataceae	Wolbachia	Wolbachia sp.
C5137	Bacteria	Bdellovibrionota	Bacteriovoracia	Bacteriovoracales	Bacteriovoracaceae	Bacteriovorax	Bacteriovorax sp.
C5138	Bacteria	Pseudomonadota	Alphaproteobacteria	Acetobacterales	Acetobacteraceae	Commensalibacter	Commensalibacter sp.
C5139	Bacteria	Pseudomonadota	Alphaproteobacteria	Acetobacterales	Acetobacteraceae	Acetobacteraceae sp.	Acetobacteraceae sp.
C5140	Bacteria	Pseudomonadota	Alphaproteobacteria	Rickettsiales	Anaplasmataceae	Wolbachia	Wolbachia sp.
C5141	Bacteria	Bacteroidota	Bacteroidia	Sphingobacteriales	Sphingobacteriaceae	Sphingobacterium	Sphingobacterium sp.
C5145	Bacteria	Pseudomonadota	Alphaproteobacteria	Acetobacterales	Acetobacteraceae	Komagataeibacter	Komagataeibacter sp.
C5146	Bacteria	Pseudomonadota	Gammaproteobacteria	Gammaproteobacteria sp.	Gammaproteobacteria sp.	Gammaproteobacteria sp.	Gammaproteobacteria sp.
C5148	Bacteria	Pseudomonadota	Alphaproteobacteria	Acetobacterales	Acetobacteraceae	Gluconobacter	Gluconobacter sp.
C5151	Bacteria	Pseudomonadota	Gammaproteobacteria	Gammaproteobacteria sp.	Gammaproteobacteria sp.	Gammaproteobacteria sp.	Gammaproteobacteria sp.
C5153	Bacteria	Pseudomonadota	Gammaproteobacteria	Enterobacterales	Morganellaceae	Morganella	Morganella morganii
C5157	Bacteria	Pseudomonadota	Alphaproteobacteria	Acetobacterales	Acetobacteraceae	Acetobacteraceae sp.	Acetobacteraceae sp.
C5158	Bacteria	Pseudomonadota	Alphaproteobacteria	Rickettsiales	Anaplasmataceae	Wolbachia	Wolbachia sp.
C5160	Bacteria	Pseudomonadota	Alphaproteobacteria	Rickettsiales	Anaplasmataceae	Wolbachia	Wolbachia sp.
C5165	Bacteria	Pseudomonadota	Alphaproteobacteria	Acetobacterales	Acetobacteraceae	Acetobacter	Acetobacter sp.
C5167	Bacteria	Pseudomonadota	Gammaproteobacteria	Enterobacterales	Enterobacteriaceae	Enterobacteriaceae sp.	Enterobacteriaceae sp.
C5168	Bacteria	Pseudomonadota	Gammaproteobacteria	Enterobacterales	Enterobacterales sp.	Enterobacterales sp.	Enterobacterales sp.
C5171	Bacteria	Pseudomonadota	Alphaproteobacteria	Acetobacterales	Acetobacteraceae	Acetobacteraceae sp.	Acetobacteraceae sp.
C5172	Bacteria	Pseudomonadota	Alphaproteobacteria	Acetobacterales	Acetobacteraceae	Komagataeibacter	Komagataeibacter hansenii
C5173	Bacteria	Pseudomonadota	Alphaproteobacteria	Rickettsiales	Anaplasmataceae	Wolbachia	Wolbachia sp.
C5174	Bacteria	Pseudomonadota	Gammaproteobacteria	Pseudomonadales	Pseudomonadaceae	Pseudomonas	Pseudomonas sp.
C5175	Bacteria	Pseudomonadota	Alphaproteobacteria	Acetobacterales	Acetobacteraceae	Commensalibacter	Commensalibacter sp.
C5176	Bacteria	Spirochaetota	Spirochaetia	Spirochaetales	Spirochaetaceae	Treponema	Treponema sp.
C5178	Bacteria	Pseudomonadota	Alphaproteobacteria	Acetobacterales	Acetobacteraceae	Komagataeibacter	Komagataeibacter sp.
C5180	Bacteria	Pseudomonadota	Alphaproteobacteria	Acetobacterales	Acetobacteraceae	Acetobacter	Acetobacter sp.
C5181	Bacteria	Cyanobacteriota	Cyanobacteriia	Chloroplast	Incertae Sedis	Incertae Sedis	Incertae Sedis sp.
C5183	Bacteria	Bacillota	Bacilli	Lactobacillales	Lactobacillaceae	Lactobacillaceae sp.	Lactobacillaceae sp.
C5184	Bacteria	Pseudomonadota	Alphaproteobacteria	Rickettsiales	Mitochondria	Incertae Sedis	Incertae Sedis sp.
C5185	Bacteria	Pseudomonadota	Alphaproteobacteria	Rickettsiales	Anaplasmataceae	Wolbachia	Wolbachia sp.
C5186	Bacteria	Pseudomonadota	Alphaproteobacteria	Rickettsiales	Anaplasmataceae	Wolbachia	Wolbachia sp.
C5187	Bacteria	Pseudomonadota	Alphaproteobacteria	Acetobacterales	Acetobacteraceae	Acetobacter	Acetobacter sp.
C5188	Bacteria	Pseudomonadota	Gammaproteobacteria	Gammaproteobacteria sp.	Gammaproteobacteria sp.	Gammaproteobacteria sp.	Gammaproteobacteria sp.
C5190	Bacteria	Pseudomonadota	Alphaproteobacteria	Acetobacterales	Acetobacteraceae	Commensalibacter	Commensalibacter sp.
C5191	Bacteria	Pseudomonadota	Alphaproteobacteria	Rickettsiales	Anaplasmataceae	Wolbachia	Wolbachia sp.
C5192	Bacteria	Pseudomonadota	Alphaproteobacteria	Acetobacterales	Acetobacteraceae	Commensalibacter	Commensalibacter sp.
C5193	Bacteria	Pseudomonadota	Gammaproteobacteria	Pseudomonadales	Cellvibrionaceae	Cellvibrio	Cellvibrio sp.
C5195	Bacteria	Bacillota	Clostridia	Clostridia sp.	Clostridia sp.	Clostridia sp.	Clostridia sp.
C5197	Bacteria	Pseudomonadota	Alphaproteobacteria	Acetobacterales	Acetobacteraceae	Commensalibacter	Commensalibacter sp.
C5200	Bacteria	Pseudomonadota	Gammaproteobacteria	Enterobacterales	Erwiniaceae	Pantoea	Pantoea sp.
C5202	Bacteria	Pseudomonadota	Alphaproteobacteria	Acetobacterales	Acetobacteraceae	Komagataeibacter	Komagataeibacter sp.
C5203	Bacteria	Pseudomonadota	Alphaproteobacteria	Acetobacterales	Acetobacteraceae	Acetobacter	Acetobacter sp.
C5204	Bacteria	Pseudomonadota	Alphaproteobacteria	Rickettsiales	Anaplasmataceae	Wolbachia	Wolbachia sp.
C5205	Bacteria	Bdellovibrionota	Bdellovibrionia	Bdellovibrionales	Pseudobdellovibrionaceae	Bdellovibrio	uncultured bacterium
C5206	Bacteria	Pseudomonadota	Alphaproteobacteria	Acetobacterales	Acetobacteraceae	Komagataeibacter	Komagataeibacter hansenii
C5208	Bacteria	Pseudomonadota	Alphaproteobacteria	Rickettsiales	Anaplasmataceae	Wolbachia	Wolbachia sp.
C5209	Bacteria	Pseudomonadota	Alphaproteobacteria	Rickettsiales	Anaplasmataceae	Wolbachia	Wolbachia sp.
C5211	Bacteria	Pseudomonadota	Alphaproteobacteria	Rickettsiales	Anaplasmataceae	Wolbachia	Wolbachia sp.
C5212	Bacteria	Pseudomonadota	Alphaproteobacteria	Acetobacterales	Acetobacteraceae	Gluconobacter	Gluconobacter sp.
C5214	Unknown	Unknown	Unknown	Unknown	Unknown	Unknown	Unknown
C5216	Bacteria	Pseudomonadota	Alphaproteobacteria	Acetobacterales	Acetobacteraceae	Commensalibacter	Commensalibacter sp.
C5217	Bacteria	Pseudomonadota	Gammaproteobacteria	Enterobacterales	Enterobacteriaceae	Enterobacter	Enterobacter sp.
C5218	Bacteria	Pseudomonadota	Alphaproteobacteria	Acetobacterales	Acetobacteraceae	Acetobacter	Acetobacter sp.
C5225	Bacteria	Pseudomonadota	Alphaproteobacteria	Acetobacterales	Acetobacteraceae	Acetobacter	Acetobacter sp.
C5226	Bacteria	Pseudomonadota	Alphaproteobacteria	Acetobacterales	Acetobacteraceae	Commensalibacter	Commensalibacter sp.
C5227	Bacteria	Pseudomonadota	Alphaproteobacteria	Acetobacterales	Acetobacteraceae	Gluconobacter	Gluconobacter sp.
C5228	Bacteria	Pseudomonadota	Alphaproteobacteria	Rickettsiales	Anaplasmataceae	Wolbachia	Wolbachia sp.
C5230	Bacteria	Pseudomonadota	Alphaproteobacteria	Rickettsiales	Anaplasmataceae	Wolbachia	Wolbachia sp.
C5232	Bacteria	Pseudomonadota	Alphaproteobacteria	Acetobacterales	Acetobacteraceae	Komagataeibacter	Komagataeibacter sp.
C5235	Bacteria	Pseudomonadota	Alphaproteobacteria	Rickettsiales	Anaplasmataceae	Wolbachia	Wolbachia sp.
C5236	Bacteria	Pseudomonadota	Alphaproteobacteria	Acetobacterales	Acetobacteraceae	Gluconobacter	Gluconobacter sp.
C5240	Bacteria	Pseudomonadota	Gammaproteobacteria	Enterobacterales	Enterobacterales sp.	Enterobacterales sp.	Enterobacterales sp.
C5242	Bacteria	Bacillota	Bacilli	Lactobacillales	Lactobacillaceae	Lactobacillaceae sp.	Lactobacillaceae sp.
C5243	Bacteria	Pseudomonadota	Alphaproteobacteria	Rickettsiales	Anaplasmataceae	Wolbachia	Wolbachia sp.
C5245	Bacteria	Pseudomonadota	Alphaproteobacteria	Acetobacterales	Acetobacteraceae	Acetobacter	Acetobacter sp.
C5246	Bacteria	Pseudomonadota	Alphaproteobacteria	Rickettsiales	Anaplasmataceae	Wolbachia	Wolbachia sp.
C5249	Bacteria	Pseudomonadota	Alphaproteobacteria	Acetobacterales	Acetobacteraceae	Gluconobacter	Gluconobacter sp.
C5251	Bacteria	Pseudomonadota	Gammaproteobacteria	Enterobacterales	Enterobacteriaceae	Enterobacter	Enterobacter sp.
C5254	Bacteria	Pseudomonadota	Alphaproteobacteria	Rickettsiales	Anaplasmataceae	Wolbachia	Wolbachia sp.
C5255	Bacteria	Pseudomonadota	Alphaproteobacteria	Acetobacterales	Acetobacteraceae	Acetobacter	Acetobacter sp.
C5256	Bacteria	Pseudomonadota	Gammaproteobacteria	Lysobacterales	Rhodanobacteraceae	Rhodanobacteraceae sp.	Rhodanobacteraceae sp.
C5258	Bacteria	Pseudomonadota	Alphaproteobacteria	Acetobacterales	Acetobacteraceae	Komagataeibacter	Komagataeibacter sp.
C5261	Bacteria	Bacteroidota	Bacteroidia	Sphingobacteriales	Sphingobacteriaceae	Pedobacter	Pedobacter sp.
C5262	Bacteria	Pseudomonadota	Gammaproteobacteria	Enterobacterales	Enterobacteriaceae	Enterobacter	Enterobacter sp.
C5263	Bacteria	Pseudomonadota	Alphaproteobacteria	Acetobacterales	Acetobacteraceae	Gluconobacter	Gluconobacter sp.
C5264	Bacteria	Pseudomonadota	Gammaproteobacteria	Enterobacterales	Enterobacteriaceae	Enterobacteriaceae sp.	Enterobacteriaceae sp.
C5265	Bacteria	Pseudomonadota	Alphaproteobacteria	Acetobacterales	Acetobacteraceae	Commensalibacter	Commensalibacter sp.
C5266	Bacteria	Pseudomonadota	Alphaproteobacteria	Acetobacterales	Acetobacteraceae	Acetobacter	Acetobacter sp.
C5268	Bacteria	Pseudomonadota	Alphaproteobacteria	Rickettsiales	Anaplasmataceae	Wolbachia	Wolbachia sp.
C5271	Bacteria	Pseudomonadota	Alphaproteobacteria	Acetobacterales	Acetobacteraceae	Acetobacteraceae sp.	Acetobacteraceae sp.
C5272	Bacteria	Pseudomonadota	Alphaproteobacteria	Rickettsiales	Anaplasmataceae	Wolbachia	Wolbachia sp.
C5273	Unknown	Unknown	Unknown	Unknown	Unknown	Unknown	Unknown
C5274	Bacteria	Pseudomonadota	Alphaproteobacteria	Rickettsiales	Anaplasmataceae	Wolbachia	uncultured Alphaproteobacteria bacterium
C5279	Bacteria	Pseudomonadota	Alphaproteobacteria	Acetobacterales	Acetobacteraceae	Acetobacter	Acetobacter sp.
C5280	Bacteria	Pseudomonadota	Gammaproteobacteria	Enterobacterales	Enterobacteriaceae	Enterobacter	Enterobacter sp.
C5282	Bacteria	Pseudomonadota	Alphaproteobacteria	Acetobacterales	Acetobacteraceae	Acetobacteraceae sp.	Acetobacteraceae sp.
C5283	Bacteria	Pseudomonadota	Alphaproteobacteria	Acetobacterales	Acetobacteraceae	Gluconobacter	Gluconobacter sp.
C5286	Bacteria	Pseudomonadota	Alphaproteobacteria	Rickettsiales	Anaplasmataceae	Wolbachia	Wolbachia sp.
C5287	Bacteria	Pseudomonadota	Alphaproteobacteria	Rickettsiales	Anaplasmataceae	Wolbachia	Wolbachia sp.
C5288	Bacteria	Pseudomonadota	Alphaproteobacteria	Acetobacterales	Acetobacteraceae	Gluconobacter	Gluconobacter sp.
C5290	Bacteria	Pseudomonadota	Pseudomonadota sp.	Pseudomonadota sp.	Pseudomonadota sp.	Pseudomonadota sp.	Pseudomonadota sp.
C5292	Bacteria	Pseudomonadota	Alphaproteobacteria	Acetobacterales	Acetobacteraceae	Acetobacteraceae sp.	Acetobacteraceae sp.
C5294	Bacteria	Pseudomonadota	Alphaproteobacteria	Acetobacterales	Acetobacteraceae	Acetobacter	Acetobacter sp.
C5295	Bacteria	Pseudomonadota	Alphaproteobacteria	Rickettsiales	Anaplasmataceae	Wolbachia	uncultured bacterium
C5297	Bacteria	Pseudomonadota	Alphaproteobacteria	Rickettsiales	Anaplasmataceae	Wolbachia	Wolbachia sp.
C5298	Bacteria	Pseudomonadota	Alphaproteobacteria	Rickettsiales	Anaplasmataceae	Wolbachia	Wolbachia sp.
C5304	Bacteria	Pseudomonadota	Alphaproteobacteria	Rickettsiales	Anaplasmataceae	Wolbachia	Wolbachia sp.
C5306	Bacteria	Pseudomonadota	Alphaproteobacteria	Acetobacterales	Acetobacteraceae	Acetobacter	Acetobacter sp.
C5308	Bacteria	Pseudomonadota	Gammaproteobacteria	Enterobacterales	Enterobacteriaceae	Enterobacter	Enterobacter sp.
C5310	Bacteria	Pseudomonadota	Alphaproteobacteria	Acetobacterales	Acetobacteraceae	Commensalibacter	Commensalibacter sp.
C5314	Bacteria	Bacillota	Bacilli	Lactobacillales	Lactobacillaceae	Leuconostoc	Leuconostoc sp.
C5316	Bacteria	Pseudomonadota	Alphaproteobacteria	Rickettsiales	Anaplasmataceae	Wolbachia	Wolbachia sp.
C5317	Bacteria	Pseudomonadota	Alphaproteobacteria	Acetobacterales	Acetobacteraceae	Acetobacter	Acetobacter sp.
C5318	Bacteria	Pseudomonadota	Alphaproteobacteria	Acetobacterales	Acetobacteraceae	Acetobacter	Acetobacter sp.
C5320	Bacteria	Pseudomonadota	Alphaproteobacteria	Caulobacterales	Caulobacteraceae	Brevundimonas	Brevundimonas sp.
C5322	Bacteria	Pseudomonadota	Alphaproteobacteria	Acetobacterales	Acetobacteraceae	Commensalibacter	Commensalibacter sp.
C5324	Bacteria	Pseudomonadota	Alphaproteobacteria	Acetobacterales	Acetobacteraceae	Gluconacetobacter	Gluconacetobacter sp.
C5325	Bacteria	Pseudomonadota	Alphaproteobacteria	Rickettsiales	Anaplasmataceae	Wolbachia	Wolbachia sp.
C5326	Bacteria	Pseudomonadota	Alphaproteobacteria	Reyranellales	Reyranellaceae	Reyranella	Reyranella sp.
C5329	Bacteria	Pseudomonadota	Alphaproteobacteria	Acetobacterales	Acetobacteraceae	Commensalibacter	Commensalibacter sp.
C5332	Bacteria	Pseudomonadota	Alphaproteobacteria	Acetobacterales	Acetobacteraceae	Gluconobacter	Gluconobacter sp.
C5334	Bacteria	Pseudomonadota	Alphaproteobacteria	Acetobacterales	Acetobacteraceae	Gluconobacter	Gluconobacter sp.
C5336	Bacteria	Bacillota	Bacilli	Lactobacillales	Enterococcaceae	Enterococcus	Enterococcus sp.
C5338	Bacteria	Pseudomonadota	Alphaproteobacteria	Acetobacterales	Acetobacteraceae	Komagataeibacter	Komagataeibacter sp.
C5339	Bacteria	Pseudomonadota	Alphaproteobacteria	Acetobacterales	Acetobacteraceae	Acetobacter	Acetobacter sp.
C5340	Bacteria	Pseudomonadota	Alphaproteobacteria	Rickettsiales	Anaplasmataceae	Wolbachia	Wolbachia sp.
C5344	Bacteria	Pseudomonadota	Alphaproteobacteria	Acetobacterales	Acetobacteraceae	Acetobacter	Acetobacter sp.
C5345	Bacteria	Pseudomonadota	Alphaproteobacteria	Acetobacterales	Acetobacteraceae	Gluconobacter	Gluconobacter sp.
C5346	Unknown	Unknown	Unknown	Unknown	Unknown	Unknown	Unknown
C5347	Bacteria	Pseudomonadota	Alphaproteobacteria	Hyphomicrobiales	Xanthobacteraceae	Xanthobacter	Xanthobacter sp.
C5350	Bacteria	Bacillota	Bacilli	Lactobacillales	Lactobacillaceae	Leuconostoc	Leuconostoc sp.
C5351	Bacteria	Bacillota	Bacilli	Lactobacillales	Lactobacillaceae	Lactiplantibacillus	Lactobacillus plantarum
C5353	Bacteria	Pseudomonadota	Gammaproteobacteria	Enterobacterales	Enterobacteriaceae	Enterobacteriaceae sp.	Enterobacteriaceae sp.
C5354	Bacteria	Pseudomonadota	Gammaproteobacteria	Pseudomonadales	Moraxellaceae	Acinetobacter	Acinetobacter sp.
C5355	Bacteria	Pseudomonadota	Alphaproteobacteria	Acetobacterales	Acetobacteraceae	Commensalibacter	uncultured bacterium
C5356	Bacteria	Pseudomonadota	Alphaproteobacteria	Acetobacterales	Acetobacteraceae	Commensalibacter	Commensalibacter sp.
C5358	Bacteria	Bacillota	Bacilli	Lactobacillales	Lactobacillaceae	Leuconostoc	Leuconostoc sp.
C5359	Bacteria	Pseudomonadota	Alphaproteobacteria	Acetobacterales	Acetobacteraceae	Gluconobacter	Gluconobacter sp.
C5363	Bacteria	Pseudomonadota	Alphaproteobacteria	Rickettsiales	Anaplasmataceae	Wolbachia	Wolbachia sp.
C5364	Bacteria	Pseudomonadota	Gammaproteobacteria	Enterobacterales	Enterobacteriaceae	Enterobacter	Enterobacter sp.
C5367	Bacteria	Pseudomonadota	Gammaproteobacteria	Enterobacterales	Enterobacteriaceae	Enterobacteriaceae sp.	Enterobacteriaceae sp.
C5368	Bacteria	Pseudomonadota	Alphaproteobacteria	Acetobacterales	Acetobacteraceae	Gluconobacter	Gluconobacter sp.
C5369	Bacteria	Pseudomonadota	Alphaproteobacteria	Acetobacterales	Acetobacteraceae	Komagataeibacter	Komagataeibacter sp.
C5372	Bacteria	Pseudomonadota	Alphaproteobacteria	Rickettsiales	Anaplasmataceae	Wolbachia	Wolbachia sp.
C5374	Bacteria	Pseudomonadota	Alphaproteobacteria	Rickettsiales	Anaplasmataceae	Wolbachia	Wolbachia sp.
C5377	Bacteria	Pseudomonadota	Alphaproteobacteria	Acetobacterales	Acetobacteraceae	Gluconobacter	Gluconobacter sp.
C5379	Bacteria	Pseudomonadota	Gammaproteobacteria	Enterobacterales	Enterobacteriaceae	Enterobacteriaceae sp.	Enterobacteriaceae sp.
C5380	Bacteria	Pseudomonadota	Alphaproteobacteria	Rickettsiales	Anaplasmataceae	Wolbachia	Wolbachia endosymbiont of Plocopsylla achillea
C5381	Bacteria	Bacillota	Bacilli	Lactobacillales	Lactobacillaceae	Leuconostoc	Leuconostoc sp.
C5382	Bacteria	Pseudomonadota	Alphaproteobacteria	Acetobacterales	Acetobacteraceae	Acetobacteraceae sp.	Acetobacteraceae sp.
C5386	Bacteria	Pseudomonadota	Alphaproteobacteria	Acetobacterales	Acetobacteraceae	Gluconobacter	Gluconobacter sp.
C5387	Bacteria	Bacteroidota	Bacteroidia	Chitinophagales	Chitinophagaceae	DVSBS1	Sphingobacteriia bacterium DVSBS1
C5389	Bacteria	Pseudomonadota	Alphaproteobacteria	Acetobacterales	Acetobacteraceae	Gluconobacter	Gluconobacter sp.
C5390	Bacteria	Pseudomonadota	Gammaproteobacteria	Burkholderiales	Burkholderiales sp.	Burkholderiales sp.	Burkholderiales sp.
C5396	Bacteria	Pseudomonadota	Alphaproteobacteria	Rickettsiales	Anaplasmataceae	Wolbachia	Wolbachia sp.
C5397	Unknown	Unknown	Unknown	Unknown	Unknown	Unknown	Unknown
C5401	Bacteria	Pseudomonadota	Gammaproteobacteria	Enterobacterales	Enterobacterales sp.	Enterobacterales sp.	Enterobacterales sp.
C5402	Bacteria	Cyanobacteriota	Cyanobacteriia	Cyanobacteriales	Phormidiaceae	Arthrospira PCC-7345	Arthrospira PCC-7345 sp.
C5403	Bacteria	Pseudomonadota	Gammaproteobacteria	Pseudomonadales	Pseudomonadales sp.	Pseudomonadales sp.	Pseudomonadales sp.
C5410	Bacteria	Pseudomonadota	Alphaproteobacteria	Rickettsiales	Anaplasmataceae	Wolbachia	Wolbachia sp.
C5412	Bacteria	Pseudomonadota	Alphaproteobacteria	Acetobacterales	Acetobacteraceae	Acetobacter	Acetobacter sp.
C5413	Bacteria	Pseudomonadota	Alphaproteobacteria	Rickettsiales	Mitochondria	Incertae Sedis	Rhynchosporium orthosporum
C5414	Bacteria	Pseudomonadota	Alphaproteobacteria	Acetobacterales	Acetobacteraceae	Acetobacteraceae sp.	Acetobacteraceae sp.
C5415	Bacteria	Pseudomonadota	Gammaproteobacteria	Enterobacterales	Enterobacterales sp.	Enterobacterales sp.	Enterobacterales sp.
C5416	Bacteria	Pseudomonadota	Alphaproteobacteria	Acetobacterales	Acetobacteraceae	Gluconobacter	Gluconobacter sp.
C5417	Bacteria	Pseudomonadota	Alphaproteobacteria	Rickettsiales	Anaplasmataceae	Wolbachia	Wolbachia sp.
C5418	Bacteria	Bacteroidota	Bacteroidia	Chitinophagales	Chitinophagaceae	DVSBS1	Sphingobacteriia bacterium DVSBS1
C5421	Bacteria	Pseudomonadota	Gammaproteobacteria	Lysobacterales	Rhodanobacteraceae	Rhodanobacteraceae sp.	Rhodanobacteraceae sp.
C5423	Bacteria	Bacteroidota	Bacteroidia	Bacteroidales	Dysgonomonadaceae	Dysgonomonas	Dysgonomonas sp.
C5425	Bacteria	Pseudomonadota	Alphaproteobacteria	Acetobacterales	Acetobacteraceae	Gluconobacter	Gluconobacter sp.
C5426	Bacteria	Bacillota	Bacilli	Lactobacillales	Lactobacillaceae	Lactiplantibacillus	Lactiplantibacillus sp.
C5428	Bacteria	Pseudomonadota	Alphaproteobacteria	Acetobacterales	Acetobacteraceae	Acetobacter	Acetobacter sp.
C5429	Bacteria	Pseudomonadota	Gammaproteobacteria	Enterobacterales	Enterobacteriaceae	Enterobacter	Enterobacter sp.
C5431	Bacteria	Pseudomonadota	Gammaproteobacteria	Enterobacterales	Orbaceae	Incertae Sedis	uncultured bacterium
C5432	Bacteria	Bacillota	Bacilli	Bacillales	Bacillaceae	Bacillus	Bacillus sp.
C5443	Bacteria	Pseudomonadota	Alphaproteobacteria	Acetobacterales	Acetobacteraceae	Commensalibacter	uncultured bacterium
C5445	Bacteria	Pseudomonadota	Alphaproteobacteria	Acetobacterales	Acetobacteraceae	Gluconobacter	Gluconobacter sp.
C5447	Bacteria	Pseudomonadota	Alphaproteobacteria	Acetobacterales	Acetobacteraceae	Gluconobacter	Gluconobacter sp.
C5450	Bacteria	Pseudomonadota	Alphaproteobacteria	Acetobacterales	Acetobacteraceae	Acetobacter	Acetobacter sp.
C5451	Bacteria	Pseudomonadota	Alphaproteobacteria	Acetobacterales	Acetobacteraceae	Komagataeibacter	Komagataeibacter saccharivorans
C5453	Bacteria	Pseudomonadota	Alphaproteobacteria	Acetobacterales	Acetobacteraceae	Acetobacter	Acetobacter sp.
C5456	Bacteria	Cyanobacteriota	Cyanobacteriia	Chloroplast	Incertae Sedis	Incertae Sedis	Incertae Sedis sp.
C5458	Bacteria	Pseudomonadota	Alphaproteobacteria	Azospirillales	Azospirillaceae	Skermanella	Skermanella sp.
C5459	Bacteria	Pseudomonadota	Alphaproteobacteria	Acetobacterales	Acetobacteraceae	Commensalibacter	Commensalibacter sp.
C5460	Bacteria	Pseudomonadota	Alphaproteobacteria	Acetobacterales	Acetobacteraceae	Gluconobacter	Gluconobacter sp.
C5467	Bacteria	Pseudomonadota	Gammaproteobacteria	Lysobacterales	Rhodanobacteraceae	Rhodanobacteraceae sp.	Rhodanobacteraceae sp.
C5468	Bacteria	Pseudomonadota	Gammaproteobacteria	Enterobacterales	Enterobacterales sp.	Enterobacterales sp.	Enterobacterales sp.
C5469	Bacteria	Pseudomonadota	Gammaproteobacteria	Enterobacterales	Enterobacteriaceae	Enterobacter	Enterobacter sp.
C5470	Bacteria	Pseudomonadota	Alphaproteobacteria	Acetobacterales	Acetobacteraceae	Acetobacteraceae sp.	Acetobacteraceae sp.
C5471	Bacteria	Pseudomonadota	Alphaproteobacteria	Acetobacterales	Acetobacteraceae	Gluconobacter	Gluconobacter sp.
C5472	Bacteria	Pseudomonadota	Gammaproteobacteria	Enterobacterales	Enterobacterales sp.	Enterobacterales sp.	Enterobacterales sp.
C5474	Bacteria	Pseudomonadota	Alphaproteobacteria	Acetobacterales	Acetobacteraceae	Acetobacteraceae sp.	Acetobacteraceae sp.
C5478	Bacteria	Pseudomonadota	Alphaproteobacteria	Acetobacterales	Acetobacteraceae	Gluconobacter	Gluconobacter sp.
C5480	Bacteria	Pseudomonadota	Gammaproteobacteria	Burkholderiales	Burkholderiales sp.	Burkholderiales sp.	Burkholderiales sp.
C5481	Bacteria	Cyanobacteriota	Cyanobacteriia	Chloroplast	Incertae Sedis	Incertae Sedis	Incertae Sedis sp.
C5482	Bacteria	Pseudomonadota	Alphaproteobacteria	Rickettsiales	Anaplasmataceae	Wolbachia	Wolbachia sp.
C5483	Bacteria	Bacillota	Bacilli	Lactobacillales	Lactobacillaceae	Leuconostoc	Leuconostoc sp.
C5484	Bacteria	Pseudomonadota	Alphaproteobacteria	Rickettsiales	Anaplasmataceae	Wolbachia	Wolbachia sp.
C5485	Bacteria	Pseudomonadota	Alphaproteobacteria	Rickettsiales	Anaplasmataceae	Wolbachia	Wolbachia sp.
C5486	Bacteria	Pseudomonadota	Alphaproteobacteria	Caulobacterales	Caulobacteraceae	Brevundimonas	Brevundimonas sp.
C5492	Bacteria	Pseudomonadota	Gammaproteobacteria	Enterobacterales	Enterobacteriaceae	Enterobacteriaceae sp.	Enterobacteriaceae sp.
C5494	Bacteria	Pseudomonadota	Alphaproteobacteria	Acetobacterales	Acetobacteraceae	Komagataeibacter	Komagataeibacter sp.
C5497	Bacteria	Pseudomonadota	Alphaproteobacteria	Acetobacterales	Acetobacteraceae	Gluconobacter	Gluconobacter sp.
C5499	Bacteria	Pseudomonadota	Alphaproteobacteria	Rickettsiales	Anaplasmataceae	Wolbachia	Wolbachia sp.
C5501	Bacteria	Pseudomonadota	Alphaproteobacteria	Acetobacterales	Acetobacteraceae	Gluconobacter	Gluconobacter sp.
C5503	Bacteria	Pseudomonadota	Gammaproteobacteria	Lysobacterales	Rhodanobacteraceae	Rhodanobacteraceae sp.	Rhodanobacteraceae sp.
C5507	Bacteria	Pseudomonadota	Gammaproteobacteria	Enterobacterales	Enterobacterales sp.	Enterobacterales sp.	Enterobacterales sp.
C5510	Bacteria	Pseudomonadota	Alphaproteobacteria	Acetobacterales	Acetobacteraceae	Commensalibacter	uncultured bacterium
C5512	Bacteria	Pseudomonadota	Alphaproteobacteria	Rickettsiales	Anaplasmataceae	Wolbachia	Wolbachia endosymbiont of Craneopsylla minerva wolffheuglia
C5514	Bacteria	Pseudomonadota	Alphaproteobacteria	Acetobacterales	Acetobacteraceae	Acetobacter	Acetobacter sp.
C5515	Bacteria	Pseudomonadota	Alphaproteobacteria	Rickettsiales	Anaplasmataceae	Wolbachia	Wolbachia sp.
C5517	Bacteria	Pseudomonadota	Alphaproteobacteria	Acetobacterales	Acetobacteraceae	Komagataeibacter	Komagataeibacter sp.
C5518	Bacteria	Pseudomonadota	Alphaproteobacteria	Acetobacterales	Acetobacteraceae	Gluconobacter	Gluconobacter sp.
C5520	Bacteria	Pseudomonadota	Alphaproteobacteria	Acetobacterales	Acetobacteraceae	Gluconobacter	Gluconobacter sp.
C5522	Unknown	Unknown	Unknown	Unknown	Unknown	Unknown	Unknown
C5524	Bacteria	Pseudomonadota	Alphaproteobacteria	Acetobacterales	Acetobacteraceae	Gluconobacter	Gluconobacter sp.
C5525	Bacteria	Pseudomonadota	Gammaproteobacteria	Enterobacterales	Enterobacteriaceae	Enterobacteriaceae sp.	Enterobacteriaceae sp.
C5532	Bacteria	Pseudomonadota	Gammaproteobacteria	Pseudomonadales	Pseudomonadaceae	Pseudomonas	Pseudomonas sp.
C5534	Eukaryota	Excavata	Metamonada	Parabasalia	Spirotrichonymphea	pool A symbiont group	Spirotrichonymphida sp.
C5537	Bacteria	Pseudomonadota	Alphaproteobacteria	Rickettsiales	Anaplasmataceae	Wolbachia	Wolbachia sp.
C5540	Bacteria	Bacillota	Clostridia	Lachnospirales	Lachnospiraceae	Tyzzerella	uncultured bacterium
C5541	Bacteria	Pseudomonadota	Alphaproteobacteria	Acetobacterales	Acetobacteraceae	Gluconacetobacter	Gluconacetobacter sp.
C5542	Bacteria	Pseudomonadota	Alphaproteobacteria	Acetobacterales	Acetobacteraceae	Gluconobacter	Gluconobacter sp.
C5543	Bacteria	Pseudomonadota	Gammaproteobacteria	Enterobacterales	Erwiniaceae	Erwiniaceae sp.	Erwiniaceae sp.
C5544	Bacteria	Pseudomonadota	Alphaproteobacteria	Acetobacterales	Acetobacteraceae	Gluconobacter	Gluconobacter sp.
C5545	Bacteria	Pseudomonadota	Gammaproteobacteria	Burkholderiales	Burkholderiales sp.	Burkholderiales sp.	Burkholderiales sp.
C5546	Bacteria	Pseudomonadota	Alphaproteobacteria	Rickettsiales	Anaplasmataceae	Wolbachia	Wolbachia sp.
C5548	Bacteria	Pseudomonadota	Alphaproteobacteria	Rickettsiales	Anaplasmataceae	Wolbachia	Wolbachia sp.
C5550	Bacteria	Pseudomonadota	Alphaproteobacteria	Rickettsiales	Anaplasmataceae	Wolbachia	Wolbachia sp.
C5553	Bacteria	Pseudomonadota	Alphaproteobacteria	Acetobacterales	Acetobacteraceae	Gluconobacter	Gluconobacter sp.
C5554	Bacteria	Pseudomonadota	Alphaproteobacteria	Acetobacterales	Acetobacteraceae	Gluconobacter	Gluconobacter sp.
C5557	Bacteria	Bacillota	Bacilli	Lactobacillales	Lactobacillaceae	Lactobacillaceae sp.	Lactobacillaceae sp.
C5558	Bacteria	Pseudomonadota	Alphaproteobacteria	Acetobacterales	Acetobacteraceae	Gluconobacter	Gluconobacter sp.
C5559	Bacteria	Pseudomonadota	Alphaproteobacteria	Acetobacterales	Acetobacteraceae	Acetobacteraceae sp.	Acetobacteraceae sp.
C5562	Bacteria	Pseudomonadota	Gammaproteobacteria	Enterobacterales	Enterobacterales sp.	Enterobacterales sp.	Enterobacterales sp.
C5563	Bacteria	Pseudomonadota	Alphaproteobacteria	Rickettsiales	Anaplasmataceae	Wolbachia	Wolbachia sp.
C5564	Bacteria	Cyanobacteriota	Cyanobacteriia	Chloroplast	Incertae Sedis	Incertae Sedis	Incertae Sedis sp.
C5567	Bacteria	Pseudomonadota	Alphaproteobacteria	Acetobacterales	Acetobacteraceae	Acetobacter	Acetobacter sp.
C5572	Bacteria	Pseudomonadota	Alphaproteobacteria	Acetobacterales	Acetobacteraceae	Gluconobacter	Gluconobacter sp.
C5573	Bacteria	Pseudomonadota	Alphaproteobacteria	Rickettsiales	Anaplasmataceae	Wolbachia	Wolbachia sp.
C5574	Bacteria	Bacillota	Bacilli	Lactobacillales	Lactobacillaceae	Leuconostoc	Leuconostoc sp.
C5579	Bacteria	Pseudomonadota	Alphaproteobacteria	Acetobacterales	Acetobacteraceae	Acetobacteraceae sp.	Acetobacteraceae sp.
C5582	Bacteria	Pseudomonadota	Gammaproteobacteria	Enterobacterales	Orbaceae	Orbaceae sp.	Orbaceae sp.
C5587	Bacteria	Pseudomonadota	Alphaproteobacteria	Rickettsiales	Anaplasmataceae	Wolbachia	Wolbachia sp.
C5588	NA	NA sp.	NA sp.	NA sp.	NA sp.	NA sp.	NA sp.
C5590	Bacteria	Pseudomonadota	Alphaproteobacteria	Acetobacterales	Acetobacteraceae	Acetobacter	Acetobacter sp.
C5591	Bacteria	Actinomycetota	Actinobacteria	Micrococcales	Micrococcaceae	Kocuria	Kocuria sp.
C5592	Bacteria	Pseudomonadota	Alphaproteobacteria	Acetobacterales	Acetobacteraceae	Acetobacter	Acetobacter sp.
C5594	Bacteria	Pseudomonadota	Alphaproteobacteria	Rickettsiales	Anaplasmataceae	Wolbachia	Wolbachia sp.
C5599	Bacteria	Pseudomonadota	Alphaproteobacteria	Acetobacterales	Acetobacteraceae	Acetobacteraceae sp.	Acetobacteraceae sp.
C5601	Bacteria	Pseudomonadota	Alphaproteobacteria	Acetobacterales	Acetobacteraceae	Gluconacetobacter	Gluconacetobacter sp.
C5602	Bacteria	Pseudomonadota	Alphaproteobacteria	Acetobacterales	Acetobacteraceae	Komagataeibacter	Komagataeibacter sp.
C5605	Bacteria	Pseudomonadota	Alphaproteobacteria	Acetobacterales	Acetobacteraceae	Acetobacteraceae sp.	Acetobacteraceae sp.
C5609	Bacteria	Pseudomonadota	Alphaproteobacteria	Acetobacterales	Acetobacteraceae	Commensalibacter	Commensalibacter sp.
C5611	Bacteria	Pseudomonadota	Gammaproteobacteria	Enterobacterales	Enterobacteriaceae	Klebsiella	Klebsiella pneumoniae
C5614	Bacteria	Pseudomonadota	Gammaproteobacteria	Enterobacterales	Enterobacteriaceae	Enterobacteriaceae sp.	Enterobacteriaceae sp.
C5621	Bacteria	Pseudomonadota	Alphaproteobacteria	Acetobacterales	Acetobacteraceae	Acetobacter	Acetobacter sp.
C5622	Bacteria	Pseudomonadota	Alphaproteobacteria	Acetobacterales	Acetobacteraceae	Gluconobacter	Gluconobacter sp.
C5624	Bacteria	Pseudomonadota	Alphaproteobacteria	Rickettsiales	Anaplasmataceae	Wolbachia	Wolbachia sp.
C5625	Bacteria	Pseudomonadota	Alphaproteobacteria	Acetobacterales	Acetobacteraceae	Acetobacter	Acetobacter sp.
C5628	Bacteria	Pseudomonadota	Alphaproteobacteria	Rickettsiales	Anaplasmataceae	Wolbachia	Wolbachia sp.
C5629	Bacteria	Pseudomonadota	Alphaproteobacteria	Rickettsiales	Anaplasmataceae	Wolbachia	Wolbachia sp.
C5630	Bacteria	Pseudomonadota	Alphaproteobacteria	Acetobacterales	Acetobacteraceae	Acetobacter	Acetobacter sp.
C5632	Bacteria	Pseudomonadota	Alphaproteobacteria	Acetobacterales	Acetobacteraceae	Komagataeibacter	Komagataeibacter sp.
C5633	Bacteria	Pseudomonadota	Alphaproteobacteria	Acetobacterales	Acetobacteraceae	Commensalibacter	Commensalibacter sp.
C5635	Bacteria	Pseudomonadota	Alphaproteobacteria	Acetobacterales	Acetobacteraceae	Commensalibacter	Commensalibacter sp.
C5636	Bacteria	Pseudomonadota	Alphaproteobacteria	Acetobacterales	Acetobacteraceae	Komagataeibacter	Komagataeibacter sp.
C5637	Bacteria	Bacillota	Bacilli	Exiguobacterales	Exiguobacteraceae	Exiguobacterium	Exiguobacterium sp.
C5639	Bacteria	Pseudomonadota	Alphaproteobacteria	Acetobacterales	Acetobacteraceae	Acetobacter	Acetobacter sp.
C5646	Bacteria	Pseudomonadota	Alphaproteobacteria	Acetobacterales	Acetobacteraceae	Acetobacter	Acetobacter sp.
C5647	Bacteria	Cyanobacteriota	Cyanobacteriia	Chloroplast	Incertae Sedis	Incertae Sedis	Incertae Sedis sp.
C5649	Bacteria	Pseudomonadota	Alphaproteobacteria	Rickettsiales	Anaplasmataceae	Wolbachia	Wolbachia sp.
C5651	Bacteria	Pseudomonadota	Alphaproteobacteria	Acetobacterales	Acetobacteraceae	Gluconobacter	Gluconobacter sp.
C5652	Bacteria	Pseudomonadota	Alphaproteobacteria	Acetobacterales	Acetobacteraceae	Acetobacter	Acetobacter sp.
C5654	Unknown	Unknown	Unknown	Unknown	Unknown	Unknown	Unknown
C5655	Bacteria	Pseudomonadota	Gammaproteobacteria	Enterobacterales	Enterobacterales sp.	Enterobacterales sp.	Enterobacterales sp.
C5662	Bacteria	Pseudomonadota	Alphaproteobacteria	Acetobacterales	Acetobacteraceae	Komagataeibacter	Komagataeibacter sp.
C5664	Bacteria	Pseudomonadota	Alphaproteobacteria	Acetobacterales	Acetobacteraceae	Commensalibacter	Commensalibacter sp.
C5665	Bacteria	Bacillota	Bacilli	Lactobacillales	Lactobacillaceae	Leuconostoc	Leuconostoc sp.
C5666	Bacteria	Pseudomonadota	Alphaproteobacteria	Acetobacterales	Acetobacteraceae	Gluconobacter	Gluconobacter sp.
C5668	Bacteria	Pseudomonadota	Alphaproteobacteria	Rickettsiales	Anaplasmataceae	Wolbachia	Wolbachia sp.
C5670	Bacteria	Pseudomonadota	Gammaproteobacteria	Enterobacterales	Enterobacteriaceae	Enterobacteriaceae sp.	Enterobacteriaceae sp.
C5672	Bacteria	Pseudomonadota	Alphaproteobacteria	Acetobacterales	Acetobacteraceae	Gluconobacter	Gluconobacter sp.
C5674	Bacteria	Pseudomonadota	Alphaproteobacteria	Rickettsiales	Anaplasmataceae	Wolbachia	Wolbachia sp.
C5675	Bacteria	Pseudomonadota	Alphaproteobacteria	Rickettsiales	Anaplasmataceae	Wolbachia	Wolbachia sp.
C5676	Bacteria	Bacteroidota	Bacteroidia	Flavobacteriales	Flavobacteriaceae	Flavobacterium	uncultured bacterium
C5677	Bacteria	Bacillota	Bacilli	Lactobacillales	Lactobacillaceae	Leuconostoc	Leuconostoc sp.
C5678	Bacteria	Pseudomonadota	Gammaproteobacteria	Enterobacterales	Enterobacteriaceae	Enterobacteriaceae sp.	Enterobacteriaceae sp.
C5680	Bacteria	Pseudomonadota	Alphaproteobacteria	Acetobacterales	Acetobacteraceae	Acetobacter	Acetobacter sp.
C5681	Bacteria	Pseudomonadota	Gammaproteobacteria	Enterobacterales	Erwiniaceae	Pantoea	Pantoea sp.
C5682	Bacteria	Pseudomonadota	Alphaproteobacteria	Acetobacterales	Acetobacteraceae	Gluconobacter	Gluconobacter sp.
C5683	Bacteria	Pseudomonadota	Gammaproteobacteria	Lysobacterales	Rhodanobacteraceae	Rhodanobacteraceae sp.	Rhodanobacteraceae sp.
C5684	Bacteria	Pseudomonadota	Alphaproteobacteria	Acetobacterales	Acetobacteraceae	Acetobacteraceae sp.	Acetobacteraceae sp.
C5685	Bacteria	Pseudomonadota	Alphaproteobacteria	Rickettsiales	Anaplasmataceae	Wolbachia	uncultured Alphaproteobacteria bacterium
C5686	Bacteria	Bacteroidota	Bacteroidia	Bacteroidales	p-2534-18B5 gut group	Incertae Sedis	uncultured bacterium
C5688	Bacteria	Pseudomonadota	Alphaproteobacteria	Rickettsiales	Anaplasmataceae	Wolbachia	Wolbachia sp.
C5690	NA	NA sp.	NA sp.	NA sp.	NA sp.	NA sp.	NA sp.
C5691	Bacteria	Pseudomonadota	Gammaproteobacteria	Lysobacterales	Rhodanobacteraceae	Rhodanobacteraceae sp.	Rhodanobacteraceae sp.
C5692	Bacteria	Pseudomonadota	Alphaproteobacteria	Acetobacterales	Acetobacteraceae	Acetobacter	Acetobacter persici
C5696	Bacteria	Pseudomonadota	Gammaproteobacteria	Enterobacterales	Enterobacterales sp.	Enterobacterales sp.	Enterobacterales sp.
C5702	Bacteria	Pseudomonadota	Alphaproteobacteria	Rickettsiales	Anaplasmataceae	Wolbachia	Wolbachia sp.
C5706	Bacteria	Pseudomonadota	Alphaproteobacteria	Acetobacterales	Acetobacteraceae	Gluconobacter	Gluconobacter sp.
C5707	Bacteria	Pseudomonadota	Gammaproteobacteria	Burkholderiales	Oxalobacteraceae	Oxalobacteraceae sp.	Oxalobacteraceae sp.
C5708	Bacteria	Pseudomonadota	Alphaproteobacteria	Acetobacterales	Acetobacteraceae	Acetobacter	Acetobacter sp.
C5711	Bacteria	Pseudomonadota	Alphaproteobacteria	Acetobacterales	Acetobacteraceae	Commensalibacter	Commensalibacter sp.
C5714	Bacteria	Pseudomonadota	Gammaproteobacteria	Enterobacterales	Erwiniaceae	Erwiniaceae sp.	Erwiniaceae sp.
C5715	Bacteria	Pseudomonadota	Alphaproteobacteria	Rickettsiales	Anaplasmataceae	Wolbachia	Wolbachia sp.
C5716	Bacteria	Bacteroidota	Bacteroidia	Flavobacteriales	Weeksellaceae	Chryseobacterium	Chryseobacterium sp.
C5717	Unknown	Unknown	Unknown	Unknown	Unknown	Unknown	Unknown
C5721	Bacteria	Pseudomonadota	Alphaproteobacteria	Rickettsiales	Anaplasmataceae	Wolbachia	Wolbachia sp.
C5723	Bacteria	Pseudomonadota	Alphaproteobacteria	Acetobacterales	Acetobacteraceae	Acetobacter	Acetobacter sp.
C5726	Bacteria	Bacillota	Bacilli	Lactobacillales	Lactobacillaceae	Leuconostoc	Leuconostoc sp.
C5728	Bacteria	Pseudomonadota	Alphaproteobacteria	Acetobacterales	Acetobacteraceae	Acetobacter	Acetobacter sp.
C5734	Bacteria	Pseudomonadota	Alphaproteobacteria	Acetobacterales	Acetobacteraceae	Acetobacter	Acetobacter sp.
C5735	Bacteria	Pseudomonadota	Gammaproteobacteria	Lysobacterales	Rhodanobacteraceae	Rhodanobacteraceae sp.	Rhodanobacteraceae sp.
C5738	Bacteria	Pseudomonadota	Alphaproteobacteria	Acetobacterales	Acetobacteraceae	Commensalibacter	Commensalibacter sp.
C5740	Bacteria	Pseudomonadota	Alphaproteobacteria	Acetobacterales	Acetobacteraceae	Komagataeibacter	Komagataeibacter sp.
C5743	Bacteria	Pseudomonadota	Alphaproteobacteria	Acetobacterales	Acetobacteraceae	Commensalibacter	Commensalibacter sp.
C5748	Bacteria	Pseudomonadota	Alphaproteobacteria	Acetobacterales	Acetobacteraceae	Commensalibacter	Commensalibacter sp.
C5749	Bacteria	Pseudomonadota	Alphaproteobacteria	Acetobacterales	Acetobacteraceae	Gluconobacter	Gluconobacter sp.
C5750	Bacteria	Pseudomonadota	Alphaproteobacteria	Rickettsiales	Anaplasmataceae	Wolbachia	Wolbachia sp.
C5751	Bacteria	Pseudomonadota	Alphaproteobacteria	Rickettsiales	Mitochondria	Incertae Sedis	Incertae Sedis sp.
C5752	Bacteria	Pseudomonadota	Gammaproteobacteria	Pseudomonadales	Halomonadaceae	Halomonas	Halomonas sp.
C5754	Bacteria	Pseudomonadota	Alphaproteobacteria	Acetobacterales	Acetobacteraceae	Gluconobacter	Gluconobacter sp.
C5756	Bacteria	Pseudomonadota	Gammaproteobacteria	Burkholderiales	Burkholderiales sp.	Burkholderiales sp.	Burkholderiales sp.
C5760	Bacteria	Pseudomonadota	Alphaproteobacteria	Rickettsiales	Anaplasmataceae	Wolbachia	Wolbachia sp.
C5763	Bacteria	Cyanobacteriota	Cyanobacteriia	Chloroplast	Incertae Sedis	Incertae Sedis	Incertae Sedis sp.
C5765	Bacteria	Pseudomonadota	Gammaproteobacteria	Enterobacterales	Yersiniaceae	Serratia	Serratia sp.
C5766	Bacteria	Pseudomonadota	Alphaproteobacteria	Acetobacterales	Acetobacteraceae	Acetobacteraceae sp.	Acetobacteraceae sp.
C5767	Bacteria	Bacillota	Bacilli	Lactobacillales	Lactobacillaceae	Lactiplantibacillus	Lactiplantibacillus sp.
C5768	Bacteria	Pseudomonadota	Alphaproteobacteria	Rickettsiales	Anaplasmataceae	Wolbachia	Wolbachia sp.
C5769	Bacteria	Pseudomonadota	Alphaproteobacteria	Rickettsiales	Anaplasmataceae	Wolbachia	Wolbachia sp.
C5770	Bacteria	Pseudomonadota	Alphaproteobacteria	Acetobacterales	Acetobacteraceae	Commensalibacter	Commensalibacter sp.
C5772	Bacteria	Pseudomonadota	Alphaproteobacteria	Rickettsiales	Anaplasmataceae	Wolbachia	Wolbachia sp.
C5773	Bacteria	Actinomycetota	Actinobacteria	Micrococcales	Microbacteriaceae	Microbacterium	Microbacterium sp.
C5774	Bacteria	Pseudomonadota	Alphaproteobacteria	Acetobacterales	Acetobacteraceae	Gluconobacter	Gluconobacter sp.
C5775	Bacteria	Pseudomonadota	Alphaproteobacteria	Rickettsiales	Anaplasmataceae	Wolbachia	Wolbachia sp.
C5777	Bacteria	Pseudomonadota	Alphaproteobacteria	Acetobacterales	Acetobacteraceae	Komagataeibacter	Komagataeibacter sp.
C5778	Bacteria	Pseudomonadota	Alphaproteobacteria	Acetobacterales	Acetobacteraceae	Commensalibacter	Commensalibacter sp.
C5780	Bacteria	Pseudomonadota	Alphaproteobacteria	Rickettsiales	Anaplasmataceae	Wolbachia	Wolbachia sp.
C5782	Bacteria	Pseudomonadota	Gammaproteobacteria	Enterobacterales	Enterobacterales sp.	Enterobacterales sp.	Enterobacterales sp.
C5786	Bacteria	Pseudomonadota	Alphaproteobacteria	Acetobacterales	Acetobacteraceae	Gluconobacter	Gluconobacter sp.
C5787	Bacteria	Pseudomonadota	Alphaproteobacteria	Acetobacterales	Acetobacteraceae	Commensalibacter	Commensalibacter sp.
C5788	Bacteria	Pseudomonadota	Alphaproteobacteria	Acetobacterales	Acetobacteraceae	Gluconobacter	Gluconobacter sp.
C5791	Bacteria	Pseudomonadota	Alphaproteobacteria	Rickettsiales	Anaplasmataceae	Wolbachia	Wolbachia sp.
C5792	Bacteria	Pseudomonadota	Alphaproteobacteria	Acetobacterales	Acetobacteraceae	Commensalibacter	Commensalibacter sp.
C5800	Bacteria	Pseudomonadota	Gammaproteobacteria	Enterobacterales	Enterobacterales sp.	Enterobacterales sp.	Enterobacterales sp.
C5801	Bacteria	Pseudomonadota	Alphaproteobacteria	Acetobacterales	Acetobacteraceae	Komagataeibacter	Komagataeibacter sp.
C5803	Bacteria	Pseudomonadota	Alphaproteobacteria	Rickettsiales	Anaplasmataceae	Wolbachia	Wolbachia sp.
C5810	Bacteria	Pseudomonadota	Alphaproteobacteria	Acetobacterales	Acetobacteraceae	Commensalibacter	Commensalibacter sp.
C5813	Bacteria	Pseudomonadota	Alphaproteobacteria	Acetobacterales	Acetobacteraceae	Acetobacteraceae sp.	Acetobacteraceae sp.
C5814	Bacteria	Pseudomonadota	Gammaproteobacteria	Enterobacterales	Yersiniaceae	Serratia	Serratia sp.
C5815	Bacteria	Pseudomonadota	Gammaproteobacteria	Enterobacterales	Enterobacteriaceae	Enterobacteriaceae sp.	Enterobacteriaceae sp.
C5821	Bacteria	Bacteroidota	Bacteroidia	Bacteroidales	Dysgonomonadaceae	Dysgonomonas	Dysgonomonas sp.
C5824	Bacteria	Pseudomonadota	Alphaproteobacteria	Rickettsiales	Anaplasmataceae	Wolbachia	Wolbachia sp.
C5825	Bacteria	Pseudomonadota	Alphaproteobacteria	Acetobacterales	Acetobacteraceae	Gluconobacter	Gluconobacter sp.
C5826	Bacteria	Pseudomonadota	Alphaproteobacteria	Acetobacterales	Acetobacteraceae	Commensalibacter	Commensalibacter sp.
C5828	Bacteria	Pseudomonadota	Alphaproteobacteria	Acetobacterales	Acetobacteraceae	Acetobacter	Acetobacter sp.
C5831	Bacteria	Pseudomonadota	Alphaproteobacteria	Rickettsiales	Anaplasmataceae	Wolbachia	Wolbachia sp.
C5832	Bacteria	Pseudomonadota	Alphaproteobacteria	Rickettsiales	Anaplasmataceae	Wolbachia	Wolbachia sp.
C5833	Bacteria	Pseudomonadota	Alphaproteobacteria	Acetobacterales	Acetobacteraceae	Gluconobacter	Gluconobacter sp.
C5834	Bacteria	Pseudomonadota	Alphaproteobacteria	Acetobacterales	Acetobacteraceae	Komagataeibacter	Komagataeibacter sp.
C5836	Bacteria	Pseudomonadota	Alphaproteobacteria	Acetobacterales	Acetobacteraceae	Acetobacteraceae sp.	Acetobacteraceae sp.
C5841	Bacteria	Pseudomonadota	Gammaproteobacteria	Enterobacterales	Enterobacterales sp.	Enterobacterales sp.	Enterobacterales sp.
C5842	Bacteria	Pseudomonadota	Alphaproteobacteria	Rickettsiales	Anaplasmataceae	Wolbachia	Wolbachia sp.
C5844	Bacteria	Pseudomonadota	Alphaproteobacteria	Acetobacterales	Acetobacteraceae	Gluconobacter	Gluconobacter sp.
C5845	Bacteria	Pseudomonadota	Alphaproteobacteria	Rickettsiales	Anaplasmataceae	Wolbachia	Wolbachia sp.
C5848	Bacteria	Pseudomonadota	Alphaproteobacteria	Acetobacterales	Acetobacteraceae	Commensalibacter	Commensalibacter sp.
C5850	Bacteria	Pseudomonadota	Alphaproteobacteria	Acetobacterales	Acetobacteraceae	Gluconobacter	Gluconobacter oxydans
C5851	Bacteria	Pseudomonadota	Alphaproteobacteria	Acetobacterales	Acetobacteraceae	Acetobacteraceae sp.	Acetobacteraceae sp.
C5854	Bacteria	Pseudomonadota	Alphaproteobacteria	Acetobacterales	Acetobacteraceae	Acetobacteraceae sp.	Acetobacteraceae sp.
C5856	Bacteria	Pseudomonadota	Alphaproteobacteria	Acetobacterales	Acetobacteraceae	Acetobacter	Acetobacter sp.
C5858	Bacteria	Pseudomonadota	Alphaproteobacteria	Acetobacterales	Acetobacteraceae	Gluconobacter	Gluconobacter sp.
C5859	Bacteria	Pseudomonadota	Alphaproteobacteria	Rickettsiales	Anaplasmataceae	Wolbachia	Wolbachia sp.
C5862	Bacteria	Pseudomonadota	Alphaproteobacteria	Acetobacterales	Acetobacteraceae	Acetobacteraceae sp.	Acetobacteraceae sp.
C5864	Bacteria	Pseudomonadota	Alphaproteobacteria	Acetobacterales	Acetobacteraceae	Gluconobacter	Gluconobacter sp.
C5867	Bacteria	Pseudomonadota	Alphaproteobacteria	Acetobacterales	Acetobacteraceae	Acetobacter	Acetobacter sp.
C5870	Bacteria	Pseudomonadota	Alphaproteobacteria	Acetobacterales	Acetobacteraceae	Asaia	Asaia sp.
C5871	Bacteria	Pseudomonadota	Alphaproteobacteria	Acetobacterales	Acetobacteraceae	Commensalibacter	Commensalibacter sp.
C5872	Bacteria	Pseudomonadota	Alphaproteobacteria	Acetobacterales	Acetobacteraceae	Acetobacter	Acetobacter sp.
C5873	Bacteria	Pseudomonadota	Alphaproteobacteria	Acetobacterales	Acetobacteraceae	Commensalibacter	Commensalibacter sp.
C5874	Bacteria	Pseudomonadota	Alphaproteobacteria	Acetobacterales	Acetobacteraceae	Commensalibacter	Commensalibacter sp.
C5875	Bacteria	Pseudomonadota	Alphaproteobacteria	Acetobacterales	Acetobacteraceae	Commensalibacter	Commensalibacter sp.
C5877	Bacteria	Pseudomonadota	Gammaproteobacteria	Lysobacterales	Rhodanobacteraceae	Rhodanobacteraceae sp.	Rhodanobacteraceae sp.
C5879	Bacteria	Pseudomonadota	Alphaproteobacteria	Acetobacterales	Acetobacteraceae	Commensalibacter	Commensalibacter sp.
C5880	Bacteria	Pseudomonadota	Alphaproteobacteria	Acetobacterales	Acetobacteraceae	Acetobacteraceae sp.	Acetobacteraceae sp.
C5881	Bacteria	Bacillota	Bacilli	Lactobacillales	Lactobacillaceae	Leuconostoc	Leuconostoc sp.
C5882	Bacteria	Pseudomonadota	Gammaproteobacteria	Enterobacterales	Enterobacteriaceae	Enterobacteriaceae sp.	Enterobacteriaceae sp.
C5883	Bacteria	Pseudomonadota	Alphaproteobacteria	Rickettsiales	Anaplasmataceae	Wolbachia	Wolbachia sp.
C5890	Bacteria	Pseudomonadota	Alphaproteobacteria	Acetobacterales	Acetobacteraceae	Acetobacteraceae sp.	Acetobacteraceae sp.
C5891	Bacteria	Pseudomonadota	Alphaproteobacteria	Rickettsiales	Anaplasmataceae	Wolbachia	Wolbachia sp.
C5895	Bacteria	Pseudomonadota	Alphaproteobacteria	Acetobacterales	Acetobacteraceae	Komagataeibacter	Komagataeibacter sp.
C5898	Bacteria	Pseudomonadota	Alphaproteobacteria	Acetobacterales	Acetobacteraceae	Gluconobacter	Gluconobacter sp.
C5899	Bacteria	Bacteroidota	Bacteroidia	Flavobacteriales	Crocinitomicaceae	Fluviicola	uncultured bacterium
C5901	Bacteria	Bacillota	Bacilli	Lactobacillales	Streptococcaceae	Lactococcus	Lactococcus sp.
C5905	Bacteria	Pseudomonadota	Gammaproteobacteria	Enterobacterales	Morganellaceae	Providencia	Providencia sp.
C5911	Bacteria	Bacillota	Bacilli	Paenibacillales	Paenibacillaceae	Paenibacillus	Paenibacillus sp.
C5912	Bacteria	Pseudomonadota	Gammaproteobacteria	Burkholderiales	Comamonadaceae	Comamonadaceae sp.	Comamonadaceae sp.
C5913	Bacteria	Bacillota	Bacilli	Lactobacillales	Lactobacillaceae	Liquorilactobacillus	Liquorilactobacillus sp.
C5916	Bacteria	Bacteroidota	Bacteroidia	Flavobacteriales	Weeksellaceae	Moheibacter	Moheibacter sp.
C5917	Bacteria	Pseudomonadota	Alphaproteobacteria	Rhodobacterales	Paracoccaceae	Gemmobacter	uncultured bacterium
C5920	Bacteria	Pseudomonadota	Gammaproteobacteria	Enterobacterales	Enterobacteriaceae	Enterobacteriaceae sp.	Enterobacteriaceae sp.
C5921	Bacteria	Pseudomonadota	Gammaproteobacteria	Enterobacterales	Enterobacteriaceae	Enterobacteriaceae sp.	Enterobacteriaceae sp.
C5922	Bacteria	Pseudomonadota	Alphaproteobacteria	Acetobacterales	Acetobacteraceae	Acetobacter	Acetobacter sp.
C5923	Bacteria	Pseudomonadota	Gammaproteobacteria	Gammaproteobacteria sp.	Gammaproteobacteria sp.	Gammaproteobacteria sp.	Gammaproteobacteria sp.
C5937	Bacteria	Pseudomonadota	Gammaproteobacteria	Enterobacterales	Enterobacterales sp.	Enterobacterales sp.	Enterobacterales sp.
C5938	Bacteria	Pseudomonadota	Alphaproteobacteria	Acetobacterales	Acetobacteraceae	Gluconobacter	Gluconobacter sp.
C5942	Bacteria	Pseudomonadota	Alphaproteobacteria	Acetobacterales	Acetobacteraceae	Acetobacter	Acetobacter sp.
C5943	Bacteria	Pseudomonadota	Alphaproteobacteria	Rickettsiales	Anaplasmataceae	Wolbachia	Wolbachia sp.
C5944	Bacteria	Pseudomonadota	Alphaproteobacteria	Acetobacterales	Acetobacteraceae	Acetobacter	Acetobacter sp.
C5945	Bacteria	Pseudomonadota	Alphaproteobacteria	Acetobacterales	Acetobacteraceae	Commensalibacter	uncultured bacterium
C5947	Bacteria	Pseudomonadota	Alphaproteobacteria	Acetobacterales	Acetobacteraceae	Komagataeibacter	Komagataeibacter sp.
C5950	Bacteria	Pseudomonadota	Alphaproteobacteria	Acetobacterales	Acetobacteraceae	Komagataeibacter	Komagataeibacter sp.
C5952	Bacteria	Pseudomonadota	Gammaproteobacteria	Enterobacterales	Orbaceae	Orbaceae sp.	Orbaceae sp.
C5953	Bacteria	Pseudomonadota	Gammaproteobacteria	Lysobacterales	Rhodanobacteraceae	Rhodanobacteraceae sp.	Rhodanobacteraceae sp.
C5954	Bacteria	Pseudomonadota	Gammaproteobacteria	Enterobacterales	Morganellaceae	Providencia	Providencia sp.
C5956	Bacteria	Pseudomonadota	Gammaproteobacteria	Enterobacterales	Enterobacteriaceae	Enterobacter	Enterobacter sp.
C5958	Bacteria	Pseudomonadota	Alphaproteobacteria	Acetobacterales	Acetobacteraceae	Commensalibacter	Commensalibacter sp.
C5961	Bacteria	Pseudomonadota	Alphaproteobacteria	Rickettsiales	Anaplasmataceae	Wolbachia	Wolbachia sp.
C5964	Bacteria	Pseudomonadota	Alphaproteobacteria	Acetobacterales	Acetobacteraceae	Acetobacter	Acetobacter sp.
C5968	Bacteria	Pseudomonadota	Alphaproteobacteria	Acetobacterales	Acetobacteraceae	Commensalibacter	Commensalibacter sp.
C5970	Bacteria	Pseudomonadota	Alphaproteobacteria	Rickettsiales	Anaplasmataceae	Wolbachia	Wolbachia sp.
C5972	Bacteria	Actinomycetota	Actinobacteria	Micrococcales	Microbacteriaceae	Microbacteriaceae sp.	Microbacteriaceae sp.
C5974	Bacteria	Pseudomonadota	Alphaproteobacteria	Acetobacterales	Acetobacteraceae	Acetobacter	Acetobacter sp.
C5975	Bacteria	Pseudomonadota	Alphaproteobacteria	Acetobacterales	Acetobacteraceae	Commensalibacter	Commensalibacter sp.
C5976	Bacteria	Bacillota	Bacilli	Lactobacillales	Lactobacillaceae	Lactobacillaceae sp.	Lactobacillaceae sp.
C5977	Bacteria	Pseudomonadota	Alphaproteobacteria	Acetobacterales	Acetobacteraceae	Commensalibacter	Commensalibacter sp.
C5979	Bacteria	Fusobacteriota	Fusobacteriia	Fusobacteriales	Fusobacteriaceae	Cetobacterium	uncultured bacterium
C5982	Bacteria	Bacteroidota	Bacteroidia	Bacteroidales	Dysgonomonadaceae	Dysgonomonas	Dysgonomonas sp.
C5984	Bacteria	Pseudomonadota	Alphaproteobacteria	Acetobacterales	Acetobacteraceae	Acetobacteraceae sp.	Acetobacteraceae sp.
C5986	Bacteria	Bacillota	Bacilli	Lactobacillales	Lactobacillaceae	Lactiplantibacillus	Lactiplantibacillus sp.
C5989	Bacteria	Pseudomonadota	Alphaproteobacteria	Rickettsiales	Anaplasmataceae	Wolbachia	Wolbachia sp.
C5992	Bacteria	Pseudomonadota	Gammaproteobacteria	Gammaproteobacteria sp.	Gammaproteobacteria sp.	Gammaproteobacteria sp.	Gammaproteobacteria sp.
C5993	Bacteria	Pseudomonadota	Gammaproteobacteria	Gammaproteobacteria sp.	Gammaproteobacteria sp.	Gammaproteobacteria sp.	Gammaproteobacteria sp.
C5994	Bacteria	Bacillota	Bacilli	Lactobacillales	Lactobacillaceae	Lactiplantibacillus	Lactiplantibacillus sp.
C5995	Bacteria	Bacteroidota	Bacteroidia	Chitinophagales	Chitinophagaceae	DVSBS1	Sphingobacteriia bacterium DVSBS1
C5999	Bacteria	Bacteroidota	Bacteroidia	Bacteroidales	Tannerellaceae	Tannerella	Tannerella sp.
C6001	Bacteria	Bacteroidota	Bacteroidia	Flavobacteriales	Weeksellaceae	Chishuiella	Empedobacter sp. F-Fue-04TIIa
C6002	Bacteria	Pseudomonadota	Gammaproteobacteria	Pseudomonadales	Pseudomonadaceae	Pseudomonas	Pseudomonas sp.
C6006	Bacteria	Bdellovibrionota	Bacteriovoracia	Bacteriovoracales	Bacteriovoracaceae	Peredibacter	uncultured bacterium
C6008	Bacteria	Pseudomonadota	Alphaproteobacteria	Acetobacterales	Acetobacteraceae	Komagataeibacter	Komagataeibacter sp.
C6010	Bacteria	Pseudomonadota	Alphaproteobacteria	Acetobacterales	Acetobacteraceae	Acetobacteraceae sp.	Acetobacteraceae sp.
C6012	Bacteria	Pseudomonadota	Gammaproteobacteria	Enterobacterales	Enterobacteriaceae	Enterobacter	Enterobacter sp.
C6013	Bacteria	Pseudomonadota	Gammaproteobacteria	Enterobacterales	Yersiniaceae	Serratia	Serratia sp.
C6020	Bacteria	Pseudomonadota	Gammaproteobacteria	Lysobacterales	Lysobacteraceae	Pseudoxanthomonas	Pseudoxanthomonas sp.
C6021	Bacteria	Pseudomonadota	Alphaproteobacteria	Rickettsiales	Anaplasmataceae	Wolbachia	Wolbachia sp.
C6022	Bacteria	Bacillota	Bacilli	Paenibacillales	Paenibacillaceae	Paenibacillus	Paenibacillus sp.
C6025	Bacteria	Pseudomonadota	Alphaproteobacteria	Rickettsiales	Anaplasmataceae	Wolbachia	Wolbachia sp.
C6027	Bacteria	Pseudomonadota	Alphaproteobacteria	Acetobacterales	Acetobacteraceae	Acetobacter	Acetobacter sp.
C6030	Bacteria	Pseudomonadota	Alphaproteobacteria	Rickettsiales	Anaplasmataceae	Wolbachia	Wolbachia sp.
C6032	Bacteria	Pseudomonadota	Alphaproteobacteria	Rickettsiales	Anaplasmataceae	Wolbachia	Wolbachia sp.
C6033	Bacteria	Bacillota	Clostridia	Clostridiales	Clostridiaceae	Clostridium	Clostridium sp.
C6034	Bacteria	Pseudomonadota	Alphaproteobacteria	Acetobacterales	Acetobacteraceae	Gluconobacter	Gluconobacter sp.
C6035	Bacteria	Pseudomonadota	Alphaproteobacteria	Rickettsiales	Anaplasmataceae	Wolbachia	Wolbachia sp.
C6039	Bacteria	Pseudomonadota	Alphaproteobacteria	Rickettsiales	Anaplasmataceae	Wolbachia	Wolbachia sp.
C6042	Bacteria	Pseudomonadota	Alphaproteobacteria	Acetobacterales	Acetobacteraceae	Acetobacter	Acetobacter sp.
C6048	Bacteria	Pseudomonadota	Alphaproteobacteria	Acetobacterales	Acetobacteraceae	Commensalibacter	uncultured bacterium
C6051	Bacteria	Pseudomonadota	Gammaproteobacteria	Enterobacterales	Erwiniaceae	Pantoea	Pantoea sp.
C6053	Bacteria	Pseudomonadota	Alphaproteobacteria	Rickettsiales	Anaplasmataceae	Wolbachia	Wolbachia sp.
C6058	Bacteria	Campylobacterota	Campylobacteria	Campylobacterales	Arcobacteraceae	Arcobacter	Arcobacter sp.
C6061	Bacteria	Pseudomonadota	Gammaproteobacteria	Enterobacterales	Orbaceae	Orbaceae sp.	Orbaceae sp.
C6063	Bacteria	Pseudomonadota	Alphaproteobacteria	Acetobacterales	Acetobacteraceae	Commensalibacter	uncultured bacterium
C6071	Bacteria	Pseudomonadota	Alphaproteobacteria	Rickettsiales	Anaplasmataceae	Wolbachia	Wolbachia sp.
C6074	Bacteria	Pseudomonadota	Alphaproteobacteria	Rickettsiales	Anaplasmataceae	Wolbachia	Wolbachia sp.
C6075	Bacteria	Pseudomonadota	Alphaproteobacteria	Rickettsiales	Anaplasmataceae	Wolbachia	Wolbachia sp.
C6076	Bacteria	Pseudomonadota	Gammaproteobacteria	Enterobacterales	Pectobacteriaceae	Pectobacterium	Pectobacterium sp.
C6077	Bacteria	Pseudomonadota	Alphaproteobacteria	Acetobacterales	Acetobacteraceae	Gluconobacter	Gluconobacter sp.
C6083	Bacteria	Pseudomonadota	Alphaproteobacteria	Acetobacterales	Acetobacteraceae	Gluconobacter	Gluconobacter sp.
C6084	Bacteria	Pseudomonadota	Gammaproteobacteria	Enterobacterales	Enterobacteriaceae	Klebsiella	Klebsiella pneumoniae
C6088	Bacteria	Pseudomonadota	Alphaproteobacteria	Acetobacterales	Acetobacteraceae	Acetobacter	Acetobacter sp.
C6091	Bacteria	Pseudomonadota	Alphaproteobacteria	Acetobacterales	Acetobacteraceae	Acetobacter	Acetobacter sp.
C6093	Bacteria	Pseudomonadota	Gammaproteobacteria	Enterobacterales	Enterobacteriaceae	Enterobacteriaceae sp.	Enterobacteriaceae sp.
C6094	Bacteria	Bacillota	Bacilli	Paenibacillales	Paenibacillaceae	Paenibacillus	Paenibacillus sp.
C6095	Bacteria	Pseudomonadota	Gammaproteobacteria	Enterobacterales	Enterobacteriaceae	Enterobacteriaceae sp.	Enterobacteriaceae sp.
C6096	Bacteria	Pseudomonadota	Alphaproteobacteria	Acetobacterales	Acetobacteraceae	Gluconobacter	Gluconobacter sp.
C6098	Bacteria	Pseudomonadota	Alphaproteobacteria	Acetobacterales	Acetobacteraceae	Gluconobacter	Gluconobacter sp.
C6099	Bacteria	Pseudomonadota	Alphaproteobacteria	Acetobacterales	Acetobacteraceae	Acetobacter	Acetobacter sp.
C6100	Bacteria	Pseudomonadota	Alphaproteobacteria	Acetobacterales	Acetobacteraceae	Acetobacter	Acetobacter sp.
C6104	Bacteria	Pseudomonadota	Alphaproteobacteria	Acetobacterales	Acetobacteraceae	Acetobacter	Acetobacter sp.
C6109	Unknown	Unknown	Unknown	Unknown	Unknown	Unknown	Unknown
C6111	Bacteria	Pseudomonadota	Alphaproteobacteria	Acetobacterales	Acetobacteraceae	Komagataeibacter	Komagataeibacter sp.
C6113	Bacteria	Pseudomonadota	Gammaproteobacteria	Enterobacterales	Pectobacteriaceae	Pectobacterium	Pectobacterium sp.
C6115	Bacteria	Pseudomonadota	Gammaproteobacteria	Enterobacterales	Pectobacteriaceae	Pectobacterium	Pectobacterium sp.
C6117	Bacteria	Pseudomonadota	Alphaproteobacteria	Rickettsiales	Anaplasmataceae	Wolbachia	Wolbachia sp.
C6119	Bacteria	Pseudomonadota	Alphaproteobacteria	Hyphomicrobiales	Beijerinckiaceae	Methylobacterium	Methylobacterium sp.
C6125	Bacteria	Pseudomonadota	Gammaproteobacteria	Enterobacterales	Yersiniaceae	Serratia	Serratia sp.
C6126	Bacteria	Pseudomonadota	Alphaproteobacteria	Acetobacterales	Acetobacteraceae	Acetobacter	Acetobacter sp.
C6127	Bacteria	Bacteroidota	Bacteroidia	Chitinophagales	Chitinophagaceae	Chitinophagaceae sp.	Chitinophagaceae sp.
C6131	Bacteria	Pseudomonadota	Alphaproteobacteria	Acetobacterales	Acetobacteraceae	Acetobacter	Acetobacter sp.
C6132	Bacteria	Pseudomonadota	Gammaproteobacteria	Enterobacterales	Orbaceae	Incertae Sedis	uncultured bacterium
C6133	Bacteria	Pseudomonadota	Alphaproteobacteria	Rickettsiales	Anaplasmataceae	Wolbachia	Wolbachia sp.
C6137	Bacteria	Pseudomonadota	Alphaproteobacteria	Acetobacterales	Acetobacteraceae	Commensalibacter	Commensalibacter sp.
C6141	Bacteria	Pseudomonadota	Alphaproteobacteria	Rickettsiales	Anaplasmataceae	Wolbachia	Wolbachia sp.
C6142	Bacteria	Pseudomonadota	Alphaproteobacteria	Rickettsiales	Anaplasmataceae	Wolbachia	Wolbachia sp.
C6146	Bacteria	Pseudomonadota	Alphaproteobacteria	Acetobacterales	Acetobacteraceae	Gluconobacter	Gluconobacter sp.
C6148	Bacteria	Pseudomonadota	Alphaproteobacteria	Acetobacterales	Acetobacteraceae	Gluconobacter	Gluconobacter sp.
C6149	Bacteria	Pseudomonadota	Alphaproteobacteria	Acetobacterales	Acetobacteraceae	Gluconobacter	Gluconobacter sp.
C6151	Bacteria	Pseudomonadota	Alphaproteobacteria	Acetobacterales	Acetobacteraceae	Acetobacter	Acetobacter sp.
C6153	Bacteria	Pseudomonadota	Alphaproteobacteria	Acetobacterales	Acetobacteraceae	Commensalibacter	Commensalibacter sp.
C6154	Bacteria	Pseudomonadota	Alphaproteobacteria	Acetobacterales	Acetobacteraceae	Commensalibacter	Commensalibacter sp.
C6155	Bacteria	Bacteroidota	Bacteroidia	Bacteroidales	Dysgonomonadaceae	Dysgonomonas	Dysgonomonas sp.
C6156	Bacteria	Pseudomonadota	Gammaproteobacteria	Lysobacterales	Rhodanobacteraceae	Rhodanobacteraceae sp.	Rhodanobacteraceae sp.
C6159	Bacteria	Pseudomonadota	Gammaproteobacteria	Enterobacterales	Enterobacterales sp.	Enterobacterales sp.	Enterobacterales sp.
C6162	Bacteria	Pseudomonadota	Gammaproteobacteria	Enterobacterales	Enterobacteriaceae	Enterobacteriaceae sp.	Enterobacteriaceae sp.
C6167	Bacteria	Pseudomonadota	Alphaproteobacteria	Acetobacterales	Acetobacteraceae	Gluconobacter	Gluconobacter sp.
C6168	Bacteria	Pseudomonadota	Alphaproteobacteria	Acetobacterales	Acetobacteraceae	Gluconobacter	Gluconobacter sp.
C6169	Bacteria	Pseudomonadota	Alphaproteobacteria	Acetobacterales	Acetobacteraceae	Acetobacter	Acetobacter sp.
C6173	Bacteria	Pseudomonadota	Gammaproteobacteria	Enterobacterales	Enterobacteriaceae	Enterobacteriaceae sp.	Enterobacteriaceae sp.
C6175	Bacteria	Pseudomonadota	Alphaproteobacteria	Acetobacterales	Acetobacteraceae	Acetobacter	Acetobacter sp.
C6183	Bacteria	Bacteroidota	Bacteroidia	Bacteroidales	Dysgonomonadaceae	Dysgonomonas	Dysgonomonas sp.
C6184	Bacteria	Pseudomonadota	Alphaproteobacteria	Rickettsiales	Anaplasmataceae	Wolbachia	Wolbachia sp.
C6190	Bacteria	Pseudomonadota	Alphaproteobacteria	Acetobacterales	Acetobacteraceae	Acetobacter	Acetobacter sp.
C6198	Bacteria	Pseudomonadota	Alphaproteobacteria	Acetobacterales	Acetobacteraceae	Commensalibacter	Commensalibacter sp.
C6200	Bacteria	Pseudomonadota	Alphaproteobacteria	Acetobacterales	Acetobacteraceae	Gluconobacter	Gluconobacter sp.
C6202	Bacteria	Pseudomonadota	Alphaproteobacteria	Rickettsiales	Anaplasmataceae	Wolbachia	Wolbachia sp.
C6207	Bacteria	Pseudomonadota	Alphaproteobacteria	Acetobacterales	Acetobacteraceae	Gluconobacter	Gluconobacter sp.
C6209	Bacteria	Pseudomonadota	Alphaproteobacteria	Acetobacterales	Acetobacteraceae	Gluconobacter	Gluconobacter sp.
C6211	Bacteria	Pseudomonadota	Gammaproteobacteria	Enterobacterales	Yersiniaceae	Serratia	Serratia sp.
C6212	Bacteria	Bacteroidota	Bacteroidia	Bacteroidales	Tannerellaceae	Tannerella	uncultured bacterium
C6213	Bacteria	Bacillota	Bacilli	Lactobacillales	Streptococcaceae	Lactococcus	Lactococcus sp.
C6216	Bacteria	Pseudomonadota	Alphaproteobacteria	Acetobacterales	Acetobacteraceae	Acetobacter	Acetobacter sp.
C6217	Bacteria	Pseudomonadota	Gammaproteobacteria	Gammaproteobacteria sp.	Gammaproteobacteria sp.	Gammaproteobacteria sp.	Gammaproteobacteria sp.
C6218	Bacteria	Pseudomonadota	Alphaproteobacteria	Acetobacterales	Acetobacteraceae	Commensalibacter	Commensalibacter sp.
C6224	Bacteria	Pseudomonadota	Alphaproteobacteria	Rhodobacterales	Paracoccaceae	Paracoccaceae sp.	Paracoccaceae sp.
C6228	Bacteria	Pseudomonadota	Alphaproteobacteria	Rickettsiales	Anaplasmataceae	Wolbachia	Wolbachia sp.
C6229	Bacteria	Pseudomonadota	Alphaproteobacteria	Acetobacterales	Acetobacteraceae	Acetobacter	Acetobacter sp.
C6230	Bacteria	Pseudomonadota	Alphaproteobacteria	Acetobacterales	Acetobacteraceae	Acetobacter	Acetobacter sp.
C6234	Bacteria	Pseudomonadota	Alphaproteobacteria	Acetobacterales	Acetobacteraceae	Commensalibacter	Commensalibacter sp.
C6238	Bacteria	Pseudomonadota	Alphaproteobacteria	Acetobacterales	Acetobacteraceae	Gluconobacter	Gluconobacter sp.
C6239	Bacteria	Pseudomonadota	Alphaproteobacteria	Acetobacterales	Acetobacteraceae	Komagataeibacter	Komagataeibacter sp.
C6242	Bacteria	Pseudomonadota	Alphaproteobacteria	Acetobacterales	Acetobacteraceae	Acetobacter	Acetobacter sp.
C6245	Bacteria	Pseudomonadota	Alphaproteobacteria	Acetobacterales	Acetobacteraceae	Acetobacteraceae sp.	Acetobacteraceae sp.
C6246	Bacteria	Pseudomonadota	Gammaproteobacteria	Enterobacterales	Enterobacteriaceae	Enterobacteriaceae sp.	Enterobacteriaceae sp.
C6248	Bacteria	Actinomycetota	Actinobacteria	Micrococcales	Brevibacteriaceae	Brevibacterium	Brevibacterium sp.
C6250	Bacteria	Actinomycetota	Actinobacteria	Micrococcales	Dermabacteraceae	Brachybacterium	Brachybacterium sp.
C6251	Bacteria	Bacteroidota	Bacteroidia	Bacteroidales	Bacteroidaceae	Bacteroides	Bacteroides sp.
C6253	Bacteria	Bacillota	Bacilli	Lactobacillales	Streptococcaceae	Streptococcus	Streptococcus sp.
C6255	Bacteria	Pseudomonadota	Gammaproteobacteria	Cardiobacteriales	Wohlfahrtiimonadaceae	Koukoulia	Koukoulia aurantiaca
C6259	Bacteria	Pseudomonadota	Alphaproteobacteria	Acetobacterales	Acetobacteraceae	Gluconobacter	Gluconobacter sp.
C6260	Bacteria	Pseudomonadota	Alphaproteobacteria	Acetobacterales	Acetobacteraceae	Acetobacter	Acetobacter sp.
C6261	Unknown	Unknown	Unknown	Unknown	Unknown	Unknown	Unknown
C6262	Bacteria	Actinomycetota	Actinobacteria	Mycobacteriales	Dietziaceae	Dietzia	Dietzia sp.
C6263	Bacteria	Pseudomonadota	Gammaproteobacteria	Enterobacterales	Idiomarinaceae	Aliidiomarina	Aliidiomarina sp.
C6265	Bacteria	Bacillota	Bacilli	Staphylococcales	Staphylococcaceae	Salinicoccus	Salinicoccus sp.
C6266	Bacteria	Actinomycetota	Actinobacteria	Micrococcales	Micrococcaceae	Garicola	Garicola sp.
C6267	Bacteria	Pseudomonadota	Gammaproteobacteria	Enterobacterales	Enterobacterales sp.	Enterobacterales sp.	Enterobacterales sp.
C6268	Bacteria	Pseudomonadota	Gammaproteobacteria	Burkholderiales	Alcaligenaceae	Alcaligenaceae sp.	Alcaligenaceae sp.
C6269	Bacteria	Bacillota	Bacilli	Bacillales	Marinococcaceae	Sinobaca	Marinococcus sp. GSP32
C6270	Bacteria	Pseudomonadota	Gammaproteobacteria	Pseudomonadales	Pseudomonadaceae	Pseudomonas	Pseudomonas sp.
C6273	Bacteria	Pseudomonadota	Alphaproteobacteria	Rickettsiales	Anaplasmataceae	Wolbachia	Wolbachia sp.
C6275	Bacteria	Bacillota	Bacilli	Lactobacillales	Vagococcaceae	Vagococcus	Vagococcus sp.
C6278	Bacteria	Pseudomonadota	Gammaproteobacteria	Burkholderiales	Alcaligenaceae	Paenalcaligenes	Paenalcaligenes sp.
C6279	Bacteria	Pseudomonadota	Alphaproteobacteria	Hyphomicrobiales	Rhizobiaceae	Rhizobiaceae sp.	Rhizobiaceae sp.
C6285	Bacteria	Pseudomonadota	Alphaproteobacteria	Acetobacterales	Acetobacteraceae	Komagataeibacter	Komagataeibacter sp.
C6286	Bacteria	Pseudomonadota	Alphaproteobacteria	Acetobacterales	Acetobacteraceae	Gluconobacter	Gluconobacter sp.
C6290	Bacteria	Pseudomonadota	Alphaproteobacteria	Acetobacterales	Acetobacteraceae	Gluconobacter	Gluconobacter sp.
C6291	Bacteria	Pseudomonadota	Alphaproteobacteria	Acetobacterales	Acetobacteraceae	Gluconobacter	Gluconobacter sp.
C6292	Bacteria	Actinomycetota	Actinobacteria	Mycobacteriales	Corynebacteriaceae	Corynebacterium	Corynebacterium sp.
C6297	Bacteria	Pseudomonadota	Alphaproteobacteria	Acetobacterales	Acetobacteraceae	Commensalibacter	Commensalibacter sp.
C6298	Unknown	Unknown	Unknown	Unknown	Unknown	Unknown	Unknown
C6301	NA	NA sp.	NA sp.	NA sp.	NA sp.	NA sp.	NA sp.
C6303	Bacteria	Pseudomonadota	Alphaproteobacteria	Acetobacterales	Acetobacteraceae	Acetobacter	Acetobacter sp.
C6311	Bacteria	Actinomycetota	Actinobacteria	Micrococcales	Micrococcaceae	Kocuria	Kocuria sp.
C6314	Bacteria	Pseudomonadota	Alphaproteobacteria	Acetobacterales	Acetobacteraceae	Gluconobacter	Gluconobacter sp.
C6316	Bacteria	Pseudomonadota	Gammaproteobacteria	Enterobacterales	Enterobacteriaceae	Enterobacteriaceae sp.	Enterobacteriaceae sp.
C6320	Bacteria	Pseudomonadota	Alphaproteobacteria	Acetobacterales	Acetobacteraceae	Gluconobacter	Gluconobacter sp.
C6323	Bacteria	Pseudomonadota	Alphaproteobacteria	Rickettsiales	Anaplasmataceae	Wolbachia	Wolbachia sp.
C6325	Bacteria	Pseudomonadota	Alphaproteobacteria	Acetobacterales	Acetobacteraceae	Acetobacteraceae sp.	Acetobacteraceae sp.
C6327	Bacteria	Pseudomonadota	Alphaproteobacteria	Acetobacterales	Acetobacteraceae	Gluconobacter	Gluconobacter sp.
C6329	Bacteria	Pseudomonadota	Alphaproteobacteria	Rickettsiales	Anaplasmataceae	Wolbachia	Wolbachia sp.
C6331	Bacteria	Pseudomonadota	Alphaproteobacteria	Rickettsiales	Anaplasmataceae	Wolbachia	Wolbachia sp.
C6332	Bacteria	Bacillota	Bacilli	Lactobacillales	Enterococcaceae	Enterococcus	Enterococcus sp.
C6333	Bacteria	Pseudomonadota	Alphaproteobacteria	Rickettsiales	Anaplasmataceae	Wolbachia	Wolbachia sp.
C6335	Bacteria	Pseudomonadota	Alphaproteobacteria	Acetobacterales	Acetobacteraceae	Acetobacter	Acetobacter sp.
C6336	Bacteria	Actinomycetota	Actinobacteria	Micrococcales	Rarobacteraceae	Rarobacter	Rarobacter sp.
C6337	Bacteria	Pseudomonadota	Alphaproteobacteria	Rickettsiales	Anaplasmataceae	Wolbachia	Wolbachia sp.
C6338	Bacteria	Pseudomonadota	Gammaproteobacteria	Burkholderiales	Rhodocyclaceae	Methyloversatilis	Methyloversatilis sp.
C6339	Bacteria	Bacteroidota	Bacteroidia	Chitinophagales	Chitinophagaceae	Ferruginibacter	uncultured soil bacterium
C6341	Bacteria	Pseudomonadota	Gammaproteobacteria	Lysobacterales	Lysobacteraceae	Stenotrophomonas	Stenotrophomonas sp.
C6342	Bacteria	Pseudomonadota	Alphaproteobacteria	Acetobacterales	Acetobacteraceae	Gluconobacter	Gluconobacter sp.
C6343	Bacteria	Pseudomonadota	Gammaproteobacteria	Enterobacterales	Morganellaceae	Providencia	Providencia sp.
C6344	Bacteria	Pseudomonadota	Gammaproteobacteria	Burkholderiales	Alcaligenaceae	Alcaligenes	Alcaligenes sp.
C6347	Bacteria	Pseudomonadota	Alphaproteobacteria	Acetobacterales	Acetobacteraceae	Gluconobacter	Gluconobacter sp.
C6348	Bacteria	Pseudomonadota	Gammaproteobacteria	Burkholderiales	Comamonadaceae	Lampropedia	Lampropedia sp.
C6349	Bacteria	Actinomycetota	Acidimicrobiia	Microtrichales	Ilumatobacteraceae	Incertae Sedis	metagenome
C6352	Bacteria	Pseudomonadota	Alphaproteobacteria	Rickettsiales	Anaplasmataceae	Wolbachia	Wolbachia sp.
C6354	Bacteria	Pseudomonadota	Alphaproteobacteria	Acetobacterales	Acetobacteraceae	Gluconobacter	Gluconobacter sp.
C6355	Bacteria	Pseudomonadota	Alphaproteobacteria	Acetobacterales	Acetobacteraceae	Gluconobacter	Gluconobacter sp.
C6356	Bacteria	Pseudomonadota	Alphaproteobacteria	Acetobacterales	Acetobacteraceae	Gluconobacter	Gluconobacter sp.
C6360	Bacteria	Pseudomonadota	Gammaproteobacteria	Enterobacterales	Yersiniaceae	Serratia	Serratia sp.
C6362	Bacteria	Pseudomonadota	Alphaproteobacteria	Rickettsiales	Anaplasmataceae	Wolbachia	Wolbachia sp.
C6364	Bacteria	Actinomycetota	Actinobacteria	Micrococcales	Microbacteriaceae	Microbacterium	Microbacterium sp.
C6365	Bacteria	Pseudomonadota	Alphaproteobacteria	Rickettsiales	Anaplasmataceae	Wolbachia	Wolbachia sp.
C6370	Bacteria	Actinomycetota	Actinobacteria	Micrococcales	Brevibacteriaceae	Brevibacterium	Brevibacterium sp.
C6371	Bacteria	Pseudomonadota	Alphaproteobacteria	Acetobacterales	Acetobacteraceae	Acetobacteraceae sp.	Acetobacteraceae sp.
C6372	Bacteria	Actinomycetota	Thermoleophilia	Solirubrobacterales	Solirubrobacteraceae	Patulibacter	Patulibacter sp.
C6377	Bacteria	Pseudomonadota	Alphaproteobacteria	Acetobacterales	Acetobacteraceae	Gluconobacter	Gluconobacter sp.
C6378	Bacteria	Pseudomonadota	Gammaproteobacteria	Enterobacterales	Pectobacteriaceae	Pectobacterium	Pectobacterium sp.
C6379	Bacteria	Pseudomonadota	Alphaproteobacteria	Acetobacterales	Acetobacteraceae	Komagataeibacter	Komagataeibacter sp.
C6382	Bacteria	Bacteroidota	Bacteroidia	Sphingobacteriales	Sphingobacteriaceae	Sphingobacterium	Sphingobacterium sp.
C6384	Bacteria	Pseudomonadota	Alphaproteobacteria	Acetobacterales	Acetobacteraceae	Gluconobacter	Gluconobacter sp.
C6385	Bacteria	Pseudomonadota	Gammaproteobacteria	Enterobacterales	Enterobacterales sp.	Enterobacterales sp.	Enterobacterales sp.
C6387	Bacteria	Pseudomonadota	Alphaproteobacteria	Acetobacterales	Acetobacteraceae	Komagataeibacter	Komagataeibacter sp.
C6389	Bacteria	Pseudomonadota	Gammaproteobacteria	Enterobacterales	Enterobacteriaceae	Enterobacteriaceae sp.	Enterobacteriaceae sp.
C6390	Bacteria	Pseudomonadota	Gammaproteobacteria	Lysobacterales	Rhodanobacteraceae	Rhodanobacteraceae sp.	Rhodanobacteraceae sp.
C6393	Bacteria	Pseudomonadota	Alphaproteobacteria	Acetobacterales	Acetobacteraceae	Gluconobacter	Gluconobacter sp.
C6400	Bacteria	Bacillota	Bacilli	Lactobacillales	Streptococcaceae	Streptococcus	Streptococcus sp.
C6401	Bacteria	Pseudomonadota	Alphaproteobacteria	Acetobacterales	Acetobacteraceae	Gluconobacter	Gluconobacter sp.
C6404	Bacteria	Pseudomonadota	Alphaproteobacteria	Acetobacterales	Acetobacteraceae	Komagataeibacter	Komagataeibacter sp.
C6405	Bacteria	Pseudomonadota	Alphaproteobacteria	Acetobacterales	Acetobacteraceae	Gluconobacter	Gluconobacter sp.
C6406	Bacteria	Pseudomonadota	Alphaproteobacteria	Acetobacterales	Acetobacteraceae	Gluconobacter	Gluconobacter sp.
C6408	Bacteria	Pseudomonadota	Gammaproteobacteria	Enterobacterales	Morganellaceae	Providencia	Providencia sp.
C6410	Bacteria	Pseudomonadota	Alphaproteobacteria	Rickettsiales	Anaplasmataceae	Wolbachia	Wolbachia sp.
C6420	Bacteria	Bacillota	Bacilli	Lactobacillales	Lactobacillaceae	Leuconostoc	Leuconostoc sp.
C6424	Unknown	Unknown	Unknown	Unknown	Unknown	Unknown	Unknown
C6427	Bacteria	Actinomycetota	Actinobacteria	Micrococcales	Microbacteriaceae	Microbacteriaceae sp.	Microbacteriaceae sp.
C6429	Bacteria	Pseudomonadota	Alphaproteobacteria	Acetobacterales	Acetobacteraceae	Gluconobacter	Gluconobacter sp.
C6430	Unknown	Unknown	Unknown	Unknown	Unknown	Unknown	Unknown
C6433	Bacteria	Pseudomonadota	Alphaproteobacteria	Rickettsiales	Anaplasmataceae	Wolbachia	Wolbachia sp.
C6434	Bacteria	Actinomycetota	Actinobacteria	Frankiales	Geodermatophilaceae	Geodermatophilaceae sp.	Geodermatophilaceae sp.
C6435	Bacteria	Patescibacteria	Saccharimonadia	Saccharimonadales	Saccharimonadales sp.	Saccharimonadales sp.	Saccharimonadales sp.
C6436	Bacteria	Pseudomonadota	Alphaproteobacteria	Rhodobacterales	Paracoccaceae	Paracoccaceae sp.	Paracoccaceae sp.
C6437	Bacteria	Pseudomonadota	Alphaproteobacteria	Acetobacterales	Acetobacteraceae	Gluconobacter	Gluconobacter sp.
C6439	Bacteria	Pseudomonadota	Alphaproteobacteria	Rhodobacterales	Paracoccaceae	Paracoccus	Paracoccus sp.
C6440	Bacteria	Pseudomonadota	Alphaproteobacteria	Acetobacterales	Acetobacteraceae	Gluconobacter	Gluconobacter sp.
C6442	Bacteria	Pseudomonadota	Alphaproteobacteria	Acetobacterales	Acetobacteraceae	Gluconobacter	Gluconobacter sp.
C6443	Bacteria	Pseudomonadota	Alphaproteobacteria	Rickettsiales	Anaplasmataceae	Wolbachia	Wolbachia sp.
C6444	Eukaryota	Pseudomonadota	Alphaproteobacteria	Rickettsiales	Mitochondria	Incertae Sedis	Zasmidium cellare
C6445	Bacteria	Pseudomonadota	Alphaproteobacteria	Acetobacterales	Acetobacteraceae	Gluconobacter	Gluconobacter sp.
C6447	Bacteria	Pseudomonadota	Alphaproteobacteria	Acetobacterales	Acetobacteraceae	Acetobacter	Acetobacter sp.
C6450	Bacteria	Pseudomonadota	Alphaproteobacteria	Acetobacterales	Acetobacteraceae	Commensalibacter	Commensalibacter sp.
C6453	Bacteria	Pseudomonadota	Alphaproteobacteria	Acetobacterales	Acetobacteraceae	Gluconobacter	Gluconobacter sp.
C6457	Bacteria	Pseudomonadota	Alphaproteobacteria	Rickettsiales	Anaplasmataceae	Wolbachia	Wolbachia sp.
C6458	Bacteria	Pseudomonadota	Alphaproteobacteria	Acetobacterales	Acetobacteraceae	Gluconobacter	Gluconobacter sp.
C6462	Bacteria	Pseudomonadota	Alphaproteobacteria	Acetobacterales	Acetobacteraceae	Commensalibacter	Commensalibacter sp.
C6463	Bacteria	Pseudomonadota	Alphaproteobacteria	Acetobacterales	Acetobacteraceae	Gluconobacter	Gluconobacter sp.
C6464	Bacteria	Pseudomonadota	Gammaproteobacteria	Enterobacterales	Yersiniaceae	Yersiniaceae sp.	Yersiniaceae sp.
C6466	Bacteria	Pseudomonadota	Gammaproteobacteria	Salinisphaerales	Nevskiaceae	Nevskiaceae sp.	Nevskiaceae sp.
C6468	Bacteria	Pseudomonadota	Alphaproteobacteria	Rickettsiales	Mitochondria	Incertae Sedis	Incertae Sedis sp.
C6471	Bacteria	Pseudomonadota	Alphaproteobacteria	Acetobacterales	Acetobacteraceae	Acetobacteraceae sp.	Acetobacteraceae sp.
C6473	Bacteria	Pseudomonadota	Alphaproteobacteria	Acetobacterales	Acetobacteraceae	Acetobacter	Acetobacter sp.
C6476	Bacteria	Pseudomonadota	Alphaproteobacteria	Rickettsiales	Anaplasmataceae	Wolbachia	Wolbachia sp.
C6477	Bacteria	Pseudomonadota	Alphaproteobacteria	Acetobacterales	Acetobacteraceae	Gluconobacter	Gluconobacter sp.
C6485	Bacteria	Pseudomonadota	Alphaproteobacteria	Acetobacterales	Acetobacteraceae	Gluconobacter	Gluconobacter sp.
C6488	Bacteria	Pseudomonadota	Gammaproteobacteria	Burkholderiales	Comamonadaceae	Lampropedia	Lampropedia hyalina
C6492	Bacteria	Pseudomonadota	Alphaproteobacteria	Acetobacterales	Acetobacteraceae	Gluconobacter	Gluconobacter sp.
C6496	Bacteria	Pseudomonadota	Gammaproteobacteria	Enterobacterales	Erwiniaceae	Erwinia	Erwinia rhapontici
C6498	Bacteria	Pseudomonadota	Alphaproteobacteria	Acetobacterales	Acetobacteraceae	Komagataeibacter	Komagataeibacter saccharivorans
C6499	Bacteria	Pseudomonadota	Alphaproteobacteria	Rickettsiales	Anaplasmataceae	Wolbachia	Wolbachia sp.
C6501	Unknown	Unknown	Unknown	Unknown	Unknown	Unknown	Unknown
C6506	Bacteria	Cyanobacteriota	Sericytochromatia	Incertae Sedis	Incertae Sedis	Incertae Sedis	uncultured bacterium
C6507	Bacteria	Pseudomonadota	Alphaproteobacteria	Rickettsiales	Anaplasmataceae	Wolbachia	Wolbachia sp.
C6511	Bacteria	Pseudomonadota	Gammaproteobacteria	Enterobacterales	Enterobacterales sp.	Enterobacterales sp.	Enterobacterales sp.
C6514	Bacteria	Pseudomonadota	Alphaproteobacteria	Acetobacterales	Acetobacteraceae	Acetobacteraceae sp.	Acetobacteraceae sp.
C6520	Bacteria	Pseudomonadota	Alphaproteobacteria	Rickettsiales	Anaplasmataceae	Wolbachia	Wolbachia sp.
C6522	Bacteria	Pseudomonadota	Alphaproteobacteria	Acetobacterales	Acetobacteraceae	Gluconobacter	Gluconobacter sp.
C6527	Bacteria	Pseudomonadota	Gammaproteobacteria	Enterobacterales	Morganellaceae	Providencia	Providencia sp.
C6531	Bacteria	Pseudomonadota	Alphaproteobacteria	Acetobacterales	Acetobacteraceae	Gluconobacter	Gluconobacter sp.
C6533	Bacteria	Actinomycetota	Actinobacteria	Micrococcales	Intrasporangiaceae	Intrasporangiaceae sp.	Intrasporangiaceae sp.
C6536	Bacteria	Pseudomonadota	Alphaproteobacteria	Acetobacterales	Acetobacteraceae	Gluconobacter	Gluconobacter sp.
C6537	Bacteria	Pseudomonadota	Alphaproteobacteria	Acetobacterales	Acetobacteraceae	Gluconobacter	Gluconobacter sp.
C6542	Bacteria	Pseudomonadota	Gammaproteobacteria	Burkholderiales	Alcaligenaceae	Alcaligenaceae sp.	Alcaligenaceae sp.
C6543	Bacteria	Pseudomonadota	Alphaproteobacteria	Rickettsiales	Anaplasmataceae	Wolbachia	Wolbachia sp.
C6544	Bacteria	Actinomycetota	Actinobacteria	Micrococcales	Microbacteriaceae	Microbacteriaceae sp.	Microbacteriaceae sp.
C6545	Bacteria	Pseudomonadota	Alphaproteobacteria	Acetobacterales	Acetobacteraceae	Gluconobacter	Gluconobacter sp.
C6546	Bacteria	Pseudomonadota	Alphaproteobacteria	Acetobacterales	Acetobacteraceae	Gluconobacter	Gluconobacter sp.
C6547	Bacteria	Pseudomonadota	Gammaproteobacteria	Burkholderiales	Comamonadaceae	Lampropedia	Lampropedia hyalina
C6548	Bacteria	Pseudomonadota	Alphaproteobacteria	Acetobacterales	Acetobacteraceae	Gluconobacter	Gluconobacter sp.
C6552	Bacteria	Pseudomonadota	Alphaproteobacteria	Hyphomicrobiales	Hyphomicrobiales sp.	Hyphomicrobiales sp.	Hyphomicrobiales sp.
C6554	Bacteria	Verrucomicrobiota	Verrucomicrobiia	Chthoniobacterales	Terrimicrobiaceae	Terrimicrobium	uncultured bacterium
C6556	Bacteria	Pseudomonadota	Alphaproteobacteria	Acetobacterales	Acetobacteraceae	Gluconobacter	Gluconobacter sp.
C6560	Bacteria	Pseudomonadota	Alphaproteobacteria	Acetobacterales	Acetobacteraceae	Gluconobacter	Gluconobacter sp.
C6562	Bacteria	Pseudomonadota	Alphaproteobacteria	Acetobacterales	Acetobacteraceae	Gluconobacter	Gluconobacter sp.
C6565	Bacteria	Bacillota	Bacilli	Lactobacillales	Enterococcaceae	Enterococcus	Enterococcus sp.
C6567	Bacteria	Pseudomonadota	Alphaproteobacteria	Rickettsiales	Anaplasmataceae	Wolbachia	Wolbachia sp.
C6569	Bacteria	Pseudomonadota	Alphaproteobacteria	Acetobacterales	Acetobacteraceae	Komagataeibacter	Komagataeibacter sp.
C6570	Bacteria	Pseudomonadota	Alphaproteobacteria	Acetobacterales	Acetobacteraceae	Gluconacetobacter	Gluconacetobacter sp.
C6571	Bacteria	Pseudomonadota	Alphaproteobacteria	Acetobacterales	Acetobacteraceae	Acetobacteraceae sp.	Acetobacteraceae sp.
C6573	Bacteria	Pseudomonadota	Alphaproteobacteria	Acetobacterales	Acetobacteraceae	Gluconobacter	Gluconobacter sp.
C6575	Bacteria	Pseudomonadota	Alphaproteobacteria	Acetobacterales	Acetobacteraceae	Gluconobacter	Gluconobacter sp.
C6577	Bacteria	Pseudomonadota	Alphaproteobacteria	Acetobacterales	Acetobacteraceae	Acetobacteraceae sp.	Acetobacteraceae sp.
C6583	Bacteria	Pseudomonadota	Alphaproteobacteria	Acetobacterales	Acetobacteraceae	Gluconobacter	Gluconobacter sp.
C6585	Bacteria	Pseudomonadota	Alphaproteobacteria	Acetobacterales	Acetobacteraceae	Acetobacter	Acetobacter sp.
C6591	Bacteria	Pseudomonadota	Gammaproteobacteria	Burkholderiales	Comamonadaceae	Lampropedia	Lampropedia hyalina
C6592	Bacteria	Bacillota	Bacilli	Lactobacillales	Lactobacillaceae	Leuconostoc	Leuconostoc sp.
C6593	Bacteria	Pseudomonadota	Alphaproteobacteria	Acetobacterales	Acetobacteraceae	Gluconobacter	Gluconobacter sp.
C6599	Bacteria	Pseudomonadota	Alphaproteobacteria	Rickettsiales	Anaplasmataceae	Wolbachia	Wolbachia sp.
C6602	Bacteria	Pseudomonadota	Alphaproteobacteria	Acetobacterales	Acetobacteraceae	Commensalibacter	uncultured bacterium
C6604	Bacteria	Pseudomonadota	Alphaproteobacteria	Acetobacterales	Acetobacteraceae	Acetobacteraceae sp.	Acetobacteraceae sp.
C6606	Bacteria	Pseudomonadota	Alphaproteobacteria	Acetobacterales	Acetobacteraceae	Acetobacter	Acetobacter sp.
C6607	Bacteria	Pseudomonadota	Alphaproteobacteria	Acetobacterales	Acetobacteraceae	Gluconobacter	Gluconobacter sp.
C6613	Bacteria	Pseudomonadota	Alphaproteobacteria	Acetobacterales	Acetobacteraceae	Acetobacteraceae sp.	Acetobacteraceae sp.
C6616	Bacteria	Pseudomonadota	Alphaproteobacteria	Acetobacterales	Acetobacteraceae	Acetobacter	Acetobacter sp.
C6617	Bacteria	Pseudomonadota	Alphaproteobacteria	Acetobacterales	Acetobacteraceae	Commensalibacter	Commensalibacter sp.
C6618	Bacteria	Pseudomonadota	Alphaproteobacteria	Acetobacterales	Acetobacteraceae	Gluconobacter	Gluconobacter sp.
C6619	Bacteria	Pseudomonadota	Alphaproteobacteria	Acetobacterales	Acetobacteraceae	Gluconobacter	Gluconobacter sp.
C6621	Bacteria	Pseudomonadota	Alphaproteobacteria	Acetobacterales	Acetobacteraceae	Acetobacteraceae sp.	Acetobacteraceae sp.
C6623	Bacteria	Bacillota	Bacilli	Lactobacillales	Lactobacillaceae	Leuconostoc	Leuconostoc sp.
C6625	Bacteria	Pseudomonadota	Alphaproteobacteria	Acetobacterales	Acetobacteraceae	Gluconobacter	Gluconobacter sp.
C6627	Bacteria	Pseudomonadota	Alphaproteobacteria	Acetobacterales	Acetobacteraceae	Gluconobacter	Gluconobacter sp.
C6634	Bacteria	Pseudomonadota	Alphaproteobacteria	Acetobacterales	Acetobacteraceae	Commensalibacter	Commensalibacter sp.
C6637	Bacteria	Pseudomonadota	Alphaproteobacteria	Rickettsiales	Anaplasmataceae	Wolbachia	Wolbachia sp.
C6640	Bacteria	Pseudomonadota	Alphaproteobacteria	Acetobacterales	Acetobacteraceae	Komagataeibacter	Komagataeibacter sp.
C6641	Bacteria	Pseudomonadota	Alphaproteobacteria	Acetobacterales	Acetobacteraceae	Gluconobacter	Gluconobacter sp.
C6643	Bacteria	Pseudomonadota	Alphaproteobacteria	Acetobacterales	Acetobacteraceae	Commensalibacter	Commensalibacter sp.
C6645	Bacteria	Bacillota	Bacilli	Lactobacillales	Enterococcaceae	Enterococcus	Enterococcus sp.
C6646	Bacteria	Pseudomonadota	Alphaproteobacteria	Acetobacterales	Acetobacteraceae	Acetobacter	Acetobacter sp.
C6649	Bacteria	Pseudomonadota	Alphaproteobacteria	Acetobacterales	Acetobacteraceae	Gluconobacter	Gluconobacter sp.
C6650	Bacteria	Pseudomonadota	Gammaproteobacteria	Enterobacterales	Pectobacteriaceae	Pectobacterium	Pectobacterium sp.
C6653	Bacteria	Pseudomonadota	Alphaproteobacteria	Rickettsiales	Anaplasmataceae	Wolbachia	Wolbachia sp.
C6654	Bacteria	Pseudomonadota	Alphaproteobacteria	Acetobacterales	Acetobacteraceae	Gluconobacter	Gluconobacter sp.
C6656	Bacteria	Pseudomonadota	Alphaproteobacteria	Acetobacterales	Acetobacteraceae	Gluconobacter	Gluconobacter sp.
C6657	Bacteria	Pseudomonadota	Alphaproteobacteria	Acetobacterales	Acetobacteraceae	Gluconobacter	Gluconobacter sp.
C6658	Bacteria	Pseudomonadota	Alphaproteobacteria	Acetobacterales	Acetobacteraceae	Gluconobacter	Gluconobacter sp.
C6659	Bacteria	Pseudomonadota	Alphaproteobacteria	Acetobacterales	Acetobacteraceae	Commensalibacter	Commensalibacter sp.
C6664	Bacteria	Pseudomonadota	Alphaproteobacteria	Rickettsiales	Anaplasmataceae	Wolbachia	Wolbachia sp.
C6666	Bacteria	Pseudomonadota	Alphaproteobacteria	Rickettsiales	Anaplasmataceae	Wolbachia	Wolbachia sp.
C6667	Bacteria	Pseudomonadota	Alphaproteobacteria	Acetobacterales	Acetobacteraceae	Gluconobacter	Gluconobacter sp.
C6668	Bacteria	Pseudomonadota	Alphaproteobacteria	Acetobacterales	Acetobacteraceae	Gluconobacter	Gluconobacter sp.
C6669	Bacteria	Pseudomonadota	Alphaproteobacteria	Acetobacterales	Acetobacteraceae	Gluconobacter	Gluconobacter sp.
C6673	Bacteria	Pseudomonadota	Alphaproteobacteria	Acetobacterales	Acetobacteraceae	Komagataeibacter	Komagataeibacter saccharivorans
C6675	Bacteria	Pseudomonadota	Alphaproteobacteria	Acetobacterales	Acetobacteraceae	Komagataeibacter	Komagataeibacter saccharivorans
C6676	Bacteria	Actinomycetota	Actinobacteria	Micrococcales	Micrococcaceae	Micrococcaceae sp.	Micrococcaceae sp.
C6681	Bacteria	Pseudomonadota	Gammaproteobacteria	Burkholderiales	Oxalobacteraceae	Oxalobacteraceae sp.	Oxalobacteraceae sp.
C6682	Bacteria	Actinomycetota	Actinobacteria	Propionibacteriales	Propionibacteriaceae	Cutibacterium	uncultured bacterium
C6683	Bacteria	Bacillota	Bacilli	Lactobacillales	Lactobacillaceae	Lactobacillus	Lactobacillus sp.
C6685	Bacteria	Pseudomonadota	Alphaproteobacteria	Acetobacterales	Acetobacteraceae	Komagataeibacter	Komagataeibacter sp.
C6686	Bacteria	Actinomycetota	Actinobacteria	Mycobacteriales	Corynebacteriaceae	Lawsonella	uncultured bacterium
C6689	Bacteria	Pseudomonadota	Alphaproteobacteria	Acetobacterales	Acetobacteraceae	Commensalibacter	Commensalibacter sp.
C6691	Bacteria	Pseudomonadota	Alphaproteobacteria	Acetobacterales	Acetobacteraceae	Komagataeibacter	Komagataeibacter sp.
C6695	Bacteria	Pseudomonadota	Alphaproteobacteria	Rickettsiales	Anaplasmataceae	Wolbachia	Wolbachia sp.
C6696	Bacteria	Pseudomonadota	Alphaproteobacteria	Acetobacterales	Acetobacteraceae	Acetobacteraceae sp.	Acetobacteraceae sp.
C6704	Unknown	Unknown	Unknown	Unknown	Unknown	Unknown	Unknown
C6705	Bacteria	Bacteroidota	Bacteroidia	Bacteroidales	Rikenellaceae	Alistipes	uncultured bacterium
C6706	Bacteria	Bacillota	Bacilli	Staphylococcales	Staphylococcaceae	Staphylococcus	Staphylococcus sp.
C6709	Bacteria	Pseudomonadota	Alphaproteobacteria	Acetobacterales	Acetobacteraceae	Commensalibacter	Commensalibacter sp.
C6711	Bacteria	Pseudomonadota	Alphaproteobacteria	Acetobacterales	Acetobacteraceae	Gluconobacter	Gluconobacter sp.
C6716	Bacteria	Pseudomonadota	Alphaproteobacteria	Rickettsiales	Anaplasmataceae	Wolbachia	Wolbachia sp.
C6717	Bacteria	Bacteroidota	Bacteroidia	Flavobacteriales	Weeksellaceae	Elizabethkingia	Elizabethkingia sp.
C6718	Bacteria	Actinomycetota	Actinobacteria	Kineosporiales	Kineosporiaceae	Kineococcus	Kineococcus sp.
C6719	Bacteria	Pseudomonadota	Alphaproteobacteria	Acetobacterales	Acetobacteraceae	Acetobacter	Acetobacter sp.
C6720	Bacteria	Pseudomonadota	Alphaproteobacteria	Hyphomicrobiales	Beijerinckiaceae	Microvirga	Microvirga sp.
C6723	Bacteria	Pseudomonadota	Alphaproteobacteria	Acetobacterales	Acetobacteraceae	Gluconobacter	Gluconobacter sp.
C6726	Bacteria	Pseudomonadota	Gammaproteobacteria	Lysobacterales	Lysobacteraceae	Stenotrophomonas	Stenotrophomonas sp.
C6727	Bacteria	Bacillota	Bacilli	Bacillales	Bacillaceae	Bacillaceae sp.	Bacillaceae sp.
C6734	Bacteria	Pseudomonadota	Alphaproteobacteria	Acetobacterales	Acetobacteraceae	Komagataeibacter	Komagataeibacter sp.
C6737	Bacteria	Chloroflexota	KD4-96	Incertae Sedis	Incertae Sedis	Incertae Sedis	uncultured bacterium
C6739	Bacteria	Pseudomonadota	Gammaproteobacteria	Enterobacterales	Yersiniaceae	Yersiniaceae sp.	Yersiniaceae sp.
C6741	Bacteria	Pseudomonadota	Alphaproteobacteria	Rickettsiales	Anaplasmataceae	Wolbachia	Wolbachia sp.
C6742	Bacteria	Bacillota	Limnochordia	Incertae Sedis	Incertae Sedis	Hydrogenispora	uncultured bacterium
C6743	Bacteria	Bacteroidota	Bacteroidia	Bacteroidales	Bacteroidaceae	Bacteroides	Bacteroides sp.
C6744	Bacteria	Bacteroidota	Bacteroidia	Bacteroidales	Marinifilaceae	Odoribacter	Odoribacter sp.
C6745	Unknown	Unknown	Unknown	Unknown	Unknown	Unknown	Unknown
C6748	Bacteria	Actinomycetota	Actinobacteria	Actinomycetales	Actinomycetaceae	Actinomyces	Actinomyces sp.
C6752	Bacteria	Bacillota	Clostridia	Oscillospirales	Oscillospiraceae	UCG-003	uncultured bacterium
C6753	Bacteria	Pseudomonadota	Alphaproteobacteria	Acetobacterales	Acetobacteraceae	Gluconobacter	Gluconobacter sp.
C6754	Bacteria	Pseudomonadota	Alphaproteobacteria	Sphingomonadales	Sphingomonadaceae	Sphingomonas	Sphingomonas sp.
C6757	Bacteria	Pseudomonadota	Alphaproteobacteria	Acetobacterales	Acetobacteraceae	Gluconobacter	Gluconobacter sp.
C6762	Bacteria	Pseudomonadota	Alphaproteobacteria	Acetobacterales	Acetobacteraceae	Gluconobacter	Gluconobacter sp.
C6764	Bacteria	Pseudomonadota	Alphaproteobacteria	Acetobacterales	Acetobacteraceae	Gluconobacter	Gluconobacter sp.
C6765	Bacteria	Pseudomonadota	Alphaproteobacteria	Acetobacterales	Acetobacteraceae	Gluconobacter	Gluconobacter sp.
C6769	Bacteria	Pseudomonadota	Alphaproteobacteria	Acetobacterales	Acetobacteraceae	Commensalibacter	uncultured bacterium
C6770	Unknown	Unknown	Unknown	Unknown	Unknown	Unknown	Unknown
C6771	Bacteria	Pseudomonadota	Alphaproteobacteria	Acetobacterales	Acetobacteraceae	Commensalibacter	Commensalibacter sp.
C6772	Bacteria	Planctomycetota	Planctomycetes	Gemmatales	Gemmataceae	Incertae Sedis	uncultured bacterium
C6775	Bacteria	Pseudomonadota	Alphaproteobacteria	Acetobacterales	Acetobacteraceae	Commensalibacter	Commensalibacter sp.
C6776	Bacteria	Bacillota	Clostridia	Oscillospirales	Oscillospiraceae	Incertae Sedis	uncultured bacterium
C6778	Bacteria	Pseudomonadota	Alphaproteobacteria	Acetobacterales	Acetobacteraceae	Gluconobacter	Gluconobacter sp.
C6779	Bacteria	Pseudomonadota	Alphaproteobacteria	Acetobacterales	Acetobacteraceae	Gluconobacter	Gluconobacter sp.
C6786	Bacteria	Pseudomonadota	Alphaproteobacteria	Acetobacterales	Acetobacteraceae	Commensalibacter	Commensalibacter sp.
C6794	Bacteria	Pseudomonadota	Alphaproteobacteria	Acetobacterales	Acetobacteraceae	Commensalibacter	Commensalibacter sp.
C6795	Bacteria	Pseudomonadota	Alphaproteobacteria	Acetobacterales	Acetobacteraceae	Komagataeibacter	Komagataeibacter sp.
C6796	Bacteria	Pseudomonadota	Alphaproteobacteria	Acetobacterales	Acetobacteraceae	Komagataeibacter	Komagataeibacter sp.
C6798	Bacteria	Pseudomonadota	Gammaproteobacteria	Enterobacterales	Orbaceae	Orbaceae sp.	Orbaceae sp.
C6800	Bacteria	Pseudomonadota	Alphaproteobacteria	Acetobacterales	Acetobacteraceae	Gluconobacter	Gluconobacter sp.
C6802	Bacteria	Pseudomonadota	Alphaproteobacteria	Acetobacterales	Acetobacteraceae	Acetobacteraceae sp.	Acetobacteraceae sp.
C6803	Bacteria	Pseudomonadota	Gammaproteobacteria	Pseudomonadales	Pseudomonadaceae	Pseudomonas	Pseudomonas sp.
C6805	Bacteria	Pseudomonadota	Alphaproteobacteria	Acetobacterales	Acetobacteraceae	Acetobacter	Acetobacter sp.
C6808	Bacteria	Pseudomonadota	Alphaproteobacteria	Acetobacterales	Acetobacteraceae	Komagataeibacter	Komagataeibacter sp.
C6809	Bacteria	Bacillota	Clostridia	Lachnospirales	Lachnospiraceae	Incertae Sedis	uncultured bacterium
C6811	Bacteria	Bdellovibrionota	Bacteriovoracia	Bacteriovoracales	Bacteriovoracaceae	Peredibacter	Peredibacter sp.
C6812	Bacteria	Bacteroidota	Bacteroidia	Flavobacteriales	Weeksellaceae	Chishuiella	Empedobacter sp. F-Fue-04TIIa
C6816	Bacteria	Pseudomonadota	Alphaproteobacteria	Acetobacterales	Acetobacteraceae	Gluconobacter	Gluconobacter sp.
C6817	Bacteria	Pseudomonadota	Alphaproteobacteria	Acetobacterales	Acetobacteraceae	Komagataeibacter	Komagataeibacter saccharivorans
C6819	Bacteria	Pseudomonadota	Alphaproteobacteria	Acetobacterales	Acetobacteraceae	Acetobacter	Acetobacter sp.
C6820	Bacteria	Pseudomonadota	Alphaproteobacteria	Rickettsiales	Anaplasmataceae	Wolbachia	Wolbachia sp.
C6832	Bacteria	Pseudomonadota	Alphaproteobacteria	Rickettsiales	Anaplasmataceae	Wolbachia	Wolbachia sp.
C6836	Bacteria	Pseudomonadota	Alphaproteobacteria	Acetobacterales	Acetobacteraceae	Acetobacteraceae sp.	Acetobacteraceae sp.
C6837	Bacteria	Bacillota	Bacilli	Lactobacillales	Lactobacillaceae	Ligilactobacillus	uncultured bacterium
C6840	Bacteria	Pseudomonadota	Alphaproteobacteria	Rickettsiales	Anaplasmataceae	Wolbachia	Wolbachia sp.
C6846	Bacteria	Pseudomonadota	Alphaproteobacteria	Acetobacterales	Acetobacteraceae	Gluconobacter	Gluconobacter sp.
C6848	Bacteria	Pseudomonadota	Gammaproteobacteria	Enterobacterales	Enterobacteriaceae	Enterobacteriaceae sp.	Enterobacteriaceae sp.
C6852	Bacteria	Pseudomonadota	Gammaproteobacteria	Enterobacterales	Pectobacteriaceae	Pectobacterium	Pectobacterium sp.
C6855	Bacteria	Bacillota	Bacilli	Lactobacillales	Enterococcaceae	Enterococcus	Enterococcus sp.
C6859	Bacteria	Bacillota	Clostridia	Clostridia sp.	Clostridia sp.	Clostridia sp.	Clostridia sp.
C6861	Bacteria	Pseudomonadota	Alphaproteobacteria	Rickettsiales	Anaplasmataceae	Wolbachia	Wolbachia sp.
C6867	Bacteria	Pseudomonadota	Alphaproteobacteria	Acetobacterales	Acetobacteraceae	Gluconobacter	Gluconobacter sp.
C6868	Bacteria	Pseudomonadota	Alphaproteobacteria	Acetobacterales	Acetobacteraceae	Acetobacter	Acetobacter sp.
C6869	Bacteria	Pseudomonadota	Alphaproteobacteria	Acetobacterales	Acetobacteraceae	Gluconobacter	Gluconobacter sp.
C6870	Bacteria	Pseudomonadota	Alphaproteobacteria	Acetobacterales	Acetobacteraceae	Acetobacteraceae sp.	Acetobacteraceae sp.
C6873	Bacteria	Pseudomonadota	Alphaproteobacteria	Acetobacterales	Acetobacteraceae	Commensalibacter	Commensalibacter sp.
C6877	Bacteria	Pseudomonadota	Alphaproteobacteria	Acetobacterales	Acetobacteraceae	Gluconobacter	Gluconobacter sp.
C6879	Bacteria	Pseudomonadota	Alphaproteobacteria	Acetobacterales	Acetobacteraceae	Gluconobacter	Gluconobacter sp.
C6881	Bacteria	Pseudomonadota	Alphaproteobacteria	Acetobacterales	Acetobacteraceae	Gluconobacter	Gluconobacter sp.
C6882	Bacteria	Pseudomonadota	Alphaproteobacteria	Acetobacterales	Acetobacteraceae	Gluconobacter	Gluconobacter sp.
C6884	Bacteria	Elusimicrobiota	Endomicrobiia	Endomicrobiales	Endomicrobiaceae	Endomicrobium	uncultured Endomicrobia bacterium
C6886	Bacteria	Actinomycetota	Actinobacteria	Micrococcales	Microbacteriaceae	Leucobacter	Leucobacter sp.
C6889	Bacteria	Pseudomonadota	Alphaproteobacteria	Acetobacterales	Acetobacteraceae	Gluconobacter	Gluconobacter sp.
C6890	Bacteria	Pseudomonadota	Alphaproteobacteria	Rickettsiales	Anaplasmataceae	Wolbachia	Wolbachia sp.
C6892	Bacteria	Pseudomonadota	Alphaproteobacteria	Acetobacterales	Acetobacteraceae	Gluconobacter	Gluconobacter sp.
C6894	Bacteria	Pseudomonadota	Alphaproteobacteria	Acetobacterales	Acetobacteraceae	Acetobacteraceae sp.	Acetobacteraceae sp.
C6895	Bacteria	Actinomycetota	Actinobacteria	Mycobacteriales	Corynebacteriaceae	Corynebacterium	uncultured bacterium
C6896	Bacteria	Pseudomonadota	Alphaproteobacteria	Acetobacterales	Acetobacteraceae	Gluconobacter	Gluconobacter sp.
C6897	Bacteria	Pseudomonadota	Gammaproteobacteria	Gammaproteobacteria sp.	Gammaproteobacteria sp.	Gammaproteobacteria sp.	Gammaproteobacteria sp.
C6899	Bacteria	Pseudomonadota	Alphaproteobacteria	Rickettsiales	Anaplasmataceae	Wolbachia	Wolbachia sp.
C6901	Bacteria	Pseudomonadota	Alphaproteobacteria	Acetobacterales	Acetobacteraceae	Gluconobacter	Gluconobacter sp.
C6906	Bacteria	Pseudomonadota	Gammaproteobacteria	Enterobacterales	Enterobacteriaceae	Enterobacter	Enterobacter sp.
C6908	Bacteria	Pseudomonadota	Alphaproteobacteria	Acetobacterales	Acetobacteraceae	Gluconobacter	Gluconobacter sp.
C6909	Bacteria	Pseudomonadota	Alphaproteobacteria	Acetobacterales	Acetobacteraceae	Acetobacter	Acetobacter sp.
C6912	Bacteria	Pseudomonadota	Alphaproteobacteria	Acetobacterales	Acetobacteraceae	Komagataeibacter	Komagataeibacter saccharivorans
C6915	Bacteria	Pseudomonadota	Alphaproteobacteria	Acetobacterales	Acetobacteraceae	Acetobacter	Acetobacter sp.
C6916	Bacteria	Pseudomonadota	Alphaproteobacteria	Rickettsiales	Anaplasmataceae	Wolbachia	Wolbachia sp.
C6917	Bacteria	Pseudomonadota	Alphaproteobacteria	Rickettsiales	Anaplasmataceae	Wolbachia	Wolbachia sp.
C6918	Bacteria	Actinomycetota	Thermoleophilia	Solirubrobacterales	67-14	Incertae Sedis	uncultured bacterium
C6921	Bacteria	Bacillota	Bacilli	Lactobacillales	Streptococcaceae	Streptococcus	uncultured bacterium
C6922	Bacteria	Pseudomonadota	Alphaproteobacteria	Acetobacterales	Acetobacteraceae	Gluconobacter	Gluconobacter sp.
C6923	Bacteria	Pseudomonadota	Gammaproteobacteria	Enterobacterales	Enterobacteriaceae	Enterobacteriaceae sp.	Enterobacteriaceae sp.
C6927	Bacteria	Pseudomonadota	Alphaproteobacteria	Acetobacterales	Acetobacteraceae	Gluconobacter	Gluconobacter sp.
C6929	Bacteria	Pseudomonadota	Alphaproteobacteria	Acetobacterales	Acetobacteraceae	Acetobacteraceae sp.	Acetobacteraceae sp.
C6930	Bacteria	Pseudomonadota	Alphaproteobacteria	Acetobacterales	Acetobacteraceae	Commensalibacter	Commensalibacter sp.
C6931	Bacteria	Bacillota	Bacilli	Lactobacillales	Lactobacillaceae	Liquorilactobacillus	Liquorilactobacillus sp.
C6935	Bacteria	Pseudomonadota	Alphaproteobacteria	Acetobacterales	Acetobacteraceae	Gluconobacter	Gluconobacter sp.
C6936	Bacteria	Pseudomonadota	Alphaproteobacteria	Rickettsiales	Anaplasmataceae	Wolbachia	Wolbachia sp.
C6938	Bacteria	Pseudomonadota	Alphaproteobacteria	Acetobacterales	Acetobacteraceae	Commensalibacter	Commensalibacter sp.
C6940	Bacteria	Pseudomonadota	Alphaproteobacteria	Acetobacterales	Acetobacteraceae	Gluconobacter	Gluconobacter sp.
C6942	Bacteria	Bacteroidota	Bacteroidia	Bacteroidales	Muribaculaceae	Incertae Sedis	uncultured bacterium
C6944	Bacteria	Pseudomonadota	Gammaproteobacteria	Enterobacterales	Enterobacterales sp.	Enterobacterales sp.	Enterobacterales sp.
C6949	Bacteria	Pseudomonadota	Alphaproteobacteria	Acetobacterales	Acetobacteraceae	Gluconobacter	Gluconobacter sp.
C6950	Bacteria	Bacteroidota	Bacteroidia	Bacteroidales	Dysgonomonadaceae	Candidatus Symbiothrix	Candidatus Symbiothrix sp.
C6951	Bacteria	Pseudomonadota	Alphaproteobacteria	Acetobacterales	Acetobacteraceae	Gluconobacter	Gluconobacter sp.
C6953	Bacteria	Pseudomonadota	Alphaproteobacteria	Acetobacterales	Acetobacteraceae	Gluconobacter	Gluconobacter sp.
C6957	Bacteria	Pseudomonadota	Alphaproteobacteria	Acetobacterales	Acetobacteraceae	Commensalibacter	Commensalibacter sp.
C6958	Bacteria	Pseudomonadota	Alphaproteobacteria	Acetobacterales	Acetobacteraceae	Acetobacter	Acetobacter sp.
C6959	Bacteria	Pseudomonadota	Alphaproteobacteria	Acetobacterales	Acetobacteraceae	Gluconobacter	Gluconobacter sp.
C6961	Bacteria	Pseudomonadota	Alphaproteobacteria	Acetobacterales	Acetobacteraceae	Gluconobacter	Gluconobacter sp.
C6962	Bacteria	Pseudomonadota	Alphaproteobacteria	Acetobacterales	Acetobacteraceae	Gluconobacter	Gluconobacter sp.
C6963	Bacteria	Pseudomonadota	Alphaproteobacteria	Rickettsiales	Anaplasmataceae	Wolbachia	Wolbachia sp.
C6967	Bacteria	Pseudomonadota	Alphaproteobacteria	Acetobacterales	Acetobacteraceae	Gluconobacter	Gluconobacter sp.
C6968	Bacteria	Pseudomonadota	Alphaproteobacteria	Acetobacterales	Acetobacteraceae	Gluconobacter	Gluconobacter sp.
C6971	Bacteria	Pseudomonadota	Alphaproteobacteria	Acetobacterales	Acetobacteraceae	Gluconobacter	Gluconobacter sp.
C6974	Bacteria	Pseudomonadota	Alphaproteobacteria	Acetobacterales	Acetobacteraceae	Komagataeibacter	Komagataeibacter europaeus
C6975	Bacteria	Bacteroidota	Bacteroidia	Bacteroidales	Muribaculaceae	Incertae Sedis	uncultured bacterium
C6976	Bacteria	Pseudomonadota	Alphaproteobacteria	Acetobacterales	Acetobacteraceae	Commensalibacter	Commensalibacter sp.
C6978	Bacteria	Pseudomonadota	Alphaproteobacteria	Acetobacterales	Acetobacteraceae	Gluconobacter	Gluconobacter sp.
C6979	Bacteria	Pseudomonadota	Alphaproteobacteria	Acetobacterales	Acetobacteraceae	Acetobacteraceae sp.	Acetobacteraceae sp.
C6980	Bacteria	Pseudomonadota	Alphaproteobacteria	Acetobacterales	Acetobacteraceae	Gluconobacter	Gluconobacter sp.
C6986	Bacteria	Pseudomonadota	Alphaproteobacteria	Acetobacterales	Acetobacteraceae	Commensalibacter	Commensalibacter sp.
C6987	Bacteria	Pseudomonadota	Alphaproteobacteria	Acetobacterales	Acetobacteraceae	Gluconobacter	Gluconobacter sp.
C6991	Bacteria	Pseudomonadota	Alphaproteobacteria	Rickettsiales	Anaplasmataceae	Wolbachia	Wolbachia sp.
C6994	Bacteria	Pseudomonadota	Alphaproteobacteria	Acetobacterales	Acetobacteraceae	Gluconobacter	Gluconobacter sp.
C6995	Bacteria	Pseudomonadota	Alphaproteobacteria	Acetobacterales	Acetobacteraceae	Gluconobacter	Gluconobacter sp.
C6996	Bacteria	Pseudomonadota	Alphaproteobacteria	Acetobacterales	Acetobacteraceae	Commensalibacter	Commensalibacter sp.
C6997	Bacteria	Pseudomonadota	Alphaproteobacteria	Rickettsiales	Anaplasmataceae	Wolbachia	Wolbachia sp.
C7000	Bacteria	Pseudomonadota	Gammaproteobacteria	Enterobacterales	Pectobacteriaceae	Pectobacterium	Pectobacterium sp.
C7002	Bacteria	Pseudomonadota	Alphaproteobacteria	Acetobacterales	Acetobacteraceae	Gluconobacter	Gluconobacter sp.
C7003	Bacteria	Bacillota	Bacilli	Lactobacillales	Lactobacillaceae	Liquorilactobacillus	Liquorilactobacillus sp.
C7004	Bacteria	Pseudomonadota	Alphaproteobacteria	Rickettsiales	Anaplasmataceae	Wolbachia	Wolbachia sp.
C7005	Bacteria	Pseudomonadota	Alphaproteobacteria	Acetobacterales	Acetobacteraceae	Acetobacter	Acetobacter sp.
C7008	Bacteria	Pseudomonadota	Alphaproteobacteria	Acetobacterales	Acetobacteraceae	Acetobacteraceae sp.	Acetobacteraceae sp.
C7009	Bacteria	Pseudomonadota	Alphaproteobacteria	Acetobacterales	Acetobacteraceae	Gluconobacter	Gluconobacter sp.
C7011	Bacteria	Pseudomonadota	Alphaproteobacteria	Acetobacterales	Acetobacteraceae	Acetobacteraceae sp.	Acetobacteraceae sp.
C7014	Bacteria	Pseudomonadota	Alphaproteobacteria	Acetobacterales	Acetobacteraceae	Acetobacteraceae sp.	Acetobacteraceae sp.
C7015	Bacteria	Pseudomonadota	Alphaproteobacteria	Rickettsiales	Anaplasmataceae	Wolbachia	Wolbachia sp.
C7016	Bacteria	Pseudomonadota	Alphaproteobacteria	Acetobacterales	Acetobacteraceae	Commensalibacter	Commensalibacter sp.
C7018	Bacteria	Pseudomonadota	Alphaproteobacteria	Acetobacterales	Acetobacteraceae	Komagataeibacter	Komagataeibacter saccharivorans
C7020	Bacteria	Pseudomonadota	Alphaproteobacteria	Acetobacterales	Acetobacteraceae	Commensalibacter	Commensalibacter sp.
C7024	Bacteria	Pseudomonadota	Alphaproteobacteria	Acetobacterales	Acetobacteraceae	Gluconobacter	Gluconobacter sp.
C7026	Bacteria	Pseudomonadota	Alphaproteobacteria	Acetobacterales	Acetobacteraceae	Gluconobacter	Gluconobacter sp.
C7027	Bacteria	Pseudomonadota	Pseudomonadota sp.	Pseudomonadota sp.	Pseudomonadota sp.	Pseudomonadota sp.	Pseudomonadota sp.
C7028	Bacteria	Pseudomonadota	Alphaproteobacteria	Acetobacterales	Acetobacteraceae	Gluconobacter	Gluconobacter sp.
C7029	Bacteria	Pseudomonadota	Alphaproteobacteria	Acetobacterales	Acetobacteraceae	Gluconobacter	Gluconobacter sp.
C7030	Bacteria	Pseudomonadota	Alphaproteobacteria	Acetobacterales	Acetobacteraceae	Gluconobacter	Gluconobacter sp.
C7032	Bacteria	Pseudomonadota	Alphaproteobacteria	Acetobacterales	Acetobacteraceae	Commensalibacter	uncultured bacterium
C7033	Bacteria	Pseudomonadota	Alphaproteobacteria	Acetobacterales	Acetobacteraceae	Acetobacteraceae sp.	Acetobacteraceae sp.
C7036	Bacteria	Pseudomonadota	Alphaproteobacteria	Acetobacterales	Acetobacteraceae	Gluconobacter	Gluconobacter sp.
C7038	Bacteria	Pseudomonadota	Alphaproteobacteria	Acetobacterales	Acetobacteraceae	Acetobacter	Acetobacter sp.
C7039	Bacteria	Pseudomonadota	Alphaproteobacteria	Acetobacterales	Acetobacteraceae	Acetobacteraceae sp.	Acetobacteraceae sp.
C7041	Bacteria	Pseudomonadota	Alphaproteobacteria	Rickettsiales	Anaplasmataceae	Wolbachia	Wolbachia sp.
C7042	Bacteria	Pseudomonadota	Alphaproteobacteria	Acetobacterales	Acetobacteraceae	Komagataeibacter	Komagataeibacter saccharivorans
C7043	Bacteria	Pseudomonadota	Alphaproteobacteria	Rickettsiales	Anaplasmataceae	Wolbachia	Wolbachia sp.
C7047	Bacteria	Pseudomonadota	Alphaproteobacteria	Acetobacterales	Acetobacteraceae	Gluconobacter	Gluconobacter sp.
C7048	Bacteria	Pseudomonadota	Alphaproteobacteria	Acetobacterales	Acetobacteraceae	Acetobacteraceae sp.	Acetobacteraceae sp.
C7049	Bacteria	Pseudomonadota	Alphaproteobacteria	Acetobacterales	Acetobacteraceae	Komagataeibacter	Komagataeibacter saccharivorans
C7054	Bacteria	Pseudomonadota	Alphaproteobacteria	Acetobacterales	Acetobacteraceae	Commensalibacter	Commensalibacter sp.
C7056	Bacteria	Pseudomonadota	Alphaproteobacteria	Rickettsiales	Anaplasmataceae	Wolbachia	Wolbachia sp.
C7061	Bacteria	Pseudomonadota	Alphaproteobacteria	Acetobacterales	Acetobacteraceae	Komagataeibacter	Komagataeibacter sp.
C7062	Bacteria	Pseudomonadota	Alphaproteobacteria	Acetobacterales	Acetobacteraceae	Gluconobacter	Gluconobacter sp.
C7063	Bacteria	Pseudomonadota	Alphaproteobacteria	Rickettsiales	Anaplasmataceae	Wolbachia	Wolbachia sp.
C7065	Bacteria	Pseudomonadota	Alphaproteobacteria	Acetobacterales	Acetobacteraceae	Gluconobacter	Gluconobacter sp.
C7066	Bacteria	Pseudomonadota	Alphaproteobacteria	Acetobacterales	Acetobacteraceae	Gluconobacter	Gluconobacter sp.
C7068	Bacteria	Pseudomonadota	Alphaproteobacteria	Acetobacterales	Acetobacteraceae	Gluconobacter	Gluconobacter sp.
C7069	Bacteria	Pseudomonadota	Alphaproteobacteria	Acetobacterales	Acetobacteraceae	Komagataeibacter	Komagataeibacter sp.
C7071	Bacteria	Pseudomonadota	Gammaproteobacteria	Enterobacterales	Enterobacteriaceae	Enterobacteriaceae sp.	Enterobacteriaceae sp.
C7072	Bacteria	Bacillota	Bacilli	Lactobacillales	Lactobacillaceae	Leuconostoc	Leuconostoc sp.
C7073	Bacteria	Pseudomonadota	Alphaproteobacteria	Acetobacterales	Acetobacteraceae	Komagataeibacter	Komagataeibacter sp.
C7074	Bacteria	Pseudomonadota	Alphaproteobacteria	Acetobacterales	Acetobacteraceae	Gluconobacter	Gluconobacter sp.
C7076	Bacteria	Pseudomonadota	Alphaproteobacteria	Acetobacterales	Acetobacteraceae	Gluconobacter	Gluconobacter sp.
C7079	Bacteria	Pseudomonadota	Gammaproteobacteria	Enterobacterales	Morganellaceae	Providencia	Providencia sp.
C7082	Bacteria	Pseudomonadota	Alphaproteobacteria	Acetobacterales	Acetobacteraceae	Gluconobacter	Gluconobacter sp.
C7083	Bacteria	Actinomycetota	Actinobacteria	Kitasatosporales	Streptomycetaceae	Streptomyces	Streptomyces sp.
C7084	Bacteria	Pseudomonadota	Alphaproteobacteria	Rickettsiales	Anaplasmataceae	Wolbachia	Wolbachia sp.
C7087	Bacteria	Pseudomonadota	Alphaproteobacteria	Rickettsiales	Anaplasmataceae	Wolbachia	Wolbachia sp.
C7089	Bacteria	Pseudomonadota	Gammaproteobacteria	Pseudomonadales	Pseudomonadales sp.	Pseudomonadales sp.	Pseudomonadales sp.
C7090	Unknown	Unknown	Unknown	Unknown	Unknown	Unknown	Unknown
C7092	Bacteria	Pseudomonadota	Alphaproteobacteria	Acetobacterales	Acetobacteraceae	Komagataeibacter	Komagataeibacter sp.
C7094	Bacteria	Pseudomonadota	Gammaproteobacteria	Lysobacterales	Rhodanobacteraceae	Rhodanobacteraceae sp.	Rhodanobacteraceae sp.
C7095	Bacteria	Pseudomonadota	Gammaproteobacteria	Enterobacterales	Enterobacteriaceae	Enterobacteriaceae sp.	Enterobacteriaceae sp.
C7097	Bacteria	Pseudomonadota	Alphaproteobacteria	Rickettsiales	Anaplasmataceae	Wolbachia	Wolbachia sp.
C7098	Bacteria	Pseudomonadota	Alphaproteobacteria	Acetobacterales	Acetobacteraceae	Commensalibacter	Commensalibacter sp.
C7099	Bacteria	Pseudomonadota	Alphaproteobacteria	Acetobacterales	Acetobacteraceae	Gluconobacter	Gluconobacter sp.
C7101	Bacteria	Pseudomonadota	Alphaproteobacteria	Rickettsiales	Anaplasmataceae	Wolbachia	Wolbachia sp.
C7102	Bacteria	Pseudomonadota	Alphaproteobacteria	Acetobacterales	Acetobacteraceae	Gluconobacter	Gluconobacter sp.
C7104	Bacteria	Pseudomonadota	Gammaproteobacteria	Pseudomonadales	Pseudomonadaceae	Pseudomonas	Pseudomonas sp.
C7105	Bacteria	Pseudomonadota	Alphaproteobacteria	Acetobacterales	Acetobacteraceae	Gluconobacter	Gluconobacter sp.
C7106	Bacteria	Pseudomonadota	Alphaproteobacteria	Rickettsiales	Anaplasmataceae	Wolbachia	Wolbachia sp.
C7107	Bacteria	Pseudomonadota	Gammaproteobacteria	Enterobacterales	Enterobacterales sp.	Enterobacterales sp.	Enterobacterales sp.
C7108	Unknown	Unknown	Unknown	Unknown	Unknown	Unknown	Unknown
C7109	Bacteria	Pseudomonadota	Alphaproteobacteria	Acetobacterales	Acetobacteraceae	Acetobacteraceae sp.	Acetobacteraceae sp.
C7111	Bacteria	Pseudomonadota	Gammaproteobacteria	Enterobacterales	Enterobacteriaceae	Enterobacteriaceae sp.	Enterobacteriaceae sp.
C7115	Bacteria	Pseudomonadota	Alphaproteobacteria	Acetobacterales	Acetobacteraceae	Gluconobacter	Gluconobacter sp.
C7116	Bacteria	Pseudomonadota	Alphaproteobacteria	Rickettsiales	Anaplasmataceae	Wolbachia	Wolbachia sp.
C7119	Unknown	Unknown	Unknown	Unknown	Unknown	Unknown	Unknown
C7120	Bacteria	Pseudomonadota	Alphaproteobacteria	Sphingomonadales	Sphingomonadaceae	Sphingomonas	Sphingomonas sp.
C7121	Bacteria	Pseudomonadota	Gammaproteobacteria	Enterobacterales	Enterobacteriaceae	Enterobacteriaceae sp.	Enterobacteriaceae sp.
C7123	Bacteria	Pseudomonadota	Alphaproteobacteria	Rickettsiales	Anaplasmataceae	Wolbachia	Wolbachia sp.
C7132	Bacteria	Pseudomonadota	Alphaproteobacteria	Acetobacterales	Acetobacteraceae	Gluconobacter	Gluconobacter sp.
C7133	Bacteria	Pseudomonadota	Alphaproteobacteria	Rickettsiales	Anaplasmataceae	Wolbachia	Wolbachia sp.
C7134	Bacteria	Pseudomonadota	Gammaproteobacteria	Burkholderiales	Burkholderiales sp.	Burkholderiales sp.	Burkholderiales sp.
C7136	Bacteria	Bacillota	Bacilli	Lactobacillales	Lactobacillaceae	Liquorilactobacillus	Liquorilactobacillus sp.
C7137	Bacteria	Bacillota	Bacilli	Lactobacillales	Lactobacillaceae	Lactobacillaceae sp.	Lactobacillaceae sp.
C7138	Bacteria	Pseudomonadota	Alphaproteobacteria	Rickettsiales	Anaplasmataceae	Wolbachia	Wolbachia sp.
C7141	Bacteria	Pseudomonadota	Alphaproteobacteria	Acetobacterales	Acetobacteraceae	Commensalibacter	Commensalibacter sp.
C7142	Bacteria	Pseudomonadota	Alphaproteobacteria	Acetobacterales	Acetobacteraceae	Acetobacteraceae sp.	Acetobacteraceae sp.
C7144	Bacteria	Pseudomonadota	Alphaproteobacteria	Acetobacterales	Acetobacteraceae	Acetobacteraceae sp.	Acetobacteraceae sp.
C7145	Bacteria	Pseudomonadota	Alphaproteobacteria	Acetobacterales	Acetobacteraceae	Commensalibacter	Commensalibacter sp.
C7146	Bacteria	Cyanobacteriota	Cyanobacteriia	Chloroplast	Incertae Sedis	Incertae Sedis	Incertae Sedis sp.
C7147	Bacteria	Pseudomonadota	Alphaproteobacteria	Acetobacterales	Acetobacteraceae	Gluconobacter	Gluconobacter sp.
C7148	Bacteria	Pseudomonadota	Alphaproteobacteria	Acetobacterales	Acetobacteraceae	Gluconobacter	Gluconobacter sp.
C7149	Bacteria	Pseudomonadota	Alphaproteobacteria	Acetobacterales	Acetobacteraceae	Gluconobacter	Gluconobacter sp.
C7150	Unknown	Unknown	Unknown	Unknown	Unknown	Unknown	Unknown
C7151	Bacteria	Bacillota	Bacilli	Bacilli sp.	Bacilli sp.	Bacilli sp.	Bacilli sp.
C7153	Bacteria	Pseudomonadota	Alphaproteobacteria	Rickettsiales	Anaplasmataceae	Wolbachia	Wolbachia sp.
C7154	Bacteria	Pseudomonadota	Alphaproteobacteria	Acetobacterales	Acetobacteraceae	Acetobacter	Acetobacter sp.
C7155	Bacteria	Pseudomonadota	Alphaproteobacteria	Acetobacterales	Acetobacteraceae	Gluconobacter	Gluconobacter sp.
C7157	Bacteria	Pseudomonadota	Alphaproteobacteria	Acetobacterales	Acetobacteraceae	Gluconobacter	Gluconobacter sp.
C7158	Bacteria	Pseudomonadota	Gammaproteobacteria	Enterobacterales	Enterobacteriaceae	Enterobacter	Enterobacter sp.
C7160	Bacteria	Pseudomonadota	Alphaproteobacteria	Rickettsiales	Anaplasmataceae	Wolbachia	Wolbachia sp.
C7163	Bacteria	Pseudomonadota	Alphaproteobacteria	Acetobacterales	Acetobacteraceae	Acetobacteraceae sp.	Acetobacteraceae sp.
C7164	Bacteria	Pseudomonadota	Alphaproteobacteria	Acetobacterales	Acetobacteraceae	Acetobacteraceae sp.	Acetobacteraceae sp.
C7167	Bacteria	Pseudomonadota	Alphaproteobacteria	Rickettsiales	Anaplasmataceae	Wolbachia	Wolbachia sp.
C7168	Bacteria	Pseudomonadota	Alphaproteobacteria	Rickettsiales	Anaplasmataceae	Wolbachia	Wolbachia sp.
C7170	Bacteria	Pseudomonadota	Alphaproteobacteria	Acetobacterales	Acetobacteraceae	Gluconobacter	Gluconobacter sp.
C7174	Bacteria	Pseudomonadota	Gammaproteobacteria	Enterobacterales	Yersiniaceae	Yersiniaceae sp.	Yersiniaceae sp.
C7177	Bacteria	Pseudomonadota	Alphaproteobacteria	Acetobacterales	Acetobacteraceae	Commensalibacter	Commensalibacter sp.
C7178	Bacteria	Pseudomonadota	Alphaproteobacteria	Acetobacterales	Acetobacteraceae	Gluconobacter	Gluconobacter sp.
C7183	Bacteria	Pseudomonadota	Alphaproteobacteria	Acetobacterales	Acetobacteraceae	Gluconobacter	Gluconobacter sp.
C7184	Bacteria	Pseudomonadota	Alphaproteobacteria	Acetobacterales	Acetobacteraceae	Gluconobacter	Gluconobacter sp.
C7185	Bacteria	Pseudomonadota	Alphaproteobacteria	Acetobacterales	Acetobacteraceae	Acetobacteraceae sp.	Acetobacteraceae sp.
C7188	Bacteria	Pseudomonadota	Alphaproteobacteria	Rickettsiales	Anaplasmataceae	Wolbachia	Wolbachia sp.
C7191	Bacteria	Pseudomonadota	Alphaproteobacteria	Acetobacterales	Acetobacteraceae	Komagataeibacter	Komagataeibacter saccharivorans
C7192	Bacteria	Bacteroidota	Bacteroidia	Bacteroidales	Dysgonomonadaceae	Candidatus Armantifilum	Candidatus Armantifilum devescovinae
C7193	Bacteria	Pseudomonadota	Alphaproteobacteria	Rickettsiales	Anaplasmataceae	Wolbachia	Wolbachia sp.
C7195	Bacteria	Pseudomonadota	Alphaproteobacteria	Acetobacterales	Acetobacteraceae	Gluconobacter	Gluconobacter sp.
C7196	Bacteria	Pseudomonadota	Alphaproteobacteria	Acetobacterales	Acetobacteraceae	Commensalibacter	Commensalibacter sp.
C7197	Bacteria	Pseudomonadota	Alphaproteobacteria	Acetobacterales	Acetobacteraceae	Acetobacteraceae sp.	Acetobacteraceae sp.
C7201	Bacteria	Pseudomonadota	Alphaproteobacteria	Rickettsiales	Anaplasmataceae	Wolbachia	Wolbachia sp.
C7203	Bacteria	Pseudomonadota	Alphaproteobacteria	Acetobacterales	Acetobacteraceae	Komagataeibacter	Komagataeibacter saccharivorans
C7204	Bacteria	Pseudomonadota	Alphaproteobacteria	Sphingomonadales	Sphingomonadaceae	Sphingomonas	Sphingomonas sp.
C7205	Bacteria	Pseudomonadota	Alphaproteobacteria	Acetobacterales	Acetobacteraceae	Commensalibacter	Commensalibacter sp.
C7206	Bacteria	Pseudomonadota	Alphaproteobacteria	Acetobacterales	Acetobacteraceae	Gluconobacter	Gluconobacter sp.
C7208	Bacteria	Pseudomonadota	Alphaproteobacteria	Rickettsiales	Anaplasmataceae	Wolbachia	Wolbachia sp.
C7211	Bacteria	Pseudomonadota	Alphaproteobacteria	Rickettsiales	Anaplasmataceae	Wolbachia	Wolbachia sp.
C7214	Bacteria	Pseudomonadota	Alphaproteobacteria	Acetobacterales	Acetobacteraceae	Acetobacter	Acetobacter sp.
C7215	Bacteria	Bacillota	Bacilli	Lactobacillales	Lactobacillaceae	Liquorilactobacillus	Liquorilactobacillus sp.
C7216	Bacteria	Pseudomonadota	Alphaproteobacteria	Acetobacterales	Acetobacteraceae	Acetobacteraceae sp.	Acetobacteraceae sp.
C7217	Bacteria	Pseudomonadota	Alphaproteobacteria	Acetobacterales	Acetobacteraceae	Acetobacter	Acetobacter sp.
C7218	Bacteria	Bacillota	Bacilli	Lactobacillales	Lactobacillaceae	Lactobacillaceae sp.	Lactobacillaceae sp.
C7219	Unknown	Unknown	Unknown	Unknown	Unknown	Unknown	Unknown
C7223	Bacteria	Pseudomonadota	Alphaproteobacteria	Acetobacterales	Acetobacteraceae	Komagataeibacter	Komagataeibacter sp.
C7224	Bacteria	Pseudomonadota	Alphaproteobacteria	Acetobacterales	Acetobacteraceae	Gluconobacter	Gluconobacter sp.
C7227	Bacteria	Pseudomonadota	Alphaproteobacteria	Acetobacterales	Acetobacteraceae	Acetobacter	Acetobacter sp.
C7228	Bacteria	Pseudomonadota	Alphaproteobacteria	Acetobacterales	Acetobacteraceae	Acetobacteraceae sp.	Acetobacteraceae sp.
C7231	Bacteria	Pseudomonadota	Gammaproteobacteria	Pseudomonadales	Pseudomonadaceae	Pseudomonas	Heliconius melpomene melpomene
C7232	Bacteria	Actinomycetota	Thermoleophilia	Solirubrobacterales	Solirubrobacteraceae	Solirubrobacter	Solirubrobacter sp.
C7233	Bacteria	Pseudomonadota	Alphaproteobacteria	Acetobacterales	Acetobacteraceae	Komagataeibacter	Komagataeibacter saccharivorans
C7235	Bacteria	Pseudomonadota	Gammaproteobacteria	Enterobacterales	Enterobacteriaceae	Enterobacteriaceae sp.	Enterobacteriaceae sp.
C7236	Bacteria	Pseudomonadota	Alphaproteobacteria	Acetobacterales	Acetobacteraceae	Acetobacteraceae sp.	Acetobacteraceae sp.
C7237	Bacteria	Pseudomonadota	Alphaproteobacteria	Acetobacterales	Acetobacteraceae	Gluconobacter	Gluconobacter sp.
C7238	Bacteria	Pseudomonadota	Alphaproteobacteria	Acetobacterales	Acetobacteraceae	Acetobacter	Acetobacter sp.
C7242	Bacteria	Pseudomonadota	Alphaproteobacteria	Acetobacterales	Acetobacteraceae	Gluconobacter	Gluconobacter sp.
C7243	Bacteria	Pseudomonadota	Alphaproteobacteria	Acetobacterales	Acetobacteraceae	Gluconobacter	Gluconobacter sp.
C7244	Bacteria	Pseudomonadota	Alphaproteobacteria	Acetobacterales	Acetobacteraceae	Commensalibacter	Commensalibacter sp.
C7245	Bacteria	Pseudomonadota	Alphaproteobacteria	Acetobacterales	Acetobacteraceae	Acetobacteraceae sp.	Acetobacteraceae sp.
C7246	Bacteria	Pseudomonadota	Gammaproteobacteria	Enterobacterales	Orbaceae	Orbaceae sp.	Orbaceae sp.
C7247	Bacteria	Pseudomonadota	Alphaproteobacteria	Acetobacterales	Acetobacteraceae	Commensalibacter	Commensalibacter sp.
C7248	Bacteria	Pseudomonadota	Gammaproteobacteria	Enterobacterales	Orbaceae	Orbaceae sp.	Orbaceae sp.
C7249	Bacteria	Pseudomonadota	Alphaproteobacteria	Rickettsiales	Anaplasmataceae	Wolbachia	Wolbachia sp.
C7250	Bacteria	Pseudomonadota	Alphaproteobacteria	Acetobacterales	Acetobacteraceae	Acetobacter	Acetobacter sp.
C7251	Bacteria	Pseudomonadota	Alphaproteobacteria	Acetobacterales	Acetobacteraceae	Commensalibacter	Commensalibacter sp.
C7253	Bacteria	Pseudomonadota	Alphaproteobacteria	Acetobacterales	Acetobacteraceae	Acetobacter	Acetobacter sp.
C7254	Bacteria	Bacillota	Bacilli	Lactobacillales	Lactobacillaceae	Liquorilactobacillus	Liquorilactobacillus sp.
C7256	Bacteria	Pseudomonadota	Alphaproteobacteria	Rickettsiales	Anaplasmataceae	Wolbachia	Wolbachia sp.
C7260	Bacteria	Pseudomonadota	Alphaproteobacteria	Acetobacterales	Acetobacteraceae	Gluconobacter	Gluconobacter sp.
C7261	Bacteria	Pseudomonadota	Alphaproteobacteria	Acetobacterales	Acetobacteraceae	Gluconobacter	Gluconobacter sp.
C7268	Bacteria	Pseudomonadota	Alphaproteobacteria	Acetobacterales	Acetobacteraceae	Gluconobacter	Gluconobacter sp.
C7270	Bacteria	Pseudomonadota	Alphaproteobacteria	Acetobacterales	Acetobacteraceae	Gluconobacter	Gluconobacter sp.
C7271	Bacteria	Pseudomonadota	Alphaproteobacteria	Rickettsiales	Anaplasmataceae	Wolbachia	Wolbachia sp.
C7273	Bacteria	Pseudomonadota	Alphaproteobacteria	Rickettsiales	Anaplasmataceae	Wolbachia	Wolbachia sp.
C7274	Bacteria	Pseudomonadota	Alphaproteobacteria	Acetobacterales	Acetobacteraceae	Acetobacteraceae sp.	Acetobacteraceae sp.
C7275	Bacteria	Pseudomonadota	Alphaproteobacteria	Rickettsiales	Anaplasmataceae	Wolbachia	Wolbachia sp.
C7276	Bacteria	Pseudomonadota	Alphaproteobacteria	Rickettsiales	Anaplasmataceae	Wolbachia	Wolbachia sp.
C7277	Bacteria	Pseudomonadota	Alphaproteobacteria	Rickettsiales	Anaplasmataceae	Wolbachia	Wolbachia sp.
C7279	Bacteria	Pseudomonadota	Alphaproteobacteria	Acetobacterales	Acetobacteraceae	Gluconobacter	Gluconobacter sp.
C7280	Bacteria	Pseudomonadota	Gammaproteobacteria	Enterobacterales	Enterobacteriaceae	Enterobacteriaceae sp.	Enterobacteriaceae sp.
C7281	Bacteria	Pseudomonadota	Alphaproteobacteria	Rickettsiales	Anaplasmataceae	Wolbachia	Wolbachia sp.
C7283	Bacteria	Pseudomonadota	Alphaproteobacteria	Acetobacterales	Acetobacteraceae	Gluconobacter	Gluconobacter sp.
C7285	Bacteria	Pseudomonadota	Alphaproteobacteria	Rickettsiales	Anaplasmataceae	Wolbachia	Wolbachia sp.
C7290	Bacteria	Pseudomonadota	Alphaproteobacteria	Rickettsiales	Anaplasmataceae	Wolbachia	Wolbachia sp.
C7291	Bacteria	Pseudomonadota	Alphaproteobacteria	Acetobacterales	Acetobacteraceae	Acetobacter	Acetobacter sp.
C7296	Bacteria	Pseudomonadota	Alphaproteobacteria	Acetobacterales	Acetobacteraceae	Gluconobacter	Gluconobacter sp.
C7297	Bacteria	Pseudomonadota	Alphaproteobacteria	Acetobacterales	Acetobacteraceae	Komagataeibacter	Komagataeibacter sp.
C7298	Bacteria	Pseudomonadota	Alphaproteobacteria	Acetobacterales	Acetobacteraceae	Gluconobacter	Gluconobacter sp.
C7300	Bacteria	Pseudomonadota	Alphaproteobacteria	Rickettsiales	Anaplasmataceae	Wolbachia	Wolbachia sp.
C7301	Bacteria	Pseudomonadota	Alphaproteobacteria	Acetobacterales	Acetobacteraceae	Commensalibacter	Commensalibacter sp.
C7303	Bacteria	Pseudomonadota	Alphaproteobacteria	Rickettsiales	Anaplasmataceae	Wolbachia	Wolbachia sp.
C7306	Bacteria	Pseudomonadota	Alphaproteobacteria	Rickettsiales	Anaplasmataceae	Wolbachia	Wolbachia sp.
C7309	Bacteria	Pseudomonadota	Alphaproteobacteria	Rickettsiales	Anaplasmataceae	Wolbachia	Wolbachia sp.
C7311	Bacteria	Pseudomonadota	Alphaproteobacteria	Acetobacterales	Acetobacteraceae	Gluconobacter	Gluconobacter sp.
C7313	Bacteria	Pseudomonadota	Alphaproteobacteria	Acetobacterales	Acetobacteraceae	Commensalibacter	Commensalibacter sp.
C7316	Bacteria	Pseudomonadota	Alphaproteobacteria	Acetobacterales	Acetobacteraceae	Gluconobacter	Gluconobacter sp.
C7318	Bacteria	Pseudomonadota	Alphaproteobacteria	Acetobacterales	Acetobacteraceae	Gluconobacter	Gluconobacter sp.
C7320	Bacteria	Pseudomonadota	Alphaproteobacteria	Acetobacterales	Acetobacteraceae	Gluconobacter	Gluconobacter sp.
C7321	Bacteria	Pseudomonadota	Alphaproteobacteria	Rickettsiales	Anaplasmataceae	Wolbachia	Wolbachia sp.
C7324	Bacteria	Pseudomonadota	Alphaproteobacteria	Acetobacterales	Acetobacteraceae	Gluconobacter	Gluconobacter sp.
C7326	Bacteria	Pseudomonadota	Alphaproteobacteria	Acetobacterales	Acetobacteraceae	Acetobacter	Acetobacter sp.
C7329	Bacteria	Pseudomonadota	Alphaproteobacteria	Acetobacterales	Acetobacteraceae	Acetobacter	Acetobacter sp.
C7332	Bacteria	Pseudomonadota	Alphaproteobacteria	Acetobacterales	Acetobacteraceae	Acetobacter	Acetobacter sp.
C7334	Bacteria	Pseudomonadota	Alphaproteobacteria	Rickettsiales	Anaplasmataceae	Wolbachia	Wolbachia sp.
C7337	Bacteria	Pseudomonadota	Alphaproteobacteria	Acetobacterales	Acetobacteraceae	Commensalibacter	Commensalibacter sp.
C7338	Bacteria	Pseudomonadota	Gammaproteobacteria	Enterobacterales	Yersiniaceae	Serratia	Serratia sp.
C7339	Bacteria	Pseudomonadota	Gammaproteobacteria	Enterobacterales	Enterobacterales sp.	Enterobacterales sp.	Enterobacterales sp.
C7342	Bacteria	Pseudomonadota	Gammaproteobacteria	Enterobacterales	Enterobacterales sp.	Enterobacterales sp.	Enterobacterales sp.
C7344	Bacteria	Bacillota	Negativicutes	Veillonellales-Selenomonadales	Veillonellaceae	Megasphaera	Megasphaera cerevisiae
C7346	Bacteria	Pseudomonadota	Alphaproteobacteria	Acetobacterales	Acetobacteraceae	Gluconobacter	Gluconobacter sp.
C7347	Bacteria	Pseudomonadota	Alphaproteobacteria	Rickettsiales	Anaplasmataceae	Wolbachia	Wolbachia sp.
C7348	Bacteria	Pseudomonadota	Alphaproteobacteria	Acetobacterales	Acetobacteraceae	Incertae Sedis	Acetobacteraceae bacterium 184.22
C7350	Bacteria	Pseudomonadota	Alphaproteobacteria	Rickettsiales	Anaplasmataceae	Wolbachia	Wolbachia sp.
C7352	Bacteria	Pseudomonadota	Alphaproteobacteria	Acetobacterales	Acetobacteraceae	Acetobacteraceae sp.	Acetobacteraceae sp.
C7353	Bacteria	Pseudomonadota	Alphaproteobacteria	Acetobacterales	Acetobacteraceae	Acetobacteraceae sp.	Acetobacteraceae sp.
C7354	Bacteria	Pseudomonadota	Alphaproteobacteria	Acetobacterales	Acetobacteraceae	Acetobacteraceae sp.	Acetobacteraceae sp.
C7355	Bacteria	Pseudomonadota	Alphaproteobacteria	Rickettsiales	Anaplasmataceae	Wolbachia	Wolbachia sp.
C7356	Bacteria	Pseudomonadota	Alphaproteobacteria	Acetobacterales	Acetobacteraceae	Acetobacter	Acetobacter sp.
C7362	Bacteria	Pseudomonadota	Alphaproteobacteria	Acetobacterales	Acetobacteraceae	Acetobacteraceae sp.	Acetobacteraceae sp.
C7363	Bacteria	Pseudomonadota	Alphaproteobacteria	Rickettsiales	Anaplasmataceae	Wolbachia	Wolbachia endosymbiont of Craneopsylla minerva wolffheuglia
C7365	Bacteria	Pseudomonadota	Alphaproteobacteria	Acetobacterales	Acetobacteraceae	Commensalibacter	uncultured bacterium
C7366	Bacteria	Pseudomonadota	Alphaproteobacteria	Acetobacterales	Acetobacteraceae	Komagataeibacter	Komagataeibacter sp.
C7367	Bacteria	Pseudomonadota	Alphaproteobacteria	Acetobacterales	Acetobacteraceae	Acetobacter	Acetobacter sp.
C7371	Bacteria	Pseudomonadota	Gammaproteobacteria	Lysobacterales	Rhodanobacteraceae	Rhodanobacteraceae sp.	Rhodanobacteraceae sp.
C7373	Bacteria	Pseudomonadota	Alphaproteobacteria	Acetobacterales	Acetobacteraceae	Acetobacteraceae sp.	Acetobacteraceae sp.
C7375	Bacteria	Pseudomonadota	Alphaproteobacteria	Acetobacterales	Acetobacteraceae	Acetobacteraceae sp.	Acetobacteraceae sp.
C7376	Bacteria	Pseudomonadota	Gammaproteobacteria	Enterobacterales	Orbaceae	Incertae Sedis	uncultured bacterium
C7377	Bacteria	Pseudomonadota	Gammaproteobacteria	Pseudomonadales	Pseudomonadaceae	Pseudomonas	Pseudomonas sp.
C7378	Bacteria	Pseudomonadota	Alphaproteobacteria	Acetobacterales	Acetobacteraceae	Acetobacteraceae sp.	Acetobacteraceae sp.
C7379	Bacteria	Pseudomonadota	Alphaproteobacteria	Acetobacterales	Acetobacteraceae	Gluconobacter	Gluconobacter sp.
C7385	Bacteria	Pseudomonadota	Alphaproteobacteria	Acetobacterales	Acetobacteraceae	Acetobacter	Acetobacter sp.
C7386	Bacteria	Pseudomonadota	Gammaproteobacteria	Enterobacterales	Orbaceae	Orbaceae sp.	Orbaceae sp.
C7387	Bacteria	Pseudomonadota	Alphaproteobacteria	Rickettsiales	Anaplasmataceae	Wolbachia	Wolbachia sp.
C7391	Bacteria	Pseudomonadota	Alphaproteobacteria	Acetobacterales	Acetobacteraceae	Acetobacteraceae sp.	Acetobacteraceae sp.
C7393	Bacteria	Pseudomonadota	Alphaproteobacteria	Acetobacterales	Acetobacteraceae	Gluconobacter	Gluconobacter sp.
C7396	Bacteria	Pseudomonadota	Pseudomonadota sp.	Pseudomonadota sp.	Pseudomonadota sp.	Pseudomonadota sp.	Pseudomonadota sp.
C7400	Bacteria	Pseudomonadota	Alphaproteobacteria	Acetobacterales	Acetobacteraceae	Acetobacteraceae sp.	Acetobacteraceae sp.
C7402	Bacteria	Pseudomonadota	Alphaproteobacteria	Acetobacterales	Acetobacteraceae	Acetobacter	Acetobacter sp.
C7403	Bacteria	Pseudomonadota	Alphaproteobacteria	Acetobacterales	Acetobacteraceae	Acetobacter	Acetobacter sp.
C7407	Bacteria	Bacillota	Bacilli	Lactobacillales	Streptococcaceae	Lactococcus	Lactococcus lactis
C7408	Bacteria	Pseudomonadota	Alphaproteobacteria	Acetobacterales	Acetobacteraceae	Gluconobacter	Gluconobacter sp.
C7409	Bacteria	Bacillota	Bacilli	Lactobacillales	Lactobacillaceae	Leuconostoc	uncultured bacterium
C7411	Bacteria	Pseudomonadota	Gammaproteobacteria	Enterobacterales	Enterobacterales sp.	Enterobacterales sp.	Enterobacterales sp.
C7415	Bacteria	Pseudomonadota	Alphaproteobacteria	Acetobacterales	Acetobacteraceae	Commensalibacter	Commensalibacter sp.
C7416	Bacteria	Pseudomonadota	Alphaproteobacteria	Rickettsiales	Anaplasmataceae	Wolbachia	Wolbachia sp.
C7418	Bacteria	Pseudomonadota	Alphaproteobacteria	Acetobacterales	Acetobacteraceae	Gluconobacter	Gluconobacter sp.
C7419	Bacteria	Pseudomonadota	Alphaproteobacteria	Rickettsiales	Anaplasmataceae	Wolbachia	Wolbachia sp.
C7420	Bacteria	Pseudomonadota	Alphaproteobacteria	Rickettsiales	Anaplasmataceae	Wolbachia	Wolbachia sp.
C7422	Unknown	Unknown	Unknown	Unknown	Unknown	Unknown	Unknown
C7426	Bacteria	Pseudomonadota	Alphaproteobacteria	Acetobacterales	Acetobacteraceae	Acetobacteraceae sp.	Acetobacteraceae sp.
C7428	Bacteria	Pseudomonadota	Alphaproteobacteria	Acetobacterales	Acetobacteraceae	Gluconobacter	Gluconobacter sp.
C7429	Bacteria	Pseudomonadota	Alphaproteobacteria	Acetobacterales	Acetobacteraceae	Gluconobacter	Gluconobacter sp.
C7432	Bacteria	Pseudomonadota	Alphaproteobacteria	Acetobacterales	Acetobacteraceae	Commensalibacter	Commensalibacter sp.
C7436	Bacteria	Pseudomonadota	Alphaproteobacteria	Rickettsiales	Anaplasmataceae	Wolbachia	Wolbachia sp.
C7437	Bacteria	Pseudomonadota	Alphaproteobacteria	Acetobacterales	Acetobacteraceae	Acetobacter	Acetobacter sp.
C7438	Bacteria	Pseudomonadota	Alphaproteobacteria	Rickettsiales	Anaplasmataceae	Wolbachia	Wolbachia sp.
C7439	Bacteria	Pseudomonadota	Alphaproteobacteria	Acetobacterales	Acetobacteraceae	Gluconobacter	Gluconobacter sp.
C7440	Bacteria	Pseudomonadota	Alphaproteobacteria	Acetobacterales	Acetobacteraceae	Acetobacteraceae sp.	Acetobacteraceae sp.
C7442	Unknown	Unknown	Unknown	Unknown	Unknown	Unknown	Unknown
C7444	Bacteria	Pseudomonadota	Gammaproteobacteria	Enterobacterales	Enterobacterales sp.	Enterobacterales sp.	Enterobacterales sp.
C7445	Bacteria	Pseudomonadota	Alphaproteobacteria	Acetobacterales	Acetobacteraceae	Acetobacteraceae sp.	Acetobacteraceae sp.
C7446	Bacteria	Pseudomonadota	Alphaproteobacteria	Rickettsiales	Anaplasmataceae	Wolbachia	Wolbachia sp.
C7448	Bacteria	Pseudomonadota	Alphaproteobacteria	Acetobacterales	Acetobacteraceae	Acetobacteraceae sp.	Acetobacteraceae sp.
C7450	Bacteria	Actinomycetota	Actinobacteria	Micrococcales	Dermabacteraceae	Brachybacterium	Brachybacterium sp.
C7452	Bacteria	Pseudomonadota	Alphaproteobacteria	Acetobacterales	Acetobacteraceae	Acetobacteraceae sp.	Acetobacteraceae sp.
C7453	Bacteria	Pseudomonadota	Alphaproteobacteria	Acetobacterales	Acetobacteraceae	Acetobacteraceae sp.	Acetobacteraceae sp.
C7455	Bacteria	Pseudomonadota	Alphaproteobacteria	Acetobacterales	Acetobacteraceae	Acetobacteraceae sp.	Acetobacteraceae sp.
C7459	Bacteria	Pseudomonadota	Alphaproteobacteria	Rickettsiales	Anaplasmataceae	Wolbachia	Wolbachia sp.
C7460	Bacteria	Pseudomonadota	Gammaproteobacteria	Enterobacterales	Yersiniaceae	Yersinia	Yersinia sp.
C7463	Bacteria	Pseudomonadota	Alphaproteobacteria	Acetobacterales	Acetobacteraceae	Acetobacter	Acetobacter sp.
C7466	Bacteria	Pseudomonadota	Alphaproteobacteria	Acetobacterales	Acetobacteraceae	Gluconobacter	Gluconobacter sp.
C7467	Bacteria	Pseudomonadota	Gammaproteobacteria	Enterobacterales	Erwiniaceae	Erwiniaceae sp.	Erwiniaceae sp.
C7471	Unknown	Unknown	Unknown	Unknown	Unknown	Unknown	Unknown
C7476	Bacteria	Pseudomonadota	Alphaproteobacteria	Rickettsiales	Anaplasmataceae	Wolbachia	Wolbachia sp.
C7477	Bacteria	Pseudomonadota	Alphaproteobacteria	Rickettsiales	Anaplasmataceae	Wolbachia	Wolbachia sp.
C7478	Bacteria	Pseudomonadota	Pseudomonadota sp.	Pseudomonadota sp.	Pseudomonadota sp.	Pseudomonadota sp.	Pseudomonadota sp.
C7480	Bacteria	Pseudomonadota	Alphaproteobacteria	Acetobacterales	Acetobacteraceae	Acetobacteraceae sp.	Acetobacteraceae sp.
C7481	Bacteria	Pseudomonadota	Alphaproteobacteria	Rickettsiales	Anaplasmataceae	Wolbachia	Wolbachia sp.
C7483	Bacteria	Pseudomonadota	Gammaproteobacteria	Enterobacterales	Enterobacterales sp.	Enterobacterales sp.	Enterobacterales sp.
C7490	Bacteria	Pseudomonadota	Alphaproteobacteria	Acetobacterales	Acetobacteraceae	Acetobacteraceae sp.	Acetobacteraceae sp.
C7491	Bacteria	Pseudomonadota	Alphaproteobacteria	Acetobacterales	Acetobacteraceae	Acetobacteraceae sp.	Acetobacteraceae sp.
C7495	Bacteria	Pseudomonadota	Alphaproteobacteria	Acetobacterales	Acetobacteraceae	Acetobacter	Acetobacter sp.
C7502	Bacteria	Pseudomonadota	Alphaproteobacteria	Acetobacterales	Acetobacteraceae	Gluconobacter	Gluconobacter sp.
C7503	Bacteria	Pseudomonadota	Gammaproteobacteria	Pseudomonadales	Pseudomonadaceae	Pseudomonas	Pseudomonas sp.
C7504	Bacteria	Pseudomonadota	Alphaproteobacteria	Acetobacterales	Acetobacteraceae	Commensalibacter	Commensalibacter sp.
C7505	Bacteria	Pseudomonadota	Alphaproteobacteria	Rickettsiales	Anaplasmataceae	Wolbachia	Wolbachia sp.
C7506	Bacteria	Elusimicrobiota	Endomicrobiia	Endomicrobiales	Endomicrobiaceae	Endomicrobium	Endomicrobium sp.
C7508	Bacteria	Pseudomonadota	Gammaproteobacteria	Enterobacterales	Enterobacterales sp.	Enterobacterales sp.	Enterobacterales sp.
C7511	Bacteria	Pseudomonadota	Alphaproteobacteria	Acetobacterales	Acetobacteraceae	Acetobacteraceae sp.	Acetobacteraceae sp.
C7512	Bacteria	Pseudomonadota	Alphaproteobacteria	Rickettsiales	Anaplasmataceae	Wolbachia	Wolbachia sp.
C7514	Bacteria	Pseudomonadota	Alphaproteobacteria	Acetobacterales	Acetobacteraceae	Acetobacteraceae sp.	Acetobacteraceae sp.
C7517	Bacteria	Pseudomonadota	Alphaproteobacteria	Acetobacterales	Acetobacteraceae	Acetobacter	Acetobacter sp.
C7520	Bacteria	Pseudomonadota	Alphaproteobacteria	Acetobacterales	Acetobacteraceae	Gluconobacter	Gluconobacter sp.
C7522	Bacteria	Pseudomonadota	Alphaproteobacteria	Acetobacterales	Acetobacteraceae	Komagataeibacter	Komagataeibacter saccharivorans
C7525	Bacteria	Pseudomonadota	Alphaproteobacteria	Acetobacterales	Acetobacteraceae	Gluconobacter	Gluconobacter sp.
C7528	Bacteria	Pseudomonadota	Alphaproteobacteria	Acetobacterales	Acetobacteraceae	Gluconobacter	Gluconobacter sp.
C7529	Bacteria	Pseudomonadota	Gammaproteobacteria	Enterobacterales	Enterobacterales sp.	Enterobacterales sp.	Enterobacterales sp.
C7530	Bacteria	Pseudomonadota	Alphaproteobacteria	Acetobacterales	Acetobacteraceae	Commensalibacter	Commensalibacter sp.
C7531	Bacteria	Pseudomonadota	Gammaproteobacteria	Pseudomonadales	Pseudomonadaceae	Pseudomonas	Pseudomonas sp.
C7532	Bacteria	Pseudomonadota	Alphaproteobacteria	Acetobacterales	Acetobacteraceae	Acetobacteraceae sp.	Acetobacteraceae sp.
C7534	Bacteria	Pseudomonadota	Alphaproteobacteria	Acetobacterales	Acetobacteraceae	Komagataeibacter	Komagataeibacter saccharivorans
C7537	Bacteria	Pseudomonadota	Alphaproteobacteria	Rickettsiales	Anaplasmataceae	Wolbachia	Wolbachia sp.
C7538	Bacteria	Bacillota	Bacilli	Lactobacillales	Lactobacillaceae	Lactobacillaceae sp.	Lactobacillaceae sp.
C7540	Bacteria	Pseudomonadota	Alphaproteobacteria	Rickettsiales	Anaplasmataceae	Wolbachia	Wolbachia sp.
C7543	Bacteria	Pseudomonadota	Alphaproteobacteria	Alphaproteobacteria sp.	Alphaproteobacteria sp.	Alphaproteobacteria sp.	Alphaproteobacteria sp.
C7544	Bacteria	Pseudomonadota	Alphaproteobacteria	Acetobacterales	Acetobacteraceae	Acetobacteraceae sp.	Acetobacteraceae sp.
C7547	Bacteria	Pseudomonadota	Alphaproteobacteria	Acetobacterales	Acetobacteraceae	Acetobacter	Acetobacter sp.
C7551	Bacteria	Pseudomonadota	Alphaproteobacteria	Rickettsiales	Anaplasmataceae	Wolbachia	Wolbachia sp.
C7557	Bacteria	Pseudomonadota	Alphaproteobacteria	Acetobacterales	Acetobacteraceae	Commensalibacter	Commensalibacter sp.
C7559	Bacteria	Pseudomonadota	Alphaproteobacteria	Acetobacterales	Acetobacteraceae	Gluconobacter	Gluconobacter sp.
C7562	Bacteria	Pseudomonadota	Alphaproteobacteria	Acetobacterales	Acetobacteraceae	Acetobacteraceae sp.	Acetobacteraceae sp.
C7564	Bacteria	Pseudomonadota	Alphaproteobacteria	Acetobacterales	Acetobacteraceae	Acetobacter	Acetobacter sp.
C7565	Bacteria	Pseudomonadota	Alphaproteobacteria	Acetobacterales	Acetobacteraceae	Acetobacteraceae sp.	Acetobacteraceae sp.
C7567	Bacteria	Pseudomonadota	Gammaproteobacteria	Enterobacterales	Yersiniaceae	Serratia	Serratia sp.
C7568	Bacteria	Pseudomonadota	Alphaproteobacteria	Acetobacterales	Acetobacteraceae	Acetobacter	Acetobacter sp.
C7569	Bacteria	Pseudomonadota	Alphaproteobacteria	Acetobacterales	Acetobacteraceae	Commensalibacter	Commensalibacter sp.
C7570	Bacteria	Pseudomonadota	Alphaproteobacteria	Acetobacterales	Acetobacteraceae	Acetobacter	Acetobacter sp.
C7575	Bacteria	Pseudomonadota	Alphaproteobacteria	Acetobacterales	Acetobacteraceae	Gluconobacter	Gluconobacter sp.
C7576	Bacteria	Pseudomonadota	Alphaproteobacteria	Acetobacterales	Acetobacteraceae	Commensalibacter	Commensalibacter sp.
C7578	Bacteria	Pseudomonadota	Alphaproteobacteria	Rickettsiales	Anaplasmataceae	Wolbachia	Wolbachia sp.
C7579	Bacteria	Pseudomonadota	Alphaproteobacteria	Acetobacterales	Acetobacteraceae	Gluconobacter	Gluconobacter sp.
C7582	Bacteria	Pseudomonadota	Gammaproteobacteria	Gammaproteobacteria sp.	Gammaproteobacteria sp.	Gammaproteobacteria sp.	Gammaproteobacteria sp.
C7589	Bacteria	Pseudomonadota	Alphaproteobacteria	Acetobacterales	Acetobacteraceae	Commensalibacter	Commensalibacter sp.
C7590	Bacteria	Pseudomonadota	Alphaproteobacteria	Rickettsiales	Anaplasmataceae	Wolbachia	Wolbachia sp.
C7594	Bacteria	Bacteroidota	Bacteroidia	Bacteroidales	Dysgonomonadaceae	Dysgonomonas	Dysgonomonas sp.
C7597	Bacteria	Bacillota	Bacilli	Lactobacillales	Lactobacillaceae	Lactobacillaceae sp.	Lactobacillaceae sp.
C7599	Bacteria	Pseudomonadota	Gammaproteobacteria	Enterobacterales	Enterobacteriaceae	Enterobacter	Enterobacter sp.
C7601	Bacteria	Verrucomicrobiota	Verrucomicrobiia	Opitutales	Opitutaceae	Incertae Sedis	metagenome
C7602	Bacteria	Pseudomonadota	Gammaproteobacteria	Enterobacterales	Erwiniaceae	Erwiniaceae sp.	Erwiniaceae sp.
C7606	Bacteria	Pseudomonadota	Gammaproteobacteria	Gammaproteobacteria sp.	Gammaproteobacteria sp.	Gammaproteobacteria sp.	Gammaproteobacteria sp.
C7607	Bacteria	Pseudomonadota	Gammaproteobacteria	Enterobacterales	Enterobacterales sp.	Enterobacterales sp.	Enterobacterales sp.
C7609	Bacteria	Pseudomonadota	Gammaproteobacteria	Gammaproteobacteria sp.	Gammaproteobacteria sp.	Gammaproteobacteria sp.	Gammaproteobacteria sp.
C7610	Bacteria	Pseudomonadota	Gammaproteobacteria	Enterobacterales	Enterobacteriaceae	Enterobacteriaceae sp.	Enterobacteriaceae sp.
C7611	Bacteria	Pseudomonadota	Gammaproteobacteria	Enterobacterales	Erwiniaceae	Erwiniaceae sp.	Erwiniaceae sp.
C7613	Bacteria	Bdellovibrionota	Oligoflexia	0319-6G20	Incertae Sedis	Incertae Sedis	uncultured bacterium
C7614	Bacteria	Pseudomonadota	Alphaproteobacteria	Acetobacterales	Acetobacteraceae	Acetobacteraceae sp.	Acetobacteraceae sp.
C7615	Bacteria	Pseudomonadota	Alphaproteobacteria	Rickettsiales	Anaplasmataceae	Wolbachia	Wolbachia sp.
C7616	Bacteria	Pseudomonadota	Alphaproteobacteria	Rickettsiales	Anaplasmataceae	Wolbachia	Wolbachia sp.
C7619	Bacteria	Pseudomonadota	Alphaproteobacteria	Acetobacterales	Acetobacteraceae	Acetobacteraceae sp.	Acetobacteraceae sp.
C7628	Bacteria	Pseudomonadota	Alphaproteobacteria	Acetobacterales	Acetobacteraceae	Acetobacteraceae sp.	Acetobacteraceae sp.
C7630	Bacteria	Pseudomonadota	Gammaproteobacteria	Pseudomonadales	Pseudomonadales sp.	Pseudomonadales sp.	Pseudomonadales sp.
C7634	Bacteria	Bacteroidota	Bacteroidia	Chitinophagales	Chitinophagaceae	Parasegetibacter	uncultured bacterium
C7635	Bacteria	Pseudomonadota	Alphaproteobacteria	Rickettsiales	Anaplasmataceae	Wolbachia	Wolbachia sp.
C7638	Bacteria	Pseudomonadota	Alphaproteobacteria	Acetobacterales	Acetobacteraceae	Acetobacter	Acetobacter sp.
C7639	Bacteria	Pseudomonadota	Alphaproteobacteria	Rickettsiales	Anaplasmataceae	Wolbachia	Wolbachia sp.
C7640	Bacteria	Pseudomonadota	Alphaproteobacteria	Rickettsiales	Anaplasmataceae	Wolbachia	Wolbachia sp.
C7642	Bacteria	Pseudomonadota	Gammaproteobacteria	Enterobacterales	Enterobacterales sp.	Enterobacterales sp.	Enterobacterales sp.
C7645	Bacteria	Pseudomonadota	Alphaproteobacteria	Acetobacterales	Acetobacteraceae	Commensalibacter	Commensalibacter sp.
C7646	Bacteria	Pseudomonadota	Alphaproteobacteria	Rickettsiales	Anaplasmataceae	Wolbachia	Wolbachia sp.
C7647	NA	NA sp.	NA sp.	NA sp.	NA sp.	NA sp.	NA sp.
C7649	Bacteria	Pseudomonadota	Alphaproteobacteria	Acetobacterales	Acetobacteraceae	Commensalibacter	Commensalibacter sp.
C7650	Bacteria	Pseudomonadota	Gammaproteobacteria	Enterobacterales	Orbaceae	Orbaceae sp.	Orbaceae sp.
C7653	Bacteria	Pseudomonadota	Alphaproteobacteria	Acetobacterales	Acetobacteraceae	Acetobacteraceae sp.	Acetobacteraceae sp.
C7655	Bacteria	Pseudomonadota	Gammaproteobacteria	Enterobacterales	Enterobacteriaceae	Enterobacteriaceae sp.	Enterobacteriaceae sp.
C7657	Bacteria	Pseudomonadota	Alphaproteobacteria	Acetobacterales	Acetobacteraceae	Acetobacteraceae sp.	Acetobacteraceae sp.
C7658	Bacteria	Pseudomonadota	Alphaproteobacteria	Acetobacterales	Acetobacteraceae	Acetobacteraceae sp.	Acetobacteraceae sp.
C7659	Bacteria	Bacteroidota	Bacteroidia	Flavobacteriales	Flavobacteriaceae	Flavobacterium	Flavobacterium sp.
C7663	Bacteria	Pseudomonadota	Alphaproteobacteria	Acetobacterales	Acetobacteraceae	Acetobacteraceae sp.	Acetobacteraceae sp.
C7665	Bacteria	Pseudomonadota	Alphaproteobacteria	Rickettsiales	Anaplasmataceae	Wolbachia	Wolbachia sp.
C7666	Bacteria	Bacteroidota	Bacteroidia	Sphingobacteriales	Sphingobacteriaceae	Sphingobacterium	Sphingobacterium sp.
C7667	Bacteria	Pseudomonadota	Alphaproteobacteria	Acetobacterales	Acetobacteraceae	Commensalibacter	Commensalibacter sp.
C7669	Bacteria	Pseudomonadota	Gammaproteobacteria	Gammaproteobacteria sp.	Gammaproteobacteria sp.	Gammaproteobacteria sp.	Gammaproteobacteria sp.
C7670	Bacteria	Pseudomonadota	Gammaproteobacteria	Enterobacterales	Enterobacteriaceae	Enterobacter	Enterobacter sp.
C7673	Bacteria	Pseudomonadota	Gammaproteobacteria	Enterobacterales	Enterobacterales sp.	Enterobacterales sp.	Enterobacterales sp.
C7674	Bacteria	Pseudomonadota	Gammaproteobacteria	Enterobacterales	Enterobacterales sp.	Enterobacterales sp.	Enterobacterales sp.
C7675	Bacteria	Pseudomonadota	Gammaproteobacteria	Enterobacterales	Enterobacteriaceae	Enterobacter	Enterobacter sp.
C7683	Bacteria	Pseudomonadota	Alphaproteobacteria	Acetobacterales	Acetobacteraceae	Acetobacter	Acetobacter sp.
C7687	Bacteria	Pseudomonadota	Alphaproteobacteria	Rickettsiales	Anaplasmataceae	Wolbachia	Wolbachia sp.
C7690	Bacteria	Pseudomonadota	Gammaproteobacteria	Enterobacterales	Enterobacteriaceae	Klebsiella	Klebsiella pneumoniae
C7693	Bacteria	Pseudomonadota	Gammaproteobacteria	Enterobacterales	Enterobacteriaceae	Enterobacter	Enterobacter sp.
C7695	Bacteria	Pseudomonadota	Gammaproteobacteria	Enterobacterales	Enterobacterales sp.	Enterobacterales sp.	Enterobacterales sp.
C7699	Bacteria	Pseudomonadota	Gammaproteobacteria	Enterobacterales	Enterobacteriaceae	Enterobacter	Enterobacter sp.
C7700	Bacteria	Pseudomonadota	Alphaproteobacteria	Acetobacterales	Acetobacteraceae	Gluconobacter	Gluconobacter sp.
C7703	Bacteria	Pseudomonadota	Gammaproteobacteria	Burkholderiales	Burkholderiales sp.	Burkholderiales sp.	Burkholderiales sp.
C7704	Bacteria	Pseudomonadota	Alphaproteobacteria	Acetobacterales	Acetobacteraceae	Acetobacter	Acetobacter sp.
C7707	Bacteria	Pseudomonadota	Alphaproteobacteria	Rickettsiales	Anaplasmataceae	Wolbachia	Wolbachia sp.
C7709	Bacteria	Pseudomonadota	Gammaproteobacteria	Enterobacterales	Enterobacteriaceae	Enterobacter	Enterobacter sp.
C7712	Bacteria	Pseudomonadota	Gammaproteobacteria	Cardiobacteriales	Wohlfahrtiimonadaceae	Koukoulia	Koukoulia aurantiaca
C7714	Bacteria	Pseudomonadota	Gammaproteobacteria	Burkholderiales	Burkholderiales sp.	Burkholderiales sp.	Burkholderiales sp.
C7715	Bacteria	Pseudomonadota	Alphaproteobacteria	Rickettsiales	Anaplasmataceae	Wolbachia	Wolbachia sp.
C7721	Bacteria	Pseudomonadota	Gammaproteobacteria	Enterobacterales	Erwiniaceae	Erwiniaceae sp.	Erwiniaceae sp.
C7724	Bacteria	Pseudomonadota	Alphaproteobacteria	Acetobacterales	Acetobacteraceae	Acetobacteraceae sp.	Acetobacteraceae sp.
C7725	Bacteria	Pseudomonadota	Alphaproteobacteria	Acetobacterales	Acetobacteraceae	Acetobacter	Acetobacter sp.
C7727	Bacteria	Pseudomonadota	Gammaproteobacteria	Gammaproteobacteria sp.	Gammaproteobacteria sp.	Gammaproteobacteria sp.	Gammaproteobacteria sp.
C7729	Bacteria	Pseudomonadota	Gammaproteobacteria	Enterobacterales	Enterobacteriaceae	Enterobacteriaceae sp.	Enterobacteriaceae sp.
C7731	Bacteria	Pseudomonadota	Gammaproteobacteria	Enterobacterales	Enterobacteriaceae	Enterobacter	Enterobacter sp.
C7738	Bacteria	Pseudomonadota	Alphaproteobacteria	Acetobacterales	Acetobacteraceae	Acetobacter	Acetobacter sp.
C7747	Bacteria	Pseudomonadota	Gammaproteobacteria	Enterobacterales	Enterobacteriaceae	Enterobacter	Enterobacter sp.
C7748	Bacteria	Pseudomonadota	Alphaproteobacteria	Acetobacterales	Acetobacteraceae	Acetobacteraceae sp.	Acetobacteraceae sp.
C7751	Bacteria	Pseudomonadota	Alphaproteobacteria	Acetobacterales	Acetobacteraceae	Gluconobacter	Gluconobacter sp.
C7753	Bacteria	Pseudomonadota	Alphaproteobacteria	Acetobacterales	Acetobacteraceae	Gluconobacter	Gluconobacter sp.
C7755	Bacteria	Pseudomonadota	Gammaproteobacteria	Enterobacterales	Erwiniaceae	Erwiniaceae sp.	Erwiniaceae sp.
C7756	Bacteria	Pseudomonadota	Alphaproteobacteria	Acetobacterales	Acetobacteraceae	Commensalibacter	Commensalibacter sp.
C7757	Bacteria	Pseudomonadota	Gammaproteobacteria	Enterobacterales	Enterobacterales sp.	Enterobacterales sp.	Enterobacterales sp.
C7758	Bacteria	Pseudomonadota	Alphaproteobacteria	Rickettsiales	Anaplasmataceae	Wolbachia	Wolbachia sp.
C7762	Bacteria	Pseudomonadota	Alphaproteobacteria	Acetobacterales	Acetobacteraceae	Commensalibacter	Commensalibacter sp.
C7766	Bacteria	Pseudomonadota	Alphaproteobacteria	Acetobacterales	Acetobacteraceae	Acetobacter	Acetobacter sp.
C7767	Bacteria	Pseudomonadota	Gammaproteobacteria	Enterobacterales	Enterobacterales sp.	Enterobacterales sp.	Enterobacterales sp.
C7770	Bacteria	Pseudomonadota	Gammaproteobacteria	Enterobacterales	Enterobacteriaceae	Enterobacter	Enterobacter sp.
C7772	Bacteria	Pseudomonadota	Gammaproteobacteria	Enterobacterales	Enterobacteriaceae	Enterobacteriaceae sp.	Enterobacteriaceae sp.
C7774	Bacteria	Pseudomonadota	Gammaproteobacteria	Enterobacterales	Enterobacteriaceae	Enterobacter	Enterobacter sp.
C7779	Bacteria	Pseudomonadota	Alphaproteobacteria	Rickettsiales	Anaplasmataceae	Wolbachia	Wolbachia sp.
C7780	Bacteria	Pseudomonadota	Gammaproteobacteria	Burkholderiales	Comamonadaceae	Comamonadaceae sp.	Comamonadaceae sp.
C7781	Unknown	Unknown	Unknown	Unknown	Unknown	Unknown	Unknown
C7784	Bacteria	Pseudomonadota	Gammaproteobacteria	Enterobacterales	Enterobacteriaceae	Enterobacteriaceae sp.	Enterobacteriaceae sp.
C7785	Bacteria	Bacillota	Clostridia	Clostridiales	Clostridiaceae	Clostridium	Clostridium sp.
C7786	Bacteria	Pseudomonadota	Gammaproteobacteria	Enterobacterales	Enterobacteriaceae	Enterobacter	Enterobacter sp.
C7791	Unknown	Unknown	Unknown	Unknown	Unknown	Unknown	Unknown
C7794	Bacteria	Pseudomonadota	Alphaproteobacteria	Rickettsiales	Anaplasmataceae	Wolbachia	Wolbachia sp.
C7795	Bacteria	Pseudomonadota	Alphaproteobacteria	Acetobacterales	Acetobacteraceae	Commensalibacter	Commensalibacter sp.
C7797	Bacteria	Pseudomonadota	Gammaproteobacteria	Enterobacterales	Enterobacterales sp.	Enterobacterales sp.	Enterobacterales sp.
C7801	Bacteria	Pseudomonadota	Alphaproteobacteria	Rickettsiales	Anaplasmataceae	Wolbachia	Wolbachia sp.
C7804	Bacteria	Pseudomonadota	Gammaproteobacteria	Enterobacterales	Enterobacteriaceae	Enterobacter	Enterobacter sp.
C7805	Bacteria	Pseudomonadota	Gammaproteobacteria	Enterobacterales	Morganellaceae	Providencia	Providencia sp.
C7806	Bacteria	Pseudomonadota	Alphaproteobacteria	Acetobacterales	Acetobacteraceae	Acetobacteraceae sp.	Acetobacteraceae sp.
C7807	Bacteria	Pseudomonadota	Alphaproteobacteria	Acetobacterales	Acetobacteraceae	Gluconobacter	Gluconobacter sp.
C7811	NA	NA sp.	NA sp.	NA sp.	NA sp.	NA sp.	NA sp.
C7814	Bacteria	Pseudomonadota	Alphaproteobacteria	Acetobacterales	Acetobacteraceae	Acetobacteraceae sp.	Acetobacteraceae sp.
C7815	Bacteria	Pseudomonadota	Alphaproteobacteria	Acetobacterales	Acetobacteraceae	Acetobacteraceae sp.	Acetobacteraceae sp.
C7821	Bacteria	Pseudomonadota	Alphaproteobacteria	Rickettsiales	Anaplasmataceae	Wolbachia	Wolbachia sp.
C7826	Bacteria	Pseudomonadota	Alphaproteobacteria	Acetobacterales	Acetobacteraceae	Komagataeibacter	Komagataeibacter sp.
C7827	Bacteria	Pseudomonadota	Alphaproteobacteria	Rickettsiales	Anaplasmataceae	Wolbachia	Wolbachia sp.
C7828	Bacteria	Pseudomonadota	Alphaproteobacteria	Acetobacterales	Acetobacteraceae	Acetobacteraceae sp.	Acetobacteraceae sp.
C7830	Bacteria	Pseudomonadota	Gammaproteobacteria	Enterobacterales	Enterobacteriaceae	Enterobacteriaceae sp.	Enterobacteriaceae sp.
C7833	Bacteria	Pseudomonadota	Alphaproteobacteria	Rickettsiales	Anaplasmataceae	Wolbachia	Wolbachia sp.
C7835	Bacteria	Pseudomonadota	Gammaproteobacteria	Enterobacterales	Enterobacteriaceae	Enterobacteriaceae sp.	Enterobacteriaceae sp.
C7836	Bacteria	Bacteroidota	Bacteroidia	Cytophagales	Spirosomataceae	Incertae Sedis	Dyadobacter sp. enrichment culture
C7837	Bacteria	Pseudomonadota	Alphaproteobacteria	Acetobacterales	Acetobacteraceae	Acetobacter	Acetobacter sp.
C7838	Bacteria	Pseudomonadota	Alphaproteobacteria	Acetobacterales	Acetobacteraceae	Acetobacteraceae sp.	Acetobacteraceae sp.
C7839	Bacteria	Pseudomonadota	Alphaproteobacteria	Acetobacterales	Acetobacteraceae	Acetobacteraceae sp.	Acetobacteraceae sp.
C7841	Bacteria	Bacteroidota	Bacteroidia	Bacteroidales	Dysgonomonadaceae	Dysgonomonas	Dysgonomonas sp.
C7843	Bacteria	Pseudomonadota	Alphaproteobacteria	Rickettsiales	Anaplasmataceae	Wolbachia	Wolbachia sp.
C7844	Bacteria	Pseudomonadota	Alphaproteobacteria	Acetobacterales	Acetobacteraceae	Commensalibacter	Commensalibacter sp.
C7845	Bacteria	Pseudomonadota	Alphaproteobacteria	Acetobacterales	Acetobacteraceae	Gluconobacter	Gluconobacter sp.
C7851	Bacteria	Pseudomonadota	Alphaproteobacteria	Rickettsiales	Anaplasmataceae	Wolbachia	Wolbachia sp.
C7854	Bacteria	Bacteroidota	Bacteroidia	Chitinophagales	Chitinophagaceae	DVSBS1	Sphingobacteriia bacterium DVSBS1
C7856	Bacteria	Pseudomonadota	Alphaproteobacteria	Acetobacterales	Acetobacteraceae	Acetobacteraceae sp.	Acetobacteraceae sp.
C7857	Bacteria	Bacteroidota	Bacteroidia	Bacteroidales	Dysgonomonadaceae	Dysgonomonas	Dysgonomonas sp.
C7858	Bacteria	Pseudomonadota	Gammaproteobacteria	Enterobacterales	Enterobacteriaceae	Enterobacter	Enterobacter sp.
C7859	Bacteria	Pseudomonadota	Alphaproteobacteria	Acetobacterales	Acetobacteraceae	Acetobacteraceae sp.	Acetobacteraceae sp.
C7860	Bacteria	Pseudomonadota	Gammaproteobacteria	Enterobacterales	Enterobacteriaceae	Enterobacter	Enterobacter sp.
C7862	Bacteria	Pseudomonadota	Gammaproteobacteria	Enterobacterales	Enterobacterales sp.	Enterobacterales sp.	Enterobacterales sp.
C7866	Bacteria	Pseudomonadota	Gammaproteobacteria	Enterobacterales	Morganellaceae	Providencia	Providencia sp.
C7869	Bacteria	Pseudomonadota	Alphaproteobacteria	Acetobacterales	Acetobacteraceae	Gluconobacter	Gluconobacter sp.
C7871	Bacteria	Pseudomonadota	Alphaproteobacteria	Rickettsiales	Anaplasmataceae	Wolbachia	Wolbachia sp.
C7872	Bacteria	Pseudomonadota	Alphaproteobacteria	Acetobacterales	Acetobacteraceae	Acetobacteraceae sp.	Acetobacteraceae sp.
C7875	Bacteria	Pseudomonadota	Gammaproteobacteria	Enterobacterales	Erwiniaceae	Erwiniaceae sp.	Erwiniaceae sp.
C7877	Bacteria	Pseudomonadota	Alphaproteobacteria	Rickettsiales	Anaplasmataceae	Wolbachia	Wolbachia sp.
C7878	Bacteria	Pseudomonadota	Gammaproteobacteria	Enterobacterales	Orbaceae	Orbaceae sp.	Orbaceae sp.
C7879	Unknown	Unknown	Unknown	Unknown	Unknown	Unknown	Unknown
C7882	Bacteria	Pseudomonadota	Alphaproteobacteria	Rickettsiales	Anaplasmataceae	Wolbachia	Wolbachia sp.
C7883	Bacteria	Pseudomonadota	Gammaproteobacteria	Enterobacterales	Enterobacteriaceae	Enterobacter	Enterobacter sp.
C7893	Bacteria	Pseudomonadota	Alphaproteobacteria	Rickettsiales	Anaplasmataceae	Wolbachia	Wolbachia sp.
C7897	Bacteria	Pseudomonadota	Alphaproteobacteria	Acetobacterales	Acetobacteraceae	Acetobacteraceae sp.	Acetobacteraceae sp.
C7903	Bacteria	Actinomycetota	Actinobacteria	Micrococcales	Micrococcaceae	Arthrobacter	Arthrobacter sp.
C7905	NA	NA sp.	NA sp.	NA sp.	NA sp.	NA sp.	NA sp.
C7906	Bacteria	Pseudomonadota	Alphaproteobacteria	Acetobacterales	Acetobacteraceae	Commensalibacter	Commensalibacter sp.
C7907	Bacteria	Pseudomonadota	Gammaproteobacteria	Enterobacterales	Erwiniaceae	Erwiniaceae sp.	Erwiniaceae sp.
C7911	Bacteria	Pseudomonadota	Alphaproteobacteria	Rickettsiales	Anaplasmataceae	Wolbachia	Wolbachia sp.
C7918	NA	NA sp.	NA sp.	NA sp.	NA sp.	NA sp.	NA sp.
C7919	Bacteria	Pseudomonadota	Alphaproteobacteria	Holosporales	Holosporaceae	Incertae Sedis	uncultured bacterium
C7921	Bacteria	Pseudomonadota	Gammaproteobacteria	Pseudomonadales	Pseudomonadaceae	Pseudomonas	Pseudomonas sp.
C7923	Bacteria	Pseudomonadota	Alphaproteobacteria	Acetobacterales	Acetobacteraceae	Acetobacter	Acetobacter sp.
C7924	Bacteria	Pseudomonadota	Alphaproteobacteria	Acetobacterales	Acetobacteraceae	Acetobacteraceae sp.	Acetobacteraceae sp.
C7927	Bacteria	Pseudomonadota	Alphaproteobacteria	Acetobacterales	Acetobacteraceae	Acetobacteraceae sp.	Acetobacteraceae sp.
C7932	Bacteria	Actinomycetota	Actinobacteria	Micrococcales	Microbacteriaceae	Leucobacter	Leucobacter sp.
C7933	Bacteria	Pseudomonadota	Alphaproteobacteria	Rickettsiales	Anaplasmataceae	Wolbachia	Wolbachia sp.
C7934	Bacteria	Bacteroidota	Bacteroidia	Bacteroidales	Dysgonomonadaceae	Dysgonomonas	Dysgonomonas sp.
C7936	Bacteria	Pseudomonadota	Gammaproteobacteria	Enterobacterales	Enterobacterales sp.	Enterobacterales sp.	Enterobacterales sp.
C7938	Bacteria	Pseudomonadota	Alphaproteobacteria	Acetobacterales	Acetobacteraceae	Acetobacteraceae sp.	Acetobacteraceae sp.
C7939	Bacteria	Pseudomonadota	Gammaproteobacteria	Enterobacterales	Enterobacterales sp.	Enterobacterales sp.	Enterobacterales sp.
C7946	Bacteria	Bacillota	Bacilli	Paenibacillales	Paenibacillaceae	Paenibacillus	Paenibacillus sp.
C7947	Bacteria	Pseudomonadota	Alphaproteobacteria	Acetobacterales	Acetobacteraceae	Commensalibacter	Commensalibacter sp.
C7952	Bacteria	Pseudomonadota	Alphaproteobacteria	Rickettsiales	Anaplasmataceae	Wolbachia	Wolbachia sp.
C7954	Bacteria	Bacteroidota	Bacteroidia	Bacteroidales	Dysgonomonadaceae	Dysgonomonas	Dysgonomonas sp.
C7956	Bacteria	Pseudomonadota	Alphaproteobacteria	Acetobacterales	Acetobacteraceae	Acetobacteraceae sp.	Acetobacteraceae sp.
C7958	Bacteria	Verrucomicrobiota	Verrucomicrobiia	Verrucomicrobiales	Verrucomicrobiaceae	Prosthecobacter	Prosthecobacter sp.
C7963	Bacteria	Pseudomonadota	Alphaproteobacteria	Rickettsiales	Anaplasmataceae	Wolbachia	Wolbachia sp.
C7966	Bacteria	Pseudomonadota	Gammaproteobacteria	Lysobacterales	Rhodanobacteraceae	Dokdonella	Dokdonella sp.
C7967	Bacteria	Pseudomonadota	Alphaproteobacteria	Acetobacterales	Acetobacteraceae	Acetobacter	Acetobacter sp.
C7968	Bacteria	Pseudomonadota	Alphaproteobacteria	Acetobacterales	Acetobacteraceae	Gluconobacter	Gluconobacter sp.
C7972	Bacteria	Pseudomonadota	Alphaproteobacteria	Rickettsiales	Anaplasmataceae	Wolbachia	Wolbachia sp.
C7973	Bacteria	Pseudomonadota	Alphaproteobacteria	Rickettsiales	Anaplasmataceae	Wolbachia	Wolbachia sp.
C7978	Bacteria	Pseudomonadota	Gammaproteobacteria	Enterobacterales	Enterobacteriaceae	Enterobacteriaceae sp.	Enterobacteriaceae sp.
C7986	Bacteria	Pseudomonadota	Alphaproteobacteria	Acetobacterales	Acetobacteraceae	Acetobacteraceae sp.	Acetobacteraceae sp.
C7988	Bacteria	Pseudomonadota	Alphaproteobacteria	Acetobacterales	Acetobacteraceae	Acetobacter	Acetobacter sp.
C7989	Bacteria	Pseudomonadota	Alphaproteobacteria	Acetobacterales	Acetobacteraceae	Commensalibacter	Commensalibacter sp.
C7990	Bacteria	Pseudomonadota	Alphaproteobacteria	Acetobacterales	Acetobacteraceae	Acetobacter	Acetobacter sp.
C7992	Bacteria	Pseudomonadota	Gammaproteobacteria	Enterobacterales	Enterobacteriaceae	Enterobacter	Enterobacter sp.
C8001	Bacteria	Pseudomonadota	Gammaproteobacteria	Enterobacterales	Orbaceae	Orbaceae sp.	Orbaceae sp.
C8002	Bacteria	Pseudomonadota	Alphaproteobacteria	Rickettsiales	Anaplasmataceae	Wolbachia	Wolbachia sp.
C8003	Bacteria	Pseudomonadota	Alphaproteobacteria	Acetobacterales	Acetobacteraceae	Acetobacter	Acetobacter sp.
C8004	Bacteria	Pseudomonadota	Alphaproteobacteria	Acetobacterales	Acetobacteraceae	Commensalibacter	Commensalibacter sp.
C8005	Bacteria	Bacillota	Bacilli	Bacillales	Planococcaceae	Lysinibacillus	Lysinibacillus sp.
C8006	Bacteria	Bacteroidota	Bacteroidia	Chitinophagales	Chitinophagaceae	Aurantisolimonas	uncultured bacterium
C8008	Bacteria	Bacillota	Bacilli	Lactobacillales	Streptococcaceae	Lactococcus	Lactococcus sp.
C8010	Bacteria	Pseudomonadota	Alphaproteobacteria	Acetobacterales	Acetobacteraceae	Acetobacteraceae sp.	Acetobacteraceae sp.
C8014	Bacteria	Pseudomonadota	Gammaproteobacteria	Enterobacterales	Enterobacterales sp.	Enterobacterales sp.	Enterobacterales sp.
C8016	Bacteria	Pseudomonadota	Alphaproteobacteria	Rickettsiales	Anaplasmataceae	Wolbachia	Wolbachia sp.
C8017	Bacteria	Pseudomonadota	Alphaproteobacteria	Acetobacterales	Acetobacteraceae	Gluconobacter	Gluconobacter sp.
C8023	Bacteria	Pseudomonadota	Alphaproteobacteria	Rickettsiales	Anaplasmataceae	Wolbachia	Wolbachia sp.
C8027	Unknown	Unknown	Unknown	Unknown	Unknown	Unknown	Unknown
C8029	Bacteria	Pseudomonadota	Gammaproteobacteria	Enterobacterales	Erwiniaceae	Erwiniaceae sp.	Erwiniaceae sp.
C8034	Bacteria	Pseudomonadota	Alphaproteobacteria	Rickettsiales	Anaplasmataceae	Wolbachia	Wolbachia sp.
C8043	Bacteria	Pseudomonadota	Alphaproteobacteria	Rickettsiales	Anaplasmataceae	Wolbachia	Wolbachia sp.
C8047	Bacteria	Pseudomonadota	Gammaproteobacteria	Enterobacterales	Enterobacterales sp.	Enterobacterales sp.	Enterobacterales sp.
C8052	Bacteria	Pseudomonadota	Gammaproteobacteria	Enterobacterales	Enterobacteriaceae	Enterobacter	Enterobacter sp.
C8053	Bacteria	Pseudomonadota	Gammaproteobacteria	Pseudomonadales	Moraxellaceae	Moraxellaceae sp.	Moraxellaceae sp.
C8054	Bacteria	Pseudomonadota	Alphaproteobacteria	Acetobacterales	Acetobacteraceae	Commensalibacter	Commensalibacter sp.
C8055	Bacteria	Pseudomonadota	Alphaproteobacteria	Acetobacterales	Acetobacteraceae	Acetobacter	Acetobacter sp.
C8056	Bacteria	Pseudomonadota	Gammaproteobacteria	Enterobacterales	Enterobacteriaceae	Enterobacteriaceae sp.	Enterobacteriaceae sp.
C8057	Bacteria	Pseudomonadota	Gammaproteobacteria	Enterobacterales	Enterobacteriaceae	Enterobacter	Enterobacter sp.
C8058	Bacteria	Pseudomonadota	Alphaproteobacteria	Rickettsiales	Anaplasmataceae	Wolbachia	Wolbachia sp.
C8061	Bacteria	Pseudomonadota	Gammaproteobacteria	Enterobacterales	Morganellaceae	Providencia	Providencia sp.
C8068	Bacteria	Pseudomonadota	Alphaproteobacteria	Acetobacterales	Acetobacteraceae	Acetobacter	uncultured Acetobacter sp.
C8070	Bacteria	Pseudomonadota	Gammaproteobacteria	Enterobacterales	Enterobacteriaceae	Enterobacteriaceae sp.	Enterobacteriaceae sp.
C8073	Bacteria	Pseudomonadota	Alphaproteobacteria	Rickettsiales	Anaplasmataceae	Wolbachia	Wolbachia sp.
C8075	Bacteria	Pseudomonadota	Alphaproteobacteria	Acetobacterales	Acetobacteraceae	Acetobacter	Acetobacter persici
C8077	Bacteria	Pseudomonadota	Alphaproteobacteria	Acetobacterales	Acetobacteraceae	Gluconobacter	Gluconobacter sp.
C8078	Bacteria	Pseudomonadota	Alphaproteobacteria	Acetobacterales	Acetobacteraceae	Commensalibacter	Commensalibacter sp.
C8087	Bacteria	Pseudomonadota	Gammaproteobacteria	Enterobacterales	Erwiniaceae	Erwiniaceae sp.	Erwiniaceae sp.
C8088	Unknown	Unknown	Unknown	Unknown	Unknown	Unknown	Unknown
C8090	Bacteria	Pseudomonadota	Gammaproteobacteria	Enterobacterales	Erwiniaceae	Erwiniaceae sp.	Erwiniaceae sp.
C8092	Bacteria	Pseudomonadota	Alphaproteobacteria	Rickettsiales	Anaplasmataceae	Wolbachia	Wolbachia sp.
C8094	Bacteria	Pseudomonadota	Alphaproteobacteria	Acetobacterales	Acetobacteraceae	Gluconobacter	Gluconobacter sp.
C8097	Bacteria	Pseudomonadota	Gammaproteobacteria	Enterobacterales	Enterobacteriaceae	Enterobacter	Enterobacter sp.
C8098	Bacteria	Pseudomonadota	Gammaproteobacteria	Enterobacterales	Enterobacteriaceae	Enterobacter	Enterobacter sp.
C8100	Bacteria	Pseudomonadota	Alphaproteobacteria	Acetobacterales	Acetobacteraceae	Gluconobacter	Gluconobacter sp.
C8101	Bacteria	Pseudomonadota	Gammaproteobacteria	Gammaproteobacteria sp.	Gammaproteobacteria sp.	Gammaproteobacteria sp.	Gammaproteobacteria sp.
C8106	Bacteria	Pseudomonadota	Alphaproteobacteria	Acetobacterales	Acetobacteraceae	Gluconobacter	Gluconobacter sp.
C8108	Bacteria	Pseudomonadota	Alphaproteobacteria	Rickettsiales	Anaplasmataceae	Wolbachia	Wolbachia sp.
C8115	Bacteria	Pseudomonadota	Gammaproteobacteria	Enterobacterales	Enterobacteriaceae	Enterobacter	Enterobacter sp.
C8116	Bacteria	Pseudomonadota	Alphaproteobacteria	Acetobacterales	Acetobacteraceae	Gluconobacter	Gluconobacter sp.
C8119	Bacteria	Pseudomonadota	Alphaproteobacteria	Acetobacterales	Acetobacteraceae	Commensalibacter	uncultured bacterium
C8120	Bacteria	Pseudomonadota	Gammaproteobacteria	Enterobacterales	Enterobacterales sp.	Enterobacterales sp.	Enterobacterales sp.
C8123	Bacteria	Pseudomonadota	Gammaproteobacteria	Enterobacterales	Erwiniaceae	Erwiniaceae sp.	Erwiniaceae sp.
C8126	Bacteria	Pseudomonadota	Gammaproteobacteria	Enterobacterales	Erwiniaceae	Erwiniaceae sp.	Erwiniaceae sp.
C8127	Bacteria	Pseudomonadota	Gammaproteobacteria	Enterobacterales	Enterobacterales sp.	Enterobacterales sp.	Enterobacterales sp.
C8128	Bacteria	Pseudomonadota	Gammaproteobacteria	Enterobacterales	Erwiniaceae	Erwiniaceae sp.	Erwiniaceae sp.
C8130	Unknown	Unknown	Unknown	Unknown	Unknown	Unknown	Unknown
C8134	Bacteria	Pseudomonadota	Alphaproteobacteria	Acetobacterales	Acetobacteraceae	Komagataeibacter	Komagataeibacter saccharivorans
C8135	Bacteria	Pseudomonadota	Gammaproteobacteria	Enterobacterales	Enterobacteriaceae	Enterobacter	Enterobacter sp.
C8139	Bacteria	Pseudomonadota	Alphaproteobacteria	Acetobacterales	Acetobacteraceae	Acetobacteraceae sp.	Acetobacteraceae sp.
C8141	Bacteria	Pseudomonadota	Gammaproteobacteria	Enterobacterales	Enterobacteriaceae	Enterobacter	Enterobacter sp.
C8142	Bacteria	Pseudomonadota	Alphaproteobacteria	Acetobacterales	Acetobacteraceae	Commensalibacter	Commensalibacter sp.
C8151	Bacteria	Pseudomonadota	Alphaproteobacteria	Acetobacterales	Acetobacteraceae	Acetobacter	Acetobacter sp.
C8152	Bacteria	Pseudomonadota	Gammaproteobacteria	Enterobacterales	Enterobacterales sp.	Enterobacterales sp.	Enterobacterales sp.
C8153	Bacteria	Pseudomonadota	Gammaproteobacteria	Enterobacterales	Enterobacteriaceae	Enterobacter	Enterobacter sp.
C8156	Bacteria	Pseudomonadota	Alphaproteobacteria	Rickettsiales	Anaplasmataceae	Wolbachia	Wolbachia sp.
C8157	Unknown	Unknown	Unknown	Unknown	Unknown	Unknown	Unknown
C8158	Bacteria	Pseudomonadota	Gammaproteobacteria	Enterobacterales	Enterobacteriaceae	Enterobacter	Enterobacter sp.
C8159	Unknown	Unknown	Unknown	Unknown	Unknown	Unknown	Unknown
C8160	Bacteria	Myxococcota	Polyangiia	Polyangiales	Phaselicystaceae	Phaselicystis	Phaselicystis sp.
C8161	Unknown	Unknown	Unknown	Unknown	Unknown	Unknown	Unknown
C8162	Bacteria	Bacteroidota	Bacteroidia	Sphingobacteriales	env.OPS 17	Incertae Sedis	Incertae Sedis sp.
C8163	Bacteria	Myxococcota	Polyangiia	Polyangiales	Polyangiaceae	Pajaroellobacter	uncultured bacterium
C8164	Bacteria	Bacillota	Clostridia	Clostridia UCG-014	Incertae Sedis	Incertae Sedis	uncultured bacterium
C8169	Bacteria	Bacteroidota	Bacteroidia	Bacteroidales	Muribaculaceae	Incertae Sedis	uncultured bacterium
C8170	Bacteria	Pseudomonadota	Gammaproteobacteria	Burkholderiales	Methylophilaceae	Methylophilaceae sp.	Methylophilaceae sp.
C8172	Bacteria	Thermodesulfobacteriota	Desulfovibrionia	Desulfovibrionales	Desulfovibrionaceae	Desulfovibrio	uncultured bacterium
C8173	Unknown	Unknown	Unknown	Unknown	Unknown	Unknown	Unknown
C8174	Bacteria	Bacteroidota	Bacteroidia	Chitinophagales	Chitinophagaceae	DVSBS1	Sphingobacteriia bacterium DVSBS1
C8176	Bacteria	Bacteroidota	Bacteroidia	Bacteroidales	Muribaculaceae	Incertae Sedis	uncultured bacterium
C8177	Bacteria	Bacteroidota	Bacteroidia	Bacteroidales	Muribaculaceae	Incertae Sedis	uncultured bacterium
C8179	Bacteria	Bacillota	Bacilli	Lactobacillales	Lactobacillaceae	Lactiplantibacillus	Lactiplantibacillus sp.
C8181	Bacteria	Bacteroidota	Bacteroidia	Bacteroidales	Muribaculaceae	Incertae Sedis	uncultured bacterium
C8182	Bacteria	Verrucomicrobiota	Verrucomicrobiia	Verrucomicrobiales	Rubritaleaceae	Luteolibacter	Luteolibacter sp.
C8183	Bacteria	Pseudomonadota	Alphaproteobacteria	Rickettsiales	Anaplasmataceae	Wolbachia	Wolbachia sp.
C8188	Bacteria	Bacillota	Clostridia	Lachnospirales	Lachnospiraceae	Lachnospiraceae UCG-010	uncultured bacterium
C8189	Bacteria	Bacteroidota	Bacteroidia	Flavobacteriales	Crocinitomicaceae	Fluviicola	Fluviicola sp.
C8192	Bacteria	Verrucomicrobiota	Verrucomicrobiia	Verrucomicrobiales	Rubritaleaceae	Luteolibacter	Luteolibacter sp.
C8196	Bacteria	Pseudomonadota	Alphaproteobacteria	Acetobacterales	Acetobacteraceae	Commensalibacter	Commensalibacter sp.
C8199	Bacteria	Verrucomicrobiota	Verrucomicrobiia	Verrucomicrobiales	Verrucomicrobiaceae	Incertae Sedis	Incertae Sedis sp.
C8200	Bacteria	Pseudomonadota	Gammaproteobacteria	Pseudomonadales	Moraxellaceae	Acinetobacter	Acinetobacter sp.
C8201	Bacteria	Pseudomonadota	Alphaproteobacteria	Acetobacterales	Acetobacteraceae	Acetobacter	Acetobacter sp.
C8202	Bacteria	Pseudomonadota	Gammaproteobacteria	Lysobacterales	Lysobacteraceae	Luteimonas	Luteimonas sp.
C8204	Bacteria	Actinomycetota	Actinobacteria	Micrococcales	Micrococcaceae	Micrococcaceae sp.	Micrococcaceae sp.
C8206	Bacteria	Pseudomonadota	Gammaproteobacteria	Burkholderiales	Comamonadaceae	Comamonadaceae sp.	Comamonadaceae sp.
C8207	Bacteria	Cyanobacteriota	Sericytochromatia	Incertae Sedis	Incertae Sedis	Incertae Sedis	uncultured bacterium
C8216	Bacteria	Bacteroidota	Bacteroidia	Flavobacteriales	Flavobacteriaceae	Flavobacterium	Flavobacterium sp.
C8217	Bacteria	Pseudomonadota	Alphaproteobacteria	Sphingomonadales	Sphingomonadaceae	Sphingobium	Sphingobium sp.
C8223	Bacteria	Bacteroidota	Bacteroidia	Bacteroidales	Dysgonomonadaceae	Dysgonomonas	Dysgonomonas sp.
C8224	Bacteria	Bacteroidota	Bacteroidia	Bacteroidales	Muribaculaceae	Incertae Sedis	uncultured bacterium
C8225	Bacteria	Bacteroidota	Bacteroidia	Cytophagales	Spirosomataceae	Dyadobacter	Dyadobacter sp.
C8226	Bacteria	Bacillota	Bacilli	Lactobacillales	Lactobacillaceae	Oenococcus	Oenococcus sp.
C8228	Bacteria	Bacteroidota	Bacteroidia	Bacteroidales	Muribaculaceae	Incertae Sedis	uncultured bacterium
C8229	Bacteria	Pseudomonadota	Alphaproteobacteria	Rickettsiales	Anaplasmataceae	Wolbachia	Wolbachia sp.
C8230	Bacteria	Bacteroidota	Bacteroidia	Cytophagales	Spirosomataceae	Emticicia	Emticicia sp.
C8235	Bacteria	Bacteroidota	Bacteroidia	Bacteroidales	Dysgonomonadaceae	Dysgonomonas	uncultured bacterium
C8243	Bacteria	Bacteroidota	Bacteroidia	Flavobacteriales	Flavobacteriaceae	Flavobacterium	Flavobacterium sp.
C8245	Bacteria	Pseudomonadota	Alphaproteobacteria	Rickettsiales	Anaplasmataceae	Wolbachia	Wolbachia sp.
C8248	Bacteria	Pseudomonadota	Alphaproteobacteria	Acetobacterales	Acetobacteraceae	Acetobacteraceae sp.	Acetobacteraceae sp.
C8254	Bacteria	Actinomycetota	Actinobacteria	Mycobacteriales	Nocardiaceae	Rhodococcus	Rhodococcus sp.
C8259	Bacteria	Pseudomonadota	Gammaproteobacteria	Enterobacterales	Erwiniaceae	Erwiniaceae sp.	Erwiniaceae sp.
C8260	Bacteria	Actinomycetota	Actinobacteria	Micrococcales	Microbacteriaceae	Microbacteriaceae sp.	Microbacteriaceae sp.
C8261	Bacteria	Myxococcota	Polyangiia	Blfdi19	Incertae Sedis	Incertae Sedis	uncultured bacterium
C8262	Bacteria	Verrucomicrobiota	Verrucomicrobiia	Verrucomicrobiales	Verrucomicrobiaceae	Phragmitibacter	Verrucomicrobiaceae bacterium
C8263	Bacteria	Bacteroidota	Bacteroidia	Bacteroidales	Muribaculaceae	Incertae Sedis	uncultured bacterium
C8266	Bacteria	Pseudomonadota	Alphaproteobacteria	Acetobacterales	Acetobacteraceae	Acetobacteraceae sp.	Acetobacteraceae sp.
C8271	Bacteria	Bacteroidota	Bacteroidia	Sphingobacteriales	Sphingobacteriaceae	Sphingobacterium	Sphingobacterium sp.
C8272	Bacteria	Pseudomonadota	Gammaproteobacteria	Burkholderiales	Oxalobacteraceae	Oxalobacteraceae sp.	Oxalobacteraceae sp.
C8276	Unknown	Unknown	Unknown	Unknown	Unknown	Unknown	Unknown
C8278	Bacteria	Pseudomonadota	Gammaproteobacteria	Burkholderiales	Burkholderiaceae	Incertae Sedis	Incertae Sedis sp.
C8281	Bacteria	Bacillota	Clostridia	Lachnospirales	Lachnospiraceae	Lachnospiraceae sp.	Lachnospiraceae sp.
C8283	Bacteria	Pseudomonadota	Alphaproteobacteria	Acetobacterales	Acetobacteraceae	Acetobacter	Acetobacter sp.
C8289	Bacteria	Pseudomonadota	Alphaproteobacteria	Rickettsiales	Anaplasmataceae	Wolbachia	Wolbachia sp.
C8294	Bacteria	Bacteroidota	Bacteroidia	Sphingobacteriales	env.OPS 17	Incertae Sedis	metagenome
C8295	Bacteria	Bacteroidota	Bacteroidia	Bacteroidales	Muribaculaceae	Incertae Sedis	uncultured bacterium
C8302	Bacteria	Myxococcota	Polyangiia	Polyangiales	Sandaracinaceae	Sandaracinaceae sp.	Sandaracinaceae sp.
C8309	Bacteria	Bacillota	Bacilli	Lactobacillales	Lactobacillaceae	Lactiplantibacillus	Lactobacillus plantarum
C8314	Bacteria	Pseudomonadota	Gammaproteobacteria	Lysobacterales	Lysobacteraceae	Stenotrophomonas	Stenotrophomonas sp.
C8318	Bacteria	Pseudomonadota	Gammaproteobacteria	Enterobacterales	Enterobacteriaceae	Escherichia-Shigella	uncultured bacterium
C8319	Bacteria	Pseudomonadota	Gammaproteobacteria	Enterobacterales	Morganellaceae	Morganella	Morganella sp.
C8320	Bacteria	Pseudomonadota	Alphaproteobacteria	Acetobacterales	Acetobacteraceae	Acetobacter	Acetobacter sp.
C8324	Bacteria	Pseudomonadota	Alphaproteobacteria	Acetobacterales	Acetobacteraceae	Acetobacter	Acetobacter sp.
C8326	Bacteria	Pseudomonadota	Gammaproteobacteria	Enterobacterales	Enterobacterales sp.	Enterobacterales sp.	Enterobacterales sp.
C8330	Bacteria	Pseudomonadota	Gammaproteobacteria	Gammaproteobacteria sp.	Gammaproteobacteria sp.	Gammaproteobacteria sp.	Gammaproteobacteria sp.
C8334	Bacteria	Pseudomonadota	Alphaproteobacteria	Acetobacterales	Acetobacteraceae	Commensalibacter	Commensalibacter sp.
C8336	Bacteria	Pseudomonadota	Alphaproteobacteria	Rickettsiales	Anaplasmataceae	Wolbachia	Wolbachia sp.
C8338	Bacteria	Pseudomonadota	Alphaproteobacteria	Acetobacterales	Acetobacteraceae	Komagataeibacter	Komagataeibacter sp.
C8340	Bacteria	Pseudomonadota	Alphaproteobacteria	Rickettsiales	Anaplasmataceae	Wolbachia	Wolbachia sp.
C8341	Bacteria	Actinomycetota	Actinobacteria	Micrococcales	Micrococcaceae	Paeniglutamicibacter	Paeniglutamicibacter sp.
C8343	Bacteria	Pseudomonadota	Gammaproteobacteria	Enterobacterales	Enterobacterales sp.	Enterobacterales sp.	Enterobacterales sp.
C8347	Bacteria	Bacteroidota	Bacteroidia	Chitinophagales	Chitinophagaceae	Rurimicrobium	uncultured bacterium
C8350	Bacteria	Pseudomonadota	Alphaproteobacteria	Alphaproteobacteria sp.	Alphaproteobacteria sp.	Alphaproteobacteria sp.	Alphaproteobacteria sp.
C8351	Bacteria	Bacteroidota	Bacteroidia	Bacteroidales	Bacteroidales sp.	Bacteroidales sp.	Bacteroidales sp.
C8354	Bacteria	Pseudomonadota	Alphaproteobacteria	Acetobacterales	Acetobacteraceae	Acetobacteraceae sp.	Acetobacteraceae sp.
C8367	Bacteria	Bacteroidota	Bacteroidia	Chitinophagales	Chitinophagaceae	Chitinophagaceae sp.	Chitinophagaceae sp.
C8376	Bacteria	Pseudomonadota	Alphaproteobacteria	Acetobacterales	Acetobacteraceae	Commensalibacter	Commensalibacter sp.
C8377	Bacteria	Pseudomonadota	Gammaproteobacteria	Enterobacterales	Erwiniaceae	Erwiniaceae sp.	Erwiniaceae sp.
C8379	Bacteria	Pseudomonadota	Alphaproteobacteria	Acetobacterales	Acetobacteraceae	Acetobacteraceae sp.	Acetobacteraceae sp.
C8380	Bacteria	Pseudomonadota	Alphaproteobacteria	Acetobacterales	Acetobacteraceae	Acetobacter	Acetobacter sp.
C8381	Bacteria	Pseudomonadota	Alphaproteobacteria	Rickettsiales	Anaplasmataceae	Wolbachia	Wolbachia sp.
C8390	Bacteria	Pseudomonadota	Gammaproteobacteria	Gammaproteobacteria sp.	Gammaproteobacteria sp.	Gammaproteobacteria sp.	Gammaproteobacteria sp.
C8394	Bacteria	Pseudomonadota	Gammaproteobacteria	Enterobacterales	Enterobacterales sp.	Enterobacterales sp.	Enterobacterales sp.
C8396	Bacteria	Pseudomonadota	Gammaproteobacteria	Gammaproteobacteria sp.	Gammaproteobacteria sp.	Gammaproteobacteria sp.	Gammaproteobacteria sp.
C8397	Bacteria	Pseudomonadota	Gammaproteobacteria	Enterobacterales	Enterobacteriaceae	Enterobacter	Enterobacter sp.
C8398	Bacteria	Pseudomonadota	Alphaproteobacteria	Acetobacterales	Acetobacteraceae	Commensalibacter	uncultured bacterium
C8399	Bacteria	Pseudomonadota	Gammaproteobacteria	Pseudomonadales	Moraxellaceae	Acinetobacter	Acinetobacter sp.
C8407	Bacteria	Pseudomonadota	Gammaproteobacteria	Enterobacterales	Erwiniaceae	Erwiniaceae sp.	Erwiniaceae sp.
C8409	Bacteria	Pseudomonadota	Gammaproteobacteria	Enterobacterales	Orbaceae	Orbaceae sp.	Orbaceae sp.
C8412	Bacteria	Pseudomonadota	Alphaproteobacteria	Acetobacterales	Acetobacteraceae	Commensalibacter	Commensalibacter sp.
C8425	Bacteria	Pseudomonadota	Gammaproteobacteria	Enterobacterales	Orbaceae	Orbaceae sp.	Orbaceae sp.
C8428	Bacteria	Bacteroidota	Bacteroidia	Bacteroidales	Tannerellaceae	Parabacteroides	Parabacteroides sp.
C8429	Bacteria	Pseudomonadota	Gammaproteobacteria	Enterobacterales	Enterobacteriaceae	Enterobacter	Enterobacter sp.
C8437	Bacteria	Pseudomonadota	Gammaproteobacteria	Burkholderiales	Comamonadaceae	Comamonadaceae sp.	Comamonadaceae sp.
C8442	Bacteria	Pseudomonadota	Gammaproteobacteria	Enterobacterales	Enterobacteriaceae	Enterobacteriaceae sp.	Enterobacteriaceae sp.
C8452	Bacteria	Myxococcota	Polyangiia	Polyangiales	Sandaracinaceae	Sandaracinus	uncultured bacterium
C8457	Bacteria	Pseudomonadota	Alphaproteobacteria	Rickettsiales	Anaplasmataceae	Wolbachia	Wolbachia sp.
C8461	Bacteria	Bacillota	Bacilli	Lactobacillales	Lactobacillaceae	Lactobacillaceae sp.	Lactobacillaceae sp.
C8465	Bacteria	Pseudomonadota	Alphaproteobacteria	Acetobacterales	Acetobacteraceae	Acetobacter	Acetobacter sp.
C8469	Bacteria	Pseudomonadota	Gammaproteobacteria	Enterobacterales	Yersiniaceae	Serratia	Serratia sp.
C8471	Bacteria	Pseudomonadota	Alphaproteobacteria	Acetobacterales	Acetobacteraceae	Acetobacteraceae sp.	Acetobacteraceae sp.
C8474	Bacteria	Pseudomonadota	Alphaproteobacteria	Acetobacterales	Acetobacteraceae	Acetobacter	Acetobacter sp.
C8482	Bacteria	Pseudomonadota	Gammaproteobacteria	Lysobacterales	Rhodanobacteraceae	Rhodanobacteraceae sp.	Rhodanobacteraceae sp.
C8487	Bacteria	Pseudomonadota	Gammaproteobacteria	Enterobacterales	Enterobacteriaceae	Enterobacter	Enterobacter sp.
C8491	Bacteria	Pseudomonadota	Alphaproteobacteria	Rickettsiales	Anaplasmataceae	Wolbachia	Wolbachia sp.
C8493	Bacteria	Pseudomonadota	Alphaproteobacteria	Acetobacterales	Acetobacteraceae	Commensalibacter	Commensalibacter sp.
C8495	Bacteria	Pseudomonadota	Alphaproteobacteria	Acetobacterales	Acetobacteraceae	Gluconobacter	Gluconobacter sp.
C8500	Bacteria	Pseudomonadota	Alphaproteobacteria	Acetobacterales	Acetobacteraceae	Commensalibacter	Commensalibacter sp.
C8512	Bacteria	Pseudomonadota	Alphaproteobacteria	Acetobacterales	Acetobacteraceae	Acetobacter	Acetobacter sp.
C8520	Unknown	Unknown	Unknown	Unknown	Unknown	Unknown	Unknown
C8530	Bacteria	Pseudomonadota	Gammaproteobacteria	Enterobacterales	Enterobacteriaceae	Enterobacter	Enterobacter sp.
C8540	Bacteria	Bacteroidota	Bacteroidia	Bacteroidales	Dysgonomonadaceae	Dysgonomonas	Dysgonomonas sp.
C8546	Bacteria	Pseudomonadota	Alphaproteobacteria	Acetobacterales	Acetobacteraceae	Acetobacteraceae sp.	Acetobacteraceae sp.
C8549	Unknown	Unknown	Unknown	Unknown	Unknown	Unknown	Unknown
C8553	Bacteria	Pseudomonadota	Gammaproteobacteria	Pseudomonadales	Pseudomonadaceae	Pseudomonas	Pseudomonas sp.
C8560	Bacteria	Bacteroidota	Bacteroidia	Chitinophagales	Saprospiraceae	OLB8	OLB8 sp.
C8561	Bacteria	Bacillota	Bacilli	Lactobacillales	Lactobacillaceae	Lactobacillaceae sp.	Lactobacillaceae sp.
C8569	Bacteria	Pseudomonadota	Gammaproteobacteria	Enterobacterales	Enterobacteriaceae	Enterobacteriaceae sp.	Enterobacteriaceae sp.
C8570	Bacteria	Actinomycetota	Actinobacteria	Mycobacteriales	Nocardiaceae	Gordonia	Gordonia sp.
C8572	Bacteria	Pseudomonadota	Alphaproteobacteria	Alphaproteobacteria sp.	Alphaproteobacteria sp.	Alphaproteobacteria sp.	Alphaproteobacteria sp.
C8578	Bacteria	Verrucomicrobiota	Verrucomicrobiia	Opitutales	Opitutaceae	IMCC26134	uncultured bacterium
C8584	Bacteria	Pseudomonadota	Alphaproteobacteria	Rickettsiales	Anaplasmataceae	Wolbachia	Wolbachia sp.
C8586	Bacteria	Pseudomonadota	Gammaproteobacteria	Gammaproteobacteria sp.	Gammaproteobacteria sp.	Gammaproteobacteria sp.	Gammaproteobacteria sp.
C8589	Bacteria	Pseudomonadota	Alphaproteobacteria	Rickettsiales	Anaplasmataceae	Wolbachia	Wolbachia sp.
C8590	Bacteria	Pseudomonadota	Gammaproteobacteria	Enterobacterales	Enterobacteriaceae	Enterobacter	Enterobacter sp.
C8591	Bacteria	Actinomycetota	Actinobacteria	Mycobacteriales	Nocardiaceae	Rhodococcus	Rhodococcus sp.
C8601	Bacteria	Pseudomonadota	Gammaproteobacteria	Enterobacterales	Enterobacteriaceae	Enterobacter	Enterobacter sp.
C8606	Bacteria	Bacteroidota	Bacteroidia	Flavobacteriales	Weeksellaceae	Chishuiella	Empedobacter sp. F-Fue-04TIIa
C8608	Bacteria	Pseudomonadota	Gammaproteobacteria	Burkholderiales	Methylophilaceae	Methylophilaceae sp.	Methylophilaceae sp.
C8613	Bacteria	Bacteroidota	Bacteroidia	Flavobacteriales	Weeksellaceae	Chryseobacterium	Chryseobacterium sp.
C8619	Bacteria	Pseudomonadota	Alphaproteobacteria	Rickettsiales	Anaplasmataceae	Wolbachia	Wolbachia sp.
C8620	Bacteria	Pseudomonadota	Alphaproteobacteria	Acetobacterales	Acetobacteraceae	Gluconobacter	Gluconobacter sp.
C8621	Bacteria	Pseudomonadota	Alphaproteobacteria	Acetobacterales	Acetobacteraceae	Acetobacter	Acetobacter sp.
C8626	Bacteria	Pseudomonadota	Gammaproteobacteria	Enterobacterales	Enterobacterales sp.	Enterobacterales sp.	Enterobacterales sp.
C8631	Bacteria	Pseudomonadota	Alphaproteobacteria	Acetobacterales	Acetobacteraceae	Acetobacter	Acetobacter sp.
C8633	Bacteria	Pseudomonadota	Gammaproteobacteria	Enterobacterales	Morganellaceae	Providencia	Providencia sp.
C8636	Bacteria	Pseudomonadota	Alphaproteobacteria	Rickettsiales	Anaplasmataceae	Wolbachia	Wolbachia sp.
C8639	Bacteria	Bacteroidota	Bacteroidia	Chitinophagales	Chitinophagaceae	Incertae Sedis	uncultured bacterium
C8642	Bacteria	Pseudomonadota	Alphaproteobacteria	Acetobacterales	Acetobacteraceae	Commensalibacter	Commensalibacter sp.
C8647	Bacteria	Pseudomonadota	Alphaproteobacteria	Acetobacterales	Acetobacteraceae	Acetobacter	Acetobacter sp.
C8651	Bacteria	Pseudomonadota	Alphaproteobacteria	Acetobacterales	Acetobacteraceae	Acetobacter	Acetobacter sp.
C8653	Bacteria	Actinomycetota	Actinobacteria	Micrococcales	Microbacteriaceae	Pseudoclavibacter	Pseudoclavibacter soli
C8655	Bacteria	Pseudomonadota	Gammaproteobacteria	Enterobacterales	Enterobacteriaceae	Enterobacter	Enterobacter hormaechei ATCC 49162
C8659	Bacteria	Pseudomonadota	Alphaproteobacteria	Rickettsiales	Anaplasmataceae	Wolbachia	Wolbachia sp.
C8671	Bacteria	Pseudomonadota	Alphaproteobacteria	Rickettsiales	Anaplasmataceae	Wolbachia	Wolbachia sp.
C8678	Bacteria	Pseudomonadota	Alphaproteobacteria	Rickettsiales	Anaplasmataceae	Wolbachia	Wolbachia sp.
C8681	Bacteria	Pseudomonadota	Alphaproteobacteria	Acetobacterales	Acetobacteraceae	Commensalibacter	Commensalibacter sp.
C8686	Bacteria	Pseudomonadota	Alphaproteobacteria	Acetobacterales	Acetobacteraceae	Acetobacter	Acetobacter sp.
C8695	Bacteria	Pseudomonadota	Alphaproteobacteria	Acetobacterales	Acetobacteraceae	Acetobacteraceae sp.	Acetobacteraceae sp.
C8697	Bacteria	Pseudomonadota	Gammaproteobacteria	Burkholderiales	Comamonadaceae	Comamonadaceae sp.	Comamonadaceae sp.
C8698	Bacteria	Pseudomonadota	Alphaproteobacteria	Rickettsiales	Anaplasmataceae	Wolbachia	Wolbachia sp.
C8701	Bacteria	Bacillota	Bacilli	Lactobacillales	Lactobacillaceae	Lactiplantibacillus	Lactiplantibacillus sp.
C8703	Bacteria	Pseudomonadota	Alphaproteobacteria	Acetobacterales	Acetobacteraceae	Acetobacteraceae sp.	Acetobacteraceae sp.
C8704	Bacteria	Pseudomonadota	Gammaproteobacteria	Enterobacterales	Enterobacterales sp.	Enterobacterales sp.	Enterobacterales sp.
C8705	Bacteria	Pseudomonadota	Alphaproteobacteria	Acetobacterales	Acetobacteraceae	Komagataeibacter	Komagataeibacter sp.
C8708	Bacteria	Bacillota	Bacilli	Lactobacillales	Lactobacillaceae	Fructobacillus	Fructobacillus fructosus
C8709	Bacteria	Bacillota	Bacilli	Mycoplasmatales	Mycoplasmataceae	Spiroplasma	Spiroplasma sp.
C8710	Bacteria	Pseudomonadota	Gammaproteobacteria	Enterobacterales	Enterobacterales sp.	Enterobacterales sp.	Enterobacterales sp.
C8716	Bacteria	Pseudomonadota	Gammaproteobacteria	Lysobacterales	Lysobacterales sp.	Lysobacterales sp.	Lysobacterales sp.
C8722	Bacteria	Bacteroidota	Bacteroidia	Bacteroidales	Muribaculaceae	Incertae Sedis	uncultured bacterium
C8724	Bacteria	Pseudomonadota	Gammaproteobacteria	Enterobacterales	Enterobacteriaceae	Enterobacteriaceae sp.	Enterobacteriaceae sp.
C8729	Bacteria	Pseudomonadota	Gammaproteobacteria	Burkholderiales	Burkholderiales sp.	Burkholderiales sp.	Burkholderiales sp.
C8730	Bacteria	Bacteroidota	Bacteroidia	Chitinophagales	Chitinophagaceae	DVSBS1	Sphingobacteriia bacterium DVSBS1
C8732	Bacteria	Pseudomonadota	Alphaproteobacteria	Rickettsiales	Mitochondria	Incertae Sedis	Musa acuminata subsp. malaccensis
C8733	Bacteria	Pseudomonadota	Alphaproteobacteria	Acetobacterales	Acetobacteraceae	Acetobacter	Acetobacter sp.
C8735	Bacteria	Bacteroidota	Bacteroidia	Bacteroidales	Dysgonomonadaceae	Dysgonomonas	Dysgonomonas sp.
C8737	Bacteria	Pseudomonadota	Alphaproteobacteria	Acetobacterales	Acetobacteraceae	Acetobacter	Acetobacter sp.
C8741	Bacteria	Pseudomonadota	Alphaproteobacteria	Acetobacterales	Acetobacteraceae	Acetobacter	Acetobacter sp.
C8743	Bacteria	Pseudomonadota	Alphaproteobacteria	Rickettsiales	Anaplasmataceae	Wolbachia	Wolbachia sp.
C8745	Bacteria	Bacillota	Bacilli	Lactobacillales	Lactobacillaceae	Weissella	Weissella sp.
C8748	Bacteria	Pseudomonadota	Gammaproteobacteria	Burkholderiales	Comamonadaceae	Comamonadaceae sp.	Comamonadaceae sp.
C8754	Bacteria	Pseudomonadota	Gammaproteobacteria	Burkholderiales	Methylophilaceae	Methylobacillus	Methylobacillus sp.
C8757	Bacteria	Pseudomonadota	Gammaproteobacteria	Burkholderiales	Comamonadaceae	Comamonadaceae sp.	Comamonadaceae sp.
C8758	Bacteria	Pseudomonadota	Gammaproteobacteria	Burkholderiales	Comamonadaceae	Comamonadaceae sp.	Comamonadaceae sp.
C8761	Bacteria	Pseudomonadota	Gammaproteobacteria	Enterobacterales	Erwiniaceae	Erwiniaceae sp.	Erwiniaceae sp.
C8764	Bacteria	Bacteroidota	Bacteroidia	Bacteroidales	Muribaculaceae	Incertae Sedis	uncultured bacterium
C8765	Bacteria	Bacteroidota	Bacteroidia	Bacteroidales	Muribaculaceae	Incertae Sedis	uncultured bacterium
C8772	Bacteria	Pseudomonadota	Alphaproteobacteria	Acetobacterales	Acetobacteraceae	Gluconobacter	Gluconobacter sp.
C8776	Bacteria	Bacteroidota	Bacteroidia	Flavobacteriales	Flavobacteriaceae	Flavobacterium	uncultured bacterium
C8777	Bacteria	Pseudomonadota	Gammaproteobacteria	Enterobacterales	Morganellaceae	Morganellaceae sp.	Morganellaceae sp.
C8779	Unknown	Unknown	Unknown	Unknown	Unknown	Unknown	Unknown
C8782	Bacteria	Pseudomonadota	Gammaproteobacteria	Enterobacterales	Erwiniaceae	Erwiniaceae sp.	Erwiniaceae sp.
C8785	Bacteria	Bacteroidota	Bacteroidia	Flavobacteriales	Flavobacteriaceae	Flavobacterium	Flavobacterium sp.
C8787	Bacteria	Thermodesulfobacteriota	Desulfovibrionia	Desulfovibrionales	Desulfovibrionales sp.	Desulfovibrionales sp.	Desulfovibrionales sp.
C8797	Bacteria	Bacteroidota	Bacteroidia	Cytophagales	Spirosomataceae	Dyadobacter	Dyadobacter sp.
C8804	Bacteria	Pseudomonadota	Alphaproteobacteria	Acetobacterales	Acetobacteraceae	Gluconobacter	Gluconobacter sp.
C8812	Bacteria	Bacteroidota	Bacteroidia	Bacteroidales	Muribaculaceae	Incertae Sedis	uncultured bacterium
C8813	Bacteria	Pseudomonadota	Gammaproteobacteria	Burkholderiales	Comamonadaceae	Aquabacterium	Aquabacterium sp.
C8820	Bacteria	Pseudomonadota	Alphaproteobacteria	Acetobacterales	Acetobacteraceae	Acetobacter	Acetobacter sp.
C8821	Bacteria	Pseudomonadota	Alphaproteobacteria	Acetobacterales	Acetobacteraceae	Acetobacter	Acetobacter sp.
C8823	Bacteria	Pseudomonadota	Gammaproteobacteria	Enterobacterales	Yersiniaceae	Yersiniaceae sp.	Yersiniaceae sp.
C8824	Bacteria	Bacteroidota	Bacteroidia	Bacteroidales	Muribaculaceae	Incertae Sedis	uncultured bacterium
C8825	Bacteria	Bacteroidota	Bacteroidia	Bacteroidales	Bacteroidales sp.	Bacteroidales sp.	Bacteroidales sp.
C8831	Bacteria	Bacillota	Bacilli	Lactobacillales	Lactobacillaceae	Lactiplantibacillus	Lactiplantibacillus sp.
C8837	Bacteria	Pseudomonadota	Gammaproteobacteria	Lysobacterales	Rhodanobacteraceae	Incertae Sedis	Incertae Sedis sp.
C8839	Bacteria	Pseudomonadota	Alphaproteobacteria	Rickettsiales	Anaplasmataceae	Wolbachia	Wolbachia sp.
C8842	Bacteria	Pseudomonadota	Alphaproteobacteria	Acetobacterales	Acetobacteraceae	Commensalibacter	Commensalibacter sp.
C8860	Unknown	Unknown	Unknown	Unknown	Unknown	Unknown	Unknown
C8863	Bacteria	Pseudomonadota	Gammaproteobacteria	Enterobacterales	Enterobacterales sp.	Enterobacterales sp.	Enterobacterales sp.
C8867	Bacteria	Pseudomonadota	Alphaproteobacteria	Acetobacterales	Acetobacteraceae	Acetobacter	Acetobacter sp.
C8869	Bacteria	Pseudomonadota	Gammaproteobacteria	Enterobacterales	Enterobacteriaceae	Enterobacter	Enterobacter sp.
C8876	Bacteria	Pseudomonadota	Alphaproteobacteria	Acetobacterales	Acetobacteraceae	Acetobacter	Acetobacter sp.
C8878	Bacteria	Bacteroidota	Bacteroidia	Sphingobacteriales	Sphingobacteriaceae	Sphingobacterium	Sphingobacterium sp.
C8886	Bacteria	Pseudomonadota	Alphaproteobacteria	Acetobacterales	Acetobacteraceae	Acetobacteraceae sp.	Acetobacteraceae sp.
C8887	Bacteria	Pseudomonadota	Alphaproteobacteria	Rickettsiales	Anaplasmataceae	Wolbachia	Wolbachia sp.
C8891	Bacteria	Pseudomonadota	Alphaproteobacteria	Acetobacterales	Acetobacteraceae	Acetobacter	Acetobacter sp.
C8894	Bacteria	Pseudomonadota	Alphaproteobacteria	Rickettsiales	Anaplasmataceae	Wolbachia	Wolbachia sp.
C8896	Bacteria	Pseudomonadota	Alphaproteobacteria	Acetobacterales	Acetobacteraceae	Acetobacteraceae sp.	Acetobacteraceae sp.
C8897	Bacteria	Pseudomonadota	Gammaproteobacteria	Enterobacterales	Enterobacterales sp.	Enterobacterales sp.	Enterobacterales sp.
C8903	Bacteria	Pseudomonadota	Alphaproteobacteria	Rickettsiales	Anaplasmataceae	Wolbachia	Wolbachia sp.
C8906	Bacteria	Pseudomonadota	Alphaproteobacteria	Acetobacterales	Acetobacteraceae	Gluconobacter	Gluconobacter sp.
C8907	Unknown	Unknown	Unknown	Unknown	Unknown	Unknown	Unknown
C8909	Bacteria	Pseudomonadota	Alphaproteobacteria	Acetobacterales	Acetobacteraceae	Acetobacter	Acetobacter sp.
C8915	Bacteria	Pseudomonadota	Gammaproteobacteria	Enterobacterales	Enterobacteriaceae	Enterobacter	Enterobacter sp.
C8917	Bacteria	Pseudomonadota	Gammaproteobacteria	Enterobacterales	Enterobacteriaceae	Enterobacter	Enterobacter sp.
C8918	Bacteria	Pseudomonadota	Alphaproteobacteria	Acetobacterales	Acetobacteraceae	Acetobacteraceae sp.	Acetobacteraceae sp.
C8919	Bacteria	Pseudomonadota	Alphaproteobacteria	Acetobacterales	Acetobacteraceae	Komagataeibacter	Komagataeibacter saccharivorans
C8920	Bacteria	Pseudomonadota	Alphaproteobacteria	Acetobacterales	Acetobacteraceae	Acetobacteraceae sp.	Acetobacteraceae sp.
C8921	Bacteria	Pseudomonadota	Gammaproteobacteria	Enterobacterales	Enterobacteriaceae	Enterobacter	Enterobacter sp.
C8924	Bacteria	Pseudomonadota	Gammaproteobacteria	Pseudomonadales	Pseudomonadaceae	Pseudomonas	Pseudomonas sp.
C8929	Bacteria	Pseudomonadota	Alphaproteobacteria	Acetobacterales	Acetobacteraceae	Acetobacteraceae sp.	Acetobacteraceae sp.
C8930	Bacteria	Pseudomonadota	Alphaproteobacteria	Acetobacterales	Acetobacteraceae	Acetobacter	Acetobacter sp.
C8931	Bacteria	Pseudomonadota	Gammaproteobacteria	Enterobacterales	Enterobacteriaceae	Enterobacter	Enterobacter sp.
C8935	Bacteria	Pseudomonadota	Alphaproteobacteria	Acetobacterales	Acetobacteraceae	Acetobacter	Acetobacter sp.
C8945	Bacteria	Pseudomonadota	Alphaproteobacteria	Acetobacterales	Acetobacteraceae	Commensalibacter	Commensalibacter sp.
C8950	Unknown	Unknown	Unknown	Unknown	Unknown	Unknown	Unknown
C8955	Bacteria	Pseudomonadota	Alphaproteobacteria	Rickettsiales	Anaplasmataceae	Wolbachia	Wolbachia sp.
C8956	Bacteria	Pseudomonadota	Gammaproteobacteria	Enterobacterales	Enterobacteriaceae	Enterobacteriaceae sp.	Enterobacteriaceae sp.
C8959	Bacteria	Pseudomonadota	Alphaproteobacteria	Acetobacterales	Acetobacteraceae	Acetobacter	Acetobacter sp.
C8961	Bacteria	Pseudomonadota	Alphaproteobacteria	Acetobacterales	Acetobacteraceae	Gluconobacter	Gluconobacter sp.
C8965	Bacteria	Pseudomonadota	Alphaproteobacteria	Acetobacterales	Acetobacteraceae	Commensalibacter	uncultured bacterium
C8967	Bacteria	Pseudomonadota	Alphaproteobacteria	Rickettsiales	Anaplasmataceae	Wolbachia	Wolbachia sp.
C8971	Bacteria	Pseudomonadota	Gammaproteobacteria	Enterobacterales	Enterobacteriaceae	Enterobacter	Enterobacter sp.
C8972	Bacteria	Pseudomonadota	Alphaproteobacteria	Acetobacterales	Acetobacteraceae	Acetobacter	Acetobacter sp.
C8975	Bacteria	Pseudomonadota	Gammaproteobacteria	Burkholderiales	Comamonadaceae	Comamonadaceae sp.	Comamonadaceae sp.
C8984	Bacteria	Pseudomonadota	Gammaproteobacteria	Pseudomonadales	Pseudomonadaceae	Pseudomonas	Pseudomonas sp.
C8989	Bacteria	Pseudomonadota	Gammaproteobacteria	Enterobacterales	Yersiniaceae	Serratia	Serratia sp.
C8991	Bacteria	Pseudomonadota	Alphaproteobacteria	Acetobacterales	Acetobacteraceae	Acetobacter	Acetobacter sp.
C8993	Bacteria	Pseudomonadota	Alphaproteobacteria	Acetobacterales	Acetobacteraceae	Acetobacter	Acetobacter sp.
C8995	Bacteria	Pseudomonadota	Gammaproteobacteria	Enterobacterales	Enterobacterales sp.	Enterobacterales sp.	Enterobacterales sp.
C8996	Bacteria	Bacteroidota	Bacteroidia	Bacteroidales	Dysgonomonadaceae	Dysgonomonas	Dysgonomonas sp.
C8997	Bacteria	Pseudomonadota	Alphaproteobacteria	Sphingomonadales	Sphingomonadaceae	Sphingobium	Sphingobium sp.
C9009	Bacteria	Pseudomonadota	Alphaproteobacteria	Acetobacterales	Acetobacteraceae	Acetobacter	Acetobacter sp.
C9010	Bacteria	Pseudomonadota	Alphaproteobacteria	Acetobacterales	Acetobacteraceae	Acetobacter	Acetobacter sp.
C9013	Bacteria	Pseudomonadota	Alphaproteobacteria	Rickettsiales	Anaplasmataceae	Wolbachia	Wolbachia sp.
C9015	Bacteria	Pseudomonadota	Alphaproteobacteria	Rickettsiales	Anaplasmataceae	Wolbachia	Wolbachia sp.
C9016	Bacteria	Pseudomonadota	Alphaproteobacteria	Rickettsiales	Anaplasmataceae	Wolbachia	Wolbachia sp.
C9018	Bacteria	Pseudomonadota	Alphaproteobacteria	Acetobacterales	Acetobacteraceae	Commensalibacter	Commensalibacter sp.
C9020	Bacteria	Pseudomonadota	Alphaproteobacteria	Acetobacterales	Acetobacteraceae	Commensalibacter	uncultured bacterium
C9021	Bacteria	Pseudomonadota	Alphaproteobacteria	Rickettsiales	Anaplasmataceae	Wolbachia	Wolbachia sp.
C9023	Bacteria	Bacillota	Bacilli	Lactobacillales	Lactobacillaceae	Lactiplantibacillus	Lactiplantibacillus sp.
C9024	Bacteria	Bacillota	Bacilli	Lactobacillales	Lactobacillaceae	Fructobacillus	Fructobacillus sp.
C9025	Bacteria	Bacillota	Bacilli	Mycoplasmatales	Mycoplasmataceae	Spiroplasma	Spiroplasma sp.
C9026	Bacteria	Bacillota	Bacilli	Lactobacillales	Lactobacillaceae	Lactiplantibacillus	Lactiplantibacillus sp.
C9031	Unknown	Unknown	Unknown	Unknown	Unknown	Unknown	Unknown
C9037	Bacteria	Bacteroidota	Bacteroidia	Sphingobacteriales	Sphingobacteriaceae	Sphingobacteriaceae sp.	Sphingobacteriaceae sp.
C9039	Bacteria	Pseudomonadota	Alphaproteobacteria	Acetobacterales	Acetobacteraceae	Gluconobacter	Gluconobacter sp.
C9040	Bacteria	Pseudomonadota	Gammaproteobacteria	Burkholderiales	Methylophilaceae	Methylobacillus	Methylobacillus sp.
C9050	Bacteria	Bacillota	Bacilli	Lactobacillales	Lactobacillaceae	Leuconostoc	Leuconostoc sp.
C9052	Unknown	Unknown	Unknown	Unknown	Unknown	Unknown	Unknown
C9053	Bacteria	Pseudomonadota	Gammaproteobacteria	Burkholderiales	Comamonadaceae	Hydrogenophaga	Hydrogenophaga sp.
C9055	Bacteria	Bacillota	Clostridia	Oscillospirales	Ruminococcaceae	Ruminococcus	uncultured bacterium
C9057	Bacteria	Pseudomonadota	Alphaproteobacteria	Rickettsiales	Anaplasmataceae	Wolbachia	Wolbachia sp.
C9059	Bacteria	Pseudomonadota	Alphaproteobacteria	Acetobacterales	Acetobacteraceae	Acetobacter	Acetobacter sp.
C9061	Bacteria	Pseudomonadota	Alphaproteobacteria	Acetobacterales	Acetobacteraceae	Acetobacteraceae sp.	Acetobacteraceae sp.
C9064	Unknown	Unknown	Unknown	Unknown	Unknown	Unknown	Unknown
C9070	Bacteria	Bacteroidota	Bacteroidia	Chitinophagales	Chitinophagaceae	DVSBS1	Sphingobacteriia bacterium DVSBS1
C9073	Bacteria	Pseudomonadota	Gammaproteobacteria	Burkholderiales	Methylophilaceae	Methylotenera	Methylotenera sp.
C9074	Bacteria	Pseudomonadota	Gammaproteobacteria	Enterobacterales	Morganellaceae	Morganellaceae sp.	Morganellaceae sp.
C9075	Bacteria	Pseudomonadota	Alphaproteobacteria	Acetobacterales	Acetobacteraceae	Gluconobacter	Gluconobacter sp.
C9076	Bacteria	Pseudomonadota	Alphaproteobacteria	Acetobacterales	Acetobacteraceae	Commensalibacter	Commensalibacter sp.
C9077	Eukaryota	Pseudomonadota	Alphaproteobacteria	Rickettsiales	Mitochondria	Incertae Sedis	Talaromyces purpureogenus
C9078	Bacteria	Pseudomonadota	Gammaproteobacteria	Burkholderiales	Burkholderiales sp.	Burkholderiales sp.	Burkholderiales sp.
C9079	Bacteria	Bacillota	Bacilli	Lactobacillales	Lactobacillaceae	Leuconostoc	Leuconostoc sp.
C9080	Bacteria	Pseudomonadota	Alphaproteobacteria	Acetobacterales	Acetobacteraceae	Gluconobacter	Gluconobacter sp.
C9081	Bacteria	Pseudomonadota	Gammaproteobacteria	Pseudomonadales	Moraxellaceae	Acinetobacter	Acinetobacter sp.
C9082	Bacteria	Pseudomonadota	Gammaproteobacteria	Enterobacterales	Erwiniaceae	Erwiniaceae sp.	Erwiniaceae sp.
C9083	Bacteria	Pseudomonadota	Gammaproteobacteria	Burkholderiales	Comamonadaceae	Comamonadaceae sp.	Comamonadaceae sp.
C9084	Bacteria	Pseudomonadota	Alphaproteobacteria	Acetobacterales	Acetobacteraceae	Gluconobacter	Gluconobacter sp.
C9086	Bacteria	Pseudomonadota	Alphaproteobacteria	Acetobacterales	Acetobacteraceae	Acetobacter	Acetobacter sp.
C9087	Bacteria	Pseudomonadota	Alphaproteobacteria	Rickettsiales	Anaplasmataceae	Wolbachia	Wolbachia endosymbiont of Craneopsylla minerva wolffheuglia
C9089	Bacteria	Pseudomonadota	Alphaproteobacteria	Acetobacterales	Acetobacteraceae	Acetobacter	Acetobacter sp.
C9090	Bacteria	Pseudomonadota	Alphaproteobacteria	Acetobacterales	Acetobacteraceae	Gluconobacter	Gluconobacter sp.
C9091	Bacteria	Pseudomonadota	Alphaproteobacteria	Acetobacterales	Acetobacteraceae	Acetobacter	Acetobacter sp.
C9092	Bacteria	Pseudomonadota	Gammaproteobacteria	Enterobacterales	Morganellaceae	Providencia	Providencia sp.
C9094	Bacteria	Pseudomonadota	Alphaproteobacteria	Rhodobacterales	Paracoccaceae	Paracoccaceae sp.	Paracoccaceae sp.
C9095	Bacteria	Pseudomonadota	Alphaproteobacteria	Acetobacterales	Acetobacteraceae	Commensalibacter	Commensalibacter sp.
C9096	Bacteria	Pseudomonadota	Gammaproteobacteria	Enterobacterales	Enterobacteriaceae	Enterobacter	Enterobacter sp.
C9097	Bacteria	Pseudomonadota	Alphaproteobacteria	Acetobacterales	Acetobacteraceae	Gluconobacter	Gluconobacter sp.
C9098	Bacteria	Pseudomonadota	Alphaproteobacteria	Acetobacterales	Acetobacteraceae	Acetobacteraceae sp.	Acetobacteraceae sp.
C9099	Bacteria	Pseudomonadota	Alphaproteobacteria	Acetobacterales	Acetobacteraceae	Gluconobacter	Gluconobacter sp.
C9101	Bacteria	Pseudomonadota	Alphaproteobacteria	Acetobacterales	Acetobacteraceae	Commensalibacter	Commensalibacter sp.
C9102	Bacteria	Pseudomonadota	Gammaproteobacteria	Enterobacterales	Erwiniaceae	Erwiniaceae sp.	Erwiniaceae sp.
C9105	Bacteria	Pseudomonadota	Gammaproteobacteria	Enterobacterales	Enterobacteriaceae	Enterobacter	Enterobacter sp.
C9106	Bacteria	Pseudomonadota	Alphaproteobacteria	Acetobacterales	Acetobacteraceae	Acetobacter	Acetobacter sp.
C9107	Bacteria	Pseudomonadota	Alphaproteobacteria	Acetobacterales	Acetobacteraceae	Gluconobacter	Gluconobacter sp.
C9110	Bacteria	Pseudomonadota	Alphaproteobacteria	Acetobacterales	Acetobacteraceae	Acetobacter	Acetobacter sp.
C9111	Bacteria	Pseudomonadota	Alphaproteobacteria	Acetobacterales	Acetobacteraceae	Acetobacteraceae sp.	Acetobacteraceae sp.
C9113	Bacteria	Pseudomonadota	Gammaproteobacteria	Enterobacterales	Morganellaceae	Morganella	Morganella sp.
C9114	Bacteria	Pseudomonadota	Alphaproteobacteria	Acetobacterales	Acetobacteraceae	Commensalibacter	Commensalibacter sp.
C9115	Bacteria	Pseudomonadota	Alphaproteobacteria	Acetobacterales	Acetobacteraceae	Acetobacteraceae sp.	Acetobacteraceae sp.
C9116	Bacteria	Pseudomonadota	Alphaproteobacteria	Rickettsiales	Anaplasmataceae	Wolbachia	Wolbachia sp.
C9117	Bacteria	Pseudomonadota	Alphaproteobacteria	Acetobacterales	Acetobacteraceae	Komagataeibacter	Komagataeibacter sp.
C9119	Bacteria	Pseudomonadota	Alphaproteobacteria	Acetobacterales	Acetobacteraceae	Acetobacter	Acetobacter sp.
C9122	Bacteria	Pseudomonadota	Gammaproteobacteria	Enterobacterales	Enterobacteriaceae	Escherichia-Shigella	uncultured bacterium
C9130	Bacteria	Bacteroidota	Bacteroidia	Flavobacteriales	Flavobacteriaceae	Flavobacterium	Flavobacterium ceti
C9131	Bacteria	Pseudomonadota	Alphaproteobacteria	Rickettsiales	Anaplasmataceae	Wolbachia	Wolbachia sp.
C9132	Bacteria	Bdellovibrionota	Oligoflexia	0319-6G20	Incertae Sedis	Incertae Sedis	uncultured bacterium
C9136	Bacteria	Pseudomonadota	Alphaproteobacteria	Acetobacterales	Acetobacteraceae	Gluconobacter	Gluconobacter sp.
C9137	Bacteria	Pseudomonadota	Gammaproteobacteria	Enterobacterales	Enterobacterales sp.	Enterobacterales sp.	Enterobacterales sp.
C9139	Bacteria	Pseudomonadota	Alphaproteobacteria	Acetobacterales	Acetobacteraceae	Commensalibacter	Commensalibacter sp.
C9140	Bacteria	Pseudomonadota	Alphaproteobacteria	Acetobacterales	Acetobacteraceae	Acetobacter	Acetobacter sp.
C9145	Bacteria	Bacteroidota	Bacteroidia	Sphingobacteriales	Sphingobacteriaceae	Sphingobacterium	Sphingobacterium sp.
C9146	Bacteria	Pseudomonadota	Gammaproteobacteria	Burkholderiales	Comamonadaceae	Comamonadaceae sp.	Comamonadaceae sp.
C9148	Bacteria	Pseudomonadota	Gammaproteobacteria	Enterobacterales	Enterobacterales sp.	Enterobacterales sp.	Enterobacterales sp.
C9150	Bacteria	Bacillota	Bacilli	Lactobacillales	Lactobacillaceae	Lactiplantibacillus	Lactiplantibacillus sp.
C9153	Bacteria	Pseudomonadota	Alphaproteobacteria	Acetobacterales	Acetobacteraceae	Gluconobacter	Gluconobacter sp.
C9156	Bacteria	Bacteroidota	Bacteroidia	Sphingobacteriales	Sphingobacteriaceae	Sphingobacterium	Sphingobacterium sp.
C9160	Bacteria	Pseudomonadota	Gammaproteobacteria	Burkholderiales	Oxalobacteraceae	Noviherbaspirillum	Noviherbaspirillum sp.
C9161	Bacteria	Pseudomonadota	Alphaproteobacteria	Acetobacterales	Acetobacteraceae	Commensalibacter	Commensalibacter sp.
C9162	Bacteria	Bacillota	Bacilli	Lactobacillales	Lactobacillaceae	Lactobacillaceae sp.	Lactobacillaceae sp.
C9163	Bacteria	Pseudomonadota	Alphaproteobacteria	Acetobacterales	Acetobacteraceae	Acetobacteraceae sp.	Acetobacteraceae sp.
C9164	Bacteria	Pseudomonadota	Alphaproteobacteria	Acetobacterales	Acetobacteraceae	Gluconobacter	Gluconobacter sp.
C9166	Bacteria	Pseudomonadota	Alphaproteobacteria	Acetobacterales	Acetobacteraceae	Acetobacteraceae sp.	Acetobacteraceae sp.
C9167	Bacteria	Pseudomonadota	Alphaproteobacteria	Rickettsiales	Anaplasmataceae	Wolbachia	Wolbachia sp.
C9169	Bacteria	Bacillota	Bacilli	Lactobacillales	Lactobacillaceae	Lactiplantibacillus	Lactiplantibacillus sp.
C9172	Bacteria	Pseudomonadota	Gammaproteobacteria	Enterobacterales	Enterobacteriaceae	Enterobacteriaceae sp.	Enterobacteriaceae sp.
C9175	Unknown	Unknown	Unknown	Unknown	Unknown	Unknown	Unknown
C9176	Bacteria	Pseudomonadota	Alphaproteobacteria	Acetobacterales	Acetobacteraceae	Gluconobacter	Gluconobacter sp.
C9178	Bacteria	Bacteroidota	Bacteroidia	Bacteroidales	Dysgonomonadaceae	Candidatus Armantifilum	Candidatus Armantifilum devescovinae
C9179	Bacteria	Bacillota	Bacilli	Lactobacillales	Lactobacillaceae	Levilactobacillus	Levilactobacillus sp.
C9181	Bacteria	Pseudomonadota	Alphaproteobacteria	Acetobacterales	Acetobacteraceae	Gluconobacter	Gluconobacter sp.
C9184	Bacteria	Actinomycetota	Actinobacteria	Micrococcales	Microbacteriaceae	Microbacteriaceae sp.	Microbacteriaceae sp.
C9185	Bacteria	Pseudomonadota	Alphaproteobacteria	Acetobacterales	Acetobacteraceae	Gluconobacter	Gluconobacter sp.
C9187	Unknown	Unknown	Unknown	Unknown	Unknown	Unknown	Unknown
C9193	Bacteria	Pseudomonadota	Alphaproteobacteria	Acetobacterales	Acetobacteraceae	Gluconobacter	Gluconobacter sp.
C9194	Bacteria	Pseudomonadota	Alphaproteobacteria	Acetobacterales	Acetobacteraceae	Gluconobacter	Gluconobacter sp.
C9195	Bacteria	Pseudomonadota	Gammaproteobacteria	Burkholderiales	Oxalobacteraceae	Oxalobacteraceae sp.	Oxalobacteraceae sp.
C9196	Bacteria	Pseudomonadota	Gammaproteobacteria	Enterobacterales	Enterobacteriaceae	Enterobacteriaceae sp.	Enterobacteriaceae sp.
C9206	Bacteria	Pseudomonadota	Alphaproteobacteria	Acetobacterales	Acetobacteraceae	Komagataeibacter	Komagataeibacter sp.
C9209	Bacteria	Pseudomonadota	Alphaproteobacteria	Rickettsiales	Anaplasmataceae	Wolbachia	Wolbachia sp.
C9214	Bacteria	Pseudomonadota	Gammaproteobacteria	Enterobacterales	Enterobacterales sp.	Enterobacterales sp.	Enterobacterales sp.
C9216	Bacteria	Pseudomonadota	Alphaproteobacteria	Acetobacterales	Acetobacteraceae	Komagataeibacter	Komagataeibacter europaeus
C9220	Unknown	Unknown	Unknown	Unknown	Unknown	Unknown	Unknown
C9221	Bacteria	Pseudomonadota	Alphaproteobacteria	Acetobacterales	Acetobacteraceae	Gluconobacter	Gluconobacter sp.
C9223	Bacteria	Pseudomonadota	Gammaproteobacteria	Enterobacterales	Enterobacteriaceae	Enterobacteriaceae sp.	Enterobacteriaceae sp.
C9224	Bacteria	Pseudomonadota	Alphaproteobacteria	Rickettsiales	Anaplasmataceae	Wolbachia	Wolbachia sp.
C9226	Bacteria	Actinomycetota	Actinobacteria	Micrococcales	Microbacteriaceae	Microbacteriaceae sp.	Microbacteriaceae sp.
C9228	Bacteria	Pseudomonadota	Alphaproteobacteria	Acetobacterales	Acetobacteraceae	Gluconobacter	Gluconobacter sp.
C9229	Bacteria	Pseudomonadota	Alphaproteobacteria	Acetobacterales	Acetobacteraceae	Acetobacter	Acetobacter sp.
C9230	Bacteria	Pseudomonadota	Alphaproteobacteria	Acetobacterales	Acetobacteraceae	Commensalibacter	uncultured bacterium
C9239	Bacteria	Bacillota	Bacilli	Lactobacillales	Lactobacillaceae	Lactiplantibacillus	Lactiplantibacillus sp.
C9245	Bacteria	Bacteroidota	Bacteroidia	Bacteroidales	Tannerellaceae	Candidatus Vestibaculum	Candidatus Vestibaculum sp.
C9246	Bacteria	Pseudomonadota	Gammaproteobacteria	Enterobacterales	Erwiniaceae	Pantoea	Pantoea sp.
C9248	Bacteria	Pseudomonadota	Alphaproteobacteria	Acetobacterales	Acetobacteraceae	Gluconobacter	Gluconobacter sp.
C9249	Bacteria	Pseudomonadota	Alphaproteobacteria	Rickettsiales	Anaplasmataceae	Wolbachia	Wolbachia sp.
C9250	Bacteria	Pseudomonadota	Alphaproteobacteria	Rickettsiales	Anaplasmataceae	Wolbachia	Wolbachia sp.
C9252	Bacteria	Bacillota	Bacilli	Lactobacillales	Enterococcaceae	Enterococcus	Enterococcus sp.
C9253	Bacteria	Pseudomonadota	Alphaproteobacteria	Acetobacterales	Acetobacteraceae	Acetobacter	Acetobacter sp.
C9256	Bacteria	Pseudomonadota	Alphaproteobacteria	Acetobacterales	Acetobacteraceae	Acetobacter	Acetobacter sp.
C9257	Bacteria	Pseudomonadota	Alphaproteobacteria	Acetobacterales	Acetobacteraceae	Komagataeibacter	Komagataeibacter hansenii
C9260	Bacteria	Pseudomonadota	Alphaproteobacteria	Acetobacterales	Acetobacteraceae	Gluconobacter	Gluconobacter sp.
C9261	Bacteria	Pseudomonadota	Gammaproteobacteria	Enterobacterales	Enterobacteriaceae	Enterobacteriaceae sp.	Enterobacteriaceae sp.
C9264	Bacteria	Pseudomonadota	Gammaproteobacteria	Pseudomonadales	Pseudomonadaceae	Pseudomonas	Pseudomonas sp.
C9265	Unknown	Unknown	Unknown	Unknown	Unknown	Unknown	Unknown
C9267	Bacteria	Pseudomonadota	Pseudomonadota sp.	Pseudomonadota sp.	Pseudomonadota sp.	Pseudomonadota sp.	Pseudomonadota sp.
C9269	Bacteria	Pseudomonadota	Alphaproteobacteria	Acetobacterales	Acetobacteraceae	Acetobacter	Acetobacter sp.
C9270	Bacteria	Pseudomonadota	Alphaproteobacteria	Acetobacterales	Acetobacteraceae	Acetobacter	Acetobacter sp.
C9271	Bacteria	Pseudomonadota	Alphaproteobacteria	Rickettsiales	Anaplasmataceae	Wolbachia	Wolbachia sp.
C9273	Bacteria	Bacillota	Bacilli	Lactobacillales	Lactobacillaceae	Weissella	Weissella sp.
C9274	Bacteria	Pseudomonadota	Alphaproteobacteria	Rickettsiales	Anaplasmataceae	Wolbachia	Wolbachia sp.
C9276	Bacteria	Pseudomonadota	Alphaproteobacteria	Acetobacterales	Acetobacteraceae	Commensalibacter	Commensalibacter sp.
C9279	Bacteria	Pseudomonadota	Gammaproteobacteria	Enterobacterales	Enterobacteriaceae	Enterobacter	Enterobacter sp.
C9280	Bacteria	Pseudomonadota	Gammaproteobacteria	Enterobacterales	Morganellaceae	Morganella	Morganella sp.
C9282	Bacteria	Pseudomonadota	Gammaproteobacteria	Enterobacterales	Erwiniaceae	Rosenbergiella	Rosenbergiella sp.
C9283	Bacteria	Bacillota	Bacilli	Lactobacillales	Lactobacillaceae	Lactiplantibacillus	Lactobacillus plantarum
C9284	Bacteria	Pseudomonadota	Alphaproteobacteria	Acetobacterales	Acetobacteraceae	Gluconobacter	Gluconobacter sp.
C9291	Bacteria	Pseudomonadota	Alphaproteobacteria	Acetobacterales	Acetobacteraceae	Gluconobacter	Gluconobacter sp.
C9293	Bacteria	Pseudomonadota	Alphaproteobacteria	Acetobacterales	Acetobacteraceae	Acetobacteraceae sp.	Acetobacteraceae sp.
C9294	Bacteria	Pseudomonadota	Alphaproteobacteria	Acetobacterales	Acetobacteraceae	Gluconobacter	Gluconobacter sp.
C9295	Bacteria	Pseudomonadota	Gammaproteobacteria	Pseudomonadales	Pseudomonadaceae	Pseudomonas	Pseudomonas sp.
C9297	Bacteria	Pseudomonadota	Alphaproteobacteria	Acetobacterales	Acetobacteraceae	Acetobacteraceae sp.	Acetobacteraceae sp.
C9300	Bacteria	Pseudomonadota	Alphaproteobacteria	Rickettsiales	Anaplasmataceae	Wolbachia	Wolbachia sp.
C9302	Bacteria	Pseudomonadota	Alphaproteobacteria	Rickettsiales	Anaplasmataceae	Wolbachia	Wolbachia sp.
C9303	Bacteria	Pseudomonadota	Alphaproteobacteria	Holosporales	Holosporaceae	Incertae Sedis	Incertae Sedis sp.
C9304	Bacteria	Pseudomonadota	Alphaproteobacteria	Rickettsiales	Anaplasmataceae	Wolbachia	Wolbachia sp.
C9305	Bacteria	Pseudomonadota	Gammaproteobacteria	Enterobacterales	Enterobacteriaceae	Enterobacteriaceae sp.	Enterobacteriaceae sp.
C9306	Bacteria	Pseudomonadota	Alphaproteobacteria	Acetobacterales	Acetobacteraceae	Acetobacter	Acetobacter sp.
C9307	Bacteria	Pseudomonadota	Alphaproteobacteria	Acetobacterales	Acetobacteraceae	Commensalibacter	uncultured bacterium
C9310	Bacteria	Pseudomonadota	Alphaproteobacteria	Reyranellales	Reyranellaceae	Reyranella	uncultured Alphaproteobacteria bacterium
C9311	Bacteria	Bacillota	Bacilli	Lactobacillales	Lactobacillaceae	Lactiplantibacillus	Lactiplantibacillus sp.
C9312	Bacteria	Pseudomonadota	Alphaproteobacteria	Rickettsiales	Anaplasmataceae	Wolbachia	Wolbachia sp.
C9313	Bacteria	Pseudomonadota	Alphaproteobacteria	Rickettsiales	Anaplasmataceae	Wolbachia	Wolbachia sp.
C9314	Bacteria	Bacteroidota	Bacteroidia	Sphingobacteriales	Sphingobacteriaceae	Pedobacter	Pedobacter sp.
C9316	Bacteria	Pseudomonadota	Alphaproteobacteria	Rickettsiales	Anaplasmataceae	Wolbachia	Wolbachia sp.
C9318	Bacteria	Pseudomonadota	Alphaproteobacteria	Acetobacterales	Acetobacteraceae	Acetobacter	Acetobacter sp.
C9319	Bacteria	Pseudomonadota	Gammaproteobacteria	Enterobacterales	Enterobacterales sp.	Enterobacterales sp.	Enterobacterales sp.
C9320	Bacteria	Pseudomonadota	Gammaproteobacteria	Enterobacterales	Morganellaceae	Morganella	Morganella sp.
C9323	Bacteria	Pseudomonadota	Gammaproteobacteria	Enterobacterales	Erwiniaceae	Erwiniaceae sp.	Erwiniaceae sp.
C9324	Bacteria	Pseudomonadota	Gammaproteobacteria	Enterobacterales	Enterobacterales sp.	Enterobacterales sp.	Enterobacterales sp.
C9325	Bacteria	Pseudomonadota	Alphaproteobacteria	Acetobacterales	Acetobacteraceae	Gluconobacter	Gluconobacter sp.
C9326	Bacteria	Pseudomonadota	Alphaproteobacteria	Rickettsiales	Anaplasmataceae	Wolbachia	Wolbachia sp.
C9327	Bacteria	Pseudomonadota	Alphaproteobacteria	Acetobacterales	Acetobacteraceae	Gluconobacter	Gluconobacter sp.
C9329	Bacteria	Pseudomonadota	Gammaproteobacteria	Enterobacterales	Enterobacterales sp.	Enterobacterales sp.	Enterobacterales sp.
C9331	Bacteria	Pseudomonadota	Gammaproteobacteria	Enterobacterales	Morganellaceae	Morganella	Morganella sp.
C9333	Unknown	Unknown	Unknown	Unknown	Unknown	Unknown	Unknown
C9335	Unknown	Unknown	Unknown	Unknown	Unknown	Unknown	Unknown
C9337	Bacteria	Pseudomonadota	Gammaproteobacteria	Enterobacterales	Enterobacterales sp.	Enterobacterales sp.	Enterobacterales sp.
C9340	Unknown	Unknown	Unknown	Unknown	Unknown	Unknown	Unknown
C9343	Bacteria	Pseudomonadota	Gammaproteobacteria	Enterobacterales	Morganellaceae	Buchnera	Buchnera sp.
C9344	Bacteria	Pseudomonadota	Gammaproteobacteria	Pseudomonadales	Pseudomonadaceae	Pseudomonas	Pseudomonas sp.
C9346	Bacteria	Actinomycetota	Actinobacteria	Micrococcales	Microbacteriaceae	Clavibacter	Clavibacter sp.
C9347	Bacteria	Bacteroidota	Bacteroidia	Flavobacteriales	Weeksellaceae	Chryseobacterium	Chryseobacterium sp.
C9349	Bacteria	Pseudomonadota	Gammaproteobacteria	Burkholderiales	Comamonadaceae	Comamonadaceae sp.	Comamonadaceae sp.
C9350	Bacteria	Pseudomonadota	Gammaproteobacteria	Enterobacterales	Erwiniaceae	Pantoea	Pantoea sp.
C9351	Bacteria	Bacillota	Clostridia	Lachnospirales	Lachnospiraceae	Lachnospiraceae NK4A136 group	Lachnospiraceae NK4A136 group sp.
C9352	Bacteria	Bacteroidota	Bacteroidia	Flavobacteriales	Blattabacteriaceae	Candidatus Uzinura	uncultured Bacteroidetes bacterium
C9357	Bacteria	Actinomycetota	Actinobacteria	Kineosporiales	Kineosporiaceae	Pseudokineococcus	Pseudokineococcus sp.
C9358	Bacteria	Actinomycetota	Actinobacteria	Mycobacteriales	Nocardiaceae	Rhodococcus	Rhodococcus sp.
C9359	Bacteria	Actinomycetota	Actinobacteria	Mycobacteriales	Nocardiaceae	Nocardia	uncultured bacterium
C9363	Bacteria	Pseudomonadota	Alphaproteobacteria	Sphingomonadales	Sphingomonadaceae	Croceibacterium	Porphyrobacter mercurialis
C9364	Bacteria	Pseudomonadota	Alphaproteobacteria	Acetobacterales	Acetobacteraceae	Gluconobacter	Gluconobacter sp.
C9367	Bacteria	Pseudomonadota	Gammaproteobacteria	Pseudomonadales	Pseudomonadaceae	Pseudomonas	Pseudomonas sp.
C9370	Bacteria	Pseudomonadota	Alphaproteobacteria	Acetobacterales	Acetobacteraceae	Acetobacter	Acetobacter sp.
C9374	Bacteria	Pseudomonadota	Alphaproteobacteria	Rickettsiales	Anaplasmataceae	Wolbachia	Wolbachia sp.
C9375	Bacteria	Pseudomonadota	Alphaproteobacteria	Hyphomicrobiales	Rhizobiaceae	Rhizobiaceae sp.	Rhizobiaceae sp.
C9383	Bacteria	Actinomycetota	Actinobacteria	Micrococcales	Microbacteriaceae	Rathayibacter	Rathayibacter sp.
C9385	Bacteria	Actinomycetota	Actinobacteria	Mycobacteriales	Nocardiaceae	Rhodococcus	Rhodococcus sp.
C9388	Bacteria	Bacillota	Clostridia	Lachnospirales	Lachnospiraceae	Lachnospiraceae sp.	Lachnospiraceae sp.
C9392	Bacteria	Pseudomonadota	Alphaproteobacteria	Acetobacterales	Acetobacteraceae	Gluconobacter	Gluconobacter sp.
C9393	Bacteria	Cyanobacteriota	Cyanobacteriia	Chloroplast	Incertae Sedis	Incertae Sedis	Incertae Sedis sp.
C9402	Unknown	Unknown	Unknown	Unknown	Unknown	Unknown	Unknown
C9404	Bacteria	Pseudomonadota	Alphaproteobacteria	Hyphomicrobiales	Beijerinckiaceae	Methylobacterium	uncultured bacterium
C9405	Bacteria	Pseudomonadota	Gammaproteobacteria	Enterobacterales	Erwiniaceae	Pantoea	Pantoea sp.
C9408	Bacteria	Bacillota	Clostridia	Clostridia vadinBB60 group	Incertae Sedis	Incertae Sedis	uncultured bacterium
C9409	Bacteria	Bacillota	Clostridia	Oscillospirales	Oscillospiraceae	Oscillibacter	uncultured bacterium
C9414	Bacteria	Pseudomonadota	Alphaproteobacteria	Rickettsiales	Anaplasmataceae	Wolbachia	Wolbachia sp.
C9418	Bacteria	Pseudomonadota	Gammaproteobacteria	Enterobacterales	Morganellaceae	Providencia	Providencia sp.
C9420	Bacteria	Pseudomonadota	Gammaproteobacteria	Gammaproteobacteria sp.	Gammaproteobacteria sp.	Gammaproteobacteria sp.	Gammaproteobacteria sp.
C9422	Bacteria	Pseudomonadota	Alphaproteobacteria	Hyphomicrobiales	Rhizobiaceae	Rhizobiaceae sp.	Rhizobiaceae sp.
C9428	Bacteria	Thermoproteota	Nitrososphaeria	Nitrososphaerales	Nitrososphaeraceae	Incertae Sedis	Incertae Sedis sp.
C9431	Bacteria	Pseudomonadota	Alphaproteobacteria	Acetobacterales	Acetobacteraceae	Acetobacter	Acetobacter sp.
C9440	Bacteria	Myxococcota	Polyangiia	Polyangiales	Sandaracinaceae	Incertae Sedis	metagenome
C9442	Bacteria	Bacillota	Clostridia	Oscillospirales	Ruminococcaceae	Ruminococcus	uncultured bacterium
C9447	Bacteria	Bacillota	Clostridia	Lachnospirales	Lachnospiraceae	Incertae Sedis	uncultured Clostridia bacterium
C9449	Bacteria	Actinomycetota	Actinobacteria	Kineosporiales	Kineosporiaceae	Quadrisphaera	Quadrisphaera sp.
C9456	Bacteria	Pseudomonadota	Alphaproteobacteria	Rickettsiales	Anaplasmataceae	Wolbachia	Wolbachia sp.
C9467	Bacteria	Bacillota	Bacilli	Lactobacillales	Lactobacillaceae	Fructobacillus	Fructobacillus sp.
C9474	Bacteria	Pseudomonadota	Gammaproteobacteria	Lysobacterales	Rhodanobacteraceae	Rhodanobacteraceae sp.	Rhodanobacteraceae sp.
C9475	Bacteria	Pseudomonadota	Gammaproteobacteria	Enterobacterales	Morganellaceae	Providencia	Providencia sp.
C9482	Bacteria	Bacillota	Clostridia	Clostridia UCG-014	Incertae Sedis	Incertae Sedis	uncultured bacterium
C9483	Bacteria	Actinomycetota	Actinobacteria	Mycobacteriales	Corynebacteriaceae	Corynebacterium	uncultured bacterium
C9484	Bacteria	Pseudomonadota	Alphaproteobacteria	Rickettsiales	Anaplasmataceae	Wolbachia	Wolbachia sp.
C9487	Bacteria	Pseudomonadota	Gammaproteobacteria	Enterobacterales	Erwiniaceae	Pantoea	Pantoea sp.
C9492	Bacteria	Pseudomonadota	Alphaproteobacteria	Rickettsiales	Anaplasmataceae	Wolbachia	uncultured Alphaproteobacteria bacterium
C9495	Bacteria	Pseudomonadota	Alphaproteobacteria	Rickettsiales	Anaplasmataceae	Wolbachia	Wolbachia sp.
C9501	Bacteria	Bacillota	Bacilli	Lactobacillales	Lactobacillaceae	Weissella	Weissella sp.
C9502	Bacteria	Pseudomonadota	Alphaproteobacteria	Acetobacterales	Acetobacteraceae	Gluconobacter	Gluconobacter sp.
C9503	Bacteria	Actinomycetota	Actinobacteria	Micrococcales	Microbacteriaceae	Microbacteriaceae sp.	Microbacteriaceae sp.
C9506	Bacteria	Pseudomonadota	Alphaproteobacteria	Acetobacterales	Acetobacteraceae	Commensalibacter	Commensalibacter sp.
C9512	Bacteria	Pseudomonadota	Alphaproteobacteria	Rickettsiales	Anaplasmataceae	Wolbachia	Wolbachia sp.
C9513	Bacteria	Pseudomonadota	Gammaproteobacteria	Enterobacterales	Enterobacteriaceae	Enterobacteriaceae sp.	Enterobacteriaceae sp.
C9514	Bacteria	Pseudomonadota	Alphaproteobacteria	Acetobacterales	Acetobacteraceae	Acetobacter	Acetobacter sp.
C9522	Bacteria	Pseudomonadota	Alphaproteobacteria	Acetobacterales	Acetobacteraceae	Acetobacteraceae sp.	Acetobacteraceae sp.
C9523	Bacteria	Bacillota	Bacilli	Thermoactinomycetales	Thermoactinomycetaceae	Planifilum	Planifilum sp.
C9524	Bacteria	Pseudomonadota	Gammaproteobacteria	Enterobacterales	Erwiniaceae	Pantoea	Pantoea sp.
C9525	Bacteria	Pseudomonadota	Alphaproteobacteria	Rickettsiales	Anaplasmataceae	Wolbachia	Wolbachia sp.
C9527	Bacteria	Pseudomonadota	Gammaproteobacteria	Enterobacterales	Enterobacteriaceae	Escherichia-Shigella	uncultured organism
C9531	Bacteria	Pseudomonadota	Gammaproteobacteria	Enterobacterales	Enterobacteriaceae	Enterobacteriaceae sp.	Enterobacteriaceae sp.
C9534	Bacteria	Pseudomonadota	Alphaproteobacteria	Acetobacterales	Acetobacteraceae	Gluconobacter	Gluconobacter sp.
C9535	Bacteria	Pseudomonadota	Gammaproteobacteria	Gammaproteobacteria sp.	Gammaproteobacteria sp.	Gammaproteobacteria sp.	Gammaproteobacteria sp.
C9542	Bacteria	Synergistota	Synergistia	Synergistales	Synergistaceae	Candidatus Tammella	uncultured bacterium
C9544	Bacteria	Pseudomonadota	Alphaproteobacteria	Hyphomicrobiales	Methylopilaceae	Hansschlegelia	uncultured bacterium
C9556	Bacteria	Pseudomonadota	Gammaproteobacteria	Gammaproteobacteria sp.	Gammaproteobacteria sp.	Gammaproteobacteria sp.	Gammaproteobacteria sp.
C9557	Bacteria	Pseudomonadota	Gammaproteobacteria	Enterobacterales	Erwiniaceae	Pantoea	Pantoea sp.
C9560	Bacteria	Bacillota	Bacilli	Lactobacillales	Lactobacillaceae	Leuconostoc	Leuconostoc sp.
C9561	Bacteria	Pseudomonadota	Alphaproteobacteria	Rickettsiales	Anaplasmataceae	Wolbachia	Wolbachia sp.
C9564	Bacteria	Bacillota	Bacilli	Lactobacillales	Lactobacillaceae	Leuconostoc	Leuconostoc sp.
C9568	Bacteria	Pseudomonadota	Alphaproteobacteria	Acetobacterales	Acetobacteraceae	Acetobacter	Acetobacter sp.
C9573	Bacteria	Pseudomonadota	Alphaproteobacteria	Rickettsiales	Anaplasmataceae	Wolbachia	Wolbachia sp.
C9574	Bacteria	Actinomycetota	Actinobacteria	Frankiales	Geodermatophilaceae	Blastococcus	Blastococcus sp.
C9580	Bacteria	Bacillota	Bacilli	Lactobacillales	Lactobacillaceae	Leuconostoc	uncultured bacterium
C9581	Bacteria	Pseudomonadota	Gammaproteobacteria	Enterobacterales	Erwiniaceae	Pantoea	Pantoea sp.
C9582	Bacteria	Pseudomonadota	Alphaproteobacteria	Rickettsiales	Anaplasmataceae	Wolbachia	Wolbachia sp.
C9586	Bacteria	Pseudomonadota	Gammaproteobacteria	Enterobacterales	Enterobacteriaceae	Enterobacter	Enterobacter sp.
C9587	Bacteria	Pseudomonadota	Gammaproteobacteria	Enterobacterales	Erwiniaceae	Erwiniaceae sp.	Erwiniaceae sp.
C9588	Bacteria	Pseudomonadota	Alphaproteobacteria	Rickettsiales	Anaplasmataceae	Wolbachia	Wolbachia sp.
C9590	Bacteria	Bacillota	Bacilli	Lactobacillales	Lactobacillaceae	Fructobacillus	Fructobacillus sp.
C9595	Bacteria	Pseudomonadota	Alphaproteobacteria	Rickettsiales	Anaplasmataceae	Wolbachia	Wolbachia sp.
C9614	Bacteria	Pseudomonadota	Alphaproteobacteria	Rickettsiales	Anaplasmataceae	Wolbachia	Wolbachia sp.
C9616	Bacteria	Spirochaetota	Spirochaetia	Spirochaetales	Spirochaetaceae	Treponema	uncultured Spirochaetes bacterium
C9621	Bacteria	Pseudomonadota	Gammaproteobacteria	Enterobacterales	Erwiniaceae	Rosenbergiella	uncultured bacterium
C9622	Bacteria	Pseudomonadota	Alphaproteobacteria	Hyphomicrobiales	Rhizobiaceae	Rhizobiaceae sp.	Rhizobiaceae sp.
C9628	Bacteria	Pseudomonadota	Alphaproteobacteria	Rickettsiales	Anaplasmataceae	Wolbachia	Wolbachia sp.
C9634	Bacteria	Actinomycetota	Actinobacteria	Micrococcales	Intrasporangiaceae	Intrasporangiaceae sp.	Intrasporangiaceae sp.
C9640	Bacteria	Pseudomonadota	Alphaproteobacteria	Acetobacterales	Acetobacteraceae	Commensalibacter	Commensalibacter sp.
C9644	Bacteria	Pseudomonadota	Alphaproteobacteria	Caulobacterales	Caulobacteraceae	Brevundimonas	Brevundimonas sp.
C9647	Bacteria	Bacteroidota	Bacteroidia	Bacteroidales	Muribaculaceae	Incertae Sedis	uncultured bacterium
C9650	Bacteria	Pseudomonadota	Gammaproteobacteria	Enterobacterales	Enterobacterales sp.	Enterobacterales sp.	Enterobacterales sp.
C9657	Bacteria	Bacillota	Bacilli	Lactobacillales	Lactobacillaceae	Leuconostoc	Leuconostoc sp.
C9659	Bacteria	Pseudomonadota	Alphaproteobacteria	Acetobacterales	Acetobacteraceae	Acetobacter	Acetobacter sp.
C9668	Bacteria	Pseudomonadota	Alphaproteobacteria	Rickettsiales	Anaplasmataceae	Wolbachia	Wolbachia sp.
C9672	Bacteria	Bacillota	Bacilli	Lactobacillales	Lactobacillaceae	Lactobacillaceae sp.	Lactobacillaceae sp.
C9687	Bacteria	Pseudomonadota	Alphaproteobacteria	Acetobacterales	Acetobacteraceae	Acetobacter	Acetobacter sp.
C9688	Bacteria	Cyanobacteriota	Cyanobacteriia	Chloroplast	Incertae Sedis	Incertae Sedis	Incertae Sedis sp.
C9693	Bacteria	Pseudomonadota	Gammaproteobacteria	Enterobacterales	Erwiniaceae	Pantoea	Pantoea sp.
C9696	Bacteria	Pseudomonadota	Alphaproteobacteria	Acetobacterales	Acetobacteraceae	Acetobacter	Acetobacter sp.
C9697	Bacteria	Bacillota	Limnochordia	Incertae Sedis	Incertae Sedis	Hydrogenispora	uncultured bacterium
C9698	Bacteria	Pseudomonadota	Alphaproteobacteria	Acetobacterales	Acetobacteraceae	Acetobacter	Acetobacter sp.
C9701	Bacteria	Pseudomonadota	Alphaproteobacteria	Acetobacterales	Acetobacteraceae	Acetobacter	Acetobacter sp.
C9702	Bacteria	Pseudomonadota	Alphaproteobacteria	Rickettsiales	Anaplasmataceae	Wolbachia	Wolbachia endosymbiont of Craneopsylla minerva wolffheuglia
C9704	Bacteria	Cyanobacteriota	Cyanobacteriia	Chloroplast	Incertae Sedis	Incertae Sedis	Incertae Sedis sp.
C9708	Bacteria	Pseudomonadota	Alphaproteobacteria	Rickettsiales	Mitochondria	Incertae Sedis	Incertae Sedis sp.
C9709	Bacteria	Bacillota	Bacilli	Lactobacillales	Lactobacillaceae	Periweissella	Periweissella sp.
C9712	Bacteria	Pseudomonadota	Alphaproteobacteria	Acetobacterales	Acetobacteraceae	Acetobacter	Acetobacter sp.
C9713	Bacteria	Pseudomonadota	Gammaproteobacteria	Burkholderiales	Comamonadaceae	Comamonadaceae sp.	Comamonadaceae sp.
C9715	Bacteria	Pseudomonadota	Alphaproteobacteria	Acetobacterales	Acetobacteraceae	Acetobacteraceae sp.	Acetobacteraceae sp.
C9722	Bacteria	Pseudomonadota	Gammaproteobacteria	Enterobacterales	Erwiniaceae	Pantoea	Pantoea sp.
C9728	Bacteria	Pseudomonadota	Alphaproteobacteria	Acetobacterales	Acetobacteraceae	Gluconobacter	Gluconobacter sp.
C9729	Bacteria	Pseudomonadota	Alphaproteobacteria	Acetobacterales	Acetobacteraceae	Commensalibacter	Commensalibacter sp.
C9736	Bacteria	Pseudomonadota	Gammaproteobacteria	Enterobacterales	Enterobacteriaceae	Enterobacteriaceae sp.	Enterobacteriaceae sp.
C9739	Bacteria	Pseudomonadota	Alphaproteobacteria	Hyphomicrobiales	Xanthobacteraceae	Rhodopseudomonas	Rhodopseudomonas sp.
C9744	Bacteria	Pseudomonadota	Alphaproteobacteria	Acetobacterales	Acetobacteraceae	Acetobacteraceae sp.	Acetobacteraceae sp.
C9751	Bacteria	Pseudomonadota	Alphaproteobacteria	Rickettsiales	Anaplasmataceae	Wolbachia	Wolbachia sp.
C9754	Bacteria	Pseudomonadota	Alphaproteobacteria	Acetobacterales	Acetobacteraceae	Acetobacteraceae sp.	Acetobacteraceae sp.
C9764	Bacteria	Pseudomonadota	Alphaproteobacteria	Rickettsiales	Anaplasmataceae	Wolbachia	Wolbachia sp.
C9771	Bacteria	Pseudomonadota	Alphaproteobacteria	Acetobacterales	Acetobacteraceae	Gluconobacter	Gluconobacter sp.
C9776	Bacteria	Pseudomonadota	Alphaproteobacteria	Rickettsiales	Anaplasmataceae	Wolbachia	Wolbachia sp.
C9778	Bacteria	Pseudomonadota	Gammaproteobacteria	Enterobacterales	Aeromonadaceae	Aeromonas	Aeromonas sp.
C9782	Bacteria	Pseudomonadota	Alphaproteobacteria	Rickettsiales	Anaplasmataceae	Wolbachia	Wolbachia sp.
C9785	Bacteria	Pseudomonadota	Alphaproteobacteria	Acetobacterales	Acetobacteraceae	Acetobacter	Acetobacter sp.
C9795	Unknown	Unknown	Unknown	Unknown	Unknown	Unknown	Unknown
C9796	Bacteria	Pseudomonadota	Alphaproteobacteria	Rickettsiales	Anaplasmataceae	Wolbachia	Wolbachia sp.
C9798	Bacteria	Pseudomonadota	Gammaproteobacteria	Enterobacterales	Morganellaceae	Providencia	Providencia sp.
C9801	Bacteria	Pseudomonadota	Alphaproteobacteria	Acetobacterales	Acetobacteraceae	Acetobacteraceae sp.	Acetobacteraceae sp.
C9806	Bacteria	Pseudomonadota	Gammaproteobacteria	Enterobacterales	Morganellaceae	Providencia	Providencia sp.
C9807	Bacteria	Pseudomonadota	Gammaproteobacteria	Enterobacterales	Erwiniaceae	Pantoea	Pantoea sp.
C9808	Bacteria	Actinomycetota	Actinobacteria	Micrococcales	Microbacteriaceae	Clavibacter	Clavibacter sp.
C9809	Bacteria	Actinomycetota	Actinobacteria	Kineosporiales	Kineosporiaceae	Kineosporiaceae sp.	Kineosporiaceae sp.
C9812	Bacteria	Pseudomonadota	Gammaproteobacteria	Enterobacterales	Yersiniaceae	Yersiniaceae sp.	Yersiniaceae sp.
C9817	Bacteria	Bacillota	Bacilli	Lactobacillales	Lactobacillaceae	Fructobacillus	Fructobacillus sp.
C9822	Bacteria	Pseudomonadota	Gammaproteobacteria	Enterobacterales	Erwiniaceae	Pantoea	Pantoea sp.
C9824	Bacteria	Pseudomonadota	Alphaproteobacteria	Rickettsiales	Anaplasmataceae	Wolbachia	Wolbachia sp.
C9826	Bacteria	Pseudomonadota	Alphaproteobacteria	Acetobacterales	Acetobacteraceae	Acetobacter	Acetobacter sp.
C9827	Bacteria	Pseudomonadota	Alphaproteobacteria	Acetobacterales	Acetobacteraceae	Commensalibacter	Commensalibacter sp.
C9828	Bacteria	Pseudomonadota	Alphaproteobacteria	Rickettsiales	Anaplasmataceae	Wolbachia	Wolbachia sp.
C9831	Bacteria	Pseudomonadota	Gammaproteobacteria	Pseudomonadales	Pseudomonadaceae	Pseudomonas	Pseudomonas sp.
C9834	Bacteria	Pseudomonadota	Alphaproteobacteria	Rickettsiales	Anaplasmataceae	Wolbachia	Wolbachia sp.
C9835	Bacteria	Pseudomonadota	Alphaproteobacteria	Acetobacterales	Acetobacteraceae	Commensalibacter	Commensalibacter sp.
C9838	Bacteria	Bacteroidota	Bacteroidia	Bacteroidales	Dysgonomonadaceae	Dysgonomonas	Dysgonomonas sp.
C9843	Bacteria	Actinomycetota	Actinobacteria	Micrococcales	Microbacteriaceae	Microbacteriaceae sp.	Microbacteriaceae sp.
C9849	Bacteria	Pseudomonadota	Alphaproteobacteria	Acetobacterales	Acetobacteraceae	Commensalibacter	uncultured bacterium
C9853	Unknown	Unknown	Unknown	Unknown	Unknown	Unknown	Unknown
C9857	Bacteria	Pseudomonadota	Alphaproteobacteria	Acetobacterales	Acetobacteraceae	Acetobacteraceae sp.	Acetobacteraceae sp.
C9858	Bacteria	Pseudomonadota	Alphaproteobacteria	Rickettsiales	Anaplasmataceae	Wolbachia	Wolbachia sp.
C9863	Bacteria	Pseudomonadota	Alphaproteobacteria	Rickettsiales	Anaplasmataceae	Wolbachia	Wolbachia sp.
C9868	Bacteria	Bacillota	Bacilli	Bacillales	Planococcaceae	Psychrobacillus	Psychrobacillus sp.
C9869	Bacteria	Pseudomonadota	Alphaproteobacteria	Rickettsiales	Anaplasmataceae	Wolbachia	Wolbachia sp.
C9871	Bacteria	Pseudomonadota	Alphaproteobacteria	Acetobacterales	Acetobacteraceae	Acetobacter	Acetobacter sp.
C9875	Bacteria	Pseudomonadota	Alphaproteobacteria	Rickettsiales	Anaplasmataceae	Wolbachia	Wolbachia sp.
C9876	Bacteria	Pseudomonadota	Gammaproteobacteria	Enterobacterales	Enterobacterales sp.	Enterobacterales sp.	Enterobacterales sp.
C9886	Bacteria	Pseudomonadota	Alphaproteobacteria	Acetobacterales	Acetobacteraceae	Commensalibacter	Commensalibacter sp.
C9890	Bacteria	Pseudomonadota	Alphaproteobacteria	Acetobacterales	Acetobacteraceae	Acetobacter	Acetobacter sp.
C9892	Bacteria	Pseudomonadota	Alphaproteobacteria	Alphaproteobacteria sp.	Alphaproteobacteria sp.	Alphaproteobacteria sp.	Alphaproteobacteria sp.
C9898	Bacteria	Cyanobacteriota	Cyanobacteriia	Chloroplast	Incertae Sedis	Incertae Sedis	Incertae Sedis sp.
C9903	Bacteria	Pseudomonadota	Alphaproteobacteria	Rickettsiales	Anaplasmataceae	Wolbachia	Wolbachia sp.
C9904	Bacteria	Bacillota	Bacilli	Lactobacillales	Lactobacillaceae	Lacticaseibacillus	Lacticaseibacillus sp.
C9905	Bacteria	Pseudomonadota	Gammaproteobacteria	Pseudomonadales	Pseudomonadaceae	Pseudomonas	Pseudomonas sp.
C9908	Bacteria	Pseudomonadota	Gammaproteobacteria	Enterobacterales	Erwiniaceae	Erwiniaceae sp.	Erwiniaceae sp.
C9914	Bacteria	Pseudomonadota	Gammaproteobacteria	Pseudomonadales	Pseudomonadaceae	Pseudomonas	Pseudomonas sp.
C9915	Bacteria	Pseudomonadota	Gammaproteobacteria	Enterobacterales	Erwiniaceae	Pantoea	Pantoea sp.
C9918	Bacteria	Pseudomonadota	Gammaproteobacteria	Enterobacterales	Erwiniaceae	Pantoea	Pantoea sp.
C9921	Bacteria	Pseudomonadota	Gammaproteobacteria	Burkholderiales	Comamonadaceae	Comamonadaceae sp.	Comamonadaceae sp.
C9923	Bacteria	Pseudomonadota	Gammaproteobacteria	Gammaproteobacteria sp.	Gammaproteobacteria sp.	Gammaproteobacteria sp.	Gammaproteobacteria sp.
C9928	Bacteria	Bacteroidota	Bacteroidia	Bacteroidales	Dysgonomonadaceae	Dysgonomonas	Dysgonomonas sp.
C9932	Bacteria	Pseudomonadota	Gammaproteobacteria	Enterobacterales	Erwiniaceae	Pantoea	Pantoea sp.
C9934	Bacteria	Pseudomonadota	Gammaproteobacteria	Enterobacterales	Erwiniaceae	Pantoea	Pantoea sp.
C9936	Bacteria	Pseudomonadota	Gammaproteobacteria	Enterobacterales	Enterobacteriaceae	Enterobacter	Enterobacter sp.
C9937	Bacteria	Pseudomonadota	Gammaproteobacteria	Enterobacterales	Erwiniaceae	Pantoea	Pantoea sp.
C9943	Bacteria	Pseudomonadota	Gammaproteobacteria	Enterobacterales	Erwiniaceae	Pantoea	Pantoea sp.
C9949	Bacteria	Pseudomonadota	Alphaproteobacteria	Acetobacterales	Acetobacteraceae	Acetobacter	Acetobacter sp.
C9950	Bacteria	Pseudomonadota	Alphaproteobacteria	Acetobacterales	Acetobacteraceae	Acetobacter	Acetobacter sp.
C9952	Bacteria	Pseudomonadota	Alphaproteobacteria	Acetobacterales	Acetobacteraceae	Acetobacter	Acetobacter sp.
C9954	Bacteria	Pseudomonadota	Alphaproteobacteria	Rickettsiales	Anaplasmataceae	Wolbachia	Wolbachia sp.
C9957	Bacteria	Pseudomonadota	Gammaproteobacteria	Enterobacterales	Erwiniaceae	Pantoea	Pantoea sp.
C9959	Bacteria	Pseudomonadota	Gammaproteobacteria	Enterobacterales	Erwiniaceae	Erwiniaceae sp.	Erwiniaceae sp.
C9960	Bacteria	Pseudomonadota	Alphaproteobacteria	Rickettsiales	Anaplasmataceae	Wolbachia	Wolbachia sp.
C9961	Bacteria	Pseudomonadota	Alphaproteobacteria	Acetobacterales	Acetobacteraceae	Commensalibacter	Commensalibacter sp.
C9963	Bacteria	Cyanobacteriota	Cyanobacteriia	Chloroplast	Incertae Sedis	Incertae Sedis	Incertae Sedis sp.
C9971	Bacteria	Pseudomonadota	Alphaproteobacteria	Rickettsiales	Anaplasmataceae	Wolbachia	Wolbachia sp.
C9981	Bacteria	Pseudomonadota	Gammaproteobacteria	Enterobacterales	Erwiniaceae	Pantoea	Pantoea sp.
C9982	Bacteria	Pseudomonadota	Alphaproteobacteria	Acetobacterales	Acetobacteraceae	Acetobacter	Acetobacter sp.
C9983	Bacteria	Pseudomonadota	Alphaproteobacteria	Rickettsiales	Anaplasmataceae	Wolbachia	Wolbachia sp.
C9984	Bacteria	Pseudomonadota	Alphaproteobacteria	Rickettsiales	Anaplasmataceae	Wolbachia	Wolbachia sp.
C9991	Bacteria	Cyanobacteriota	Cyanobacteriia	Chloroplast	Incertae Sedis	Incertae Sedis	Incertae Sedis sp.
C9994	Bacteria	Bacillota	Bacilli	Lactobacillales	Lactobacillaceae	Lactobacillaceae sp.	Lactobacillaceae sp.
C9997	Bacteria	Pseudomonadota	Alphaproteobacteria	Rickettsiales	Anaplasmataceae	Wolbachia	Wolbachia sp.
C9998	Bacteria	Pseudomonadota	Alphaproteobacteria	Acetobacterales	Acetobacteraceae	Acetobacter	uncultured Acetobacter sp.
C10000	Bacteria	Pseudomonadota	Alphaproteobacteria	Acetobacterales	Acetobacteraceae	Gluconobacter	Gluconobacter sp.
C10002	Bacteria	Pseudomonadota	Alphaproteobacteria	Rickettsiales	Anaplasmataceae	Wolbachia	Wolbachia sp.
C10005	Bacteria	Pseudomonadota	Alphaproteobacteria	Acetobacterales	Acetobacteraceae	Acetobacteraceae sp.	Acetobacteraceae sp.
C10007	Bacteria	Pseudomonadota	Alphaproteobacteria	Rickettsiales	Anaplasmataceae	Wolbachia	Wolbachia sp.
C10011	Bacteria	Pseudomonadota	Alphaproteobacteria	Acetobacterales	Acetobacteraceae	Commensalibacter	Commensalibacter sp.
C10012	Bacteria	Pseudomonadota	Alphaproteobacteria	Acetobacterales	Acetobacteraceae	Commensalibacter	Commensalibacter sp.
C10013	Bacteria	Pseudomonadota	Alphaproteobacteria	Acetobacterales	Acetobacteraceae	Commensalibacter	Commensalibacter sp.
C10014	Bacteria	Pseudomonadota	Alphaproteobacteria	Rickettsiales	Anaplasmataceae	Wolbachia	Wolbachia sp.
C10015	Bacteria	Pseudomonadota	Alphaproteobacteria	Rickettsiales	Anaplasmataceae	Wolbachia	Wolbachia sp.
C10017	Bacteria	Pseudomonadota	Alphaproteobacteria	Rickettsiales	Anaplasmataceae	Wolbachia	Wolbachia sp.
C10019	Bacteria	Pseudomonadota	Gammaproteobacteria	Enterobacterales	Morganellaceae	Providencia	Providencia sp.
C10021	Bacteria	Pseudomonadota	Alphaproteobacteria	Acetobacterales	Acetobacteraceae	Acetobacter	Acetobacter sp.
C10023	Bacteria	Pseudomonadota	Alphaproteobacteria	Rickettsiales	Anaplasmataceae	Wolbachia	Wolbachia sp.
C10025	Bacteria	Pseudomonadota	Alphaproteobacteria	Rickettsiales	Anaplasmataceae	Wolbachia	Wolbachia sp.
C10028	Bacteria	Pseudomonadota	Alphaproteobacteria	Acetobacterales	Acetobacteraceae	Acetobacter	Acetobacter sp.
C10029	Bacteria	Pseudomonadota	Alphaproteobacteria	Rickettsiales	Anaplasmataceae	Wolbachia	Wolbachia sp.
C10031	Bacteria	Pseudomonadota	Alphaproteobacteria	Acetobacterales	Acetobacteraceae	Acetobacter	Acetobacter sp.
